date,eventType,side,timestamp,timestampNs,signalMid,wallPrice,wallVolume,wallRatio,wallAgeSeconds,presenceShare,distanceTicks,thinVolume,thinVolumeRatio,targetPrice,maxFavorableTicks60s,maxAdverseTicks60s,firstOutcome,firstOutcomeSeconds,wallLifetimeSeconds,wallLifetimeCensored,removedBeforeContact,contactSeconds,midMove1sTicks,entryMarkout1sTicks,midMove5sTicks,entryMarkout5sTicks,midMove10sTicks,entryMarkout10sTicks,midMove30sTicks,entryMarkout30sTicks,midMove60sTicks,entryMarkout60sTicks
2026-03-19,CONTROL,ASK,2026-03-19 00:00:01.582923258,1773878401582923258,2203.3500000000004,2203.5,25.742,3.2882416810372357,0.503734519,1.0,1,3.443,0.13375029135265326,2203.4,5.0,-5.0,BOUNCE,10.578864193,0.060627259,False,False,,-0.0,0.4999999999972715,1.000000000003638,1.5000000000009095,1.000000000003638,1.5000000000009095,-0.0,0.4999999999972715,3.000000000001819,3.4999999999990905
2026-03-19,CONTROL,ASK,2026-03-19 00:00:09.655063596,1773878409655063596,2203.25,2203.5,36.794,2.2888246088768622,0.66187098,1.0,2,6.529,0.17744740990378868,2203.4,8.000000000001819,-6.000000000003638,BOUNCE,10.069572864,0.669413635,False,True,16.653218289,-0.0,1.5000000000009095,1.000000000003638,2.5000000000045475,1.000000000003638,2.5000000000045475,-0.0,1.5000000000009095,8.000000000001819,9.500000000002728
2026-03-19,CONTROL,ASK,2026-03-19 00:00:25.017812719,1773878425017812719,2203.1499999999996,2203.5,35.102,5.065223665223665,0.545387889,1.0,3,6.165,0.17563101817560256,2203.4,15.0,-7.000000000007276,BREAK,1.290469166,0.065060359,False,True,1.290469166,-0.0,2.5000000000045475,-3.000000000001819,-0.4999999999972715,-2.000000000007276,0.4999999999972715,-4.000000000005457,-1.5000000000009095,10.0,12.500000000004547
2026-03-19,CONTROL,BID,2026-03-19 00:01:02.797475294,1773878462797475294,2203.05,2202.9,23.643,2.0765886434500023,0.526475454,1.0,1,5.201,0.21998054392420588,2203.0,3.999999999996362,-14.000000000005457,BREAK,0.871831168,0.667695942,False,False,,-4.000000000005457,-3.500000000003638,-6.000000000003638,-5.500000000001819,-6.000000000003638,-5.500000000001819,-1.999999999998181,-1.499999999996362,-1.000000000003638,-0.500000000001819
2026-03-19,CONTROL,BID,2026-03-19 00:03:08.819759655,1773878588819759655,2202.6499999999996,2202.4,31.291,4.181611653080315,0.561139953,1.0,2,4.752,0.15186475344348213,2202.5,17.000000000007276,-0.999999999994543,BOUNCE,17.005829638,2.865518127,False,True,8.374671859,0.0,1.499999999996362,0.0,1.499999999996362,-0.999999999994543,0.500000000001819,1.000000000003638,2.5,13.000000000001819,14.499999999998181
2026-03-19,CONTROL,BID,2026-03-19 00:04:44.752404351,1773878684752404351,2206.6499999999996,2206.3,46.729,3.4333051688034972,0.547772522,1.0,3,2.882,0.061674762995142206,2206.4,15.0,-22.999999999992724,BOUNCE,5.120994834,1.749315862,False,True,11.087382578,-0.999999999994543,1.5000000000009095,1.000000000003638,3.4999999999990905,4.000000000005457,6.5000000000009095,10.0,12.499999999995453,-18.999999999996362,-16.50000000000091
2026-03-19,CONTROL,ASK,2026-03-19 00:10:19.589378636,1773879019589378636,2200.8500000000004,2201.2,106.498,17.770398798598364,1.065756353,1.0,3,11.824,0.11102555916543033,2201.1,64.00000000000546,-1.999999999998181,BOUNCE,2.967978758,2.916557935,False,False,2.254236536,-0.0,2.4999999999954525,6.000000000003638,8.49999999999909,18.00000000000182,20.49999999999727,51.00000000000364,53.49999999999909,64.00000000000546,66.50000000000091
2026-03-19,CONTROL,ASK,2026-03-19 00:22:18.536213627,1773879738536213627,2198.3500000000004,2198.5,25.525,2.1845179511318413,0.854872167,1.0,1,6.258,0.24517140058765918,2198.4,17.000000000007276,-5.0,BREAK,4.18891799,3.886988171,False,False,,-0.0,0.4999999999972715,-3.999999999996362,-3.4999999999990905,-0.999999999994543,-0.4999999999972715,6.000000000003638,6.5000000000009095,14.000000000005457,14.500000000002728
2026-03-19,CONTROL,BID,2026-03-19 00:22:40.380664919,1773879760380664919,2198.6499999999996,2198.5,35.757,2.9416313602895805,0.513546935,1.0,1,5.447,0.15233380876471742,2198.6,0.0,-20.0,BREAK,1.650997666,1.650997666,False,False,,0.0,0.4999999999972715,-3.999999999996362,-3.4999999999990905,-8.999999999996362,-8.49999999999909,-16.99999999999818,-16.50000000000091,-10.999999999994543,-10.499999999997272
2026-03-19,CONTROL,ASK,2026-03-19 00:26:13.603166194,1773879973603166194,2197.55,2197.8,11.875,2.3211493354182955,1.275505228,0.9469732467454849,2,2.0549999999999997,0.17305263157894735,2197.7000000000003,-0.0,-25.0,BREAK,1.833906558,1.833906558,False,False,0.866036627,-1.999999999998181,-0.4999999999972715,-3.000000000001819,-1.5000000000009095,-3.000000000001819,-1.5000000000009095,-16.99999999999818,-15.499999999997272,-10.0,-8.49999999999909
2026-03-19,CONTROL,BID,2026-03-19 00:35:04.918649711,1773880504918649711,2193.8500000000004,2193.5,46.8,8.361622297659459,0.561540714,0.9811633373390625,3,7.363,0.15732905982905984,2193.6,13.999999999996362,-22.000000000007276,BREAK,0.051126348,0.051126348,False,False,0.051126348,-9.000000000005457,-6.5000000000009095,-8.000000000001819,-5.4999999999972715,2.999999999992724,5.4999999999972715,5.0,7.5000000000045475,13.999999999996362,16.50000000000091
2026-03-19,CONTROL,ASK,2026-03-19 00:42:01.384487016,1773880921384487016,2192.25,2192.4,25.078,2.3945383366752604,0.65956029,1.0,1,2.567,0.1023606348193636,2192.3,-0.0,-15.0,BREAK,0.26149907,0.15777045,False,False,,-3.999999999996362,-3.499999999994543,-0.0,0.500000000001819,-3.999999999996362,-3.499999999994543,-8.999999999996362,-8.499999999994543,-8.999999999996362,-8.499999999994543
2026-03-19,CONTROL,BID,2026-03-19 00:42:44.216675809,1773880964216675809,2193.25,2193.1,37.015,4.34168083983344,1.494359707,1.0,1,2.072,0.05597730649736593,2193.2,3.999999999996362,-3.999999999996362,BREAK,19.754948065,12.557797972,False,False,,0.0,0.500000000001819,0.0,0.500000000001819,0.0,0.500000000001819,-1.999999999998181,-1.499999999996362,-3.999999999996362,-3.499999999994543
2026-03-19,CONTROL,BID,2026-03-19 00:48:24.012786721,1773881304012786721,2195.1499999999996,2194.9,12.679,2.265927977839335,0.696468791,1.0,2,0.943,0.07437495070589163,2195.0,0.0,-15.0,BREAK,26.259374015,0.884537401,False,True,1.964133713,0.0,1.499999999996362,-0.999999999994543,0.500000000001819,-0.999999999994543,0.500000000001819,-3.999999999996362,-2.5,-15.0,-13.500000000003638
2026-03-19,CONTROL,ASK,2026-03-19 00:50:03.064209714,1773881403064209714,2192.75,2193.0,35.281,3.0018718625031906,1.21734682,1.0,2,0.524,0.014852186729401095,2192.9,-0.0,-15.0,BREAK,0.622429872,0.572084543,False,False,0.264349552,-3.999999999996362,-2.4999999999954525,-3.999999999996362,-2.4999999999954525,-6.000000000003638,-4.5000000000027285,-8.999999999996362,-7.4999999999954525,-10.0,-8.49999999999909
2026-03-19,CONTROL,ASK,2026-03-19 00:50:52.724607939,1773881452724607939,2193.55,2193.9,35.556,4.669818754925137,0.649049616,1.0,3,5.961,0.167651029362133,2193.8,6.000000000003638,-1.999999999998181,BOUNCE,25.9460691,0.415551973,False,True,10.02366618,-0.0,2.5,-0.0,2.5,-1.999999999998181,0.500000000001819,6.000000000003638,8.500000000003638,3.000000000001819,5.500000000001819
2026-03-19,CONTROL,ASK,2026-03-19 00:55:38.335467137,1773881738335467137,2194.3500000000004,2194.5,35.929,3.1656901185074235,0.527562109,1.0,1,5.33,0.1483481310362103,2194.4,24.000000000005457,-0.999999999994543,BOUNCE,9.232023999,9.691792763,False,False,,-0.999999999994543,-0.4999999999972715,-0.999999999994543,-0.4999999999972715,2.000000000007276,2.5000000000045475,9.000000000005457,9.500000000002728,12.000000000007276,12.500000000004547
2026-03-19,CONTROL,BID,2026-03-19 01:06:34.092500193,1773882394092500193,2191.25,2191.1,35.052,3.817676850187878,1.733371425,1.0,1,6.861,0.19573776104073948,2191.2,35.0,-1.999999999998181,BREAK,0.648602737,0.052401314,False,False,,-1.999999999998181,-1.499999999996362,11.000000000003638,11.500000000005457,18.00000000000182,18.500000000003638,31.99999999999818,32.5,18.999999999996362,19.49999999999818
2026-03-19,CONTROL,ASK,2026-03-19 01:08:16.214237957,1773882496214237957,2194.45,2194.7,26.199,2.0673900177549815,0.706774551,0.9940482265610042,2,1.366,0.052139394633382956,2194.6,13.999999999996362,-6.999999999998181,BREAK,0.373122836,0.108565817,False,False,0.373122836,-3.000000000001819,-1.5000000000009095,-3.000000000001819,-1.5000000000009095,-6.999999999998181,-5.4999999999972715,3.999999999996362,5.4999999999972715,13.999999999996362,15.499999999997272
2026-03-19,CONTROL,ASK,2026-03-19 01:08:47.468278496,1773882527468278496,2194.05,2194.2,49.01,2.7956989247311825,0.517501186,1.0,1,3.644,0.07435217302591308,2194.1,33.00000000000182,-3.999999999996362,BREAK,1.93072979,1.121448229,False,False,,-0.0,0.4999999999972715,-3.000000000001819,-2.5000000000045475,-1.999999999998181,-1.5000000000009095,11.999999999998181,12.499999999995453,33.00000000000182,33.49999999999909
2026-03-19,CONTROL,ASK,2026-03-19 01:08:49.304591164,1773882529304591164,2194.05,2194.4,26.202,2.5941290035146776,0.66465134,1.0,3,2.1660000000000004,0.08266544538584841,2194.3,33.00000000000182,-3.999999999996362,BREAK,0.204079074,0.094417122,False,False,0.094417122,-3.999999999996362,-1.499999999996362,-3.000000000001819,-0.500000000001819,1.000000000003638,3.500000000003638,19.000000000005457,21.500000000005457,33.00000000000182,35.50000000000182
2026-03-19,CONTROL,ASK,2026-03-19 01:23:24.339592177,1773883404339592177,2188.55,2188.7,33.318,2.4073699421965316,0.6025942,1.0,1,3.225,0.0967945254817216,2188.6,10.0,-3.999999999996362,BOUNCE,10.0130887,13.995663074,False,False,,-0.0,0.4999999999972715,-0.0,0.4999999999972715,1.999999999998181,2.4999999999954525,6.999999999998181,7.4999999999954525,10.0,10.499999999997272
2026-03-19,CONTROL,ASK,2026-03-19 01:25:06.436190250,1773883506436190250,2189.45,2189.7,59.34,4.234790365744871,0.54210212,1.0,2,3.5540000000000003,0.05989214694978093,2189.6,5.999999999994543,-10.0,BOUNCE,19.623397923,2.060531252,False,True,29.880224644,-0.0,1.5000000000009095,-0.0,1.5000000000009095,-0.0,1.5000000000009095,-1.000000000003638,0.4999999999972715,5.999999999994543,7.4999999999954525
2026-03-19,CONTROL,BID,2026-03-19 01:31:29.263752865,1773883889263752865,2192.75,2192.5,37.719,3.804619729675207,1.226773293,1.0,2,8.381,0.22219571038468677,2192.6,3.999999999996362,-16.000000000003638,BREAK,0.328697645,0.17992466,False,False,0.17992466,-3.999999999996362,-2.4999999999954525,-13.000000000001819,-11.50000000000091,-13.000000000001819,-11.50000000000091,-1.000000000003638,0.4999999999972715,-3.999999999996362,-2.4999999999954525
2026-03-19,CONTROL,BID,2026-03-19 01:37:00.258541292,1773884220258541292,2196.25,2195.9,21.767,2.6571044921875,1.174587286,0.9940369063385214,3,3.6310000000000002,0.16681214682776682,2196.0,23.00000000000182,-6.999999999998181,BREAK,0.203180588,0.203180588,False,False,0.048693655,-6.000000000003638,-3.500000000003638,-6.999999999998181,-4.499999999998181,-1.999999999998181,0.500000000001819,8.000000000001819,10.500000000001819,18.00000000000182,20.50000000000182
2026-03-19,CONTROL,BID,2026-03-19 01:38:23.975049142,1773884303975049142,2196.8500000000004,2196.7,36.516,3.8334995538291947,1.122293493,1.0,1,5.803,0.1589166392814109,2196.7999999999997,3.999999999996362,-15.0,BREAK,0.714477939,0.399811116,False,False,,-2.000000000007276,-1.5000000000009095,-10.0,-9.499999999993634,-12.000000000007276,-11.50000000000091,-10.0,-9.499999999993634,3.999999999996362,4.5000000000027285
2026-03-19,CONTROL,ASK,2026-03-19 01:47:59.957984735,1773884879957984735,2200.75,2201.1,32.052,2.548056284283329,0.622985581,0.9673555767256192,3,6.406,0.1998627230750031,2201.0,13.999999999996362,-6.000000000003638,BREAK,5.399761408,0.397350594,False,True,5.399761408,-0.0,2.5,-0.0,2.5,-6.000000000003638,-3.500000000003638,8.999999999996362,11.499999999996362,11.999999999998181,14.499999999998181
2026-03-19,CONTROL,ASK,2026-03-19 02:01:49.531776493,1773885709531776493,2189.8500000000004,2190.0,72.613,5.397532148963057,0.631297336,1.0,1,12.523,0.1724622312809001,2189.9,-0.0,-30.0,BREAK,1.485827351,0.051972235,False,False,,-0.0,0.4999999999972715,-3.999999999996362,-3.4999999999990905,-5.999999999994543,-5.4999999999972715,-26.99999999999818,-26.50000000000091,-30.0,-29.50000000000273
2026-03-19,CONTROL,ASK,2026-03-19 02:06:38.637207454,1773885998637207454,2193.75,2194.0,40.075,4.001897343718794,1.070713251,1.0,2,4.041,0.10083593262632565,2193.9,-0.0,-48.99999999999636,BREAK,10.516951821,6.07215942,False,False,3.215836851,-0.0,1.5000000000009095,-1.000000000003638,0.4999999999972715,-1.000000000003638,0.4999999999972715,-3.999999999996362,-2.4999999999954525,-48.99999999999636,-47.49999999999545
2026-03-19,CONTROL,BID,2026-03-19 02:08:47.619714714,1773886127619714714,2198.6499999999996,2198.5,12.528,2.3761024182076813,0.944920935,1.0,1,0.964,0.07694763729246487,2198.6,4.000000000005457,-13.999999999996362,BOUNCE,7.958448825,0.102894874,False,False,,0.0,0.4999999999972715,0.0,0.4999999999972715,3.000000000001819,3.4999999999990905,-6.999999999998181,-6.5000000000009095,-7.999999999992724,-7.4999999999954525
2026-03-19,CONTROL,ASK,2026-03-19 02:15:29.467224239,1773886529467224239,2200.25,2200.6,107.78,10.911115610447458,0.64426623,1.0,3,24.13,0.22388198181480792,2200.5,6.999999999998181,-11.999999999998181,BREAK,0.478441033,0.07037843,False,False,0.478441033,-6.000000000003638,-3.500000000003638,-8.000000000001819,-5.500000000001819,-11.000000000003638,-8.500000000003638,-3.999999999996362,-1.499999999996362,3.999999999996362,6.499999999996362
2026-03-19,CONTROL,BID,2026-03-19 02:16:16.214982400,1773886576214982400,2199.55,2199.3,36.61,4.713531608085489,1.262563688,1.0,2,3.233,0.08830920513520896,2199.4,20.999999999994543,0.0,BOUNCE,5.379492282,4.388343027,False,True,,0.0,1.5000000000009095,0.0,1.5000000000009095,3.000000000001819,4.5000000000027285,3.999999999996362,5.4999999999972715,20.999999999994543,22.499999999995453
2026-03-19,CONTROL,ASK,2026-03-19 02:20:37.131466895,1773886837131466895,2201.95,2202.2,37.578,2.542145853064538,0.976555642,0.839894816766621,2,8.91,0.2371068178189366,2202.1,-0.0,-16.99999999999818,BREAK,2.24589518,2.24589518,False,False,2.24589518,-0.0,1.5000000000009095,-4.000000000005457,-2.5000000000045475,-6.999999999998181,-5.4999999999972715,-11.000000000003638,-9.500000000002728,-16.99999999999818,-15.499999999997272
2026-03-19,CONTROL,ASK,2026-03-19 02:28:09.838392138,1773887289838392138,2199.75,2199.9,34.123,3.7601101928374656,1.030450758,1.0,1,7.512,0.2201447703894734,2199.8,-0.0,-11.000000000003638,BREAK,28.816964499,28.816964499,False,False,,-0.0,0.500000000001819,-1.000000000003638,-0.500000000001819,-1.000000000003638,-0.500000000001819,-11.000000000003638,-10.500000000001819,-11.000000000003638,-10.500000000001819
2026-03-19,CONTROL,BID,2026-03-19 02:35:44.005215823,1773887744005215823,2204.05,2203.9,36.389,2.462293196197179,0.547902124,1.0,1,4.173,0.11467751243507653,2204.0,0.999999999994543,-9.000000000005457,BREAK,6.943009703,1.247127331,False,False,,-1.000000000003638,-0.500000000001819,-1.000000000003638,-0.500000000001819,-6.000000000003638,-5.500000000001819,-1.000000000003638,-0.500000000001819,-9.000000000005457,-8.500000000003638
2026-03-19,CONTROL,BID,2026-03-19 02:46:16.128176039,1773888376128176039,2203.55,2203.2,39.706,2.3487725524992604,0.775905419,1.0,3,6.426,0.16183952047549488,2203.2999999999997,0.0,-19.000000000005457,BREAK,4.799542607,5.819102593,False,False,4.799542607,-1.000000000003638,1.5000000000009095,-3.000000000001819,-0.4999999999972715,-1.999999999998181,0.5000000000063665,-16.99999999999818,-14.499999999993634,0.0,2.5000000000045475
2026-03-19,CONTROL,BID,2026-03-19 02:46:40.425044119,1773888400425044119,2202.05,2201.8,43.046,5.050865356409504,1.942624505,1.0,2,4.63,0.10755935510848859,2201.9,15.0,-4.000000000005457,BREAK,6.734762125,1.133983799,False,True,3.72426111,0.0,1.5000000000009095,-1.999999999998181,-0.4999999999972715,0.999999999994543,2.4999999999954525,15.0,16.50000000000091,10.999999999994543,12.499999999995453
2026-03-19,CONTROL,BID,2026-03-19 03:07:06.790617153,1773889626790617153,2200.8500000000004,2200.7,33.205,4.682366213071988,0.520753999,1.0,1,2.542,0.07655473573257039,2200.7999999999997,1.999999999998181,-7.000000000007276,BREAK,2.905759098,2.905759098,False,False,,0.0,0.5000000000063665,-3.000000000001819,-2.4999999999954525,-3.000000000001819,-2.4999999999954525,-7.000000000007276,-6.5000000000009095,1.999999999998181,2.5000000000045475
2026-03-19,CONTROL,ASK,2026-03-19 03:16:46.818229961,1773890206818229961,2207.8500000000004,2208.0,112.892,8.143697024346258,0.532462144,1.0,1,3.155,0.027947064450979695,2207.9,-0.0,-78.99999999999636,BREAK,19.61536145,19.61536145,False,False,,-0.0,0.4999999999972715,-0.0,0.4999999999972715,-0.0,0.4999999999972715,-10.0,-9.500000000002728,-68.99999999999636,-68.49999999999909
2026-03-19,CONTROL,BID,2026-03-19 03:18:19.823403834,1773890299823403834,2218.05,2217.7,45.5,6.674000733406674,0.560113385,0.8995573101685473,3,10.745,0.23615384615384613,2217.7999999999997,23.999999999996362,-11.999999999998181,BREAK,0.256304771,0.103165703,False,False,0.154292973,-1.000000000003638,1.5000000000009095,-6.999999999998181,-4.4999999999936335,-9.000000000005457,-6.5000000000009095,-4.000000000005457,-1.5000000000009095,20.999999999994543,23.49999999999909
2026-03-19,CONTROL,ASK,2026-03-19 03:19:02.744389731,1773890342744389731,2217.75,2218.0,32.629,5.091916354556804,0.504823596,1.0,2,1.419,0.04348892089858715,2217.9,-0.0,-86.00000000000364,BREAK,0.160074994,0.108726012,False,False,0.160074994,-3.000000000001819,-1.5000000000009095,-13.000000000001819,-11.50000000000091,-20.0,-18.49999999999909,-58.00000000000182,-56.50000000000091,-56.00000000000364,-54.50000000000273
2026-03-19,CONTROL,ASK,2026-03-19 03:19:49.490192843,1773890389490192843,2226.25,2226.6,12.061,2.5356880058866813,0.662677631,0.9158847795784433,3,2.436,0.2019733023795705,2226.5,55.0,-0.0,BOUNCE,1.834779771,5.514339517,False,True,,-0.0,2.5,16.000000000003638,18.500000000003638,28.999999999996362,31.499999999996362,33.99999999999636,36.49999999999636,53.99999999999636,56.49999999999636
2026-03-19,CONTROL,BID,2026-03-19 03:30:56.149393256,1773891056149393256,2224.95,2224.7,14.516,2.431694446771086,0.512290766,1.0,2,2.6959999999999997,0.1857260953430697,2224.7999999999997,0.0,-13.000000000001819,BREAK,0.716554776,0.615155834,False,False,0.615155834,-3.999999999996362,-2.4999999999954525,-5.0,-3.4999999999990905,-10.999999999994543,-9.499999999993634,-10.0,-8.49999999999909,-0.999999999994543,0.5000000000063665
2026-03-19,CONTROL,ASK,2026-03-19 03:58:27.672599750,1773892707672599750,2211.95,2212.3,48.31,3.6796404905171753,0.714141232,1.0,3,11.41,0.23618298488925688,2212.2000000000003,5.0,-1.000000000003638,BOUNCE,6.279287079,0.062473591,False,True,,-0.0,2.5000000000045475,-0.0,2.5000000000045475,3.000000000001819,5.5000000000063665,1.999999999998181,4.5000000000027285,-0.0,2.5000000000045475
2026-03-19,CONTROL,ASK,2026-03-19 04:03:50.035830328,1773893030035830328,2212.1499999999996,2212.4,33.582,3.515887556928231,0.557855945,1.0,2,6.799,0.2024596510035138,2212.3,25.999999999994543,-0.0,BOUNCE,23.905111895,5.211185407,False,True,,-0.0,1.500000000005457,-0.0,1.500000000005457,-0.0,1.500000000005457,10.0,11.500000000005457,10.999999999994543,12.5
2026-03-19,CONTROL,ASK,2026-03-19 04:04:34.765319189,1773893074765319189,2211.05,2211.2,31.109,4.428327402135231,0.500006952,1.0,1,5.879,0.18898068083191358,2211.1,25.0,-3.000000000001819,BREAK,7.255291158,7.255291158,False,False,,-0.0,0.4999999999972715,-0.999999999994543,-0.4999999999972715,-3.000000000001819,-2.5000000000045475,16.000000000003638,16.50000000000091,25.0,25.49999999999727
2026-03-19,CONTROL,BID,2026-03-19 04:10:41.296952159,1773893441296952159,2201.8500000000004,2201.5,54.213,3.685953222735926,0.662422925,1.0,3,7.379,0.1361112648257798,2201.6,0.0,-21.000000000003638,BREAK,19.703693694,0.048309998,False,True,19.703693694,-1.000000000003638,1.5000000000009095,-1.000000000003638,1.5000000000009095,-1.000000000003638,1.5000000000009095,0.0,2.5000000000045475,-19.000000000005457,-16.50000000000091
2026-03-19,CONTROL,ASK,2026-03-19 04:29:05.843660898,1773894545843660898,2192.6499999999996,2193.0,34.813,3.5303721732075855,0.600190208,1.0,3,3.568,0.10249044897021227,2192.9,-0.0,-22.000000000007276,BREAK,8.190122538,0.630711893,False,False,1.04164338,-2.000000000007276,0.4999999999972715,-0.0,2.5000000000045475,-11.000000000003638,-8.49999999999909,-13.000000000001819,-10.499999999997272,-11.000000000003638,-8.49999999999909
2026-03-19,CONTROL,ASK,2026-03-19 04:29:10.962980282,1773894550962980282,2192.6499999999996,2192.8,37.215,3.4467907752153377,1.422217939,1.0,1,3.761,0.10106139997312912,2192.7000000000003,-0.0,-22.000000000007276,BREAK,0.672054522,0.053790082,False,False,,-2.000000000007276,-1.5000000000009095,-11.000000000003638,-10.499999999997272,-11.000000000003638,-10.499999999997272,-12.000000000007276,-11.50000000000091,-21.000000000003638,-20.49999999999727
2026-03-19,CONTROL,BID,2026-03-19 04:33:22.876739915,1773894802876739915,2197.05,2196.9,33.133,2.018335769980507,0.522680107,1.0,1,3.124,0.09428666284369058,2197.0,8.000000000001819,-4.000000000005457,BREAK,2.29030749,2.29030749,False,False,,-1.000000000003638,-0.500000000001819,-1.999999999998181,-1.499999999996362,-3.000000000001819,-2.5,-3.000000000001819,-2.5,5.999999999994543,6.499999999996362
2026-03-19,CONTROL,ASK,2026-03-19 04:48:39.900627007,1773895719900627007,2192.75,2193.0,40.883,3.318964117551551,0.536307214,1.0,2,6.101,0.1492307315999315,2192.9,-0.0,-3.000000000001819,BREAK,6.007336273,0.536563014,False,True,5.853431966,-0.0,1.5000000000009095,-0.0,1.5000000000009095,-1.999999999998181,-0.4999999999972715,-1.000000000003638,0.4999999999972715,-1.999999999998181,-0.4999999999972715
2026-03-19,CONTROL,ASK,2026-03-19 04:53:27.676789429,1773896007676789429,2194.75,2194.9,34.656,2.1931401088469813,0.524911882,1.0,1,8.063,0.23265812557710067,2194.8,6.000000000003638,-0.0,BOUNCE,6.825484384,7.826959819,False,False,,-0.0,0.500000000001819,-0.0,0.500000000001819,5.0,5.500000000001819,5.0,5.500000000001819,6.000000000003638,6.500000000005457
2026-03-19,CONTROL,BID,2026-03-19 05:01:22.216247506,1773896482216247506,2195.1499999999996,2194.9,35.19,4.545924299186152,1.738814216,1.0,2,8.471,0.24072179596476273,2195.0,0.0,-23.999999999996362,BREAK,5.055223465,1.124904313,False,True,3.371623938,0.0,1.499999999996362,-1.999999999998181,-0.500000000001819,-8.999999999996362,-7.5,-20.0,-18.500000000003638,-10.0,-8.500000000003638
2026-03-19,CONTROL,ASK,2026-03-19 05:01:38.908101779,1773896498908101779,2194.6499999999996,2195.0,75.165,7.277788536018591,1.252831643,0.9386857209193271,3,17.928,0.23851526641388943,2194.9,18.999999999996362,-2.000000000007276,BOUNCE,1.427992522,0.244856976,False,False,0.450611819,-0.0,2.5000000000045475,7.999999999992724,10.499999999997272,15.0,17.500000000004547,15.999999999994543,18.49999999999909,-2.000000000007276,0.4999999999972715
2026-03-19,CONTROL,BID,2026-03-19 05:01:44.167043188,1773896504167043188,2193.8500000000004,2193.5,39.615,2.289024355011123,0.523760069,1.0,3,3.648,0.0920863309352518,2193.6,10.999999999994543,-11.000000000003638,BREAK,2.291646256,1.069087733,False,True,2.291646256,0.0,2.5000000000045475,-7.000000000007276,-4.5000000000027285,-11.000000000003638,-8.49999999999909,-7.000000000007276,-4.5000000000027285,10.999999999994543,13.49999999999909
2026-03-19,CONTROL,BID,2026-03-19 05:11:36.745784969,1773897096745784969,2192.75,2192.6,39.957,2.1496704774714193,0.54380208,1.0,1,2.279,0.05703631403759041,2192.7,0.0,-11.000000000003638,BREAK,1.496890568,1.496890568,False,False,,0.0,0.500000000001819,-3.999999999996362,-3.499999999994543,-3.999999999996362,-3.499999999994543,-10.0,-9.499999999998181,-6.000000000003638,-5.500000000001819
2026-03-19,CONTROL,ASK,2026-03-19 05:25:45.035710547,1773897945035710547,2194.75,2195.0,38.071,4.296710117939168,0.500399419,1.0,2,6.115,0.1606209450763048,2194.9,5.0,-6.999999999998181,BREAK,4.500266838,3.636290496,False,False,3.686850551,-0.0,1.5000000000009095,-3.000000000001819,-1.5000000000009095,-3.999999999996362,-2.4999999999954525,3.000000000001819,4.5000000000027285,-6.999999999998181,-5.4999999999972715
2026-03-19,CONTROL,ASK,2026-03-19 05:26:15.891171658,1773897975891171658,2194.45,2194.8,39.237,5.56711123723042,0.54276384,1.0,3,8.771,0.2235390065499401,2194.7000000000003,-0.0,-11.999999999998181,BREAK,5.1973073,1.001959843,False,True,4.942444327,-0.0,2.5000000000045475,-1.999999999998181,0.5000000000063665,-6.999999999998181,-4.4999999999936335,-10.0,-7.4999999999954525,-11.999999999998181,-9.499999999993634
2026-03-19,CONTROL,ASK,2026-03-19 05:27:34.237902619,1773898054237902619,2195.6499999999996,2195.8,25.336,2.3224860207168394,0.584043171,1.0,1,5.928,0.23397537101357752,2195.7000000000003,13.999999999996362,-0.0,BOUNCE,15.113780433,4.440915907,False,False,,-0.0,0.5000000000063665,-0.0,0.5000000000063665,0.999999999994543,1.5000000000009095,5.999999999994543,6.5000000000009095,13.999999999996362,14.500000000002728
2026-03-19,CONTROL,BID,2026-03-19 05:28:21.969275308,1773898101969275308,2194.6499999999996,2194.3,51.8,6.204707432472899,0.560362177,1.0,3,10.856,0.2095752895752896,2194.4,0.0,-51.99999999999818,BREAK,3.261417745,0.103414034,False,False,0.408994751,-1.999999999998181,0.4999999999972715,-3.999999999996362,-1.5000000000009095,-3.999999999996362,-1.5000000000009095,-35.99999999999454,-33.49999999999909,-31.99999999999818,-29.50000000000273
2026-03-19,CONTROL,BID,2026-03-19 05:36:37.873278382,1773898597873278382,2188.1499999999996,2187.9,33.968,3.317511475730052,0.51340148,0.7362405519360793,2,1.256,0.03697597739048516,2188.0,2.000000000007276,-6.999999999998181,BREAK,9.083010748,2.036462544,False,False,1.171131477,0.0,1.499999999996362,-1.999999999998181,-0.500000000001819,-3.999999999996362,-2.5,0.0,1.499999999996362,-6.999999999998181,-5.500000000001819
2026-03-19,CONTROL,BID,2026-03-19 05:39:27.437547682,1773898767437547682,2188.75,2188.6,34.806,2.3562144597887893,1.67356944,0.9141815746826735,1,2.046,0.058782968453714876,2188.7,16.99999999999818,-1.000000000003638,BOUNCE,4.806969629,5.347260418,False,False,,-1.000000000003638,-0.500000000001819,1.999999999998181,2.5,1.999999999998181,2.5,8.000000000001819,8.500000000003638,15.0,15.500000000001819
2026-03-19,CONTROL,ASK,2026-03-19 05:40:58.796987793,1773898858796987793,2192.95,2193.1,35.016,3.7859228024651315,0.651551101,1.0,1,5.353,0.15287297235549463,2193.0,5.999999999994543,-3.000000000001819,BOUNCE,6.293792578,6.293792578,False,False,,-0.0,0.500000000001819,-0.0,0.500000000001819,1.999999999998181,2.5,-0.0,0.500000000001819,1.999999999998181,2.5
2026-03-19,CONTROL,ASK,2026-03-19 05:51:51.146185031,1773899511146185031,2189.95,2190.2,27.614,2.854455240851768,1.274249196,0.9619039414328184,2,3.6069999999999998,0.1306221481857029,2190.1,-1.000000000003638,-9.000000000005457,BREAK,0.102449181,0.05115695,False,False,0.05115695,-6.000000000003638,-4.5000000000027285,-8.000000000001819,-6.5000000000009095,-6.999999999998181,-5.4999999999972715,-6.000000000003638,-4.5000000000027285,-4.000000000005457,-2.5000000000045475
2026-03-19,CONTROL,ASK,2026-03-19 05:58:00.237637572,1773899880237637572,2190.1499999999996,2190.5,28.471,2.802263779527559,1.082686975,0.8908034799254881,3,5.82,0.20441853113694639,2190.4,1.999999999998181,-4.000000000005457,BREAK,37.408549463,2.753433991,False,False,2.949474431,-1.000000000003638,1.5000000000009095,-2.000000000007276,0.4999999999972715,-2.000000000007276,0.4999999999972715,-3.000000000001819,-0.4999999999972715,1.999999999998181,4.5000000000027285
2026-03-19,CONTROL,BID,2026-03-19 06:01:38.153282761,1773900098153282761,2189.75,2189.6,23.291,2.257098556061634,0.916764253,1.0,1,0.936,0.040187196771285044,2189.7,0.0,-63.00000000000182,BREAK,5.665072569,0.390465089,False,False,,0.0,0.500000000001819,0.0,0.500000000001819,-6.999999999998181,-6.499999999996362,-23.00000000000182,-22.5,-56.99999999999818,-56.49999999999636
2026-03-19,CONTROL,BID,2026-03-19 06:02:15.271274959,1773900135271274959,2187.45,2187.1,39.665,2.5993643304171172,1.891588927,0.9958591801378207,3,3.123,0.07873440060506745,2187.2,0.0,-41.99999999999818,BREAK,3.520277009,3.46922358,False,False,3.520277009,0.0,2.5,-25.999999999994543,-23.499999999994543,-30.0,-27.5,-28.999999999996362,-26.499999999996362,-15.999999999994543,-13.499999999994543
2026-03-19,CONTROL,ASK,2026-03-19 06:06:42.356653999,1773900402356653999,2183.8500000000004,2184.0,32.105,2.090101233683799,0.512280921,1.0,1,1.832,0.05706276280953124,2183.9,-0.999999999994543,-32.999999999992724,BREAK,13.635069016,13.635069016,False,False,,-0.999999999994543,-0.4999999999972715,-0.999999999994543,-0.4999999999972715,-0.999999999994543,-0.4999999999972715,-10.0,-9.500000000002728,-32.999999999992724,-32.49999999999545
2026-03-19,CONTROL,BID,2026-03-19 06:07:00.435450489,1773900420435450489,2184.6499999999996,2184.4,58.12,3.382905037688076,1.401309748,1.0,2,12.47,0.21455609084652447,2184.5,40.0,1.000000000003638,BOUNCE,0.254592608,0.610370216,False,True,,7.000000000007276,8.500000000003638,5.0,6.499999999996362,5.0,6.499999999996362,14.000000000005457,15.500000000001819,40.0,41.49999999999636
2026-03-19,CONTROL,ASK,2026-03-19 06:17:31.145022711,1773901051145022711,2192.55,2192.9,26.719,2.654644808743169,1.306728416,0.8197469588049426,3,5.3389999999999995,0.19982035255810468,2192.8,-0.0,-30.0,BREAK,1.945523563,1.486689821,False,False,1.536367615,-0.0,2.5,-8.999999999996362,-6.499999999996362,-8.000000000001819,-5.500000000001819,-15.999999999994543,-13.499999999994543,-20.999999999994543,-18.499999999994543
2026-03-19,CONTROL,ASK,2026-03-19 06:22:06.806511692,1773901326806511692,2192.8500000000004,2193.1,25.077,2.2473450732625353,0.519220365,1.0,2,2.957,0.11791681620608524,2193.0,15.0,-0.0,BOUNCE,10.196981106,4.566662578,False,True,,-0.0,1.499999999996362,-0.0,1.499999999996362,1.000000000003638,2.5,5.0,6.499999999996362,15.0,16.499999999996362
2026-03-19,CONTROL,ASK,2026-03-19 06:23:38.756794481,1773901418756794481,2190.95,2191.1,35.449,2.3173067494688673,0.870296633,1.0,1,8.424,0.23763716889051878,2191.0,18.999999999996362,-0.0,BOUNCE,8.162617921,3.609308329,False,False,,-0.0,0.500000000001819,0.999999999994543,1.499999999996362,15.999999999994543,16.499999999996362,15.999999999994543,16.499999999996362,8.000000000001819,8.500000000003638
2026-03-19,CONTROL,BID,2026-03-19 06:23:44.035157851,1773901424035157851,2190.8500000000004,2190.7,36.923,3.146935992499787,0.656387345,1.0,1,8.105,0.21951087398098745,2190.7999999999997,0.0,-18.00000000000182,BREAK,2.884254551,0.282684331,False,False,,0.0,0.5000000000063665,-15.0,-14.499999999993634,-15.0,-14.499999999993634,-15.0,-14.499999999993634,-5.0,-4.4999999999936335
2026-03-19,CONTROL,BID,2026-03-19 06:28:28.000864765,1773901708000864765,2189.8500000000004,2189.5,35.696,2.555738526526813,0.605004511,0.9196386537355917,3,4.659000000000001,0.13051882563872705,2189.6,0.0,-17.000000000007276,BREAK,5.861461064,5.197227203,False,False,1.112788604,0.0,2.5000000000045475,-2.000000000007276,0.4999999999972715,-4.000000000005457,-1.5000000000009095,-4.000000000005457,-1.5000000000009095,-12.000000000007276,-9.500000000002728
2026-03-19,CONTROL,ASK,2026-03-19 06:43:30.237948276,1773902610237948276,2186.6499999999996,2186.8,23.675,2.1499273519796587,0.61885375,0.9918627510942609,1,5.446,0.23003167898627241,2186.7000000000003,2.999999999992724,-3.000000000001819,BREAK,0.459860268,0.459860268,False,False,,-3.000000000001819,-2.4999999999954525,-3.000000000001819,-2.4999999999954525,-1.000000000003638,-0.4999999999972715,1.999999999998181,2.5000000000045475,-1.000000000003638,-0.4999999999972715
2026-03-19,CONTROL,ASK,2026-03-19 06:50:07.983277399,1773903007983277399,2184.05,2184.3,35.553,5.481921208850512,0.545846666,1.0,2,1.2570000000000001,0.03535566618850731,2184.2000000000003,1.999999999998181,-3.000000000001819,BREAK,4.144792222,4.084313124,False,False,2.460509002,-0.0,1.5000000000009095,-3.000000000001819,-1.5000000000009095,-3.000000000001819,-1.5000000000009095,1.000000000003638,2.5000000000045475,-0.0,1.5000000000009095
2026-03-19,CONTROL,ASK,2026-03-19 06:55:13.536927836,1773903313536927836,2178.45,2178.8,25.2,2.3688663282571913,0.613321715,1.0,3,0.914,0.03626984126984127,2178.7000000000003,1.999999999998181,-24.000000000005457,BOUNCE,2.761909437,1.795209162,False,True,4.702721373,-0.0,2.5000000000045475,-1.999999999998181,0.5000000000063665,-1.999999999998181,0.5000000000063665,-1.000000000003638,1.5000000000009095,-24.000000000005457,-21.50000000000091
2026-03-19,CONTROL,ASK,2026-03-19 07:02:06.731920943,1773903726731920943,2176.6499999999996,2176.8,32.442,2.6950778816199374,1.378309611,0.8470230350878689,1,1.838,0.056654953455397325,2176.7000000000003,23.999999999996362,-22.000000000007276,BREAK,0.255672481,0.101920656,False,False,,-2.000000000007276,-1.5000000000009095,0.999999999994543,1.5000000000009095,8.999999999996362,9.500000000002728,5.0,5.5000000000063665,-19.000000000005457,-18.49999999999909
2026-03-19,CONTROL,ASK,2026-03-19 07:03:37.107601795,1773903817107601795,2177.25,2177.5,24.79,2.6181549347837563,1.183512718,1.0,2,1.782,0.0718838241226301,2177.4,-1.999999999998181,-26.99999999999818,BREAK,0.050981619,0.050981619,False,False,0.050981619,-3.999999999996362,-2.4999999999954525,-1.999999999998181,-0.4999999999972715,-11.999999999998181,-10.499999999997272,-25.0,-23.49999999999909,-26.99999999999818,-25.49999999999727
2026-03-19,CONTROL,BID,2026-03-19 07:08:21.857598238,1773904101857598238,2176.55,2176.4,34.728,3.3283496262219665,0.507222778,1.0,1,6.686,0.1925247638792905,2176.5,0.0,-70.0,BREAK,1.687958888,1.687958888,False,False,,0.0,0.500000000001819,-6.000000000003638,-5.500000000001819,-16.000000000003638,-15.500000000001819,-20.0,-19.49999999999818,-53.00000000000182,-52.5
2026-03-19,CONTROL,ASK,2026-03-19 07:11:45.944404599,1773904305944404599,2170.1499999999996,2170.3,25.234,3.393034825870647,0.5087328,1.0,1,1.766,0.06998494095268289,2170.2000000000003,35.99999999999454,-4.000000000005457,BREAK,0.766515049,0.327475565,False,False,,-3.000000000001819,-2.4999999999954525,-2.000000000007276,-1.5000000000009095,10.999999999994543,11.50000000000091,10.0,10.500000000006366,8.999999999996362,9.500000000002728
2026-03-19,CONTROL,BID,2026-03-19 07:11:50.736847333,1773904310736847333,2170.3500000000004,2170.0,34.291,2.695409526803961,1.573912263,1.0,3,1.835,0.05351258347671401,2170.1,0.0,-38.00000000000182,BREAK,1.031046838,0.97973736,False,False,0.97973736,-7.000000000007276,-4.5000000000027285,-16.000000000003638,-13.49999999999909,-13.000000000001819,-10.499999999997272,-26.000000000003638,-23.49999999999909,-2.000000000007276,0.4999999999972715
2026-03-19,CONTROL,BID,2026-03-19 07:13:15.480293172,1773904395480293172,2166.6499999999996,2166.4,35.958,2.7978524743230624,0.513298798,1.0,2,8.376,0.2329384281661939,2166.5,0.0,-50.0,BREAK,1.40001704,0.636209984,False,False,0.636209984,-1.999999999998181,-0.500000000001819,-5.999999999994543,-4.499999999998181,-15.999999999994543,-14.499999999998181,-23.999999999996362,-22.5,-45.0,-43.50000000000364
2026-03-19,CONTROL,ASK,2026-03-19 07:14:04.942984146,1773904444942984146,2165.05,2165.4,51.751,7.881663113006397,1.830598686,1.0,3,12.747,0.24631408088732587,2165.3,56.00000000000364,-1.999999999998181,BOUNCE,0.770756861,2.347450671,False,False,0.46473013,18.00000000000182,20.50000000000182,23.00000000000182,25.50000000000182,29.000000000005457,31.500000000005457,45.0,47.5,31.99999999999818,34.49999999999818
2026-03-19,CONTROL,ASK,2026-03-19 07:14:33.515318029,1773904473515318029,2160.25,2160.5,49.519,4.690631808278867,1.576999258,0.9626066488612134,2,10.233,0.2066479533108504,2160.4,6.000000000003638,-30.0,BREAK,0.412417585,0.054513579,False,False,0.054513579,-3.000000000001819,-1.5000000000009095,-10.0,-8.49999999999909,-6.999999999998181,-5.4999999999972715,-11.000000000003638,-9.500000000002728,-0.0,1.5000000000009095
2026-03-19,CONTROL,ASK,2026-03-19 07:19:55.893964220,1773904795893964220,2160.05,2160.4,18.911,3.6777518475301445,0.553715365,1.0,3,3.6129999999999995,0.19105282639733484,2160.3,66.00000000000364,-0.0,BOUNCE,1.279137276,2.201178581,False,True,,-0.0,2.5,33.00000000000182,35.50000000000182,20.0,22.5,58.00000000000182,60.50000000000182,61.00000000000364,63.50000000000364
2026-03-19,CONTROL,ASK,2026-03-19 07:20:06.106224796,1773904806106224796,2158.1499999999996,2158.3,10.209,3.920506912442396,1.01955773,0.7953010292021424,1,0.463,0.04535214026839064,2158.2000000000003,46.99999999999818,-2.000000000007276,BREAK,0.050563329,3.676212119,False,False,,-1.000000000003638,-0.4999999999972715,20.999999999994543,21.50000000000091,25.999999999994543,26.50000000000091,37.999999999992724,38.49999999999909,36.99999999999818,37.50000000000455
2026-03-19,CONTROL,ASK,2026-03-19 07:20:59.027570411,1773904859027570411,2153.95,2154.2,51.064,9.324203414589611,0.510029179,1.0,2,12.462,0.24404668651104497,2154.1,68.99999999999636,-6.999999999998181,BREAK,1.224215237,0.509147995,False,True,1.224215237,-0.0,1.5000000000009095,-3.000000000001819,-1.5000000000009095,0.999999999994543,2.4999999999954525,48.99999999999636,50.49999999999727,30.999999999994543,32.49999999999545
2026-03-19,CONTROL,BID,2026-03-19 07:21:08.319893607,1773904868319893607,2153.95,2153.8,40.447,3.7468272348309397,1.927052296,0.9443872051513853,1,9.819,0.2427621331619156,2153.9,0.0,-68.99999999999636,BREAK,0.163824481,0.113864054,False,False,,-3.000000000001819,-2.5000000000045475,-10.0,-9.500000000002728,-13.999999999996362,-13.49999999999909,-50.0,-49.50000000000273,-43.99999999999636,-43.49999999999909
2026-03-19,CONTROL,ASK,2026-03-19 07:23:39.056306715,1773905019056306715,2144.05,2144.4,76.483,12.186583811344807,0.506478016,1.0,3,16.483,0.21551194383065517,2144.3,13.000000000001819,-56.99999999999818,BOUNCE,0.618102012,0.567399241,False,True,1.128467829,4.000000000005457,6.500000000005457,-15.999999999994543,-13.499999999994543,-1.999999999998181,0.500000000001819,-3.999999999996362,-1.499999999996362,-56.99999999999818,-54.49999999999818
2026-03-19,CONTROL,ASK,2026-03-19 07:26:01.571960468,1773905161571960468,2155.05,2155.2,25.577,3.4535511747231973,0.974000337,1.0,1,2.784,0.1088477929389686,2155.1,11.000000000003638,-25.999999999994543,BREAK,0.30449156,0.30449156,False,False,,-11.999999999998181,-11.50000000000091,-1.999999999998181,-1.5000000000009095,-13.999999999996362,-13.49999999999909,-23.999999999996362,-23.49999999999909,1.000000000003638,1.5000000000009095
2026-03-19,CONTROL,BID,2026-03-19 07:26:07.878753349,1773905167878753349,2156.45,2156.1,53.437,6.636075752871778,0.848794209,1.0,3,13.198,0.2469824279057582,2156.2,11.999999999998181,-25.0,BOUNCE,1.500037494,0.824811546,False,True,12.008206215,0.0,2.5,6.999999999998181,9.499999999998181,0.0,2.5,1.999999999998181,4.499999999998181,-13.999999999996362,-11.499999999996362
2026-03-19,CONTROL,ASK,2026-03-19 07:31:59.657636342,1773905519657636342,2156.6499999999996,2157.0,23.196,2.8816696689235357,1.073235246,1.0,3,0.972,0.04190377651319192,2156.9,0.999999999994543,-25.0,BREAK,0.203914577,4.539815085,False,False,0.050651287,-2.000000000007276,0.4999999999972715,-11.000000000003638,-8.49999999999909,-18.00000000000182,-15.499999999997272,0.999999999994543,3.4999999999990905,-8.000000000001819,-5.4999999999972715
2026-03-19,CONTROL,ASK,2026-03-19 07:35:00.937958815,1773905700937958815,2162.1499999999996,2162.3,26.231,4.191594758708853,0.539386229,0.5459325417816702,1,2.312,0.0881399870382372,2162.2000000000003,5.0,-14.000000000005457,BREAK,2.765895898,2.765895898,False,False,,-1.000000000003638,-0.4999999999972715,-13.000000000001819,-12.499999999995453,-3.000000000001819,-2.4999999999954525,-0.0,0.5000000000063665,-1.000000000003638,-0.4999999999972715
2026-03-19,CONTROL,ASK,2026-03-19 07:36:22.863750978,1773905782863750978,2160.95,2161.2,61.077,11.970014698677119,1.42655281,1.0,2,14.838000000000001,0.24293924063067934,2161.1,0.999999999994543,-100.0,BREAK,1.175205815,0.054412904,False,True,1.021978674,-1.999999999998181,-0.4999999999972715,-5.0,-3.4999999999990905,-3.000000000001819,-1.5000000000009095,-35.0,-33.49999999999909,-86.99999999999818,-85.49999999999727
2026-03-19,CONTROL,BID,2026-03-19 07:37:59.189952841,1773905879189952841,2167.55,2167.4,33.799,2.916095077865493,0.554594841,1.0,1,4.22,0.12485576496346046,2167.5,33.99999999999636,-10.0,BREAK,1.23133222,1.180610833,False,False,,0.0,0.500000000001819,-5.0,-4.499999999998181,-4.000000000005457,-3.500000000003638,5.0,5.500000000001819,33.99999999999636,34.49999999999818
2026-03-19,CONTROL,ASK,2026-03-19 07:38:31.897281772,1773905911897281772,2168.25,2168.6,49.614,4.7903833156319395,1.430281245,1.0,3,7.578,0.1527391462087314,2168.5,-0.0,-26.99999999999818,BREAK,1.945525941,1.945525941,False,False,0.160345761,-1.999999999998181,0.500000000001819,-5.0,-2.5,-10.0,-7.5,-26.99999999999818,-24.49999999999818,-18.999999999996362,-16.499999999996362
2026-03-19,CONTROL,BID,2026-03-19 07:39:36.350147739,1773905976350147739,2171.45,2171.1,12.562,2.1217802550460263,0.506933205,0.8882535244460855,3,3.14,0.2499601974207929,2171.2,38.00000000000182,-10.999999999994543,BOUNCE,2.808484799,0.817505174,False,True,4.54465815,-0.999999999994543,1.500000000005457,-5.0,-2.5,-10.0,-7.5,26.99999999999818,29.49999999999818,-3.000000000001819,-0.500000000001819
2026-03-19,CONTROL,BID,2026-03-19 07:40:36.604934202,1773906036604934202,2170.95,2170.7,27.334,2.1722959548597314,0.513174187,1.0,2,1.766,0.06460818028828565,2170.7999999999997,5.0,-20.0,BREAK,2.192287383,0.66395505,False,True,2.091541053,0.0,1.5000000000009095,-5.0,-3.4999999999990905,-1.999999999998181,-0.4999999999972715,0.0,1.5000000000009095,-13.000000000001819,-11.50000000000091
2026-03-19,CONTROL,ASK,2026-03-19 07:46:20.972252463,1773906380972252463,2164.8500000000004,2165.1,35.171,3.3616248506571087,1.989911591,0.8944934880777826,2,4.122,0.1171988285803645,2165.0,-0.999999999994543,-15.0,BREAK,1.734381621,0.40823805,False,False,0.045739271,-1.999999999998181,-0.500000000001819,-7.999999999992724,-6.499999999996362,-13.999999999996362,-12.5,-5.0,-3.500000000003638,-8.999999999996362,-7.5
2026-03-19,CONTROL,ASK,2026-03-19 07:46:22.646910763,1773906382646910763,2165.05,2165.2,26.602,2.7352835329803096,0.65400133,1.0,1,0.8,0.030072926847605444,2165.1,1.000000000003638,-13.000000000001819,BREAK,0.569736284,0.109783603,False,False,,-3.000000000001819,-2.5000000000045475,-6.999999999998181,-6.5000000000009095,-11.999999999998181,-11.50000000000091,-3.000000000001819,-2.5000000000045475,-6.999999999998181,-6.5000000000009095
2026-03-19,CONTROL,BID,2026-03-19 07:47:10.320546141,1773906430320546141,2165.45,2165.3,32.195,2.594383335347919,1.684072609,0.8696515673808456,1,6.876,0.21357353626339495,2165.4,30.0,-0.999999999994543,BOUNCE,8.931689725,4.491854135,False,False,,0.0,0.4999999999972715,1.000000000003638,1.5000000000009095,3.000000000001819,3.4999999999990905,26.000000000003638,26.50000000000091,21.000000000003638,21.50000000000091
2026-03-19,CONTROL,BID,2026-03-19 07:58:33.489068507,1773907113489068507,2167.8500000000004,2167.7,25.809,2.4199718706047824,0.567540894,1.0,1,2.306,0.0893486768181642,2167.7999999999997,0.0,-25.0,BREAK,0.46212065,0.410992671,False,False,,-5.0,-4.4999999999936335,-10.0,-9.499999999993634,-11.000000000003638,-10.499999999997272,-19.000000000005457,-18.49999999999909,-25.0,-24.499999999993634
2026-03-19,CONTROL,BID,2026-03-19 08:00:07.590277248,1773907207590277248,2166.75,2166.4,49.414,6.058607160372733,0.866203696,1.0,3,10.413,0.2107297527016635,2166.5,36.00000000000364,-8.000000000001819,BREAK,2.653438674,0.097829475,False,True,1.939367519,0.0,2.5,8.999999999996362,11.499999999996362,1.999999999998181,4.499999999998181,33.00000000000182,35.50000000000182,35.0,37.5
2026-03-19,CONTROL,ASK,2026-03-19 08:05:19.539635247,1773907519539635247,2162.8500000000004,2163.0,10.386,2.4286215363030514,0.762377338,0.7756065146836776,1,1.01,0.0972462930868477,2162.9,11.000000000003638,-1.999999999998181,BREAK,5.400307746,1.945145684,False,False,,-0.0,0.4999999999972715,-0.0,0.4999999999972715,4.000000000005457,4.5000000000027285,9.000000000005457,9.500000000002728,10.0,10.499999999997272
2026-03-19,CONTROL,ASK,2026-03-19 08:05:24.637235307,1773907524637235307,2162.8500000000004,2163.2,35.33,6.202598314606742,0.548139824,1.0,3,3.235,0.09156524200396264,2163.1,11.000000000003638,-1.999999999998181,BOUNCE,3.585384845,3.532367588,False,False,0.302707686,-1.999999999998181,0.4999999999972715,4.000000000005457,6.5000000000009095,7.000000000007276,9.500000000002728,1.000000000003638,3.4999999999990905,2.000000000007276,4.5000000000027285
2026-03-19,CONTROL,ASK,2026-03-19 08:05:54.194474637,1773907554194474637,2162.45,2162.7,32.737,4.01607066184138,0.831340287,0.7688498608753217,2,0.924,0.02822494425268045,2162.6,13.999999999996362,-8.000000000001819,BREAK,0.256077551,0.204148679,False,False,0.256077551,-3.000000000001819,-1.5000000000009095,-3.000000000001819,-1.5000000000009095,-0.0,1.5000000000009095,-1.999999999998181,-0.4999999999972715,10.0,11.50000000000091
2026-03-19,CONTROL,BID,2026-03-19 08:08:11.712189811,1773907691712189811,2165.95,2165.8,31.131,3.3434647191493934,0.865007482,0.8789465892735481,1,1.174,0.03771160579486685,2165.9,0.0,-30.999999999994543,BREAK,2.298528231,7.449040944,False,False,,0.0,0.4999999999972715,-0.999999999994543,-0.4999999999972715,-6.999999999998181,-6.5000000000009095,-18.00000000000182,-17.500000000004547,-20.999999999994543,-20.49999999999727
2026-03-19,CONTROL,BID,2026-03-19 08:09:02.443514105,1773907742443514105,2163.75,2163.5,40.911,4.490040059265763,1.134638569,1.0,2,1.062,0.025958788589865806,2163.6,3.999999999996362,-8.999999999996362,BREAK,2.243560903,0.211838932,False,True,2.243560903,0.0,1.5000000000009095,-5.0,-3.4999999999990905,1.000000000003638,2.5000000000045475,-3.999999999996362,-2.4999999999954525,3.999999999996362,5.4999999999972715
2026-03-19,CONTROL,ASK,2026-03-19 08:11:37.933035900,1773907897933035900,2166.05,2166.4,82.326,10.496079556320518,1.682308385,1.0,3,1.96,0.023807788547967838,2166.3,-0.999999999994543,-30.0,BREAK,3.114422675,0.051156576,False,False,0.148919236,-3.000000000001819,-0.500000000001819,-8.000000000001819,-5.500000000001819,-20.999999999994543,-18.499999999994543,-6.999999999998181,-4.499999999998181,-8.000000000001819,-5.500000000001819
2026-03-19,CONTROL,ASK,2026-03-19 08:13:36.317288437,1773908016317288437,2164.95,2165.2,38.451,5.911900369003691,0.55468689,1.0,2,7.391,0.19221866791500872,2165.1,-0.0,-14.000000000005457,BREAK,7.205393,0.669316763,False,True,5.419759283,-0.0,1.5000000000009095,-0.0,1.5000000000009095,-11.000000000003638,-9.500000000002728,-13.000000000001819,-11.50000000000091,-11.000000000003638,-9.500000000002728
2026-03-19,CONTROL,BID,2026-03-19 08:18:44.077260326,1773908324077260326,2166.8500000000004,2166.7,34.262,3.4683403350711144,0.518324993,1.0,1,7.046,0.20565057498102854,2166.7999999999997,0.999999999994543,-26.000000000003638,BREAK,5.175345167,2.214636217,False,False,,-1.000000000003638,-0.4999999999972715,-1.000000000003638,-0.4999999999972715,-3.000000000001819,-2.4999999999954525,-5.0,-4.4999999999936335,-26.000000000003638,-25.49999999999727
2026-03-19,CONTROL,BID,2026-03-19 08:21:11.192486270,1773908471192486270,2168.55,2168.2,11.067,2.507817811012916,0.817306657,1.0,3,1.6219999999999999,0.14656185054667026,2168.2999999999997,-1.000000000003638,-16.99999999999818,BREAK,0.816589823,0.816589823,False,False,0.051475887,-5.0,-2.4999999999954525,-5.0,-2.4999999999954525,-3.000000000001819,-0.4999999999972715,-6.999999999998181,-4.4999999999936335,-15.0,-12.499999999995453
2026-03-19,CONTROL,ASK,2026-03-19 08:24:11.893696440,1773908651893696440,2162.3500000000004,2162.5,32.605,3.3761325394770902,0.511486422,1.0,1,0.462,0.014169605888667385,2162.4,11.000000000003638,-40.99999999999454,BREAK,0.254753157,0.048718692,False,False,,-2.999999999992724,-2.4999999999954525,5.0,5.4999999999972715,10.0,10.499999999997272,-10.999999999994543,-10.499999999997272,-15.999999999994543,-15.499999999997272
2026-03-19,CONTROL,ASK,2026-03-19 08:29:07.116594007,1773908947116594007,2159.1499999999996,2159.5,86.577,9.830475757919835,0.766563394,1.0,3,21.248,0.24542314933527382,2159.4,5.0,-7.000000000007276,BREAK,24.953158201,0.610597447,False,True,19.902244747,-0.0,2.5000000000045475,-0.0,2.5000000000045475,-0.0,2.5000000000045475,-3.000000000001819,-0.4999999999972715,2.999999999992724,5.4999999999972715
2026-03-19,CONTROL,BID,2026-03-19 08:33:21.253544263,1773909201253544263,2159.75,2159.5,30.166,2.43156537159439,1.537102659,0.8893364304563343,2,2.532,0.0839355565868859,2159.6,13.000000000001819,-3.999999999996362,BOUNCE,12.197107409,8.011062539,False,False,8.011062539,0.0,1.5000000000009095,0.0,1.5000000000009095,-1.999999999998181,-0.4999999999972715,6.999999999998181,8.49999999999909,-3.999999999996362,-2.4999999999954525
2026-03-19,CONTROL,ASK,2026-03-19 08:41:16.393551282,1773909676393551282,2165.8500000000004,2166.1,24.404,2.270773239043454,1.990360241,1.0,2,5.682,0.2328306834945091,2166.0,38.00000000000182,-2.999999999992724,BREAK,0.051098267,0.051098267,False,False,0.051098267,-2.999999999992724,-1.499999999996362,7.000000000007276,8.500000000003638,5.0,6.499999999996362,20.0,21.499999999996362,35.0,36.49999999999636
2026-03-19,CONTROL,ASK,2026-03-19 08:41:20.117519517,1773909680117519517,2165.1499999999996,2165.3,34.655,3.58970374974104,0.560933247,0.8152212111613345,1,7.065,0.20386668590390997,2165.2000000000003,30.999999999994543,-3.000000000001819,BOUNCE,2.498894863,0.356199788,False,False,,-0.0,0.5000000000063665,-3.000000000001819,-2.4999999999954525,0.999999999994543,1.5000000000009095,12.999999999992724,13.49999999999909,27.999999999992724,28.49999999999909
2026-03-19,CONTROL,BID,2026-03-19 08:46:08.047513342,1773909968047513342,2160.25,2160.1,34.332,2.8647002378071673,0.530557166,1.0,1,3.778,0.11004310847023185,2160.2,15.0,-8.000000000001819,BREAK,8.320047937,8.270007938,False,False,,0.0,0.500000000001819,-1.000000000003638,-0.500000000001819,-8.000000000001819,-7.5,-1.999999999998181,-1.499999999996362,15.0,15.500000000001819
2026-03-19,CONTROL,BID,2026-03-19 08:55:16.139042526,1773910516139042526,2162.1499999999996,2161.8,37.55,3.8455630088586203,1.719825912,1.0,3,9.163,0.24402130492676433,2161.9,0.0,-18.999999999996362,BREAK,12.96830353,8.089685826,False,True,12.934687124,0.0,2.4999999999954525,-0.999999999994543,1.5000000000009095,0.0,2.4999999999954525,-5.999999999994543,-3.4999999999990905,-10.999999999994543,-8.49999999999909
2026-03-19,CONTROL,ASK,2026-03-19 08:58:39.217851297,1773910719217851297,2158.8500000000004,2159.0,33.852,2.52240974628367,1.677852713,1.0,1,3.115,0.09201819685690656,2158.9,-0.0,-15.0,BREAK,7.450175029,6.889597971,False,False,,-0.0,0.4999999999972715,-0.0,0.4999999999972715,-1.999999999998181,-1.5000000000009095,-12.999999999992724,-12.499999999995453,-10.0,-9.500000000002728
2026-03-19,CONTROL,BID,2026-03-19 08:59:23.415583454,1773910763415583454,2160.1499999999996,2159.9,23.426,2.321704658077304,1.853831879,0.875953814040545,2,2.7760000000000002,0.11850081106462906,2160.0,22.000000000007276,-2.999999999992724,BREAK,2.704504778,2.704504778,False,False,2.704504778,0.0,1.499999999996362,-2.999999999992724,-1.499999999996362,-2.999999999992724,-1.499999999996362,1.000000000003638,2.5,22.000000000007276,23.500000000003638
2026-03-19,CONTROL,BID,2026-03-19 09:08:39.352286238,1773911319352286238,2166.1499999999996,2166.0,25.866,2.575397022950167,1.151596004,1.0,1,3.131,0.12104693419933503,2166.1,0.0,-21.99999999999818,BREAK,4.134765873,0.032160492,False,False,,0.0,0.4999999999972715,-7.999999999992724,-7.4999999999954525,-6.999999999998181,-6.5000000000009095,-20.0,-19.50000000000273,0.0,0.4999999999972715
2026-03-19,CONTROL,ASK,2026-03-19 09:11:23.301991462,1773911483301991462,2166.3500000000004,2166.5,34.672,5.246576378905955,0.746678837,1.0,1,3.135,0.09041878172588833,2166.4,14.000000000005457,-5.0,BREAK,0.531962792,0.225327736,False,False,,-1.999999999998181,-1.5000000000009095,-1.999999999998181,-1.5000000000009095,-5.0,-4.5000000000027285,5.0,5.4999999999972715,14.000000000005457,14.500000000002728
2026-03-19,CONTROL,ASK,2026-03-19 09:11:47.158103947,1773911507158103947,2165.95,2166.2,21.948,2.1852939712251707,1.120805138,0.817933272179557,2,5.325,0.2426189174412247,2166.1,10.0,-1.999999999998181,BOUNCE,8.110646648,10.780290067,False,True,54.144700411,-0.0,1.5000000000009095,0.999999999994543,2.4999999999954525,1.999999999998181,3.4999999999990905,8.999999999996362,10.499999999997272,-1.999999999998181,-0.4999999999972715
2026-03-19,CONTROL,ASK,2026-03-19 09:14:46.783262759,1773911686783262759,2163.8500000000004,2164.2,57.832,5.604690604254494,0.502367463,1.0,3,13.147000000000002,0.22733088947295618,2164.1,12.000000000007276,-0.999999999994543,BOUNCE,5.829089712,8.37981816,False,True,,-0.999999999994543,1.5000000000009095,-0.999999999994543,1.5000000000009095,-0.0,2.4999999999954525,3.000000000001819,5.4999999999972715,2.000000000007276,4.5000000000027285
2026-03-19,CONTROL,BID,2026-03-19 09:18:19.283128771,1773911899283128771,2165.6499999999996,2165.3,30.31,5.632782010778665,1.12065254,1.0,3,2.344,0.07733421313097988,2165.4,0.0,-11.999999999998181,BREAK,0.51243272,0.51243272,False,False,0.51243272,-5.999999999994543,-3.4999999999990905,-5.999999999994543,-3.4999999999990905,-10.0,-7.5000000000045475,-6.999999999998181,-4.5000000000027285,-0.999999999994543,1.5000000000009095
2026-03-19,CONTROL,BID,2026-03-19 09:21:53.201986611,1773912113201986611,2175.95,2175.7,33.989,4.736482720178372,1.783098351,1.0,2,1.82,0.05354673570861162,2175.7999999999997,114.00000000000546,-8.999999999996362,BOUNCE,6.127659653,1.38355825,False,False,0.922321976,-1.999999999998181,-0.4999999999972715,-1.999999999998181,-0.4999999999972715,-3.000000000001819,-1.5000000000009095,26.99999999999818,28.49999999999909,101.00000000000364,102.50000000000455
2026-03-19,CONTROL,BID,2026-03-19 09:24:23.516350915,1773912263516350915,2180.75,2180.6,35.909,3.9140007629843585,1.262087774,1.0,1,2.292,0.06382800969116377,2180.7,1.000000000003638,-21.000000000003638,BREAK,1.747405747,0.16641142,False,False,,-1.000000000003638,-0.500000000001819,-3.000000000001819,-2.5,1.000000000003638,1.500000000005457,-11.000000000003638,-10.500000000001819,-3.999999999996362,-3.499999999994543
2026-03-19,CONTROL,ASK,2026-03-19 09:31:37.491465372,1773912697491465372,2179.8500000000004,2180.0,32.649,2.355882671284771,1.530691434,1.0,1,6.16,0.1886734662623664,2179.9,17.000000000007276,-2.999999999992724,BREAK,0.671850078,0.466941072,False,False,,-2.999999999992724,-2.4999999999954525,4.000000000005457,4.5000000000027285,5.0,5.4999999999972715,1.000000000003638,1.5000000000009095,2.000000000007276,2.5000000000045475
2026-03-19,CONTROL,BID,2026-03-19 09:34:01.589341903,1773912841589341903,2177.55,2177.4,34.594,3.174052665382145,0.52802321,1.0,1,4.99,0.144244666705209,2177.5,3.999999999996362,-14.000000000005457,BREAK,0.991414835,0.991414835,False,False,,-1.999999999998181,-1.499999999996362,-14.000000000005457,-13.500000000003638,-6.000000000003638,-5.500000000001819,-1.999999999998181,-1.499999999996362,-8.000000000001819,-7.5
2026-03-19,CONTROL,ASK,2026-03-19 09:36:05.410605214,1773912965410605214,2178.35,2178.7,50.282,7.2358612750035975,0.818175589,1.0,2,10.621,0.21122867029951078,2178.6,2.9999999999972715,-12.000000000002728,BREAK,0.916822862,0.0510875,False,False,0.0510875,-4.0000000000009095,-1.5000000000009095,-2.0000000000027285,0.4999999999972715,-10.000000000004547,-7.5000000000045475,2.0000000000027285,4.5000000000027285,-7.9999999999972715,-5.4999999999972715
2026-03-19,CONTROL,BID,2026-03-19 09:37:48.024951018,1773913068024951018,2180.05,2179.8,38.65,6.984729375621216,1.371304826,1.0,2,1.287,0.03329883570504528,2179.9,5.999999999994543,-21.000000000003638,BREAK,3.424764849,0.306885487,False,False,0.45689799,-1.000000000003638,0.4999999999972715,-3.000000000001819,-1.5000000000009095,-14.000000000005457,-12.500000000004547,-14.000000000005457,-12.500000000004547,5.0,6.5000000000009095
2026-03-19,CONTROL,BID,2026-03-19 09:44:42.535122557,1773913482535122557,2182.75,2182.4,35.294,4.152235294117647,0.976785917,1.0,3,5.508,0.15606052020173403,2182.5,18.00000000000182,-3.999999999996362,BOUNCE,6.525385648,3.463349639,False,True,18.211758127,1.000000000003638,3.500000000003638,0.0,2.5,6.000000000003638,8.500000000003638,3.999999999996362,6.499999999996362,6.999999999998181,9.499999999998181
2026-03-19,CONTROL,ASK,2026-03-19 09:45:11.080763904,1773913511080763904,2183.1499999999996,2183.5,33.461,3.192386585889424,0.544230121,0.9574928139635256,3,0.9249999999999999,0.027644123008876004,2183.4,16.99999999999818,-14.000000000005457,BREAK,8.595758671,2.26647979,False,True,8.595758671,-0.0,2.5000000000045475,-0.0,2.5000000000045475,-8.000000000001819,-5.4999999999972715,-4.000000000005457,-1.5000000000009095,-1.000000000003638,1.5000000000009095
2026-03-19,CONTROL,BID,2026-03-19 09:46:15.389593256,1773913575389593256,2183.25,2183.1,25.193,2.530942334739803,0.507972733,1.0,1,5.36,0.2127575120073036,2183.2,13.000000000001819,-10.0,BREAK,7.603136045,7.451569703,False,False,,0.0,0.500000000001819,0.0,0.500000000001819,-3.000000000001819,-2.5,-6.000000000003638,-5.500000000001819,13.000000000001819,13.500000000003638
2026-03-19,CONTROL,ASK,2026-03-19 09:54:02.884499929,1773914042884499929,2186.05,2186.2,59.363,5.564585676790402,0.560564819,1.0,1,13.995,0.235752910061823,2186.1,16.99999999999818,-8.000000000001819,BOUNCE,1.378523872,1.940164106,False,False,,-0.0,0.4999999999972715,5.0,5.4999999999972715,6.000000000003638,6.5000000000009095,4.000000000005457,4.5000000000027285,16.000000000003638,16.50000000000091
2026-03-19,CONTROL,BID,2026-03-19 09:57:40.690211968,1773914260690211968,2190.25,2190.1,25.579,2.133806047966632,0.815419214,1.0,1,3.125,0.1221705305133117,2190.2,5.0,-33.00000000000182,BOUNCE,4.594432162,4.594432162,False,False,,0.0,0.500000000001819,5.0,5.500000000001819,-3.000000000001819,-2.5,-16.000000000003638,-15.500000000001819,-28.999999999996362,-28.499999999994543
2026-03-19,CONTROL,ASK,2026-03-19 10:02:17.751428381,1773914537751428381,2186.45,2186.8,25.61,2.76103714085494,0.542396577,1.0,3,2.085,0.0814135103475205,2186.7000000000003,5.999999999994543,-4.000000000005457,BREAK,3.59126932,1.704790425,False,True,3.59126932,-0.0,2.5000000000045475,-4.000000000005457,-1.5000000000009095,0.999999999994543,3.4999999999990905,0.999999999994543,3.4999999999990905,3.000000000001819,5.5000000000063665
2026-03-19,CONTROL,BID,2026-03-19 10:02:48.036831971,1773914568036831971,2186.3500000000004,2186.1,35.514,5.8700826446281,0.509144383,1.0,2,1.161,0.032691332995438416,2186.2,1.999999999998181,-6.000000000003638,BREAK,18.942432804,0.914102336,False,True,18.180881729,0.0,1.500000000005457,0.0,1.500000000005457,0.0,1.500000000005457,-2.000000000007276,-0.500000000001819,-6.000000000003638,-4.499999999998181
2026-03-19,CONTROL,ASK,2026-03-19 10:04:07.453543431,1773914647453543431,2185.3500000000004,2185.6,26.606,2.4197171570187805,1.517386629,0.8754356072555058,2,4.51,0.16951063669848904,2185.5,2.000000000007276,-5.999999999994543,BOUNCE,9.260216974,1.681623325,False,True,28.865097854,-0.0,1.499999999996362,-0.0,1.499999999996362,2.000000000007276,3.500000000003638,-3.999999999996362,-2.5,-2.999999999992724,-1.499999999996362
2026-03-19,CONTROL,BID,2026-03-19 10:11:08.068043275,1773915068068043275,2183.8500000000004,2183.7,35.722,2.2750692608986403,1.122713105,0.9077618017115779,1,3.78,0.10581714349700463,2183.7999999999997,5.999999999994543,-6.000000000003638,BOUNCE,5.053350636,11.131197923,False,False,,0.0,0.5000000000063665,1.999999999998181,2.5000000000045475,1.999999999998181,2.5000000000045475,-6.000000000003638,-5.4999999999972715,0.999999999994543,1.5000000000009095
2026-03-19,CONTROL,ASK,2026-03-19 10:22:39.137828375,1773915759137828375,2185.25,2185.5,37.442,2.5302067847006353,0.966903851,1.0,2,9.013,0.24071897868703596,2185.4,1.000000000003638,-11.000000000003638,BREAK,1.442198477,1.391531343,False,False,1.391531343,-0.0,1.5000000000009095,-11.000000000003638,-9.500000000002728,-11.000000000003638,-9.500000000002728,-3.999999999996362,-2.4999999999954525,-1.000000000003638,0.4999999999972715
2026-03-19,CONTROL,BID,2026-03-19 10:24:41.408934855,1773915881408934855,2184.25,2183.9,46.703,5.118978462212967,0.865267534,1.0,3,0.923,0.019763184377877222,2184.0,-1.000000000003638,-18.999999999996362,BREAK,0.188267561,0.099329785,False,False,0.188267561,-6.000000000003638,-3.500000000003638,-6.000000000003638,-3.500000000003638,-6.000000000003638,-3.500000000003638,-13.999999999996362,-11.499999999996362,-10.0,-7.5
2026-03-19,CONTROL,ASK,2026-03-19 10:29:54.063616350,1773916194063616350,2181.8500000000004,2182.0,35.274,3.555130014110058,1.990859966,1.0,1,7.337,0.20800022679594035,2181.9,16.000000000003638,-5.0,BREAK,2.86008295,2.803809122,False,False,,-0.0,0.4999999999972715,-1.999999999998181,-1.5000000000009095,-2.999999999992724,-2.4999999999954525,-5.0,-4.5000000000027285,7.000000000007276,7.5000000000045475
2026-03-19,CONTROL,BID,2026-03-19 10:30:31.268325794,1773916231268325794,2182.3500000000004,2182.2,32.299,4.583368809422449,0.501898733,1.0,1,4.566,0.14136660577726864,2182.2999999999997,0.0,-21.000000000003638,BREAK,0.315146387,0.213316413,False,False,,-1.000000000003638,-0.4999999999972715,-5.0,-4.4999999999936335,-9.000000000005457,-8.49999999999909,-14.000000000005457,-13.49999999999909,-20.0,-19.499999999993634
2026-03-19,CONTROL,ASK,2026-03-19 10:39:05.289345669,1773916745289345669,2177.75,2178.1,23.938,3.0044556008785688,0.718047509,1.0,3,0.89,0.037179380065168355,2178.0,8.000000000001819,-1.999999999998181,BOUNCE,14.808396822,0.087460802,False,False,0.142284741,-1.999999999998181,0.500000000001819,-1.999999999998181,0.500000000001819,1.000000000003638,3.500000000003638,6.000000000003638,8.500000000003638,-1.999999999998181,0.500000000001819
2026-03-19,CONTROL,BID,2026-03-19 10:43:05.415550681,1773916985415550681,2177.1499999999996,2176.9,50.607,8.127680077089858,0.611861632,1.0,2,6.417,0.12680064022763649,2177.0,0.0,-7.999999999992724,BREAK,5.869598265,0.050752081,False,True,5.56446273,0.0,1.499999999996362,0.0,1.499999999996362,-0.999999999994543,0.500000000001819,-2.999999999992724,-1.499999999996362,-6.999999999998181,-5.500000000001819
2026-03-19,CONTROL,ASK,2026-03-19 10:52:44.702398718,1773917564702398718,2173.95,2174.1,23.456,2.6231268172668307,1.582773956,0.9537186237350497,1,0.869,0.0370480900409277,2174.0,3.999999999996362,-15.0,BOUNCE,10.315994517,10.869758648,False,False,,-0.0,0.500000000001819,-0.0,0.500000000001819,0.999999999994543,1.499999999996362,-15.0,-14.499999999998181,-5.0,-4.499999999998181
2026-03-19,CONTROL,BID,2026-03-19 10:55:06.635316869,1773917706635316869,2175.25,2175.1,26.258,2.059774082208974,0.562969073,0.8956778821134282,1,6.317,0.24057430116535913,2175.2,0.0,-6.000000000003638,BREAK,34.642727755,11.118232607,False,False,,0.0,0.500000000001819,0.0,0.500000000001819,0.0,0.500000000001819,0.0,0.500000000001819,-6.000000000003638,-5.500000000001819
2026-03-19,CONTROL,ASK,2026-03-19 10:56:29.497679409,1773917789497679409,2174.8500000000004,2175.1,26.144,2.701663738762013,0.527976487,1.0,2,3.642,0.13930538555691555,2175.0,16.000000000003638,-3.999999999996362,BREAK,7.918691648,3.015428728,False,False,0.263898563,-0.999999999994543,0.500000000001819,-0.999999999994543,0.500000000001819,-2.999999999992724,-1.499999999996362,-1.999999999998181,-0.500000000001819,16.000000000003638,17.5
2026-03-19,CONTROL,ASK,2026-03-19 11:12:14.338620319,1773918734338620319,2168.25,2168.4,31.529,3.4013700846863366,0.501556922,1.0,1,0.461,0.014621459608614292,2168.3,1.999999999998181,-21.99999999999818,BOUNCE,6.898719387,14.765718647,False,False,,-1.000000000003638,-0.500000000001819,1.000000000003638,1.500000000005457,-0.0,0.500000000001819,-6.999999999998181,-6.499999999996362,-21.99999999999818,-21.499999999996362
2026-03-19,CONTROL,ASK,2026-03-19 11:19:07.601753554,1773919147601753554,2170.25,2170.6,29.991,3.028017567772225,0.510809794,1.0,3,7.196,0.239938648261145,2170.5,-1.000000000003638,-31.000000000003638,BREAK,26.599824022,1.456558479,False,True,9.290699608,-1.000000000003638,1.499999999996362,-1.000000000003638,1.499999999996362,-1.999999999998181,0.500000000001819,-13.999999999996362,-11.499999999996362,-31.000000000003638,-28.500000000003638
2026-03-19,CONTROL,BID,2026-03-19 11:24:18.966494908,1773919458966494908,2172.95,2172.8,35.249,2.1143268452148876,1.126549945,1.0,1,4.747,0.13467048710601717,2172.9,11.999999999998181,-1.999999999998181,BREAK,9.003079206,0.417737391,False,False,,0.0,0.4999999999972715,0.0,0.4999999999972715,-1.999999999998181,-1.5000000000009095,1.999999999998181,2.4999999999954525,11.999999999998181,12.499999999995453
2026-03-19,CONTROL,BID,2026-03-19 11:26:02.357429268,1773919562357429268,2173.95,2173.6,25.936,3.8217048552272894,0.619035734,1.0,3,6.24,0.24059222702035782,2173.7,9.000000000005457,-5.0,BREAK,6.430092467,2.501013241,False,True,6.380514003,0.0,2.5,0.0,2.5,-3.999999999996362,-1.499999999996362,1.000000000003638,3.500000000003638,8.000000000001819,10.500000000001819
2026-03-19,CONTROL,BID,2026-03-19 11:32:03.015895247,1773919923015895247,2176.95,2176.7,23.458,2.3060211354141065,0.574662643,1.0,2,1.738,0.07408986273339586,2176.7999999999997,-0.999999999994543,-13.000000000001819,BREAK,2.245834096,2.245834096,False,False,0.085099587,-0.999999999994543,0.5000000000063665,-6.999999999998181,-5.4999999999972715,-6.999999999998181,-5.4999999999972715,-1.999999999998181,-0.4999999999972715,-3.999999999996362,-2.4999999999954525
2026-03-19,CONTROL,BID,2026-03-19 11:35:02.984134380,1773920102984134380,2170.55,2170.4,34.371,2.8455170129977647,0.696127182,0.9429727253489147,1,8.143,0.23691484099967997,2170.5,0.0,-35.0,BREAK,23.330091846,4.750780177,False,False,,0.0,0.500000000001819,-1.000000000003638,-0.500000000001819,-1.000000000003638,-0.500000000001819,-21.99999999999818,-21.499999999996362,-25.0,-24.49999999999818
2026-03-19,CONTROL,ASK,2026-03-19 11:36:01.998541582,1773920161998541582,2167.55,2167.7,23.488,3.283427692737821,1.99087494,0.997347869073082,1,0.922,0.03925408719346049,2167.6,11.000000000003638,-8.000000000001819,BREAK,0.203743641,0.153178512,False,False,,-5.0,-4.5000000000027285,-5.999999999994543,-5.4999999999972715,-0.999999999994543,-0.4999999999972715,-5.999999999994543,-5.4999999999972715,-8.000000000001819,-7.5000000000045475
2026-03-19,CONTROL,ASK,2026-03-19 11:36:17.767442382,1773920177767442382,2167.6499999999996,2167.9,32.042,2.405916804324974,0.929518897,0.8052965952772878,2,0.8,0.024967230509955682,2167.8,11.999999999998181,-7.000000000007276,BREAK,0.647374031,0.052929531,False,False,0.140729761,-4.000000000005457,-2.5,-5.0,-3.499999999994543,-4.000000000005457,-2.5,2.999999999992724,4.499999999998181,-4.000000000005457,-2.5
2026-03-19,CONTROL,ASK,2026-03-19 11:37:55.661974080,1773920275661974080,2166.6499999999996,2167.0,33.196,2.310894535328924,0.510376669,1.0,3,0.96,0.028919146885166887,2166.9,-0.0,-23.00000000000182,BREAK,4.548616759,2.295906074,False,True,3.171760894,-0.0,2.5000000000045475,-7.000000000007276,-4.5000000000027285,-9.000000000005457,-6.5000000000009095,-13.000000000001819,-10.499999999997272,-22.000000000007276,-19.50000000000273
2026-03-19,CONTROL,BID,2026-03-19 11:49:04.082005200,1773920944082005200,2169.3500000000004,2169.0,25.868,2.3108808290155443,0.535195355,1.0,3,0.603,0.023310654089995362,2169.1,0.0,-15.0,BREAK,1.201595593,1.14992666,False,False,1.201595593,0.0,2.5000000000045475,-4.000000000005457,-1.5000000000009095,-5.0,-2.4999999999954525,-11.000000000003638,-8.49999999999909,-14.000000000005457,-11.50000000000091
2026-03-19,CONTROL,BID,2026-03-19 11:49:23.189935302,1773920963189935302,2168.75,2168.6,32.263,2.8969201759899432,0.525468367,1.0,1,7.838,0.2429408300530019,2168.7,0.0,-8.999999999996362,BREAK,2.155461758,2.155461758,False,False,,0.0,0.500000000001819,-1.999999999998181,-1.499999999996362,-5.0,-4.499999999998181,-8.999999999996362,-8.499999999994543,-8.000000000001819,-7.5
2026-03-19,CONTROL,ASK,2026-03-19 11:52:16.933416901,1773921136933416901,2168.25,2168.4,25.649,3.2807623433103097,0.565050662,1.0,1,2.593,0.10109555928106359,2168.3,-0.0,-3.999999999996362,BREAK,7.841942089,7.740519291,False,False,,-0.0,0.500000000001819,-0.0,0.500000000001819,-1.999999999998181,-1.499999999996362,-3.999999999996362,-3.499999999994543,-3.999999999996362,-3.499999999994543
2026-03-19,CONTROL,ASK,2026-03-19 12:02:27.441097137,1773921747441097137,2165.8500000000004,2166.0,23.088,2.409895099420698,0.51951068,1.0,1,0.8,0.03465003465003465,2165.9,41.00000000000364,-2.999999999992724,BREAK,4.999957819,3.97649129,False,False,,-0.0,0.4999999999972715,-2.999999999992724,-2.4999999999954525,1.000000000003638,1.5000000000009095,7.000000000007276,7.5000000000045475,26.000000000003638,26.50000000000091
2026-03-19,CONTROL,ASK,2026-03-19 12:04:26.717463764,1773921866717463764,2162.05,2162.4,57.431,4.7504859588899455,0.509041443,1.0,3,9.744,0.16966446692552803,2162.3,26.99999999999818,-3.000000000001819,BOUNCE,13.121180569,4.541182783,False,True,18.939840167,-0.0,2.5,-0.0,2.5,-0.0,2.5,5.0,7.5,26.99999999999818,29.49999999999818
2026-03-19,CONTROL,ASK,2026-03-19 12:08:59.494132539,1773922139494132539,2157.45,2157.7,34.299,4.500590473691116,0.555875758,1.0,2,2.7800000000000002,0.0810519257121199,2157.6,8.000000000001819,-16.000000000003638,BOUNCE,6.084491861,11.747487024,False,True,36.602738193,-0.0,1.5000000000009095,-0.0,1.5000000000009095,5.0,6.5000000000009095,3.000000000001819,4.5000000000027285,-16.000000000003638,-14.500000000002728
2026-03-19,CONTROL,ASK,2026-03-19 12:10:08.145995511,1773922208145995511,2160.6499999999996,2160.8,25.688,2.140934283452098,1.989498657,0.9212733386630279,1,0.462,0.017985051385861105,2160.7000000000003,16.99999999999818,-7.000000000007276,BOUNCE,4.79642478,0.051636294,False,False,,0.999999999994543,1.5000000000009095,3.999999999996362,4.5000000000027285,1.999999999998181,2.5000000000045475,0.999999999994543,1.5000000000009095,0.999999999994543,1.5000000000009095
2026-03-19,CONTROL,BID,2026-03-19 12:15:28.211609062,1773922528211609062,2162.05,2161.7,58.072,5.067585845804791,1.073227986,1.0,3,14.503,0.249741699958672,2161.7999999999997,0.999999999994543,-41.99999999999818,BREAK,11.38377929,6.885646931,False,False,0.391831761,-1.999999999998181,0.5000000000063665,-1.000000000003638,1.5000000000009095,0.999999999994543,3.4999999999990905,-19.000000000005457,-16.50000000000091,-41.99999999999818,-39.49999999999363
2026-03-19,CONTROL,ASK,2026-03-19 12:20:07.372255706,1773922807372255706,2158.95,2159.2,34.186,3.586633793211981,1.173921527,1.0,2,8.05,0.23547651085239574,2159.1,6.999999999998181,-11.999999999998181,BREAK,1.38342826,1.38342826,False,False,1.38342826,-0.0,1.5000000000009095,-5.0,-3.4999999999990905,-6.000000000003638,-4.5000000000027285,-8.000000000001819,-6.5000000000009095,3.000000000001819,4.5000000000027285
2026-03-19,CONTROL,ASK,2026-03-19 12:20:47.185577667,1773922847185577667,2158.25,2158.4,33.781,5.089799608256742,1.071247057,1.0,1,1.726,0.05109381012995471,2158.3,-1.000000000003638,-23.00000000000182,BREAK,7.242833147,2.186627579,False,False,,-1.000000000003638,-0.500000000001819,-1.000000000003638,-0.500000000001819,-3.000000000001819,-2.5,-6.999999999998181,-6.499999999996362,-13.999999999996362,-13.499999999994543
2026-03-19,CONTROL,BID,2026-03-19 12:34:40.246222912,1773923680246222912,2154.05,2153.8,36.306,4.471732972040892,0.922216135,1.0,2,3.717,0.10237977193852257,2153.9,33.99999999999636,-3.000000000001819,BREAK,8.050253928,1.224059948,False,False,0.051330201,-1.999999999998181,-0.4999999999972715,-1.000000000003638,0.4999999999972715,-3.000000000001819,-1.5000000000009095,3.000000000001819,4.5000000000027285,35.0,36.50000000000091
2026-03-19,CONTROL,ASK,2026-03-19 12:35:33.940159995,1773923733940159995,2155.25,2155.4,32.069,5.101654470251353,0.55358804,0.8913469644322518,1,1.562,0.04870747450809192,2155.3,-1.000000000003638,-26.000000000003638,BREAK,0.262274073,0.09690524,False,False,,-3.999999999996362,-3.499999999994543,-13.000000000001819,-12.5,-23.999999999996362,-23.499999999994543,-5.0,-4.499999999998181,-16.99999999999818,-16.499999999996362
2026-03-19,CONTROL,ASK,2026-03-19 12:42:20.237074747,1773924140237074747,2153.8500000000004,2154.2,130.023,13.389938726121208,1.779405608,1.0,3,28.192,0.21682317743783794,2154.1,-0.0,-16.99999999999818,BREAK,0.719238292,0.617777926,False,False,0.66873071,-3.999999999996362,-1.5000000000009095,-8.999999999996362,-6.5000000000009095,-5.0,-2.5000000000045475,-6.999999999998181,-4.5000000000027285,-16.99999999999818,-14.500000000002728
2026-03-19,CONTROL,BID,2026-03-19 12:44:23.038566738,1773924263038566738,2156.75,2156.4,43.5,4.838440576163728,0.520360157,1.0,3,6.481,0.14898850574712644,2156.5,-1.000000000003638,-46.99999999999818,BREAK,1.070515776,0.049077812,False,False,0.101209588,-3.000000000001819,-0.500000000001819,-6.999999999998181,-4.499999999998181,-8.999999999996362,-6.499999999996362,-23.00000000000182,-20.50000000000182,-41.00000000000364,-38.50000000000364
2026-03-19,CONTROL,BID,2026-03-19 12:53:55.685614394,1773924835685614394,2133.3500000000004,2133.2,60.349,3.588251033088563,0.86886485,1.0,1,3.0,0.04971084856418499,2133.2999999999997,17.999999999992724,-34.00000000000546,BOUNCE,0.356295399,0.408005969,False,False,,12.999999999992724,13.49999999999909,15.999999999994543,16.50000000000091,15.999999999994543,16.50000000000091,-16.000000000003638,-15.499999999997272,0.0,0.5000000000063665
2026-03-19,CONTROL,ASK,2026-03-19 12:53:56.093620363,1773924836093620363,2133.9,2134.2,53.801,8.188265733201431,1.325898426,1.0,2,10.916,0.2028958569543317,2134.1,39.50000000000273,-12.499999999995453,BREAK,0.102152282,0.051099946,False,False,0.102152282,-9.500000000002728,-7.5000000000045475,-10.499999999997272,-8.49999999999909,-10.499999999997272,-8.49999999999909,21.50000000000091,23.49999999999909,5.4999999999972715,7.4999999999954525
2026-03-19,CONTROL,ASK,2026-03-19 12:55:30.787473008,1773924930787473008,2135.55,2135.7,10.241,2.276789684304135,1.434080516,0.8298987607192343,1,2.341,0.2285909579142662,2135.6,56.00000000000364,-11.999999999998181,BREAK,0.565558606,0.565558606,False,False,,-1.999999999998181,-1.5000000000009095,-10.999999999994543,-10.499999999997272,-10.999999999994543,-10.499999999997272,34.00000000000546,34.50000000000273,41.99999999999818,42.49999999999545
2026-03-19,CONTROL,BID,2026-03-19 12:57:45.050516367,1773925065050516367,2132.8500000000004,2132.5,16.542,3.0257911102981527,0.766060301,1.0,3,3.674,0.22210131785757464,2132.6,1.999999999998181,-8.000000000001819,BOUNCE,3.209336323,9.179695497,False,False,0.253198791,-2.000000000007276,0.4999999999972715,1.999999999998181,4.5000000000027285,-5.0,-2.4999999999954525,-4.000000000005457,-1.5000000000009095,-3.000000000001819,-0.4999999999972715
2026-03-19,CONTROL,BID,2026-03-19 13:00:46.855667957,1773925246855667957,2130.45,2130.2,24.647,3.011608015640273,0.65599767,0.8468423066197781,2,5.846,0.23718911023653996,2130.2999999999997,16.000000000003638,-53.99999999999636,BREAK,2.049223839,0.302729106,False,False,0.713444469,-0.999999999994543,0.5000000000063665,-8.000000000001819,-6.5000000000009095,0.0,1.5000000000009095,-23.00000000000182,-21.50000000000091,-53.99999999999636,-52.49999999999545
2026-03-19,CONTROL,ASK,2026-03-19 13:01:40.232979117,1773925300232979117,2126.05,2126.4,33.278,4.6065891472868215,1.172367986,1.0,3,7.327,0.22017549131558387,2126.3,44.00000000000546,-8.000000000001819,BREAK,1.222034555,1.222034555,False,False,0.152886437,-3.000000000001819,-0.500000000001819,3.000000000001819,5.500000000001819,16.000000000003638,18.500000000003638,14.000000000005457,16.500000000005457,44.00000000000546,46.50000000000546
2026-03-19,CONTROL,ASK,2026-03-19 13:10:02.519648452,1773925802519648452,2131.1499999999996,2131.3,47.128,5.586865034674886,1.683461923,1.0,1,9.894,0.20993888983194703,2131.2000000000003,40.0,-2.000000000007276,BOUNCE,0.357895296,0.40882463,False,False,,8.999999999996362,9.500000000002728,11.999999999998181,12.500000000004547,1.999999999998181,2.5000000000045475,17.999999999992724,18.49999999999909,40.0,40.50000000000637
2026-03-19,CONTROL,BID,2026-03-19 13:12:18.387144931,1773925938387144931,2127.05,2126.7,79.864,7.939951284982852,0.79827136,1.0,3,19.457,0.2436266653310628,2126.7999999999997,0.0,-91.00000000000364,BREAK,4.711324939,0.118328309,False,True,4.45667622,0.0,2.5000000000045475,-6.000000000003638,-3.4999999999990905,-16.99999999999818,-14.499999999993634,-31.99999999999818,-29.499999999993634,-85.0,-82.49999999999545
2026-03-19,CONTROL,ASK,2026-03-19 13:15:11.726666726,1773926111726666726,2120.45,2120.7,34.687,4.457910294306644,0.705374348,1.0,2,5.1850000000000005,0.14947963213884166,2120.6,23.00000000000182,-46.99999999999818,BREAK,2.099671633,0.055698601,False,True,1.997926455,-0.0,1.5000000000009095,10.999999999994543,12.499999999995453,15.999999999994543,17.499999999995453,13.999999999996362,15.499999999997272,-46.00000000000364,-44.50000000000273
2026-03-19,CONTROL,ASK,2026-03-19 13:15:22.499834291,1773926122499834291,2119.05,2119.4,10.53,2.1887341509041778,0.516361043,1.0,3,1.6,0.1519468186134853,2119.3,9.000000000005457,-61.99999999999818,BREAK,0.407213274,0.049906599,False,False,0.407213274,-8.999999999996362,-6.499999999996362,-5.0,-2.5,-3.000000000001819,-0.500000000001819,-13.999999999996362,-11.499999999996362,-48.00000000000182,-45.50000000000182
2026-03-19,CONTROL,BID,2026-03-19 13:20:16.608643680,1773926416608643680,2132.05,2131.8,47.4,4.741422426728018,0.597054859,1.0,2,11.344,0.23932489451476793,2131.9,48.00000000000182,-16.000000000003638,BOUNCE,2.61669313,0.881374273,False,False,0.524909308,0.0,1.5000000000009095,31.99999999999818,33.49999999999909,25.999999999994543,27.499999999995453,-10.0,-8.49999999999909,1.999999999998181,3.4999999999990905
2026-03-19,CONTROL,BID,2026-03-19 13:20:24.678754533,1773926424678754533,2135.6499999999996,2135.3,48.07,6.502096577843906,0.918866054,0.7701537715093347,3,10.289,0.21404202205117537,2135.4,0.0,-51.99999999999818,BREAK,0.360464506,0.100067318,False,False,0.360464506,-5.0,-2.5000000000045475,-25.0,-22.500000000004547,-22.999999999992724,-20.49999999999727,-45.99999999999454,-43.49999999999909,-35.99999999999454,-33.49999999999909
2026-03-19,CONTROL,BID,2026-03-19 13:23:26.437197087,1773926606437197087,2130.75,2130.6,34.702,3.218363088337584,0.576151986,1.0,1,2.815,0.08111924384761686,2130.7,0.0,-31.99999999999818,BREAK,2.143373288,0.23585545,False,False,,-1.000000000003638,-0.500000000001819,-13.999999999996362,-13.499999999994543,-30.0,-29.49999999999818,-15.0,-14.499999999998181,-23.999999999996362,-23.499999999994543
2026-03-19,CONTROL,ASK,2026-03-19 13:23:40.135581304,1773926620135581304,2128.1499999999996,2128.3,23.526,2.1855172093455337,0.632887279,1.0,1,1.0,0.042506163393692085,2128.2000000000003,12.999999999992724,-16.000000000003638,BREAK,0.590947659,0.590947659,False,False,,-7.000000000007276,-6.5000000000009095,-9.000000000005457,-8.49999999999909,-11.000000000003638,-10.499999999997272,-13.000000000001819,-12.499999999995453,1.999999999998181,2.5000000000045475
2026-03-19,CONTROL,ASK,2026-03-19 13:30:06.132348114,1773927006132348114,2125.55,2125.9,32.794,16.17858904785397,1.123824023,1.0,3,1.8940000000000001,0.057754467280600116,2125.8,44.00000000000546,-35.0,BREAK,1.416876158,1.37712668,False,False,0.05086024,-0.0,2.5,-35.0,-32.5,-10.999999999994543,-8.499999999994543,28.500000000003638,31.000000000003638,-13.999999999996362,-11.499999999996362
2026-03-19,CONTROL,ASK,2026-03-19 13:31:28.369353099,1773927088369353099,2123.1499999999996,2123.4,126.046,34.288900979325355,0.516844083,1.0,2,21.126,0.1676054773654063,2123.3,17.999999999992724,-35.0,BOUNCE,0.050003213,0.050003213,False,True,21.322345248,5.999999999994543,7.5,7.999999999992724,9.499999999998181,8.999999999996362,10.500000000001819,-15.0,-13.499999999994543,-3.000000000001819,-1.499999999996362
2026-03-19,CONTROL,BID,2026-03-19 13:32:41.623829323,1773927161623829323,2122.1499999999996,2122.0,11.674,2.3543410305535946,1.02083321,0.9420411792833425,1,0.8,0.06852835360630462,2122.1,36.00000000000364,-15.999999999994543,BOUNCE,0.713604911,0.920706552,False,False,,8.000000000001819,8.49999999999909,5.0,5.4999999999972715,-5.0,-4.5000000000027285,15.0,15.499999999997272,17.000000000007276,17.500000000004547
2026-03-19,CONTROL,ASK,2026-03-19 13:34:24.238628167,1773927264238628167,2121.95,2122.3,15.99,2.5181102362204726,0.50901278,1.0,3,1.638,0.1024390243902439,2122.2000000000003,35.0,-19.000000000005457,BREAK,2.910072245,1.222475042,False,True,2.247461609,-0.0,2.5000000000045475,-1.999999999998181,0.5000000000063665,10.0,12.500000000004547,-4.000000000005457,-1.5000000000009095,35.99999999999454,38.49999999999909
2026-03-19,CONTROL,ASK,2026-03-19 13:34:26.069886937,1773927266069886937,2121.8500000000004,2122.0,35.479,6.30681717180695,1.268607921,1.0,1,0.631,0.01778516869133854,2121.9,47.000000000007276,-20.0,BREAK,0.416202839,0.416202839,False,False,,-3.999999999996362,-3.4999999999990905,-0.999999999994543,-0.4999999999972715,17.000000000007276,17.500000000004547,-7.999999999992724,-7.4999999999954525,45.0,45.49999999999727
2026-03-19,CONTROL,BID,2026-03-19 13:34:46.132079122,1773927286132079122,2119.55,2119.2,11.53,3.135282121006118,1.274513303,1.0,3,1.846,0.16010407632263662,2119.2999999999997,43.00000000000182,-24.000000000005457,BREAK,0.204581125,0.051535213,False,False,0.101260257,-5.0,-2.4999999999954525,8.999999999996362,11.50000000000091,33.00000000000182,35.50000000000637,15.999999999994543,18.49999999999909,10.999999999994543,13.49999999999909
2026-03-19,CONTROL,ASK,2026-03-19 13:36:53.777299644,1773927413777299644,2119.95,2120.3,12.27,2.08266146142748,1.140012837,1.0,3,2.883,0.2349633251833741,2120.2000000000003,15.999999999994543,-30.0,BREAK,1.019631738,0.704893315,False,False,0.35842276,-4.000000000005457,-1.5000000000009095,-9.000000000005457,-6.5000000000009095,-25.0,-22.499999999995453,-6.000000000003638,-3.4999999999990905,13.999999999996362,16.50000000000091
2026-03-19,CONTROL,ASK,2026-03-19 13:37:02.297438991,1773927422297438991,2122.25,2122.5,12.044,2.15494721774915,0.560504211,0.7153038070573925,2,1.271,0.10552972434407172,2122.4,40.0,-6.999999999998181,BREAK,0.664995606,0.613670129,False,False,0.155101219,-6.999999999998181,-5.4999999999972715,15.0,16.50000000000091,15.0,16.50000000000091,21.99999999999818,23.49999999999909,33.99999999999636,35.49999999999727
2026-03-19,CONTROL,BID,2026-03-19 13:38:37.598528013,1773927517598528013,2114.45,2114.2,36.829,6.450477274717576,0.607750199,0.656336351113231,2,7.146,0.194031877053409,2114.2999999999997,43.00000000000182,-5.999999999994543,BREAK,0.462916824,0.157014363,False,False,0.462916824,-3.999999999996362,-2.4999999999954525,1.000000000003638,2.5000000000045475,8.000000000001819,9.500000000002728,10.0,11.50000000000091,5.0,6.5000000000009095
2026-03-19,CONTROL,ASK,2026-03-19 13:39:45.352321095,1773927585352321095,2114.05,2114.2,109.851,27.642425767488678,0.919009439,1.0,1,19.266,0.17538301881639673,2114.1,29.000000000005457,-35.99999999999454,BOUNCE,0.199952075,0.714948151,False,False,,-1.999999999998181,-1.5000000000009095,-0.999999999994543,-0.4999999999972715,-8.999999999996362,-8.49999999999909,-20.999999999994543,-20.49999999999727,29.000000000005457,29.50000000000273
2026-03-19,CONTROL,BID,2026-03-19 13:40:40.292701448,1773927640292701448,2112.2,2111.8,87.285,13.334097158570119,0.765930612,0.859327421685556,3,10.151,0.11629718737469211,2111.9,110.50000000000182,-10.500000000001819,BREAK,2.95899391,2.856291312,False,False,2.908032703,1.500000000005457,4.5000000000027285,-10.500000000001819,-7.5000000000045475,-10.500000000001819,-7.5000000000045475,56.50000000000546,59.50000000000273,110.50000000000182,113.49999999999909
2026-03-19,CONTROL,BID,2026-03-19 13:40:40.904234972,1773927640904234972,2112.25,2112.1,60.842,7.616198285034737,0.510264413,1.0,1,4.265,0.07009960224844679,2112.2,113.00000000000182,-11.000000000003638,BREAK,2.244757788,0.152259677,False,False,,1.000000000003638,1.500000000005457,-11.000000000003638,-10.500000000001819,-11.000000000003638,-10.500000000001819,53.00000000000182,53.50000000000364,113.00000000000182,113.50000000000364
2026-03-19,CONTROL,ASK,2026-03-19 13:41:57.578961943,1773927717578961943,2127.1499999999996,2127.5,32.663,7.018263859045981,0.536675831,1.0,3,7.5,0.2296176101399137,2127.4,2.999999999992724,-119.00000000000546,BREAK,3.113009442,2.80659024,False,False,0.254519572,-3.000000000001819,-0.4999999999972715,-13.000000000001819,-10.499999999997272,-51.00000000000364,-48.49999999999909,-105.0,-102.49999999999545,-87.00000000000728,-84.50000000000273
2026-03-19,CONTROL,BID,2026-03-19 13:42:20.311345990,1773927740311345990,2135.75,2135.4,49.641,7.598499923465483,0.54232617,0.8009264959498451,3,10.583,0.21319070929272174,2135.5,33.00000000000182,-26.000000000003638,BREAK,0.171748371,0.121314945,False,False,0.171748371,1.999999999998181,4.499999999998181,21.000000000003638,23.500000000003638,26.000000000003638,28.500000000003638,-18.00000000000182,-15.500000000001819,21.99999999999818,24.49999999999818
2026-03-19,CONTROL,BID,2026-03-19 13:43:55.114540858,1773927835114540858,2136.6499999999996,2136.5,34.956,4.058751814223513,1.79574274,0.9395357510953936,1,8.107,0.2319201281611168,2136.6,41.00000000000364,-8.999999999996362,BREAK,0.56451935,0.56451935,False,False,,-1.999999999998181,-1.5000000000009095,6.000000000003638,6.5000000000009095,19.000000000005457,19.50000000000273,-5.999999999994543,-5.4999999999972715,18.00000000000182,18.49999999999909
2026-03-19,CONTROL,ASK,2026-03-19 13:44:53.539192744,1773927893539192744,2138.05,2138.4,41.285,5.719332271247488,1.78461391,0.87181514571967,3,2.2809999999999997,0.055250090832021315,2138.3,65.0,-8.000000000001819,BREAK,1.528111662,0.204477532,False,True,1.528111662,-0.0,2.5,1.000000000003638,3.500000000003638,31.99999999999818,34.49999999999818,46.99999999999818,49.49999999999818,53.00000000000182,55.50000000000182
2026-03-19,CONTROL,BID,2026-03-19 13:45:30.436374070,1773927930436374070,2134.05,2133.7,50.111,4.809809473532657,1.174749341,1.0,3,4.0920000000000005,0.08165871764682407,2133.7999999999997,3.000000000001819,-26.99999999999818,BOUNCE,1.735226462,1.735226462,False,False,0.253608897,0.0,2.5000000000045475,-11.999999999998181,-9.499999999993634,-15.0,-12.499999999995453,-4.000000000005457,-1.5000000000009095,-11.000000000003638,-8.49999999999909
2026-03-19,CONTROL,ASK,2026-03-19 13:49:09.182173273,1773928149182173273,2132.6499999999996,2132.9,38.874,10.580838323353293,0.975889248,0.9952012034054094,2,4.447,0.11439522560065853,2132.8,-0.0,-88.00000000000182,BREAK,1.684057085,0.050987137,False,True,1.275049392,-0.0,1.500000000005457,-19.000000000005457,-17.5,-24.000000000005457,-22.5,-20.0,-18.499999999994543,-63.00000000000182,-61.49999999999636
2026-03-19,CONTROL,BID,2026-03-19 13:50:05.662389504,1773928205662389504,2140.3500000000004,2140.1,23.53,7.9668190282715425,1.072263343,0.9048663001808875,2,1.901,0.08079048023799405,2140.2,-1.000000000003638,-45.0,BREAK,0.35718179,0.35718179,False,False,0.049501884,-15.0,-13.499999999994543,-16.000000000003638,-14.499999999998181,-41.00000000000364,-39.49999999999818,-33.00000000000182,-31.499999999996362,-45.0,-43.49999999999454
2026-03-19,CONTROL,BID,2026-03-19 13:50:59.792940426,1773928259792940426,2138.95,2138.8,11.304,4.033541480820696,0.8152317,0.7410941245292596,1,1.114,0.09854918612880396,2138.9,15.0,-35.99999999999454,BREAK,0.15674669,0.054624223,False,False,,-6.999999999998181,-6.5000000000009095,-25.0,-24.50000000000273,-35.99999999999454,-35.49999999999727,-18.999999999996362,-18.49999999999909,3.000000000001819,3.4999999999990905
2026-03-19,CONTROL,ASK,2026-03-19 13:53:07.868612962,1773928387868612962,2136.8500000000004,2137.2,106.436,10.805136795086545,1.020052435,1.0,3,25.003999999999998,0.23492051561501745,2137.1,29.000000000005457,-5.0,BREAK,0.356722286,0.050777293,False,False,0.356722286,-3.999999999996362,-1.5000000000009095,4.000000000005457,6.5000000000009095,7.000000000007276,9.500000000002728,16.000000000003638,18.49999999999909,20.0,22.499999999995453
2026-03-19,CONTROL,ASK,2026-03-19 13:53:11.127739064,1773928391127739064,2137.05,2137.2,11.353,2.84180225281602,1.015917647,0.8868611807862414,1,2.047,0.18030476526028363,2137.1,31.000000000003638,-0.0,BOUNCE,1.331093607,1.688646078,False,False,,-0.0,0.4999999999972715,1.999999999998181,2.4999999999954525,11.000000000003638,11.50000000000091,15.0,15.499999999997272,23.00000000000182,23.49999999999909
2026-03-19,CONTROL,BID,2026-03-19 13:55:07.933944195,1773928507933944195,2141.25,2141.1,34.316,5.634348575650604,1.63210277,1.0,1,2.038,0.05938920620118894,2141.2,1.999999999998181,-26.99999999999818,BOUNCE,2.142812683,2.496811809,False,False,,-1.000000000003638,-0.500000000001819,-6.999999999998181,-6.499999999996362,-16.000000000003638,-15.500000000001819,-21.99999999999818,-21.499999999996362,-10.0,-9.499999999998181
2026-03-19,CONTROL,ASK,2026-03-19 14:00:17.532641643,1773928817532641643,2142.45,2142.6,15.251,2.4566688144329896,0.664803179,1.0,1,0.466,0.03055537341813652,2142.5,43.99999999999636,-44.00000000000546,BREAK,0.152978043,0.049793591,False,False,,6.499999999996362,6.999999999998181,28.00000000000182,28.500000000003638,30.999999999994543,31.499999999996362,16.99999999999818,17.5,5.999999999994543,6.499999999996362
2026-03-19,CONTROL,BID,2026-03-19 14:00:33.094360036,1773928833094360036,2139.05,2138.7,32.571,6.179282868525896,0.814966462,1.0,3,1.4020000000000001,0.04304442602314944,2138.7999999999997,78.00000000000182,-1.999999999998181,BOUNCE,1.531204793,4.080613878,False,False,0.051005004,-1.000000000003638,1.5000000000009095,3.000000000001819,5.5000000000063665,10.999999999994543,13.49999999999909,43.00000000000182,45.50000000000637,-1.000000000003638,1.5000000000009095
2026-03-19,CONTROL,BID,2026-03-19 14:01:32.687772791,1773928892687772791,2138.95,2138.8,12.151,2.586970406642538,1.845590272,0.8866592931413111,1,0.467,0.03843305077771377,2138.9,13.000000000001819,-23.00000000000182,BOUNCE,0.969826983,0.255734441,False,False,,1.999999999998181,2.4999999999954525,5.0,5.4999999999972715,4.000000000005457,4.5000000000027285,-15.0,-14.500000000002728,-1.999999999998181,-1.5000000000009095
2026-03-19,CONTROL,ASK,2026-03-19 14:02:03.144740383,1773928923144740383,2137.25,2137.6,124.953,29.807490458015266,1.325492544,0.9585592629331304,3,29.443,0.23563259785679416,2137.5,6.000000000003638,-33.00000000000182,BOUNCE,2.598510879,0.203124555,False,True,6.226675601,-0.0,2.5,3.999999999996362,6.499999999996362,-6.999999999998181,-4.499999999998181,-11.999999999998181,-9.499999999998181,-33.00000000000182,-30.50000000000182
2026-03-19,CONTROL,ASK,2026-03-19 14:05:31.312634843,1773929131312634843,2137.1499999999996,2137.4,25.72,6.754201680672268,0.549652581,0.8668726436854483,2,2.311,0.08985225505443235,2137.3,30.0,-10.0,BOUNCE,0.372073738,2.360457787,False,True,46.939726942,2.999999999992724,4.499999999998181,7.999999999992724,9.499999999998181,13.999999999996362,15.500000000001819,18.999999999996362,20.50000000000182,7.999999999992724,9.499999999998181
2026-03-19,CONTROL,ASK,2026-03-19 14:05:47.701906595,1773929147701906595,2134.8500000000004,2135.2,99.579,12.9382186708244,0.505383185,1.0,3,23.01,0.23107281655770798,2135.1,7.000000000007276,-32.999999999992724,BOUNCE,2.145924713,1.382663127,False,True,7.551722613,-0.0,2.4999999999954525,-0.0,2.4999999999954525,-1.999999999998181,0.4999999999972715,-17.999999999992724,-15.499999999997272,-21.99999999999818,-19.50000000000273
2026-03-19,CONTROL,BID,2026-03-19 14:08:25.476915193,1773929305476915193,2133.3500000000004,2133.2,35.834,8.607734806629834,0.524384874,1.0,1,2.343,0.06538483004967349,2133.2999999999997,6.999999999998181,-41.00000000000364,BOUNCE,0.803667118,1.926143688,False,False,,1.999999999998181,2.5000000000045475,0.999999999994543,1.5000000000009095,2.999999999992724,3.4999999999990905,-14.000000000005457,-13.49999999999909,-37.000000000007276,-36.50000000000091
2026-03-19,CONTROL,ASK,2026-03-19 14:10:36.435591513,1773929436435591513,2125.95,2126.3,33.907,8.395939086294415,0.562433019,1.0,3,1.41,0.04158433361842687,2126.2000000000003,-0.0,-63.00000000000182,BREAK,4.799105587,0.802419248,False,True,3.266897404,-0.0,2.5000000000045475,-9.000000000005457,-6.5000000000009095,-23.00000000000182,-20.49999999999727,-29.000000000005457,-26.50000000000091,-63.00000000000182,-60.49999999999727
2026-03-19,CONTROL,ASK,2026-03-19 14:11:02.511576873,1773929462511576873,2128.05,2128.2,25.137,2.983620178041543,0.560706154,1.0,1,0.939,0.037355292994390735,2128.1,1.000000000003638,-55.99999999999454,BREAK,1.070965565,0.254386722,False,False,,-0.999999999994543,-0.4999999999972715,-18.999999999996362,-18.49999999999909,-31.99999999999818,-31.50000000000091,-23.999999999996362,-23.49999999999909,-53.00000000000182,-52.50000000000455
2026-03-19,CONTROL,ASK,2026-03-19 14:11:15.264055341,1773929475264055341,2130.45,2130.7,35.755,5.166534209955928,0.766234864,1.0,2,5.792,0.1619913298839323,2130.6,8.999999999996362,-39.00000000000546,BREAK,0.862154693,0.094438349,False,False,0.562311459,-4.000000000005457,-2.5000000000045475,8.999999999996362,10.499999999997272,6.999999999998181,8.49999999999909,-15.0,-13.49999999999909,-31.000000000003638,-29.50000000000273
2026-03-19,CONTROL,BID,2026-03-19 14:12:17.562454007,1773929537562454007,2133.05,2132.7,51.042,6.6892077845488505,1.735927011,1.0,3,10.566,0.2070059950628894,2132.7999999999997,13.000000000001819,-21.000000000003638,BREAK,0.095527892,0.051151465,False,False,0.051151465,-4.000000000005457,-1.5000000000009095,-5.0,-2.4999999999954525,-5.0,-2.4999999999954525,11.999999999998181,14.500000000002728,-16.99999999999818,-14.499999999993634
2026-03-19,CONTROL,ASK,2026-03-19 14:12:46.236307675,1773929566236307675,2133.6499999999996,2134.0,35.936,7.489787411421426,1.117930729,1.0,3,4.548,0.12655832591273375,2133.9,40.99999999999454,-7.000000000007276,BREAK,0.820195885,0.106001264,False,False,0.106001264,-6.000000000003638,-3.4999999999990905,-1.000000000003638,1.5000000000009095,-4.000000000005457,-1.5000000000009095,25.0,27.500000000004547,40.99999999999454,43.49999999999909
2026-03-19,CONTROL,BID,2026-03-19 14:13:30.834469517,1773929610834469517,2131.6499999999996,2131.4,26.636,3.2401922024207774,1.019112671,0.9958300763782771,2,1.055,0.03960804925664514,2131.5,0.0,-36.99999999999818,BREAK,0.305812999,0.102930676,False,False,0.305812999,-3.999999999996362,-2.5,-3.999999999996362,-2.5,-5.0,-3.500000000003638,-12.999999999992724,-11.499999999996362,-26.99999999999818,-25.50000000000182
2026-03-19,CONTROL,ASK,2026-03-19 14:17:04.781637997,1773929824781637997,2125.25,2125.5,139.75,20.551470588235293,1.172903269,1.0,2,33.146,0.23718067978533094,2125.4,10.0,-13.000000000001819,BOUNCE,0.154117785,0.102757613,False,True,37.758832278,6.999999999998181,8.49999999999909,8.000000000001819,9.500000000002728,3.000000000001819,4.5000000000027285,3.000000000001819,4.5000000000027285,-5.0,-3.4999999999990905
2026-03-19,CONTROL,BID,2026-03-19 14:17:27.438539428,1773929847438539428,2125.05,2124.9,34.569,5.0034737299174985,0.976338802,1.0,1,6.791,0.196447684341462,2125.0,15.0,-4.000000000005457,BREAK,0.907832208,0.459815786,False,False,,-3.000000000001819,-2.5,0.999999999994543,1.499999999996362,-1.999999999998181,-1.499999999996362,8.999999999996362,9.499999999998181,8.999999999996362,9.499999999998181
2026-03-19,CONTROL,ASK,2026-03-19 14:20:43.069310247,1773930043069310247,2125.25,2125.6,63.294,6.502028866402999,1.530779463,1.0,3,9.886999999999999,0.15620753941921825,2125.5,58.00000000000182,-0.0,BOUNCE,0.970303939,0.762879453,False,True,,3.000000000001819,5.500000000001819,8.000000000001819,10.500000000001819,20.0,22.5,28.00000000000182,30.50000000000182,56.00000000000364,58.50000000000364
2026-03-19,CONTROL,ASK,2026-03-19 14:22:20.034061418,1773930140034061418,2120.3500000000004,2120.5,36.07,4.106095964482895,1.381597572,1.0,1,4.507,0.12495148322705849,2120.4,28.00000000000182,-5.0,BREAK,0.861512447,0.861512447,False,False,,-1.999999999998181,-1.5000000000009095,-0.0,0.4999999999972715,17.000000000007276,17.500000000004547,27.000000000007276,27.500000000004547,8.000000000001819,8.49999999999909
2026-03-19,CONTROL,BID,2026-03-19 14:25:54.969344716,1773930354969344716,2122.1499999999996,2121.8,36.962,3.6674108250235653,1.022448721,1.0,3,5.229,0.14146961744494344,2121.9,3.000000000001819,-22.999999999992724,BREAK,0.306965972,0.044107336,False,False,0.306965972,-3.999999999996362,-1.5000000000009095,0.0,2.4999999999954525,-11.999999999998181,-9.500000000002728,-12.999999999992724,-10.499999999997272,-21.99999999999818,-19.50000000000273
2026-03-19,CONTROL,BID,2026-03-19 14:26:05.684579888,1773930365684579888,2120.95,2120.8,24.592,3.5465820594173634,0.71349692,1.0,1,0.942,0.03830513988288874,2120.9,15.0,-13.999999999996362,BREAK,0.104151211,0.055358579,False,False,,1.999999999998181,2.4999999999954525,8.000000000001819,8.49999999999909,10.0,10.499999999997272,-5.0,-4.5000000000027285,-13.999999999996362,-13.49999999999909
2026-03-19,CONTROL,ASK,2026-03-19 14:29:18.449008142,1773930558449008142,2113.45,2113.6,36.138,3.570243034973325,0.90974127,1.0,1,8.075,0.2234490010515247,2113.5,55.0,-1.000000000003638,BOUNCE,0.589045532,6.203431265,False,False,,10.0,10.500000000001819,10.0,10.500000000001819,15.999999999994543,16.499999999996362,33.99999999999636,34.49999999999818,55.0,55.50000000000182
2026-03-19,CONTROL,BID,2026-03-19 14:30:37.512472563,1773930637512472563,2108.55,2108.3,35.714,6.670526709002615,0.613013577,1.0,2,8.473,0.23724589796718376,2108.4,30.999999999994543,-1.999999999998181,BOUNCE,5.561124152,0.357609769,False,True,1.785802544,0.0,1.5000000000009095,0.0,1.5000000000009095,10.0,11.50000000000091,20.0,21.50000000000091,15.999999999994543,17.499999999995453
2026-03-19,CONTROL,ASK,2026-03-19 14:33:23.744451314,1773930803744451314,2109.75,2110.0,16.701,2.287494863717299,0.701415999,0.9329186672857743,2,0.474,0.02838153403987785,2109.9,3.000000000001819,-28.999999999996362,BREAK,0.064174278,2.820199485,False,False,0.064174278,3.000000000001819,4.5000000000027285,-3.000000000001819,-1.5000000000009095,-1.999999999998181,-0.4999999999972715,-23.00000000000182,-21.50000000000091,-6.000000000003638,-4.5000000000027285
2026-03-19,CONTROL,ASK,2026-03-19 14:33:28.339583486,1773930808339583486,2109.8500000000004,2110.2,10.321,2.4033065548957975,0.500022974,1.0,3,0.598,0.05794012208119368,2110.1,-0.0,-27.999999999992724,BREAK,7.661134217,0.059497222,False,False,0.059497222,-1.999999999998181,0.4999999999972715,-0.999999999994543,1.5000000000009095,-6.999999999998181,-4.5000000000027285,-21.99999999999818,-19.50000000000273,-7.999999999992724,-5.4999999999972715
2026-03-19,CONTROL,BID,2026-03-19 14:35:09.234601236,1773930909234601236,2113.3,2112.9,78.179,9.374542838299657,0.832779182,1.0,3,1.8439999999999999,0.0235868967369754,2113.0,24.49999999999818,-9.499999999998181,BREAK,4.182801821,0.039411889,False,True,0.755960224,-2.5,0.500000000001819,-7.5,-4.499999999998181,1.499999999996362,4.499999999998181,12.5,15.500000000001819,-1.500000000005457,1.499999999996362
2026-03-19,CONTROL,ASK,2026-03-19 14:36:07.752354384,1773930967752354384,2112.75,2112.9,33.742,4.619976723488739,1.216845063,1.0,1,1.428,0.04232114278940193,2112.8,28.00000000000182,-8.999999999996362,BREAK,0.108887404,0.055462173,False,False,,-3.999999999996362,-3.499999999994543,-5.0,-4.499999999998181,-6.999999999998181,-6.499999999996362,3.999999999996362,4.499999999998181,28.00000000000182,28.500000000003638
2026-03-19,CONTROL,BID,2026-03-19 14:36:40.311965667,1773931000311965667,2112.3500000000004,2112.2,36.038,4.653967843998192,1.611038845,1.0,1,2.09,0.05799433930850769,2112.2999999999997,1.999999999998181,-82.00000000000728,BREAK,0.053095941,0.053095941,False,False,,-1.000000000003638,-0.4999999999972715,1.999999999998181,2.5000000000045475,-9.000000000005457,-8.49999999999909,-31.000000000003638,-30.49999999999727,-73.00000000000182,-72.49999999999545
2026-03-19,CONTROL,ASK,2026-03-19 14:37:40.012661264,1773931060012661264,2105.05,2105.4,73.735,7.102538168858065,1.376135065,1.0,3,16.927,0.22956533532243845,2105.3,31.000000000003638,-0.999999999994543,BOUNCE,1.225886156,1.272703931,False,True,,1.000000000003638,3.500000000003638,16.99999999999818,19.49999999999818,21.99999999999818,24.49999999999818,28.00000000000182,30.50000000000182,-0.0,2.5
2026-03-19,CONTROL,ASK,2026-03-19 14:40:15.221298229,1773931215221298229,2107.95,2108.2,26.902,2.282054544683378,0.500335871,1.0,2,2.983,0.11088394914876218,2108.1,-0.0,-75.0,BREAK,0.675914012,0.615173479,False,False,0.675914012,-3.000000000001819,-1.5000000000009095,-5.0,-3.4999999999990905,-6.000000000003638,-4.5000000000027285,-41.00000000000364,-39.50000000000273,-61.00000000000364,-59.50000000000273
2026-03-19,CONTROL,ASK,2026-03-19 14:40:40.187741239,1773931240187741239,2110.25,2110.6,24.429,5.224337040205303,0.614562377,1.0,3,4.163,0.1704122149903803,2110.5,-1.000000000003638,-51.99999999999818,BREAK,1.428929553,0.350984578,False,False,0.558809123,-1.999999999998181,0.500000000001819,-18.00000000000182,-15.500000000001819,-18.999999999996362,-16.499999999996362,-36.99999999999818,-34.49999999999818,-30.0,-27.5
2026-03-19,CONTROL,BID,2026-03-19 14:41:04.413716821,1773931264413716821,2115.05,2114.7,72.583,8.97415924826904,1.270152405,1.0,3,11.292,0.1555736191670226,2114.7999999999997,-1.000000000003638,-28.00000000000182,BREAK,0.155209374,0.056127487,False,False,0.056127487,-9.000000000005457,-6.5000000000009095,-9.000000000005457,-6.5000000000009095,-10.0,-7.4999999999954525,-21.000000000003638,-18.49999999999909,-28.00000000000182,-25.49999999999727
2026-03-19,CONTROL,ASK,2026-03-19 14:45:02.444559102,1773931502444559102,2114.45,2114.6,24.131,2.8608180201541202,0.716235116,1.0,1,0.839,0.03476855497078447,2114.5,18.999999999996362,-1.999999999998181,BOUNCE,1.622506776,4.026256074,False,False,,-0.0,0.500000000001819,3.999999999996362,4.499999999998181,3.000000000001819,3.500000000003638,10.999999999994543,11.499999999996362,15.999999999994543,16.499999999996362
2026-03-19,CONTROL,ASK,2026-03-19 14:47:33.955428054,1773931653955428054,2112.05,2112.4,14.003,2.0788301662707838,1.280560218,1.0,3,1.8119999999999998,0.1294008426765693,2112.3,3.000000000001819,-30.0,BREAK,1.277308995,1.175166676,False,False,1.175166676,-0.999999999994543,1.500000000005457,-0.999999999994543,1.500000000005457,3.000000000001819,5.500000000001819,-15.999999999994543,-13.499999999994543,1.999999999998181,4.499999999998181
2026-03-19,CONTROL,ASK,2026-03-19 14:47:56.971268467,1773931676971268467,2112.3500000000004,2112.6,44.328,10.983151635282459,1.173816708,1.0,2,9.111,0.20553600433134814,2112.5,5.0,-26.99999999999818,BREAK,0.969412101,0.708789354,False,False,0.761593324,-2.999999999992724,-1.499999999996362,-11.999999999998181,-10.500000000001819,-12.999999999992724,-11.499999999996362,-6.999999999998181,-5.500000000001819,-1.999999999998181,-0.500000000001819
2026-03-19,CONTROL,BID,2026-03-19 14:50:36.945605935,1773931836945605935,2117.95,2117.6,10.3,2.204859252916622,1.533258731,0.9936140673442544,3,1.791,0.17388349514563106,2117.7,24.000000000005457,-18.00000000000182,BREAK,1.275907708,1.275907708,False,False,0.050147794,-3.000000000001819,-0.500000000001819,-10.999999999994543,-8.499999999994543,-10.0,-7.5,-5.999999999994543,-3.499999999994543,20.0,22.5
2026-03-19,CONTROL,BID,2026-03-19 14:50:51.535378892,1773931851535378892,2117.6499999999996,2117.5,26.028,6.640642939150402,0.55787353,1.0,1,0.955,0.03669125557092362,2117.6,28.00000000000182,-2.999999999992724,BOUNCE,5.514505994,3.107938869,False,False,,0.0,0.4999999999972715,1.000000000003638,1.5000000000009095,2.000000000007276,2.5000000000045475,26.000000000003638,26.50000000000091,28.00000000000182,28.49999999999909
2026-03-19,CONTROL,ASK,2026-03-19 14:52:15.940122869,1773931935940122869,2125.75,2126.1,35.484,14.80041710114703,1.173147257,1.0,3,1.236,0.034832600608725055,2126.0,6.000000000003638,-36.00000000000364,BREAK,0.306986177,0.049819698,False,False,0.049819698,-3.999999999996362,-1.499999999996362,-0.0,2.5,-13.999999999996362,-11.499999999996362,-21.000000000003638,-18.500000000003638,-26.99999999999818,-24.49999999999818
2026-03-19,CONTROL,ASK,2026-03-19 14:55:36.768368394,1773932136768368394,2122.45,2122.7,36.744,5.256276375080466,0.508923917,1.0,2,8.55,0.2326910516002613,2122.6,26.99999999999818,-0.0,BOUNCE,1.019091253,0.558492154,False,True,,1.999999999998181,3.4999999999990905,16.99999999999818,18.49999999999909,20.999999999994543,22.499999999995453,20.999999999994543,22.499999999995453,15.0,16.50000000000091
2026-03-19,CONTROL,ASK,2026-03-19 14:58:11.153790040,1773932291153790040,2123.3500000000004,2123.7,12.824,2.60518029456577,0.915163989,1.0,3,0.824,0.06425452276980662,2123.6,-0.0,-36.99999999999818,BREAK,3.676828595,0.100004317,False,True,3.676828595,-0.0,2.4999999999954525,-6.999999999998181,-4.5000000000027285,-13.999999999996362,-11.50000000000091,-35.0,-32.50000000000455,-20.0,-17.500000000004547
2026-03-19,CONTROL,BID,2026-03-19 14:58:42.226935556,1773932322226935556,2126.55,2126.3,10.793,2.28471634208298,1.634969356,0.9192628036020511,2,1.381,0.12795330306680255,2126.4,1.999999999998181,-28.00000000000182,BREAK,0.663136546,0.558131459,False,False,0.097306364,-5.0,-3.4999999999990905,-8.000000000001819,-6.5000000000009095,0.999999999994543,2.4999999999954525,-11.999999999998181,-10.499999999997272,-28.00000000000182,-26.50000000000091
2026-03-19,CONTROL,BID,2026-03-19 14:59:06.923384048,1773932346923384048,2125.6499999999996,2125.3,41.486,5.0762924441725294,0.522692973,1.0,3,1.331,0.032083112375259126,2125.4,0.0,-52.999999999992724,BREAK,8.936239998,1.229589912,False,True,2.299599154,0.0,2.4999999999954525,-2.999999999992724,-0.4999999999972715,-5.0,-2.5000000000045475,-15.0,-12.500000000004547,-40.99999999999454,-38.49999999999909
2026-03-19,CONTROL,ASK,2026-03-19 15:00:41.222814828,1773932441222814828,2121.45,2121.6,13.374,2.262561326340721,1.696013136,0.8611733547327902,1,1.997,0.1493195752953492,2121.5,11.999999999998181,-11.000000000003638,BOUNCE,0.357869183,3.879389226,False,False,,-0.0,0.500000000001819,-3.000000000001819,-2.5,11.999999999998181,12.5,-4.000000000005457,-3.500000000003638,-8.000000000001819,-7.5
2026-03-19,CONTROL,BID,2026-03-19 15:02:08.171149147,1773932528171149147,2122.05,2121.9,36.786,3.4450271586439407,1.259436564,1.0,1,9.131,0.24821943130538793,2122.0,63.99999999999636,-1.999999999998181,BREAK,1.90707221,1.805415884,False,False,,0.0,0.500000000001819,10.999999999994543,11.499999999996362,15.999999999994543,16.499999999996362,11.999999999998181,12.5,63.99999999999636,64.49999999999818
2026-03-19,CONTROL,ASK,2026-03-19 15:04:28.935659040,1773932668935659040,2129.55,2129.8,47.47,6.074604901145307,0.561083116,1.0,2,11.754999999999999,0.24763008215715188,2129.7000000000003,1.999999999998181,-50.0,BOUNCE,0.662608655,1.579337045,False,True,2.805030528,1.999999999998181,3.4999999999990905,-1.999999999998181,-0.4999999999972715,-8.000000000001819,-6.5000000000009095,-5.999999999994543,-4.4999999999936335,-43.99999999999636,-42.49999999999545
2026-03-19,CONTROL,ASK,2026-03-19 15:09:14.333674700,1773932954333674700,2125.3500000000004,2125.7,100.794,11.858815224424967,1.481083303,0.8893114076244502,3,20.35,0.20189693830982006,2125.6,-0.0,-40.99999999999454,BREAK,1.884405432,1.325650233,False,False,1.478219399,-0.0,2.4999999999954525,-15.0,-12.500000000004547,-22.999999999992724,-20.49999999999727,-32.999999999992724,-30.49999999999727,-21.99999999999818,-19.50000000000273
2026-03-19,CONTROL,BID,2026-03-19 15:14:49.335481455,1773933289335481455,2128.8500000000004,2128.6,24.086,2.4290036304961675,0.76514417,1.0,2,3.429,0.14236485925433862,2128.7,13.999999999996362,-9.000000000005457,BREAK,0.566194616,0.310779344,False,False,0.444648074,-4.000000000005457,-2.5,-4.000000000005457,-2.5,-6.000000000003638,-4.499999999998181,-5.0,-3.499999999994543,12.999999999992724,14.499999999998181
2026-03-19,CONTROL,BID,2026-03-19 15:16:29.192959680,1773933389192959680,2130.1499999999996,2130.0,36.151,3.02632790590599,0.705449073,1.0,1,8.761,0.24234461010760416,2130.1,50.0,-2.999999999992724,BREAK,1.130462657,0.666099415,False,False,,-0.999999999994543,-0.4999999999972715,13.000000000001819,13.49999999999909,14.000000000005457,14.500000000002728,47.000000000007276,47.50000000000455,37.000000000007276,37.50000000000455
2026-03-19,CONTROL,BID,2026-03-19 15:17:24.150966334,1773933444150966334,2134.45,2134.1,14.385,2.6693264056411206,1.424529527,0.909310380338645,3,1.943,0.13507125477928397,2134.2,-0.999999999994543,-81.99999999999818,BREAK,2.144514589,2.042197644,False,False,1.114584447,-1.999999999998181,0.500000000001819,-5.999999999994543,-3.499999999994543,-10.0,-7.5,-65.0,-62.5,-68.99999999999636,-66.49999999999636
2026-03-19,CONTROL,ASK,2026-03-19 15:18:55.589629454,1773933535589629454,2122.8,2123.0,61.031,6.227017651260075,0.715952871,1.0,1,9.393,0.15390539234159692,2122.9,62.5,-1.499999999996362,BOUNCE,3.571527477,0.152755283,False,False,,-0.500000000001819,0.4999999999972715,8.500000000003638,9.500000000002728,28.500000000003638,29.50000000000273,33.50000000000364,34.50000000000273,60.50000000000182,61.50000000000091
2026-03-19,CONTROL,ASK,2026-03-19 15:21:47.896942012,1773933707896942012,2118.05,2118.3,25.8,2.455155350430604,0.514328377,1.0,2,5.31,0.20581395348837206,2118.2000000000003,31.99999999999818,-1.999999999998181,BOUNCE,4.185436281,0.045536512,False,False,0.045536512,-0.999999999994543,0.5000000000063665,3.000000000001819,4.5000000000027285,18.00000000000182,19.50000000000273,11.999999999998181,13.49999999999909,8.000000000001819,9.500000000002728
2026-03-19,CONTROL,ASK,2026-03-19 15:22:08.612520534,1773933728612520534,2115.8500000000004,2116.2,38.427,7.186646717785675,0.970307891,1.0,3,8.149,0.2120644338616077,2116.1,-0.0,-18.999999999996362,BREAK,2.596485943,0.600127304,False,False,1.016281105,-1.999999999998181,0.4999999999972715,-7.999999999992724,-5.4999999999972715,-10.0,-7.5000000000045475,-10.999999999994543,-8.49999999999909,-0.999999999994543,1.5000000000009095
2026-03-19,CONTROL,ASK,2026-03-19 15:24:42.588131805,1773933882588131805,2113.45,2113.6,34.138,3.8404769940375747,0.902007167,1.0,1,0.473,0.013855527564590778,2113.5,30.0,-11.999999999998181,BOUNCE,4.394666474,0.049219474,False,False,,-0.0,0.500000000001819,15.999999999994543,16.499999999996362,18.00000000000182,18.500000000003638,-8.000000000001819,-7.5,-0.0,0.500000000001819
2026-03-19,CONTROL,BID,2026-03-19 15:25:59.806492636,1773933959806492636,2115.25,2115.1,49.892,6.599470899470901,0.614614997,1.0,1,7.491,0.15014431171330073,2115.2,11.000000000003638,-13.000000000001819,BOUNCE,0.102226277,0.863474558,False,False,,3.000000000001819,3.500000000003638,6.999999999998181,7.5,3.000000000001819,3.500000000003638,8.999999999996362,9.499999999998181,-11.000000000003638,-10.500000000001819
2026-03-19,CONTROL,BID,2026-03-19 15:26:46.194614085,1773934006194614085,2114.25,2113.9,47.8,10.814479638009049,1.53573415,1.0,3,11.892,0.24878661087866108,2114.0,6.000000000003638,-11.999999999998181,BOUNCE,7.49502674,0.557151805,False,False,0.051140938,-1.000000000003638,1.499999999996362,-3.000000000001819,-0.500000000001819,6.000000000003638,8.500000000003638,-10.0,-7.5,-1.000000000003638,1.499999999996362
2026-03-19,CONTROL,ASK,2026-03-19 15:31:41.091300217,1773934301091300217,2114.25,2114.6,46.366,5.359301855169623,0.869026521,1.0,3,8.674,0.18707673726437474,2114.5,18.00000000000182,-6.000000000003638,BREAK,6.839319425,4.075923357,False,False,0.563005312,-3.000000000001819,-0.500000000001819,-1.000000000003638,1.499999999996362,11.000000000003638,13.500000000003638,18.00000000000182,20.50000000000182,3.000000000001819,5.500000000001819
2026-03-19,CONTROL,ASK,2026-03-19 15:33:02.695574957,1773934382695574957,2113.8500000000004,2114.0,86.896,22.506086506086508,0.723140623,1.0,1,1.0,0.011508009574663965,2113.9,23.00000000000182,-3.999999999996362,BOUNCE,0.099752587,0.443593326,False,False,,12.000000000007276,12.500000000004547,13.000000000001819,13.49999999999909,23.00000000000182,23.49999999999909,-0.0,0.4999999999972715,3.000000000001819,3.4999999999990905
2026-03-19,CONTROL,ASK,2026-03-19 15:33:16.480318593,1773934396480318593,2113.55,2113.8,40.665,5.6178766318988735,1.020214591,0.9463522434565925,2,0.993,0.024419033566949466,2113.7000000000003,8.000000000001819,-16.99999999999818,BREAK,0.407998938,0.307071027,False,False,0.355934593,-3.000000000001819,-1.5000000000009095,8.000000000001819,9.500000000002728,8.000000000001819,9.500000000002728,-5.999999999994543,-4.4999999999936335,-16.99999999999818,-15.499999999997272
2026-03-19,CONTROL,BID,2026-03-19 15:34:16.457081668,1773934456457081668,2115.25,2115.0,36.786,4.824393442622951,0.612219076,1.0,2,4.137,0.11246126243679659,2115.1,1.999999999998181,-38.99999999999636,BOUNCE,3.827785679,4.184896026,False,False,3.319020858,0.0,1.5000000000009095,-13.999999999996362,-12.499999999995453,-13.999999999996362,-12.499999999995453,-18.00000000000182,-16.50000000000091,-8.000000000001819,-6.5000000000009095
2026-03-19,CONTROL,BID,2026-03-19 15:39:44.729862943,1773934784729862943,2113.6499999999996,2113.5,11.02,2.574465599813106,1.277355947,0.9745313825199579,1,1.203,0.1091651542649728,2113.6,9.000000000005457,-10.999999999994543,BREAK,0.051277432,0.051277432,False,False,,-10.0,-9.500000000002728,-10.0,-9.500000000002728,-0.999999999994543,-0.4999999999972715,-3.999999999996362,-3.4999999999990905,9.000000000005457,9.500000000002728
2026-03-19,CONTROL,ASK,2026-03-19 15:40:17.936298764,1773934817936298764,2112.55,2112.9,32.236,3.285699724798695,0.657023598,1.0,3,0.993,0.03080406998386897,2112.8,-0.0,-25.999999999994543,BREAK,1.078917192,0.210213114,False,True,1.078917192,-0.0,2.5,-10.0,-7.5,-11.999999999998181,-9.499999999998181,-13.000000000001819,-10.500000000001819,-5.0,-2.5
2026-03-19,CONTROL,ASK,2026-03-19 15:41:28.508475917,1773934888508475917,2111.3500000000004,2111.6,11.104,2.669230769230769,0.76476672,0.7190140203799663,2,0.993,0.08942723342939482,2111.5,25.0,-15.999999999994543,BREAK,0.151820022,0.10220768,False,False,0.050166095,-11.999999999998181,-10.500000000001819,-15.999999999994543,-14.499999999998181,-5.999999999994543,-4.499999999998181,23.00000000000182,24.49999999999818,5.0,6.499999999996362
2026-03-19,CONTROL,ASK,2026-03-19 15:47:08.096589694,1773935228096589694,2104.75,2104.9,11.05,2.9478458049886624,1.023461451,0.7663361665782955,1,0.95,0.08597285067873302,2104.8,8.999999999996362,-28.999999999996362,BOUNCE,0.50806924,0.100347685,False,False,,3.000000000001819,3.500000000003638,1.000000000003638,1.500000000005457,3.999999999996362,4.499999999998181,-8.999999999996362,-8.499999999994543,-18.00000000000182,-17.5
2026-03-19,CONTROL,ASK,2026-03-19 15:47:56.690683741,1773935276690683741,2106.1499999999996,2106.5,48.7,14.66425775368865,1.344684286,0.9156376138391195,3,1.511,0.031026694045174535,2106.4,7.999999999992724,-61.00000000000364,BREAK,0.051039369,0.051039369,False,False,0.051039369,-1.000000000003638,1.5000000000009095,-15.0,-12.499999999995453,-12.000000000007276,-9.500000000002728,-16.000000000003638,-13.49999999999909,-60.0,-57.49999999999545
2026-03-19,CONTROL,BID,2026-03-19 15:48:09.703698205,1773935289703698205,2106.8999999999996,2106.4,48.658,11.340869362545158,1.072277465,1.0,3,6.548,0.13457191006617616,2106.5,53.50000000000364,-15.499999999992724,BREAK,0.051078178,0.051078178,False,False,0.051078178,-11.499999999996362,-7.5,-15.499999999992724,-11.499999999996362,-12.5,-8.500000000003638,44.500000000007276,48.50000000000364,53.50000000000364,57.5
2026-03-19,CONTROL,ASK,2026-03-19 15:50:34.247989561,1773935434247989561,2117.25,2117.5,25.661,2.4405344999762235,0.765653492,1.0,2,4.9719999999999995,0.19375706324772998,2117.4,30.0,-8.999999999996362,BOUNCE,3.880331861,0.968137178,False,False,0.151992499,1.000000000003638,2.5000000000045475,3.000000000001819,4.5000000000027285,23.00000000000182,24.50000000000273,-8.999999999996362,-7.4999999999954525,-8.000000000001819,-6.5000000000009095
2026-03-19,CONTROL,BID,2026-03-19 15:57:41.662007712,1773935861662007712,2123.25,2123.1,37.047,4.8181818181818175,1.323472191,0.8565121161658016,1,4.161,0.112316786784355,2123.2,0.0,-38.99999999999636,BREAK,0.309449451,0.25441694,False,False,,-3.999999999996362,-3.499999999994543,-13.999999999996362,-13.499999999994543,-20.0,-19.49999999999818,-26.99999999999818,-26.499999999996362,-33.99999999999636,-33.49999999999454
2026-03-19,CONTROL,BID,2026-03-19 15:58:05.842019487,1773935885842019487,2121.45,2121.1,37.079,6.21453113215453,1.00375425,1.0,3,1.787,0.04819439574961568,2121.2,-1.999999999998181,-20.999999999994543,BREAK,0.778759771,0.064289752,False,False,0.064289752,-5.999999999994543,-3.499999999994543,-5.999999999994543,-3.499999999994543,-11.999999999998181,-9.499999999998181,-16.99999999999818,-14.499999999998181,-10.0,-7.5
2026-03-19,CONTROL,ASK,2026-03-19 15:59:56.804549391,1773935996804549391,2118.45,2118.6,41.201,4.526338917879704,0.768663009,1.0,1,0.519,0.0125967816315138,2118.5,21.99999999999818,-6.999999999998181,BREAK,3.32415063,0.055880997,False,False,,-1.000000000003638,-0.500000000001819,-6.999999999998181,-6.499999999996362,-3.000000000001819,-2.5,8.000000000001819,8.500000000003638,13.000000000001819,13.500000000003638
2026-03-19,CONTROL,BID,2026-03-19 16:00:02.474585073,1773936002474585073,2119.1499999999996,2118.9,10.171,3.518159806295399,1.174457394,1.0,2,0.943,0.09271458067053387,2119.0,-1.999999999998181,-28.999999999996362,BREAK,0.304521848,0.252244332,False,False,0.042241691,-6.999999999998181,-5.500000000001819,-7.999999999992724,-6.499999999996362,-10.0,-8.500000000003638,-10.0,-8.500000000003638,-26.99999999999818,-25.50000000000182
2026-03-19,CONTROL,ASK,2026-03-19 16:00:33.342001743,1773936033342001743,2118.1499999999996,2118.5,26.972,2.7860758186137793,0.719372737,1.0,3,0.672,0.024914726382915618,2118.4,20.999999999994543,-2.000000000007276,BOUNCE,0.713720045,1.565181247,False,True,4.949360192,7.999999999992724,10.499999999997272,-2.000000000007276,0.4999999999972715,0.999999999994543,3.4999999999990905,16.99999999999818,19.50000000000273,5.999999999994543,8.49999999999909
2026-03-19,CONTROL,ASK,2026-03-19 16:02:26.625427090,1773936146625427090,2118.3500000000004,2118.6,44.403,4.0511837963596555,0.798863578,1.0,2,3.351,0.07546787379231133,2118.5,11.000000000003638,-35.99999999999454,BOUNCE,3.521296692,1.530223891,False,False,0.05106163,-0.0,1.499999999996362,6.000000000003638,7.5,-1.999999999998181,-0.500000000001819,-5.0,-3.500000000003638,-10.999999999994543,-9.499999999998181
2026-03-19,CONTROL,ASK,2026-03-19 16:06:50.950384940,1773936410950384940,2115.75,2116.1,79.997,7.273446379051689,0.769291922,1.0,3,17.674,0.22093328499818743,2116.0,15.0,-1.000000000003638,BOUNCE,0.559957024,6.734697971,False,True,,1.999999999998181,4.499999999998181,1.999999999998181,4.499999999998181,5.0,7.5,3.999999999996362,6.499999999996362,11.999999999998181,14.499999999998181
2026-03-19,CONTROL,ASK,2026-03-19 16:09:04.412674285,1773936544412674285,2119.05,2119.2,111.334,11.80949350304959,0.765241478,1.0,1,23.593,0.2119119047191334,2119.1,31.000000000003638,-0.0,BOUNCE,0.050478517,0.101448707,False,False,,13.000000000001819,13.49999999999909,16.000000000003638,16.50000000000091,21.000000000003638,21.50000000000091,21.99999999999818,22.499999999995453,-0.0,0.4999999999972715
2026-03-19,CONTROL,BID,2026-03-19 16:15:14.977538189,1773936914977538189,2115.45,2115.3,10.42,3.232511245540562,0.868670905,1.0,1,0.472,0.04529750479846449,2115.4,16.000000000003638,-18.999999999996362,BOUNCE,1.480247939,6.581994774,False,False,,0.0,0.4999999999972715,11.999999999998181,12.499999999995453,3.000000000001819,3.4999999999990905,1.999999999998181,2.4999999999954525,-10.999999999994543,-10.499999999997272
2026-03-19,CONTROL,ASK,2026-03-19 16:15:31.914761344,1773936931914761344,2114.05,2114.4,45.715,7.450900497107001,1.379315957,1.0,3,8.828,0.19310948266433334,2114.3,30.0,-18.999999999996362,BREAK,0.714504445,0.035800867,False,False,0.350211244,-5.0,-2.5,-1.999999999998181,0.500000000001819,4.000000000005457,6.500000000005457,-3.000000000001819,-0.500000000001819,16.99999999999818,19.49999999999818
2026-03-19,CONTROL,ASK,2026-03-19 16:15:44.261963641,1773936944261963641,2114.95,2115.2,24.247,2.1952919873245813,0.514222955,0.8962523639186819,2,3.098,0.1277683837175733,2115.1,48.99999999999636,-10.0,BREAK,0.561685883,0.048287595,False,False,0.152417967,-6.999999999998181,-5.4999999999972715,-8.000000000001819,-6.5000000000009095,1.999999999998181,3.4999999999990905,5.999999999994543,7.4999999999954525,48.99999999999636,50.49999999999727
2026-03-19,CONTROL,ASK,2026-03-19 16:16:26.257625261,1773936986257625261,2112.45,2112.6,41.614,5.355382536516311,0.509992409,1.0,1,1.5,0.036045561589849576,2112.5,46.99999999999818,-3.000000000001819,BOUNCE,0.918048857,2.19323764,False,False,,6.999999999998181,7.5,0.999999999994543,1.499999999996362,8.000000000001819,8.500000000003638,25.999999999994543,26.499999999996362,28.999999999996362,29.49999999999818
2026-03-19,CONTROL,BID,2026-03-19 16:21:10.433317443,1773937270433317443,2113.3500000000004,2113.0,75.083,9.743446664936414,1.138875256,1.0,3,11.737,0.15632033882503363,2113.1,0.0,-50.0,BREAK,2.093246211,0.152227874,False,True,1.32734801,0.0,2.5000000000045475,-23.00000000000182,-20.49999999999727,-23.00000000000182,-20.49999999999727,-40.0,-37.49999999999545,-31.000000000003638,-28.49999999999909
2026-03-19,CONTROL,BID,2026-03-19 16:24:40.235274477,1773937480235274477,2109.1499999999996,2108.9,36.585,2.556782444615277,1.635151324,0.9483687969664635,2,6.906000000000001,0.1887658876588766,2109.0,44.00000000000546,0.0,BOUNCE,0.407722402,2.597242814,False,True,,3.000000000001819,4.499999999998181,3.000000000001819,4.499999999998181,17.000000000007276,18.500000000003638,37.000000000007276,38.50000000000364,44.00000000000546,45.50000000000182
2026-03-19,CONTROL,ASK,2026-03-19 16:29:23.811625399,1773937763811625399,2113.95,2114.3,122.333,12.269495010280325,1.172587431,1.0,3,29.84,0.2439243703661318,2114.2000000000003,20.0,-9.000000000005457,BREAK,2.70227665,2.453378523,False,False,2.70227665,-0.0,2.5000000000045475,-9.000000000005457,-6.5000000000009095,8.999999999996362,11.50000000000091,13.999999999996362,16.50000000000091,15.999999999994543,18.49999999999909
2026-03-19,CONTROL,ASK,2026-03-19 16:36:29.119993549,1773938189119993549,2108.55,2108.7,36.748,2.831888413670866,1.481234305,1.0,1,0.8,0.02176989223903342,2108.6,1.000000000003638,-18.00000000000182,BREAK,0.10232353,0.10232353,False,False,,-1.999999999998181,-1.5000000000009095,-1.999999999998181,-1.5000000000009095,-3.999999999996362,-3.4999999999990905,-15.999999999994543,-15.499999999997272,-18.00000000000182,-17.500000000004547
2026-03-19,CONTROL,ASK,2026-03-19 16:39:52.389506535,1773938392389506535,2113.75,2114.0,42.836,4.1975502204801565,1.326979662,0.978725900774205,2,9.556000000000001,0.2230833878046503,2113.9,-0.0,-75.0,BREAK,3.227907999,3.023717786,False,False,3.126036164,-0.0,1.5000000000009095,-8.000000000001819,-6.5000000000009095,-21.99999999999818,-20.49999999999727,-41.00000000000364,-39.50000000000273,-68.00000000000182,-66.50000000000091
2026-03-19,CONTROL,BID,2026-03-19 16:40:35.682508906,1773938435682508906,2120.25,2119.9,19.451,2.009400826446281,1.122808905,0.8102979749701932,1,0.071,0.003650197933268212,2120.0,16.99999999999818,-26.000000000003638,BREAK,0.255208205,0.255208205,False,False,,-8.000000000001819,-5.500000000001819,-11.999999999998181,-9.499999999998181,-26.000000000003638,-23.500000000003638,1.000000000003638,3.500000000003638,8.000000000001819,10.500000000001819
2026-03-19,CONTROL,ASK,2026-03-19 16:42:41.332583254,1773938561332583254,2118.8,2119.2,74.832,9.394513840939048,1.127689566,1.0,3,15.591,0.20834669660038488,2119.1,21.500000000005457,-3.499999999994543,BOUNCE,11.897951594,0.100814554,False,True,4.90314316,-0.500000000001819,2.4999999999954525,-2.5,0.4999999999972715,-1.499999999996362,1.5000000000009095,11.500000000005457,14.500000000002728,18.500000000003638,21.50000000000091
2026-03-19,CONTROL,BID,2026-03-19 16:45:16.182812834,1773938716182812834,2117.8500000000004,2117.5,34.216,3.445026178010471,1.427831772,1.0,3,5.366,0.15682721533785363,2117.6,-1.000000000003638,-34.00000000000546,BREAK,1.735484839,0.561315923,False,True,1.174937699,-1.000000000003638,1.5000000000009095,-9.000000000005457,-6.5000000000009095,-13.000000000001819,-10.499999999997272,-14.000000000005457,-11.50000000000091,-35.0,-32.49999999999545
2026-03-19,CONTROL,ASK,2026-03-19 16:54:47.317247163,1773939287317247163,2112.3500000000004,2112.5,34.579,4.152386670669468,1.070396328,1.0,1,0.969,0.028022788397582345,2112.4,2.000000000007276,-35.0,BOUNCE,1.32536949,1.580099311,False,False,,1.000000000003638,1.5000000000009095,-0.0,0.4999999999972715,-10.999999999994543,-10.499999999997272,-35.0,-34.50000000000273,-17.999999999992724,-17.499999999995453
2026-03-19,CONTROL,BID,2026-03-19 16:55:32.946822058,1773939332946822058,2115.45,2115.2,36.34,4.265258215962442,0.559511315,1.0,2,1.845,0.050770500825536594,2115.2999999999997,0.0,-25.999999999994543,BREAK,2.449461882,0.706017166,False,True,1.735900636,0.0,1.5000000000009095,-5.999999999994543,-4.4999999999936335,-10.0,-8.49999999999909,-13.000000000001819,-11.50000000000091,-25.999999999994543,-24.499999999993634
2026-03-19,CONTROL,ASK,2026-03-19 16:58:08.793604456,1773939488793604456,2113.75,2114.0,26.66,2.587470277090309,1.481218725,0.9974635555596287,2,1.375,0.05157539384846212,2113.9,3.999999999996362,-13.000000000001819,BOUNCE,6.638044022,4.894920554,False,True,14.142757076,-0.0,1.5000000000009095,-0.0,1.5000000000009095,-0.0,1.5000000000009095,1.999999999998181,3.4999999999990905,-13.000000000001819,-11.50000000000091
2026-03-19,CONTROL,ASK,2026-03-19 17:03:45.849556908,1773939825849556908,2112.25,2112.6,54.9,5.571624295935454,0.765360933,0.861901644776008,3,13.23,0.24098360655737705,2112.5,10.0,-6.000000000003638,BREAK,1.121847791,0.052010789,False,False,0.255392564,-1.999999999998181,0.500000000001819,-3.000000000001819,-0.500000000001819,-6.000000000003638,-3.500000000003638,-3.000000000001819,-0.500000000001819,8.000000000001819,10.500000000001819
2026-03-19,CONTROL,BID,2026-03-19 17:07:38.517601756,1773940058517601756,2110.8500000000004,2110.7,33.829,2.7456375294213133,1.584228602,1.0,1,7.671,0.2267581069496586,2110.7999999999997,2.999999999992724,-15.0,BREAK,0.101077794,0.049757552,False,False,,-6.000000000003638,-5.4999999999972715,-5.0,-4.4999999999936335,-15.0,-14.499999999993634,-6.000000000003638,-5.4999999999972715,-3.000000000001819,-2.4999999999954525
2026-03-19,CONTROL,BID,2026-03-19 17:14:09.983237563,1773940449983237563,2107.45,2107.2,27.938,2.5781386979190697,0.532496884,1.0,2,5.633,0.20162502684515715,2107.2999999999997,21.99999999999818,-6.999999999998181,BOUNCE,4.085075287,2.759397853,False,True,20.214393528,0.0,1.5000000000009095,1.999999999998181,3.4999999999990905,1.999999999998181,3.4999999999990905,9.000000000005457,10.500000000006366,21.000000000003638,22.500000000004547
2026-03-19,CONTROL,BID,2026-03-19 17:15:27.555130294,1773940527555130294,2108.3500000000004,2108.0,12.792,2.0369426751592354,1.094269153,0.9028801271527755,3,2.08,0.16260162601626016,2108.1,0.999999999994543,-13.000000000001819,BREAK,0.408619795,0.358438304,False,False,0.408619795,-4.000000000005457,-1.5000000000009095,-5.0,-2.4999999999954525,-7.000000000007276,-4.5000000000027285,-8.000000000001819,-5.4999999999972715,0.999999999994543,3.4999999999990905
2026-03-19,CONTROL,ASK,2026-03-19 17:16:39.218309835,1773940599218309835,2109.3500000000004,2109.5,37.468,3.454863992623329,0.504543354,1.0,1,6.163,0.16448702893135475,2109.4,-0.0,-25.999999999994543,BREAK,6.40095392,6.40095392,False,False,,-0.0,0.4999999999972715,-0.999999999994543,-0.4999999999972715,-5.0,-4.5000000000027285,-1.999999999998181,-1.5000000000009095,-25.0,-24.50000000000273
2026-03-19,CONTROL,ASK,2026-03-19 17:25:14.952377135,1773941114952377135,2124.45,2124.7,51.556,3.948533353756605,0.55234931,1.0,2,2.47,0.047909069749398715,2124.6,-0.0,-20.0,BREAK,1.396221812,1.344691146,False,False,1.344691146,-0.0,1.5000000000009095,-11.999999999998181,-10.499999999997272,-11.999999999998181,-10.499999999997272,-13.000000000001819,-11.50000000000091,-0.0,1.5000000000009095
2026-03-19,CONTROL,BID,2026-03-19 17:25:39.342518117,1773941139342518117,2125.45,2125.3,36.688,3.656732781819994,0.560438188,1.0,1,8.068,0.21990841692106408,2125.4,10.0,-10.0,BOUNCE,5.229445546,5.481105962,False,False,,-0.999999999994543,-0.4999999999972715,1.000000000003638,1.5000000000009095,8.000000000001819,8.49999999999909,-5.999999999994543,-5.4999999999972715,-3.000000000001819,-2.5000000000045475
2026-03-19,CONTROL,BID,2026-03-19 17:30:50.354634065,1773941450354634065,2128.05,2127.7,61.504,10.062004089979549,0.539336154,1.0,3,6.106,0.09927809573361082,2127.7999999999997,0.0,-26.000000000003638,BREAK,0.888317506,0.280856217,False,False,0.280856217,-5.0,-2.4999999999954525,-16.000000000003638,-13.49999999999909,-15.0,-12.499999999995453,-14.000000000005457,-11.50000000000091,-21.99999999999818,-19.499999999993634
2026-03-19,CONTROL,BID,2026-03-19 17:31:04.544111293,1773941464544111293,2126.55,2126.3,25.857,3.1693325979040265,0.503608928,1.0,2,3.8550000000000004,0.14908922148741155,2126.4,5.999999999994543,-29.000000000005457,BREAK,0.790468864,0.738766497,False,False,0.790468864,-3.000000000001819,-1.5000000000009095,-6.000000000003638,-4.5000000000027285,1.999999999998181,3.4999999999990905,0.999999999994543,2.4999999999954525,-29.000000000005457,-27.500000000004547
2026-03-19,CONTROL,ASK,2026-03-19 17:34:06.268506791,1773941646268506791,2120.45,2120.8,20.494,2.2023534468862502,1.174698867,1.0,3,1.321,0.06445789011417975,2120.7000000000003,10.0,-16.000000000003638,BREAK,0.154651809,0.102787231,False,False,0.154651809,-6.000000000003638,-3.4999999999990905,-10.0,-7.4999999999954525,-11.000000000003638,-8.49999999999909,-13.000000000001819,-10.499999999997272,10.0,12.500000000004547
2026-03-19,CONTROL,BID,2026-03-19 17:42:45.498252689,1773942165498252689,2118.25,2118.1,32.907,3.096983671356642,0.552848929,1.0,1,6.137,0.18649527456164341,2118.2,0.0,-16.99999999999818,BREAK,4.815451768,2.91968532,False,False,,0.0,0.500000000001819,-6.000000000003638,-5.500000000001819,-11.000000000003638,-10.500000000001819,-16.99999999999818,-16.499999999996362,-11.999999999998181,-11.499999999996362
2026-03-19,CONTROL,ASK,2026-03-19 17:48:08.119837128,1773942488119837128,2120.75,2120.9,15.63,3.0287762813680845,0.917161008,1.0,1,3.346,0.21407549584133076,2120.8,-0.0,-13.000000000001819,BREAK,1.068628367,0.966941003,False,False,,-1.000000000003638,-0.500000000001819,-1.000000000003638,-0.500000000001819,-1.000000000003638,-0.500000000001819,-8.000000000001819,-7.5,-11.999999999998181,-11.499999999996362
2026-03-19,CONTROL,BID,2026-03-19 18:01:35.970578380,1773943295970578380,2126.55,2126.3,40.606,3.125341543197999,0.561804535,1.0,2,3.7809999999999997,0.09311431808107175,2126.4,5.999999999994543,0.0,BOUNCE,4.436644434,0.464636764,False,True,,0.0,1.5000000000009095,3.999999999996362,5.4999999999972715,5.0,6.5000000000009095,5.999999999994543,7.4999999999954525,3.999999999996362,5.4999999999972715
2026-03-19,CONTROL,ASK,2026-03-19 18:02:35.537201229,1773943355537201229,2126.95,2127.1,25.844,2.1232336510023004,0.818326749,1.0,1,4.82,0.18650363720786256,2127.0,28.999999999996362,-4.000000000005457,BREAK,9.083935899,8.727693625,False,False,,-0.0,0.500000000001819,-0.0,0.500000000001819,-3.000000000001819,-2.5,13.999999999996362,14.499999999998181,23.999999999996362,24.49999999999818
2026-03-19,CONTROL,ASK,2026-03-19 18:04:32.970433648,1773943472970433648,2123.75,2124.0,69.38,5.5322542062036515,0.548107064,1.0,2,17.272,0.2489478235802825,2123.9,8.000000000001819,-10.0,BOUNCE,1.297180602,5.272791207,False,True,50.204162927,-0.0,1.5000000000009095,3.000000000001819,4.5000000000027285,3.999999999996362,5.4999999999972715,6.000000000003638,7.5000000000045475,-6.000000000003638,-4.5000000000027285
2026-03-19,CONTROL,BID,2026-03-19 18:05:58.145647940,1773943558145647940,2124.25,2124.1,27.337,2.4384087057354384,0.563453656,1.0,1,2.823,0.10326663496360244,2124.2,21.000000000003638,0.0,BOUNCE,9.892978734,5.450323162,False,False,,0.0,0.500000000001819,0.0,0.500000000001819,1.999999999998181,2.5,15.0,15.500000000001819,1.999999999998181,2.5
2026-03-19,CONTROL,BID,2026-03-19 18:20:06.741549156,1773944406741549156,2124.75,2124.4,17.031,2.1472609216415557,1.277650118,1.0,3,1.928,0.11320533145440667,2124.5,6.000000000003638,-15.0,BREAK,1.378064252,0.407549896,False,False,0.560716178,-1.999999999998181,0.500000000001819,3.000000000001819,5.500000000001819,-1.999999999998181,0.500000000001819,6.000000000003638,8.500000000003638,-11.999999999998181,-9.499999999998181
2026-03-19,CONTROL,BID,2026-03-19 18:34:35.236096681,1773945275236096681,2116.95,2116.8,23.611,2.384949494949495,0.527373618,1.0,1,0.948,0.040150777180127904,2116.9,3.000000000001819,-15.0,BREAK,9.959504373,9.447456115,False,False,,-0.999999999994543,-0.4999999999972715,-0.999999999994543,-0.4999999999972715,-1.999999999998181,-1.5000000000009095,-5.999999999994543,-5.4999999999972715,1.999999999998181,2.4999999999954525
2026-03-19,CONTROL,BID,2026-03-19 18:45:10.071298869,1773945910071298869,2116.55,2116.3,21.325,2.213514635665352,0.713226545,0.952761960086609,2,5.314,0.2491910902696366,2116.4,3.000000000001819,-9.000000000005457,BREAK,2.809958899,2.502121581,False,False,0.10153303,-1.000000000003638,0.4999999999972715,-6.999999999998181,-5.4999999999972715,-5.0,-3.4999999999990905,-1.999999999998181,-0.4999999999972715,3.000000000001819,4.5000000000027285
2026-03-19,CONTROL,ASK,2026-03-19 18:45:27.375335743,1773945927375335743,2116.55,2116.7,34.027,2.9809023215067896,1.323775271,1.0,1,4.777,0.1403885150027919,2116.6,9.000000000005457,-3.000000000001819,BREAK,1.430944612,1.430944612,False,False,,-0.0,0.4999999999972715,-3.000000000001819,-2.5000000000045475,1.999999999998181,2.4999999999954525,3.000000000001819,3.4999999999990905,6.000000000003638,6.5000000000009095
2026-03-19,CONTROL,ASK,2026-03-19 18:47:43.844272378,1773946063844272378,2117.25,2117.6,37.392,2.89389366148131,0.744840579,0.8699032494576265,3,1.272,0.03401797175866495,2117.5,18.999999999996362,-1.999999999998181,BOUNCE,10.185992242,0.377055063,False,False,0.479139127,-1.999999999998181,0.500000000001819,-1.999999999998181,0.500000000001819,-1.000000000003638,1.499999999996362,13.999999999996362,16.499999999996362,15.0,17.5
2026-03-19,CONTROL,ASK,2026-03-19 18:49:14.023621100,1773946154023621100,2115.95,2116.2,34.013,3.7769141080450837,0.833878489,1.0,2,0.8,0.02352041866345221,2116.1,10.0,-3.000000000001819,BREAK,0.102015509,0.050585672,False,False,0.102015509,-3.000000000001819,-1.5000000000009095,5.999999999994543,7.4999999999954525,5.999999999994543,7.4999999999954525,5.999999999994543,7.4999999999954525,3.999999999996362,5.4999999999972715
2026-03-19,CONTROL,ASK,2026-03-19 19:01:19.350000215,1773946879350000215,2129.75,2129.9,49.747,6.321092757306225,1.225434909,1.0,1,6.103,0.12268076466922628,2129.8,-0.0,-43.00000000000182,BREAK,0.870003567,0.048674026,False,False,,-1.999999999998181,-1.499999999996362,-1.999999999998181,-1.499999999996362,-8.999999999996362,-8.499999999994543,-8.999999999996362,-8.499999999994543,-48.00000000000182,-47.5
2026-03-19,CONTROL,BID,2026-03-19 19:03:39.412781111,1773947019412781111,2133.75,2133.6,25.757,2.332322180468149,0.765810966,0.736378811530364,1,2.343,0.09096556275963814,2133.7,23.00000000000182,-1.999999999998181,BOUNCE,1.435614799,2.401922993,False,False,,0.0,0.500000000001819,10.0,10.500000000001819,18.999999999996362,19.49999999999818,13.000000000001819,13.500000000003638,8.000000000001819,8.500000000003638
2026-03-19,CONTROL,ASK,2026-03-19 19:06:13.403654750,1773947173403654750,2141.1499999999996,2141.5,54.067,6.163588691290469,0.514612879,1.0,3,13.204999999999998,0.2442340059555736,2141.4,-1.000000000003638,-67.00000000000728,BREAK,0.255073458,0.050897377,False,False,0.15243209,-6.000000000003638,-3.4999999999990905,-4.000000000005457,-1.5000000000009095,-6.000000000003638,-3.4999999999990905,-54.00000000000546,-51.50000000000091,-40.0,-37.49999999999545
2026-03-19,CONTROL,BID,2026-03-19 19:06:51.722598133,1773947211722598133,2146.55,2146.2,39.201,9.348038631214974,1.082341245,1.0,3,5.349,0.13645060074998086,2146.2999999999997,13.000000000001819,-60.0,BREAK,0.509324227,0.4585126,False,False,0.050155874,-11.000000000003638,-8.49999999999909,-11.999999999998181,-9.499999999993634,-8.000000000001819,-5.4999999999972715,-21.000000000003638,-18.49999999999909,-60.0,-57.49999999999545
2026-03-19,CONTROL,ASK,2026-03-19 19:09:01.559417019,1773947341559417019,2140.25,2140.5,38.311,3.4847189376023286,0.510963979,1.0,2,4.833,0.1261517579807366,2140.4,5.0,-25.0,BOUNCE,2.652678698,0.049684684,False,False,0.100381603,-1.999999999998181,-0.4999999999972715,3.000000000001819,4.5000000000027285,-10.0,-8.49999999999909,-8.999999999996362,-7.4999999999954525,-0.0,1.5000000000009095
2026-03-19,CONTROL,BID,2026-03-19 19:11:07.771201220,1773947467771201220,2149.6499999999996,2149.4,27.216,6.081787709497207,0.507952426,1.0,2,0.93,0.0341710758377425,2149.5,23.00000000000182,-18.999999999996362,BREAK,1.903838387,1.855405929,False,False,0.526045161,-1.999999999998181,-0.500000000001819,-8.999999999996362,-7.5,2.000000000007276,3.500000000003638,-11.999999999998181,-10.500000000001819,15.0,16.499999999996362
2026-03-19,CONTROL,BID,2026-03-19 19:12:11.623152868,1773947531623152868,2151.45,2151.1,54.818,8.224139224364263,0.662503973,0.8382297625858917,3,8.875,0.16189937611733374,2151.2,0.0,-98.99999999999636,BREAK,1.173600954,2.39597332,False,False,1.173600954,0.0,2.5,-5.0,-2.5,-25.999999999994543,-23.499999999994543,-60.99999999999454,-58.49999999999454,-96.99999999999818,-94.49999999999818
2026-03-19,CONTROL,ASK,2026-03-19 19:19:13.797890006,1773947953797890006,2147.75,2148.0,40.22,4.267147631425389,0.814800588,1.0,2,1.183,0.029413227250124317,2147.9,1.000000000003638,-80.0,BREAK,0.817515772,0.044277998,False,False,0.044277998,-3.000000000001819,-1.5000000000009095,-5.0,-3.4999999999990905,-21.000000000003638,-19.50000000000273,-56.99999999999818,-55.49999999999727,-33.99999999999636,-32.49999999999545
2026-03-19,CONTROL,BID,2026-03-19 19:20:50.747798968,1773948050747798968,2152.55,2152.2,96.909,25.259741952300274,1.680010181,1.0,3,19.473,0.2009410890629353,2152.2999999999997,35.99999999999454,-3.000000000001819,BOUNCE,1.738605507,1.63569554,False,True,11.737857985,0.0,2.5000000000045475,13.000000000001819,15.500000000006366,10.0,12.500000000004547,30.999999999994543,33.49999999999909,20.999999999994543,23.49999999999909
2026-03-19,CONTROL,BID,2026-03-19 19:21:01.519611684,1773948061519611684,2153.1499999999996,2153.0,10.473,3.867429837518464,0.917952616,1.0,1,1.278,0.12202807218562016,2153.1,31.000000000003638,-8.999999999996362,BREAK,0.102150633,0.051092627,False,False,,-7.999999999992724,-7.4999999999954525,28.00000000000182,28.49999999999909,19.000000000005457,19.50000000000273,21.000000000003638,21.50000000000091,31.000000000003638,31.50000000000091
2026-03-19,CONTROL,ASK,2026-03-19 19:21:04.782475752,1773948064782475752,2154.55,2154.9,32.653,5.241672686411429,0.509463017,1.0,3,7.997,0.24490858420359538,2154.8,6.999999999998181,-16.99999999999818,BREAK,0.510860543,0.358496609,False,False,0.409938957,-5.999999999994543,-3.499999999994543,-3.999999999996362,-1.499999999996362,-6.999999999998181,-4.499999999998181,-0.999999999994543,1.500000000005457,-10.0,-7.5
2026-03-19,CONTROL,ASK,2026-03-19 19:21:25.492796563,1773948085492796563,2155.1499999999996,2155.3,24.267,3.035082233756488,1.578812679,0.9441127454994298,1,2.0,0.08241645032348457,2155.2000000000003,12.999999999992724,-11.000000000003638,BOUNCE,0.818475841,3.060925865,False,False,,2.999999999992724,3.4999999999990905,-1.000000000003638,-0.4999999999972715,5.0,5.5000000000063665,5.0,5.5000000000063665,3.999999999996362,4.5000000000027285
2026-03-19,CONTROL,ASK,2026-03-19 19:28:17.922310108,1773948497922310108,2142.95,2143.3,42.062,3.7396754834407644,1.029810771,1.0,3,8.688,0.20655223241881035,2143.2000000000003,3.000000000001819,-39.00000000000546,BREAK,6.829884755,0.12789638,False,False,0.200831516,-3.000000000001819,-0.4999999999972715,-1.999999999998181,0.5000000000063665,-10.0,-7.4999999999954525,-11.999999999998181,-9.499999999993634,-36.00000000000364,-33.49999999999909
2026-03-19,CONTROL,BID,2026-03-19 19:30:23.662625409,1773948623662625409,2141.75,2141.5,22.316,2.5834683954619124,0.509663616,1.0,2,5.134,0.23005915038537375,2141.6,20.0,-6.999999999998181,BOUNCE,1.378917587,1.071969035,False,False,0.04461189,-1.000000000003638,0.4999999999972715,0.0,1.5000000000009095,3.000000000001819,4.5000000000027285,8.000000000001819,9.500000000002728,16.99999999999818,18.49999999999909
2026-03-19,CONTROL,BID,2026-03-19 19:31:18.967491496,1773948678967491496,2142.75,2142.6,32.556,3.6294314381270896,0.811194773,1.0,1,5.751,0.1766494655363067,2142.7,11.000000000003638,-21.000000000003638,BREAK,0.87410087,0.87410087,False,False,,-3.000000000001819,-2.5,6.999999999998181,7.5,-5.0,-4.499999999998181,-6.000000000003638,-5.500000000001819,1.999999999998181,2.5
2026-03-19,CONTROL,ASK,2026-03-19 19:35:52.087332365,1773948952087332365,2138.1499999999996,2138.4,34.707,3.1960034992402964,1.516595738,1.0,2,0.887,0.025556804102918718,2138.3,-0.0,-21.000000000003638,BREAK,0.625974046,0.26754412,False,False,0.625974046,-10.0,-8.499999999994543,-15.0,-13.499999999994543,-13.000000000001819,-11.499999999996362,-13.000000000001819,-11.499999999996362,-7.000000000007276,-5.500000000001819
2026-03-19,CONTROL,ASK,2026-03-19 19:47:32.429556495,1773949652429556495,2145.75,2146.1,79.261,6.009857072449481,0.97928655,1.0,3,16.865,0.21277803711787638,2146.0,5.0,-23.999999999996362,BREAK,4.387023765,0.047643269,False,True,4.285060822,-0.0,2.5,-3.999999999996362,-1.499999999996362,-13.999999999996362,-11.499999999996362,-11.999999999998181,-9.499999999998181,5.0,7.5
2026-03-19,CONTROL,BID,2026-03-19 19:50:05.533575149,1773949805533575149,2143.6,2143.2,14.917,2.1457134637514383,1.22416486,0.868474037067197,3,2.526,0.16933699805590935,2143.2999999999997,-2.4999999999954525,-46.50000000000091,BREAK,0.453503669,0.10206501,False,False,0.050729419,-4.5000000000027285,-1.5000000000009095,-5.4999999999972715,-2.4999999999954525,-7.4999999999954525,-4.4999999999936335,-25.49999999999727,-22.499999999995453,-15.499999999997272,-12.499999999995453
2026-03-19,CONTROL,BID,2026-03-19 19:50:56.495448183,1773949856495448183,2140.05,2139.9,36.483,4.004939897908776,1.31318136,0.9966831237994423,1,3.681,0.10089630786941864,2140.0,30.0,0.0,BOUNCE,3.73695393,0.109108153,False,False,,0.0,0.500000000001819,5.0,5.500000000001819,20.0,20.50000000000182,15.0,15.500000000001819,18.999999999996362,19.49999999999818
2026-03-19,CONTROL,ASK,2026-03-19 19:56:38.902831380,1773950198902831380,2140.1499999999996,2140.3,35.366,2.4038062871707733,0.542576505,1.0,1,8.357,0.2363004015155799,2140.2000000000003,2.999999999992724,-10.0,BREAK,1.844070637,0.51583417,False,False,,-0.0,0.5000000000063665,0.999999999994543,1.5000000000009095,0.999999999994543,1.5000000000009095,2.999999999992724,3.4999999999990905,-7.000000000007276,-6.5000000000009095
2026-03-19,CONTROL,BID,2026-03-19 19:59:37.546104626,1773950377546104626,2142.55,2142.4,32.745,3.511339874537558,1.447284893,1.0,1,2.894,0.08837990532905789,2142.5,0.0,-26.99999999999818,BREAK,3.265430975,3.165003885,False,False,,-1.000000000003638,-0.500000000001819,-3.000000000001819,-2.5,-8.000000000001819,-7.5,-14.000000000005457,-13.500000000003638,-18.00000000000182,-17.5
2026-03-19,CONTROL,ASK,2026-03-19 20:01:01.304349139,1773950461304349139,2140.55,2140.8,44.811,3.1090682023173524,0.56482716,1.0,2,8.758,0.1954430831715427,2140.7000000000003,9.000000000005457,-0.999999999994543,BOUNCE,13.930265616,4.440621865,False,True,13.411991786,-0.0,1.5000000000009095,-0.0,1.5000000000009095,1.000000000003638,2.5000000000045475,5.0,6.5000000000009095,6.000000000003638,7.5000000000045475
2026-03-19,CONTROL,BID,2026-03-19 20:17:01.634016402,1773951421634016402,2146.6499999999996,2146.4,36.948,4.63879472693032,0.501483295,1.0,2,6.987,0.18910360506658005,2146.5,0.0,-25.0,BREAK,1.420543974,1.369629763,False,False,1.369629763,0.0,1.499999999996362,-6.999999999998181,-5.500000000001819,-12.999999999992724,-11.499999999996362,-15.999999999994543,-14.499999999998181,-22.999999999992724,-21.499999999996362
2026-03-19,CONTROL,BID,2026-03-19 20:21:48.236222024,1773951708236222024,2147.05,2146.9,32.782,2.935613862272768,0.500443385,1.0,1,8.051,0.2455920932218901,2147.0,0.0,-19.000000000005457,BREAK,6.341846743,6.187655971,False,False,,0.0,0.500000000001819,0.0,0.500000000001819,-3.000000000001819,-2.5,-14.000000000005457,-13.500000000003638,-19.000000000005457,-18.500000000003638
2026-03-19,CONTROL,ASK,2026-03-19 20:29:21.553903794,1773952161553903794,2140.3500000000004,2140.7,74.143,4.1281144734278,1.096165072,1.0,3,13.515,0.18228288577478657,2140.6,1.000000000003638,-6.999999999998181,BREAK,2.401733301,0.052476228,False,True,2.401733301,-0.999999999994543,1.5000000000009095,-5.999999999994543,-3.4999999999990905,-1.999999999998181,0.4999999999972715,-1.999999999998181,0.4999999999972715,-0.0,2.4999999999954525
2026-03-19,CONTROL,BID,2026-03-19 20:32:36.451606569,1773952356451606569,2142.6499999999996,2142.3,54.279,5.755381189693564,1.329409526,1.0,3,13.372,0.24635678623408683,2142.4,1.000000000003638,-5.999999999994543,BREAK,25.36986577,0.345343195,False,True,25.012942629,0.0,2.4999999999954525,0.0,2.4999999999954525,0.0,2.4999999999954525,-5.999999999994543,-3.4999999999990905,1.000000000003638,3.4999999999990905
2026-03-19,CONTROL,ASK,2026-03-19 20:39:51.577472581,1773952791577472581,2149.3500000000004,2149.5,35.465,3.574019953643052,0.5137754,1.0,1,2.326,0.06558578880586494,2149.4,-0.0,-38.99999999999636,BREAK,5.7206367,0.061088251,False,False,,-0.0,0.4999999999972715,-0.999999999994543,-0.4999999999972715,-15.999999999994543,-15.499999999997272,-13.999999999996362,-13.49999999999909,-26.99999999999818,-26.50000000000091
2026-03-19,CONTROL,ASK,2026-03-19 20:54:33.035202081,1773953673035202081,2146.25,2146.5,38.089,5.298601933644015,0.5326204,1.0,2,3.2230000000000003,0.08461760613300429,2146.4,-0.0,-6.999999999998181,BREAK,8.39794027,7.276316826,False,True,8.39794027,-0.0,1.5000000000009095,-0.0,1.5000000000009095,-3.000000000001819,-1.5000000000009095,-6.000000000003638,-4.5000000000027285,-3.000000000001819,-1.5000000000009095
2026-03-19,CONTROL,BID,2026-03-19 21:05:05.569625268,1773954305569625268,2147.95,2147.8,27.525,2.071417820590006,1.652068217,1.0,1,3.258,0.11836512261580383,2147.9,0.0,-10.999999999994543,BREAK,14.5765054,14.474743364,False,False,,0.0,0.4999999999972715,0.0,0.4999999999972715,0.0,0.4999999999972715,-10.999999999994543,-10.499999999997272,-5.999999999994543,-5.4999999999972715
2026-03-19,CONTROL,BID,2026-03-19 21:05:32.547458414,1773954332547458414,2147.75,2147.4,36.069,3.5948572282852447,1.805024405,0.8868948605711511,3,4.333,0.12013086029554465,2147.5,5.0,-8.999999999996362,BREAK,1.836780524,1.22527614,False,False,1.276758147,0.0,2.5,-8.999999999996362,-6.499999999996362,-8.000000000001819,-5.500000000001819,-6.999999999998181,-4.499999999998181,5.0,7.5
2026-03-19,CONTROL,ASK,2026-03-19 21:06:07.932242539,1773954367932242539,2147.45,2147.8,76.744,8.010855949895616,0.514499698,1.0,3,11.672,0.1520900656728865,2147.7000000000003,-0.0,-16.99999999999818,BREAK,1.832273616,0.109351425,False,True,0.914393024,-1.999999999998181,0.5000000000063665,-4.000000000005457,-1.5000000000009095,-5.0,-2.4999999999954525,-15.0,-12.499999999995453,-9.000000000005457,-6.5000000000009095
2026-03-19,CONTROL,BID,2026-03-19 21:11:26.136850856,1773954686136850856,2153.75,2153.5,41.274,3.2834016148920093,0.503267686,1.0,2,5.57,0.13495178562775598,2153.6,11.999999999998181,-6.000000000003638,BOUNCE,3.937541858,1.271295966,False,True,52.852986016,0.0,1.5000000000009095,5.0,6.5000000000009095,5.0,6.5000000000009095,6.000000000003638,7.5000000000045475,1.999999999998181,3.4999999999990905
2026-03-19,CONTROL,ASK,2026-03-19 21:30:39.938388973,1773955839938388973,2150.6499999999996,2151.0,46.62,3.7345295790443385,0.591727201,1.0,3,8.442,0.1810810810810811,2150.9,23.999999999996362,-0.0,BOUNCE,5.755023808,0.411898424,False,True,,-0.0,2.5000000000045475,-0.0,2.5000000000045475,3.999999999996362,6.5000000000009095,10.999999999994543,13.49999999999909,23.999999999996362,26.50000000000091
2026-03-19,CONTROL,ASK,2026-03-19 21:31:58.595230394,1773955918595230394,2148.45,2148.6,24.075,2.3363579018875247,1.327620459,0.9560865203569449,1,0.867,0.03601246105919003,2148.5,-0.0,-3.000000000001819,BREAK,41.300311003,20.010649753,False,False,,-0.0,0.500000000001819,-0.0,0.500000000001819,-0.0,0.500000000001819,-1.000000000003638,-0.500000000001819,-3.000000000001819,-2.5
2026-03-19,CONTROL,ASK,2026-03-19 21:34:29.990696647,1773956069990696647,2147.8500000000004,2148.1,34.608,2.586643746029373,0.508450116,0.8523180197288026,2,3.7990000000000004,0.10977230698104487,2148.0,-0.0,-12.999999999992724,BREAK,44.726540394,0.667080856,False,True,11.281735427,-0.0,1.499999999996362,-0.0,1.499999999996362,-0.0,1.499999999996362,-0.999999999994543,0.500000000001819,-12.999999999992724,-11.499999999996362
2026-03-19,CONTROL,BID,2026-03-19 21:48:51.157857845,1773956931157857845,2148.95,2148.6,55.189,5.6212059482583,0.562019906,1.0,3,1.046,0.01895305223867075,2148.7,0.0,-18.00000000000182,BREAK,21.279205614,0.353557582,False,False,0.353557582,-1.999999999998181,0.500000000001819,-1.999999999998181,0.500000000001819,-1.999999999998181,0.500000000001819,-10.999999999994543,-8.499999999994543,-10.0,-7.5
2026-03-19,CONTROL,BID,2026-03-19 21:59:22.935931869,1773957562935931869,2151.3500000000004,2151.2,35.836,2.636841911629447,0.565083784,1.0,1,2.788,0.07779886148007589,2151.2999999999997,0.0,-16.000000000003638,BREAK,10.369588998,3.020095262,False,False,,0.0,0.5000000000063665,-1.000000000003638,-0.4999999999972715,-1.000000000003638,-0.4999999999972715,-10.0,-9.499999999993634,-14.000000000005457,-13.49999999999909
2026-03-19,CONTROL,BID,2026-03-19 22:10:31.070816889,1773958231070816889,2149.05,2148.8,29.449,2.939168621188682,0.571606142,1.0,2,5.152,0.17494651770858094,2148.9,5.0,0.0,BOUNCE,8.63128858,10.46686626,False,True,,0.0,1.5000000000009095,0.999999999994543,2.4999999999954525,3.999999999996362,5.4999999999972715,5.0,6.5000000000009095,5.0,6.5000000000009095
2026-03-19,CONTROL,ASK,2026-03-19 22:19:36.846156029,1773958776846156029,2150.8500000000004,2151.0,33.74,2.0155918635562595,0.553890552,0.8719047747902369,1,0.072,0.0021339656194427977,2150.9,-0.0,-17.999999999992724,BREAK,1.947986903,0.107439357,False,False,,-0.0,0.4999999999972715,-5.999999999994543,-5.4999999999972715,-11.999999999998181,-11.50000000000091,-15.999999999994543,-15.499999999997272,-5.0,-4.5000000000027285
2026-03-19,CONTROL,BID,2026-03-19 22:21:13.039047435,1773958873039047435,2151.8500000000004,2151.5,33.087,3.133090289285545,0.503088259,1.0,3,1.442,0.04358207150844742,2151.6,0.0,-26.000000000003638,BREAK,1.492806241,1.443206359,False,False,1.34120716,0.0,2.5000000000045475,-13.000000000001819,-10.499999999997272,-17.000000000007276,-14.500000000002728,-13.000000000001819,-10.499999999997272,-25.0,-22.499999999995453
2026-03-19,CONTROL,ASK,2026-03-19 22:24:25.122736123,1773959065122736123,2148.45,2148.8,35.043,3.257238462610959,0.979369448,1.0,3,5.199,0.14836058556630424,2148.7000000000003,-0.0,-26.99999999999818,BREAK,3.421936225,2.91048732,False,False,3.421936225,-0.0,2.5000000000045475,-10.0,-7.4999999999954525,-16.000000000003638,-13.49999999999909,-19.000000000005457,-16.50000000000091,-26.99999999999818,-24.499999999993634
2026-03-19,CONTROL,BID,2026-03-19 22:27:06.761445151,1773959226761445151,2150.95,2150.8,26.543,2.5033481090257474,0.520773502,1.0,1,2.788,0.10503710959575029,2150.9,-0.999999999994543,-6.999999999998181,BREAK,0.102179253,0.051168112,False,False,,-5.0,-4.5000000000027285,-5.0,-4.5000000000027285,-0.999999999994543,-0.4999999999972715,-0.999999999994543,-0.4999999999972715,-0.999999999994543,-0.4999999999972715
2026-03-19,CONTROL,ASK,2026-03-19 22:31:14.208134446,1773959474208134446,2148.05,2148.3,32.828,3.0267379679144386,0.771271361,1.0,2,2.792,0.08504934811746069,2148.2000000000003,-0.0,-20.999999999994543,BREAK,18.889676825,4.184563027,False,False,3.013434994,-0.0,1.5000000000009095,-1.999999999998181,-0.4999999999972715,-1.999999999998181,-0.4999999999972715,-6.999999999998181,-5.4999999999972715,-20.999999999994543,-19.499999999993634
2026-03-19,CONTROL,ASK,2026-03-19 22:45:20.841067617,1773960320841067617,2138.55,2138.7,37.319,2.8918248740798145,0.551269287,1.0,1,8.617,0.23090114954848737,2138.6,4.000000000005457,-15.999999999994543,BREAK,6.797665336,6.746505864,False,False,,-0.0,0.4999999999972715,-0.0,0.4999999999972715,-10.0,-9.500000000002728,1.000000000003638,1.5000000000009095,4.000000000005457,4.5000000000027285
2026-03-19,CONTROL,ASK,2026-03-19 22:46:27.035762030,1773960387035762030,2138.1499999999996,2138.5,36.282,4.072053872053871,0.568356776,1.0,3,8.158999999999999,0.22487734964996417,2138.4,10.999999999994543,-0.0,BOUNCE,12.115143031,12.064326899,False,True,,-0.0,2.5000000000045475,-0.0,2.5000000000045475,-0.0,2.5000000000045475,8.999999999996362,11.50000000000091,10.999999999994543,13.49999999999909
2026-03-19,CONTROL,BID,2026-03-19 22:56:27.236631366,1773960987236631366,2138.8500000000004,2138.7,23.874,2.0707780379911527,0.501279213,1.0,1,0.926,0.03878696489905337,2138.7999999999997,0.0,-12.000000000007276,BREAK,15.357795407,0.044815618,False,False,,-1.000000000003638,-0.4999999999972715,0.0,0.5000000000063665,-1.000000000003638,-0.4999999999972715,-6.000000000003638,-5.4999999999972715,-7.000000000007276,-6.5000000000009095
2026-03-19,CONTROL,ASK,2026-03-19 22:59:17.451889064,1773961157451889064,2139.25,2139.4,36.208,2.423885392957558,1.116509736,0.9757311825178746,1,8.615,0.23793084401237297,2139.3,-0.0,-41.00000000000364,BREAK,17.395329217,17.293678231,False,False,,-0.0,0.500000000001819,-0.0,0.500000000001819,-0.0,0.500000000001819,-6.000000000003638,-5.500000000001819,-30.0,-29.49999999999818
2026-03-19,CONTROL,ASK,2026-03-19 23:01:19.297291824,1773961279297291824,2142.1499999999996,2142.4,35.803,3.600100553041729,0.542392528,1.0,2,3.6879999999999997,0.10300812781051867,2142.3,5.999999999994543,-13.000000000001819,BOUNCE,10.846365137,1.812999157,False,False,1.812999157,-0.0,1.500000000005457,-1.000000000003638,0.500000000001819,-1.000000000003638,0.500000000001819,2.999999999992724,4.499999999998181,-13.000000000001819,-11.499999999996362
2026-03-19,CONTROL,BID,2026-03-19 23:05:45.332018861,1773961545332018861,2146.55,2146.3,35.339,3.670249779301033,0.919983748,1.0,2,7.565,0.21406944169331335,2146.4,8.000000000001819,-1.000000000003638,BOUNCE,4.492731465,0.173594393,False,True,1.276140297,0.0,1.5000000000009095,5.999999999994543,7.4999999999954525,0.999999999994543,2.4999999999954525,1.999999999998181,3.4999999999990905,6.999999999998181,8.49999999999909
2026-03-19,CONTROL,ASK,2026-03-19 23:23:58.168860738,1773962638168860738,2137.6499999999996,2137.8,36.712,2.2322753253070657,1.276644154,1.0,1,9.145,0.24910111135323595,2137.7000000000003,10.0,-8.000000000001819,BOUNCE,20.27682288,4.244723324,False,False,,-0.0,0.5000000000063665,-1.000000000003638,-0.4999999999972715,-1.000000000003638,-0.4999999999972715,10.0,10.500000000006366,-8.000000000001819,-7.4999999999954525
2026-03-19,CONTROL,BID,2026-03-19 23:26:24.178596850,1773962784178596850,2140.1499999999996,2139.8,36.599,3.085919055649241,0.553523889,1.0,3,0.093,0.002541053034235908,2139.9,0.0,-11.999999999998181,BREAK,10.152219264,4.434919191,False,True,10.152219264,0.0,2.4999999999954525,0.0,2.4999999999954525,0.0,2.4999999999954525,-11.999999999998181,-9.500000000002728,-8.999999999996362,-6.5000000000009095
2026-03-19,CONTROL,ASK,2026-03-19 23:28:03.045448941,1773962883045448941,2141.75,2142.1,57.025,4.969932020219627,0.502359154,0.8887969163989794,3,12.234,0.21453748355984217,2142.0,-0.0,-13.000000000001819,BREAK,4.295136659,0.519201711,False,True,2.969087134,-1.000000000003638,1.499999999996362,-6.999999999998181,-4.499999999998181,-3.999999999996362,-1.499999999996362,-6.999999999998181,-4.499999999998181,-11.999999999998181,-9.499999999998181
2026-03-19,CONTROL,ASK,2026-03-19 23:28:25.338686514,1773962905338686514,2142.3500000000004,2142.6,48.241,3.2842700071484496,0.538105594,1.0,2,5.58,0.11566924400406293,2142.5,-0.0,-7.999999999992724,BREAK,11.973801976,11.769749616,False,False,4.416044024,-0.0,1.499999999996362,-0.999999999994543,0.500000000001819,-0.999999999994543,0.500000000001819,-5.0,-3.500000000003638,-6.999999999998181,-5.500000000001819
2026-03-19,CONTROL,BID,2026-03-19 23:39:53.648537747,1773963593648537747,2134.3500000000004,2134.2,87.777,6.420201872440023,1.197468549,0.9206294168816621,1,9.463,0.1078072843683425,2134.2999999999997,0.0,-35.0,BREAK,0.20326791,0.152999173,False,False,,-16.000000000003638,-15.499999999997272,-22.000000000007276,-21.50000000000091,-22.000000000007276,-21.50000000000091,-20.0,-19.499999999993634,-18.00000000000182,-17.499999999995453
2026-03-19,CONTROL,ASK,2026-03-19 23:55:27.992754447,1773964527992754447,2139.1499999999996,2139.5,23.935,2.3350080483878832,1.423422811,1.0,3,2.856,0.11932316691038229,2139.4,10.0,-2.000000000007276,BOUNCE,25.13121035,9.861960012,False,False,0.055184093,-2.000000000007276,0.4999999999972715,0.999999999994543,3.4999999999990905,0.999999999994543,3.4999999999990905,10.0,12.500000000004547,-0.0,2.5000000000045475
2026-03-19,CONTROL,ASK,2026-03-19 23:56:48.707483925,1773964608707483925,2139.6499999999996,2139.8,36.248,2.0369766788423713,0.506720772,1.0,1,6.479,0.17874089604943721,2139.7000000000003,15.0,-0.0,BOUNCE,13.086316361,14.012219713,False,False,,-0.0,0.5000000000063665,-0.0,0.5000000000063665,-0.0,0.5000000000063665,7.999999999992724,8.49999999999909,15.0,15.500000000006366
2026-03-19,CONTROL,ASK,2026-03-19 23:57:56.139754232,1773964676139754232,2138.1499999999996,2138.4,36.273,2.9871530923165612,0.52982895,1.0,2,6.196000000000001,0.1708157582775067,2138.3,6.999999999998181,-2.000000000007276,BOUNCE,31.060367081,19.414550552,False,False,0.084784649,-1.000000000003638,0.500000000001819,-1.000000000003638,0.500000000001819,-1.000000000003638,0.500000000001819,-1.000000000003638,0.500000000001819,6.999999999998181,8.500000000003638
2026-03-19,CONTROL,BID,2026-03-19 23:59:03.097546167,1773964743097546167,2137.3500000000004,2137.2,35.914,3.9064556480121824,0.519286506,1.0,1,8.106,0.22570585287074676,2137.2999999999997,5.999999999994543,0.0,BOUNCE,8.933667235,5.948621546,False,False,,0.0,0.5000000000063665,0.0,0.5000000000063665,1.999999999998181,2.5000000000045475,5.0,5.5000000000063665,,
2026-03-19,CONTROL,BID,2026-03-19 23:59:33.829414648,1773964773829414648,2137.8500000000004,2137.6,36.206,3.059231094212083,0.517203178,1.0,2,6.405,0.17690438048942164,2137.7,0.999999999994543,0.0,NONE,,1.068444488,False,True,,0.0,1.500000000005457,0.0,1.500000000005457,0.0,1.500000000005457,,,,
2026-03-19,CONTROL,BID,2026-03-19 23:59:49.932075907,1773964789932075907,2137.8500000000004,2137.5,36.34,3.4984356197352593,0.796855683,0.8795354365314855,3,8.124,0.22355531095211886,2137.6,0.999999999994543,0.0,NONE,,2.115904101,False,True,,0.0,2.5000000000045475,0.0,2.5000000000045475,0.999999999994543,3.4999999999990905,,,,
2026-03-20,CONTROL,BID,2026-03-20 00:00:00.561178497,1773964800561178497,2137.95,2137.8,39.555,4.766811279826464,0.555191577,1.0,1,7.257,0.18346605991657186,2137.9,8.000000000001819,0.0,BOUNCE,5.983580821,0.930362464,False,False,,0.0,0.4999999999972715,0.0,0.4999999999972715,5.0,5.4999999999972715,5.0,5.4999999999972715,8.000000000001819,8.49999999999909
2026-03-20,CONTROL,ASK,2026-03-20 00:00:12.441577380,1773964812441577380,2138.45,2138.6,23.971,2.0983018207282913,0.640994752,1.0,1,5.681,0.23699470193150057,2138.5,-0.0,-11.000000000003638,BREAK,22.628986129,0.049994067,False,False,,-1.000000000003638,-0.500000000001819,-0.0,0.500000000001819,-0.0,0.500000000001819,-1.999999999998181,-1.499999999996362,-0.0,0.500000000001819
2026-03-20,CONTROL,ASK,2026-03-20 00:00:55.174436202,1773964855174436202,2138.75,2139.0,35.324,2.1372216844143272,0.546704158,1.0,2,8.791,0.24886762541048582,2138.9,6.999999999998181,-8.999999999996362,BREAK,7.626108564,2.865059097,False,True,7.626108564,-0.0,1.5000000000009095,-0.0,1.5000000000009095,-6.999999999998181,-5.4999999999972715,1.999999999998181,3.4999999999990905,-8.999999999996362,-7.4999999999954525
2026-03-20,CONTROL,BID,2026-03-20 00:02:15.841577429,1773964935841577429,2139.6499999999996,2139.3,33.087,3.7513605442176874,0.532242139,1.0,3,2.093,0.0632574727234261,2139.4,1.000000000003638,-23.999999999996362,BREAK,14.700987414,1.171768805,False,True,3.418565702,0.0,2.4999999999954525,1.000000000003638,3.4999999999990905,0.0,2.4999999999954525,-20.999999999994543,-18.49999999999909,-23.999999999996362,-21.50000000000091
2026-03-20,CONTROL,BID,2026-03-20 00:03:41.347095477,1773965021347095477,2136.95,2136.7,36.386,4.14442735918902,0.99794003,0.8485326738521553,2,5.638,0.1549497059308525,2136.7999999999997,0.0,-20.999999999994543,BREAK,5.664849234,2.807237501,False,False,0.101920918,-0.999999999994543,0.5000000000063665,-1.999999999998181,-0.4999999999972715,-5.999999999994543,-4.4999999999936335,-10.999999999994543,-9.499999999993634,-5.0,-3.4999999999990905
2026-03-20,CONTROL,ASK,2026-03-20 00:04:29.418089517,1773965069418089517,2136.1499999999996,2136.5,47.37,2.4934859849980255,1.633917374,1.0,3,7.91,0.16698332277812963,2136.4,0.999999999994543,-10.0,BREAK,35.616476675,0.144453984,False,True,6.530716629,-0.0,2.5000000000045475,-0.0,2.5000000000045475,-3.000000000001819,-0.4999999999972715,-0.0,2.5000000000045475,-0.0,2.5000000000045475
2026-03-20,CONTROL,BID,2026-03-20 00:04:58.977416910,1773965098977416910,2136.1499999999996,2136.0,51.159,5.440710411570775,0.525648551,1.0,1,7.765,0.15178170018960496,2136.1,17.000000000007276,-0.999999999994543,BOUNCE,6.057149282,1.105994183,False,False,,0.0,0.4999999999972715,-0.999999999994543,-0.4999999999972715,8.000000000001819,8.49999999999909,0.0,0.4999999999972715,13.000000000001819,13.49999999999909
2026-03-20,CONTROL,BID,2026-03-20 00:15:41.783526478,1773965741783526478,2144.25,2144.1,35.568,3.420986823122054,0.556392695,1.0,1,2.331,0.06553643724696356,2144.2,5.0,-3.000000000001819,BOUNCE,8.689144078,16.757082082,False,False,,0.0,0.500000000001819,0.0,0.500000000001819,5.0,5.500000000001819,1.000000000003638,1.500000000005457,1.999999999998181,2.5
2026-03-20,CONTROL,ASK,2026-03-20 00:15:50.472670556,1773965750472670556,2144.45,2144.8,33.239,2.817939044550888,1.029671184,1.0,3,1.848,0.055597340473540126,2144.7000000000003,5.0,-3.000000000001819,BOUNCE,16.576632926,0.049834253,False,False,0.254564443,-3.000000000001819,-0.4999999999972715,-1.999999999998181,0.5000000000063665,-0.0,2.5000000000045475,-0.0,2.5000000000045475,-0.0,2.5000000000045475
2026-03-20,CONTROL,BID,2026-03-20 00:23:18.942685104,1773966198942685104,2143.25,2143.0,34.861,3.5944733721709543,0.565187152,1.0,2,5.199,0.1491351366856946,2143.1,0.0,-41.00000000000364,BREAK,6.841725061,1.275767027,False,True,4.265468149,0.0,1.5000000000009095,-1.000000000003638,0.4999999999972715,-8.000000000001819,-6.5000000000009095,-16.99999999999818,-15.499999999997272,-41.00000000000364,-39.50000000000273
2026-03-20,CONTROL,ASK,2026-03-20 00:24:01.818283837,1773966241818283837,2139.6499999999996,2139.9,33.242,3.131901262483512,0.573218773,1.0,2,1.425,0.042867456831718914,2139.8,10.0,-11.000000000003638,BOUNCE,3.16611221,0.561953968,False,True,28.317680799,-0.0,1.500000000005457,3.999999999996362,5.500000000001819,3.999999999996362,5.500000000001819,-4.000000000005457,-2.5,-10.0,-8.499999999994543
2026-03-20,CONTROL,BID,2026-03-20 00:27:33.631148274,1773966453631148274,2140.6499999999996,2140.5,15.739,2.394128384545178,1.326798323,1.0,1,2.335,0.14835758307389288,2140.6,3.000000000001819,-7.999999999992724,BREAK,7.652393576,7.373627535,False,False,,1.000000000003638,1.5000000000009095,0.0,0.4999999999972715,-3.999999999996362,-3.4999999999990905,-0.999999999994543,-0.4999999999972715,0.0,0.4999999999972715
2026-03-20,CONTROL,ASK,2026-03-20 00:35:30.493647338,1773966930493647338,2145.3500000000004,2145.5,36.169,3.868962935230251,0.510785151,1.0,1,3.741,0.10343111504326911,2145.4,7.000000000007276,-23.999999999996362,BREAK,6.759466801,1.742590368,False,False,,-0.0,0.4999999999972715,-0.0,0.4999999999972715,-7.999999999992724,-7.4999999999954525,-21.99999999999818,-21.50000000000091,7.000000000007276,7.5000000000045475
2026-03-20,CONTROL,ASK,2026-03-20 00:39:21.237607241,1773967161237607241,2146.95,2147.3,35.734,2.8615815815815817,1.564660771,0.9335938403225935,3,3.6630000000000003,0.10250741590641965,2147.2000000000003,-0.0,-19.000000000005457,BREAK,4.239140772,3.47245952,False,False,0.306972564,-1.999999999998181,0.5000000000063665,-6.999999999998181,-4.4999999999936335,-8.000000000001819,-5.4999999999972715,-16.99999999999818,-14.499999999993634,-10.0,-7.4999999999954525
2026-03-20,CONTROL,BID,2026-03-20 00:43:20.383928516,1773967400383928516,2146.95,2146.8,35.482,3.63284529538241,0.610757287,1.0,1,2.328,0.0656107322022434,2146.9,0.0,-5.0,BREAK,1.277722397,1.226237776,False,False,,-0.999999999994543,-0.4999999999972715,-3.000000000001819,-2.5000000000045475,-5.0,-4.5000000000027285,-3.999999999996362,-3.4999999999990905,-5.0,-4.5000000000027285
2026-03-20,CONTROL,BID,2026-03-20 00:44:01.062555252,1773967441062555252,2146.45,2146.2,30.276,2.6626797414361727,1.438692159,1.0,2,3.34,0.11031840401638261,2146.2999999999997,3.000000000001819,-5.999999999994543,BREAK,27.572158932,0.080100814,False,True,26.652020159,0.0,1.5000000000009095,0.0,1.5000000000009095,0.0,1.5000000000009095,-5.999999999994543,-4.4999999999936335,1.999999999998181,3.4999999999990905
2026-03-20,CONTROL,BID,2026-03-20 00:52:13.017718589,1773967933017718589,2146.45,2146.3,32.49,4.486020020711081,0.533940887,1.0,1,0.96,0.02954755309325946,2146.4,1.999999999998181,-25.999999999994543,BREAK,2.655345448,2.655345448,False,False,,0.0,0.4999999999972715,-3.999999999996362,-3.4999999999990905,-3.999999999996362,-3.4999999999990905,-3.999999999996362,-3.4999999999990905,-25.0,-24.50000000000273
2026-03-20,CONTROL,ASK,2026-03-20 00:53:07.435824041,1773967987435824041,2143.95,2144.2,34.073,2.7930977949012217,0.553016953,1.0,2,6.133,0.1799958911748305,2144.1,5.0,-3.000000000001819,BREAK,6.0862301,4.283356105,False,True,6.0862301,-0.0,1.5000000000009095,-0.0,1.5000000000009095,-3.000000000001819,-1.5000000000009095,-1.999999999998181,-0.4999999999972715,-1.999999999998181,-0.4999999999972715
2026-03-20,CONTROL,BID,2026-03-20 00:58:08.348513977,1773968288348513977,2144.3500000000004,2144.0,85.157,9.35534193902774,0.71284109,1.0,3,9.019,0.10591025987294057,2144.1,10.0,-6.000000000003638,BREAK,5.87104893,0.409837672,False,True,5.87104893,0.0,2.5000000000045475,0.0,2.5000000000045475,-6.000000000003638,-3.4999999999990905,-2.000000000007276,0.4999999999972715,10.0,12.500000000004547
2026-03-20,CONTROL,BID,2026-03-20 01:01:12.443400086,1773968472443400086,2148.95,2148.8,32.92,4.079811624736647,0.71294214,0.9957081496122533,1,7.136,0.21676792223572297,2148.9,19.000000000005457,-0.999999999994543,BOUNCE,1.889596238,3.564696739,False,False,,0.0,0.4999999999972715,15.0,15.499999999997272,1.000000000003638,1.5000000000009095,16.99999999999818,17.499999999995453,15.0,15.499999999997272
2026-03-20,CONTROL,ASK,2026-03-20 01:02:17.090265859,1773968537090265859,2153.25,2153.6,18.433,3.7238383838383844,0.562254746,1.0,3,2.512,0.13627732870395487,2153.5,23.999999999996362,-11.000000000003638,BREAK,0.303663317,0.100250307,False,False,0.05133908,-11.000000000003638,-8.500000000003638,10.0,12.5,15.0,17.5,1.999999999998181,4.499999999998181,23.00000000000182,25.50000000000182
2026-03-20,CONTROL,ASK,2026-03-20 01:04:22.335399375,1773968662335399375,2149.45,2149.6,33.452,2.070497942004766,1.432682027,1.0,1,8.113,0.24252660528518474,2149.5,3.999999999996362,-26.000000000003638,BOUNCE,1.632027707,8.114421531,False,False,,0.999999999994543,1.499999999996362,3.999999999996362,4.499999999998181,-3.000000000001819,-2.5,-5.0,-4.499999999998181,-25.0,-24.49999999999818
2026-03-20,CONTROL,BID,2026-03-20 01:04:23.814352214,1773968663814352214,2149.3500000000004,2149.1,36.442,4.444688376631297,0.510657451,1.0,2,5.117,0.14041490587783326,2149.2,26.99999999999818,-3.000000000001819,BREAK,0.252252319,0.153074868,False,False,0.153074868,-3.000000000001819,-1.499999999996362,-3.000000000001819,-1.499999999996362,3.999999999996362,5.500000000001819,10.0,11.500000000005457,23.999999999996362,25.50000000000182
2026-03-20,CONTROL,BID,2026-03-20 01:08:37.433132931,1773968917433132931,2150.8500000000004,2150.7,36.324,2.5234638229879467,1.890762102,1.0,1,6.05,0.16655654663583305,2150.7999999999997,11.999999999998181,-5.0,BREAK,2.40046743,1.102675581,False,False,,0.0,0.5000000000063665,-3.000000000001819,-2.4999999999954525,11.999999999998181,12.500000000004547,2.999999999992724,3.4999999999990905,8.999999999996362,9.500000000002728
2026-03-20,CONTROL,BID,2026-03-20 01:11:49.173333151,1773969109173333151,2150.8500000000004,2150.5,40.705,4.334007666098808,0.763118387,0.9731073142128339,3,8.373999999999999,0.2057241125168898,2150.6,12.999999999992724,-8.000000000001819,BREAK,6.951498336,4.422789917,False,True,6.902940541,0.0,2.5000000000045475,0.0,2.5000000000045475,-6.000000000003638,-3.4999999999990905,-1.000000000003638,1.5000000000009095,12.999999999992724,15.499999999997272
2026-03-20,CONTROL,BID,2026-03-20 01:13:41.473032191,1773969221473032191,2152.1499999999996,2151.9,23.267,3.303329310712004,0.508648326,0.8799931290838456,2,5.109999999999999,0.2196243606825117,2152.0,12.000000000007276,0.0,BOUNCE,9.028902262,1.985818426,False,True,,0.0,1.499999999996362,0.0,1.499999999996362,2.000000000007276,3.500000000003638,12.000000000007276,13.500000000003638,1.000000000003638,2.5
2026-03-20,CONTROL,ASK,2026-03-20 01:15:51.435586215,1773969351435586215,2153.05,2153.3,38.332,2.505441354292624,0.544165327,1.0,2,7.256,0.189293540644892,2153.2000000000003,11.000000000003638,-1.999999999998181,BOUNCE,4.783400669,6.112810892,False,True,17.593218978,-0.0,1.5000000000009095,3.000000000001819,4.5000000000027285,5.0,6.5000000000009095,-0.999999999994543,0.5000000000063665,5.0,6.5000000000009095
2026-03-20,CONTROL,ASK,2026-03-20 01:17:34.757384809,1773969454757384809,2151.6499999999996,2151.8,26.812,2.3653125137841298,0.77056238,1.0,1,4.669,0.1741384454721766,2151.7000000000003,15.999999999994543,-1.000000000003638,BOUNCE,3.235497313,3.235497313,False,False,,-0.0,0.5000000000063665,1.999999999998181,2.5000000000045475,-1.000000000003638,-0.4999999999972715,10.0,10.500000000006366,15.999999999994543,16.50000000000091
2026-03-20,CONTROL,BID,2026-03-20 01:17:59.579256023,1773969479579256023,2151.55,2151.4,32.524,3.0283054003724397,0.513534266,1.0,1,0.464,0.014266387898167508,2151.5,0.0,-20.0,BREAK,0.101698342,0.101698342,False,False,,-5.0,-4.499999999998181,-9.000000000005457,-8.500000000003638,-10.0,-9.499999999998181,-15.0,-14.499999999998181,-20.0,-19.49999999999818
2026-03-20,CONTROL,BID,2026-03-20 01:26:58.535681878,1773970018535681878,2149.95,2149.8,35.604,3.970558715289394,0.521303412,1.0,1,4.651,0.13063138973149085,2149.9,0.0,0.0,NONE,,54.013351146,False,False,,0.0,0.4999999999972715,0.0,0.4999999999972715,0.0,0.4999999999972715,0.0,0.4999999999972715,0.0,0.4999999999972715
2026-03-20,CONTROL,ASK,2026-03-20 01:30:31.598690969,1773970231598690969,2151.55,2151.9,47.246,5.354564515215052,0.558025817,0.9788994475859528,3,1.181,0.02499682512805317,2151.8,-0.0,-33.00000000000182,BREAK,0.972498106,0.870788439,False,False,0.870788439,-5.0,-2.5,-5.0,-2.5,-8.999999999996362,-6.499999999996362,-33.00000000000182,-30.50000000000182,-23.999999999996362,-21.499999999996362
2026-03-20,CONTROL,ASK,2026-03-20 01:38:07.935847731,1773970687935847731,2154.05,2154.3,41.309,2.961324778665902,0.558846846,1.0,2,5.976,0.14466581132440873,2154.2000000000003,-0.0,-36.99999999999818,BREAK,15.215955624,1.432539132,False,False,1.432539132,-0.0,1.5000000000009095,-0.999999999994543,0.5000000000063665,-0.999999999994543,0.5000000000063665,-8.999999999996362,-7.4999999999954525,-10.0,-8.49999999999909
2026-03-20,CONTROL,BID,2026-03-20 01:42:01.713796414,1773970921713796414,2159.45,2159.3,12.617,2.049545159194282,1.275709184,0.8792049309256992,1,3.154,0.2499801854640564,2159.4,6.999999999998181,-6.999999999998181,BOUNCE,1.530413533,14.08375685,False,False,,0.0,0.4999999999972715,5.0,5.4999999999972715,6.000000000003638,6.5000000000009095,6.999999999998181,7.4999999999954525,-6.999999999998181,-6.5000000000009095
2026-03-20,CONTROL,BID,2026-03-20 01:46:45.539814731,1773971205539814731,2159.8500000000004,2159.6,34.736,3.6134401331530217,0.551980598,1.0,2,5.59,0.16092814371257486,2159.7,0.0,-35.0,BREAK,11.59798124,1.28047463,False,False,1.680483513,0.0,1.500000000005457,-1.000000000003638,0.500000000001819,-2.000000000007276,-0.500000000001819,-25.0,-23.499999999994543,-35.0,-33.49999999999454
2026-03-20,CONTROL,ASK,2026-03-20 01:47:30.623517444,1773971250623517444,2156.6499999999996,2156.8,32.869,2.4618207692019625,1.483624717,0.8591501431557775,1,5.282,0.1606985305302869,2156.7000000000003,5.0,-7.000000000007276,BOUNCE,13.172196897,14.400026483,False,False,,-0.0,0.5000000000063665,-0.0,0.5000000000063665,-0.0,0.5000000000063665,-6.000000000003638,-5.4999999999972715,-7.000000000007276,-6.5000000000009095
2026-03-20,CONTROL,BID,2026-03-20 02:01:35.796595619,1773972095796595619,2147.05,2146.8,35.16,3.8529395649553444,0.635495389,1.0,2,5.989000000000001,0.17033560864618888,2146.9,13.000000000001819,-1.999999999998181,BOUNCE,21.584060467,25.976988893,False,False,0.051067797,-1.000000000003638,0.4999999999972715,0.0,1.5000000000009095,0.0,1.5000000000009095,10.999999999994543,12.499999999995453,11.999999999998181,13.49999999999909
2026-03-20,CONTROL,BID,2026-03-20 02:08:44.594007402,1773972524594007402,2148.95,2148.8,33.174,2.766113566246977,1.131130455,1.0,1,0.465,0.014017001266051729,2148.9,-0.999999999994543,-18.00000000000182,BREAK,0.59476014,0.049428388,False,False,,-1.999999999998181,-1.5000000000009095,-1.999999999998181,-1.5000000000009095,-3.000000000001819,-2.5000000000045475,-5.0,-4.5000000000027285,-16.99999999999818,-16.50000000000091
2026-03-20,CONTROL,ASK,2026-03-20 02:14:21.674895471,1773972861674895471,2145.75,2146.1,40.861,4.148956693912779,0.744010695,0.8475882944128915,3,8.568999999999999,0.2097109713418663,2146.0,18.00000000000182,-1.999999999998181,BOUNCE,26.529099475,1.054383693,False,True,7.113360646,-0.0,2.5,-1.000000000003638,1.499999999996362,-1.999999999998181,0.500000000001819,1.999999999998181,4.499999999998181,18.00000000000182,20.50000000000182
2026-03-20,CONTROL,ASK,2026-03-20 02:16:01.854247360,1773972961854247360,2143.55,2143.8,35.331,2.7172466833301288,1.226905271,0.9084250784019984,2,4.476,0.12668761144603888,2143.7000000000003,15.0,-3.000000000001819,BREAK,3.679081293,3.323188144,False,False,3.372924937,-0.0,1.5000000000009095,-0.0,1.5000000000009095,4.000000000005457,5.5000000000063665,8.000000000001819,9.500000000002728,15.0,16.50000000000091
2026-03-20,CONTROL,ASK,2026-03-20 02:17:30.494773082,1773973050494773082,2143.1499999999996,2143.3,25.631,2.4510853973414934,0.520842151,1.0,1,6.065,0.2366275213608521,2143.2000000000003,7.999999999992724,-15.0,BOUNCE,2.442372634,0.390772085,False,False,,-0.0,0.5000000000063665,7.999999999992724,8.49999999999909,7.999999999992724,8.49999999999909,-0.0,0.5000000000063665,-14.000000000005457,-13.49999999999909
2026-03-20,CONTROL,BID,2026-03-20 02:21:59.200272685,1773973319200272685,2142.1499999999996,2142.0,40.086,2.9288715157271765,0.56519965,1.0,1,5.247,0.13089357880556804,2142.1,0.0,-28.999999999996362,BREAK,5.733739167,1.243735786,False,False,,0.0,0.4999999999972715,0.0,0.4999999999972715,-12.999999999992724,-12.499999999995453,-11.999999999998181,-11.50000000000091,-28.999999999996362,-28.49999999999909
2026-03-20,CONTROL,ASK,2026-03-20 02:30:02.508661314,1773973802508661314,2139.45,2139.7,35.632,2.9603289992938144,0.718399581,1.0,2,4.964,0.13931297709923665,2139.6,23.00000000000182,-9.000000000005457,BREAK,11.080779356,0.102054307,False,False,0.102054307,-1.000000000003638,0.4999999999972715,-1.999999999998181,-0.4999999999972715,-1.999999999998181,-0.4999999999972715,10.0,11.50000000000091,20.999999999994543,22.499999999995453
2026-03-20,CONTROL,BID,2026-03-20 02:32:20.835651555,1773973940835651555,2137.25,2136.9,58.131,4.506279069767442,1.633333917,1.0,3,7.048,0.12124339853090434,2137.0,0.0,-33.99999999999636,BREAK,14.806817723,6.028070758,False,True,14.704745386,-1.000000000003638,1.499999999996362,-1.000000000003638,1.499999999996362,-1.000000000003638,1.499999999996362,-6.000000000003638,-3.500000000003638,-33.99999999999636,-31.499999999996362
2026-03-20,CONTROL,ASK,2026-03-20 02:33:25.857041462,1773974005857041462,2133.8500000000004,2134.2,26.192,2.0529863614986676,0.556271874,0.9923430570570246,3,0.829,0.031650885766646306,2134.1,-0.0,-15.0,BREAK,0.514872613,0.194923103,False,False,0.304091152,-5.999999999994543,-3.4999999999990905,-6.999999999998181,-4.5000000000027285,-13.999999999996362,-11.50000000000091,-2.999999999992724,-0.4999999999972715,-10.999999999994543,-8.49999999999909
2026-03-20,CONTROL,ASK,2026-03-20 02:43:12.696329789,1773974592696329789,2141.6499999999996,2141.9,38.145,2.9605339749311192,0.503233442,1.0,2,7.561,0.19821732861449728,2141.8,-0.0,-23.00000000000182,BREAK,0.472249988,0.265612614,False,False,0.215704975,-5.0,-3.499999999994543,-2.000000000007276,-0.500000000001819,-19.000000000005457,-17.5,-17.000000000007276,-15.500000000001819,-23.00000000000182,-21.499999999996362
2026-03-20,CONTROL,ASK,2026-03-20 02:43:34.609740423,1773974614609740423,2143.45,2143.6,13.745,2.651427469135802,0.513991386,0.7779295546404351,1,1.266,0.09210622044379775,2143.5,3.000000000001819,-5.0,BOUNCE,15.872840269,0.138555618,False,False,,-0.0,0.500000000001819,0.999999999994543,1.499999999996362,0.999999999994543,1.499999999996362,-0.0,0.500000000001819,-3.000000000001819,-2.5
2026-03-20,CONTROL,BID,2026-03-20 02:45:26.392458140,1773974726392458140,2144.3500000000004,2144.1,38.233,2.7289793004996428,0.554037711,1.0,2,8.111,0.21214657494834308,2144.2,0.0,-38.00000000000182,BREAK,15.068569412,0.824110122,False,True,10.87854304,0.0,1.500000000005457,0.0,1.500000000005457,0.0,1.500000000005457,-34.00000000000546,-32.5,-38.00000000000182,-36.49999999999636
2026-03-20,CONTROL,ASK,2026-03-20 02:54:20.779667443,1773975260779667443,2145.75,2146.1,26.141,2.2770905923344946,1.157031641,0.9589293193754587,3,1.2670000000000001,0.048467923950881765,2146.0,-0.0,-40.0,BREAK,1.931344509,0.883926059,False,False,0.883926059,-3.000000000001819,-0.500000000001819,-3.999999999996362,-1.499999999996362,-3.999999999996362,-1.499999999996362,-23.00000000000182,-20.50000000000182,-38.99999999999636,-36.49999999999636
2026-03-20,CONTROL,ASK,2026-03-20 02:57:00.079424638,1773975420079424638,2146.6499999999996,2146.8,23.3,2.0443079622724283,0.600007314,0.9589193341066505,1,0.245,0.010515021459227468,2146.7000000000003,0.999999999994543,-3.000000000001819,BREAK,18.365601693,5.916958612,False,False,,-0.0,0.5000000000063665,-0.0,0.5000000000063665,-0.0,0.5000000000063665,0.999999999994543,1.5000000000009095,-2.000000000007276,-1.5000000000009095
2026-03-20,CONTROL,BID,2026-03-20 03:04:03.883332743,1773975843883332743,2147.25,2147.0,35.896,3.007750638904018,0.509733216,1.0,2,3.753,0.10455203922442612,2147.1,0.0,-26.99999999999818,BREAK,1.991059622,0.095923612,False,True,1.734762252,0.0,1.5000000000009095,-6.999999999998181,-5.4999999999972715,-11.999999999998181,-10.499999999997272,-16.99999999999818,-15.499999999997272,-26.99999999999818,-25.49999999999727
2026-03-20,CONTROL,BID,2026-03-20 03:06:24.330218356,1773975984330218356,2146.75,2146.4,36.188,2.7805908794037424,0.564773921,1.0,3,7.307,0.20191776279429646,2146.5,21.99999999999818,-1.999999999998181,BOUNCE,11.185454475,11.185454475,False,False,4.60231688,0.0,2.5,-1.999999999998181,0.500000000001819,-1.000000000003638,1.499999999996362,3.999999999996362,6.499999999996362,16.000000000003638,18.500000000003638
2026-03-20,CONTROL,ASK,2026-03-20 03:11:54.935881408,1773976314935881408,2145.95,2146.1,36.492,2.34306077241645,0.537059457,0.9770980292038689,1,0.091,0.0024936972487120466,2146.0,-0.0,-15.0,BREAK,19.412291063,1.392197497,False,False,,-0.0,0.500000000001819,-0.0,0.500000000001819,-0.0,0.500000000001819,-6.999999999998181,-6.499999999996362,-15.0,-14.499999999998181
2026-03-20,CONTROL,BID,2026-03-20 03:13:38.193005776,1773976418193005776,2147.55,2147.4,36.886,2.0754536503024337,0.55260435,1.0,1,2.328,0.0631133763487502,2147.5,0.0,-10.0,BREAK,9.910843303,9.253022602,False,False,,0.0,0.500000000001819,0.0,0.500000000001819,-3.000000000001819,-2.5,-4.000000000005457,-3.500000000003638,-10.0,-9.499999999998181
2026-03-20,CONTROL,ASK,2026-03-20 03:19:04.217217207,1773976744217217207,2147.95,2148.2,56.284,5.063332133861101,1.632898034,0.9698287480453908,2,13.719000000000001,0.24374600241631728,2148.1,-0.0,-29.000000000005457,BREAK,1.175310942,1.121168203,False,False,0.153354773,-1.999999999998181,-0.4999999999972715,-21.99999999999818,-20.49999999999727,-28.00000000000182,-26.50000000000091,-19.000000000005457,-17.500000000004547,-26.000000000003638,-24.50000000000273
2026-03-20,CONTROL,BID,2026-03-20 03:25:06.292592762,1773977106292592762,2149.75,2149.5,36.576,3.1198874056382477,1.639108169,1.0,2,4.651,0.12715988626421695,2149.6,3.000000000001819,-1.000000000003638,BOUNCE,5.716749776,0.044793164,False,True,2.298034604,0.0,1.5000000000009095,-1.000000000003638,0.4999999999972715,1.999999999998181,3.4999999999990905,3.000000000001819,4.5000000000027285,1.999999999998181,3.4999999999990905
2026-03-20,CONTROL,ASK,2026-03-20 03:29:46.893417112,1773977386893417112,2152.45,2152.6,25.593,2.058556203498894,0.508990462,1.0,1,3.122,0.12198648067831047,2152.5,-0.0,-41.99999999999818,BREAK,3.679988256,3.629016287,False,False,,-0.0,0.500000000001819,-6.000000000003638,-5.500000000001819,-6.000000000003638,-5.500000000001819,-35.0,-34.49999999999818,-31.99999999999818,-31.499999999996362
2026-03-20,CONTROL,ASK,2026-03-20 03:29:51.198277709,1773977391198277709,2152.8500000000004,2153.2,38.472,3.852979469203806,0.575897854,0.9470718152736857,3,8.669,0.22533270950301518,2153.1,-0.0,-37.999999999992724,BREAK,11.833473385,0.191030947,False,False,0.191030947,-1.999999999998181,0.4999999999972715,-1.999999999998181,0.4999999999972715,-1.999999999998181,0.4999999999972715,-21.99999999999818,-19.50000000000273,-28.999999999996362,-26.50000000000091
2026-03-20,CONTROL,BID,2026-03-20 03:32:59.947361024,1773977579947361024,2155.6499999999996,2155.5,32.871,3.141041567128524,1.480063369,1.0,1,3.69,0.11225700465455872,2155.6,2.000000000007276,-6.999999999998181,BREAK,0.106432058,0.04781231,False,False,,0.0,0.4999999999972715,0.0,0.4999999999972715,-0.999999999994543,-0.4999999999972715,-3.999999999996362,-3.4999999999990905,2.000000000007276,2.5000000000045475
2026-03-20,CONTROL,BID,2026-03-20 03:48:36.052621310,1773978516052621310,2151.55,2151.4,33.724,2.7957720207253884,1.734956959,1.0,1,7.901,0.23428418930138775,2151.5,6.999999999998181,-6.000000000003638,BOUNCE,4.446831269,5.877038166,False,False,,0.0,0.500000000001819,3.999999999996362,4.499999999998181,5.999999999994543,6.499999999996362,-4.000000000005457,-3.500000000003638,-6.000000000003638,-5.500000000001819
2026-03-20,CONTROL,ASK,2026-03-20 03:48:38.152749363,1773978518152749363,2151.55,2151.7,36.319,2.818922694815275,0.516593454,1.0,1,2.323,0.0639610121424048,2151.6,6.000000000003638,-6.999999999998181,BREAK,2.346703216,2.346703216,False,False,,-0.0,0.4999999999972715,-6.999999999998181,-6.5000000000009095,-3.999999999996362,-3.4999999999990905,4.000000000005457,4.5000000000027285,6.000000000003638,6.5000000000009095
2026-03-20,CONTROL,BID,2026-03-20 03:50:01.461779645,1773978601461779645,2150.6499999999996,2150.4,33.728,3.815168825292688,0.679700472,1.0,2,1.4340000000000002,0.042516603415559774,2150.5,35.0,-5.999999999994543,BREAK,1.425246493,0.051552354,False,False,0.051552354,-1.999999999998181,-0.500000000001819,-3.999999999996362,-2.5,-5.0,-3.500000000003638,32.000000000007276,33.50000000000364,22.000000000007276,23.500000000003638
2026-03-20,CONTROL,ASK,2026-03-20 03:54:25.184979289,1773978865184979289,2152.8500000000004,2153.1,35.183,2.694466781543174,0.803943595,1.0,2,5.3999999999999995,0.15348321632606654,2153.0,1.000000000003638,-3.999999999996362,BREAK,10.518482543,10.467396292,False,False,10.518482543,-0.0,1.499999999996362,-0.0,1.499999999996362,-0.0,1.499999999996362,1.000000000003638,2.5,1.000000000003638,2.5
2026-03-20,CONTROL,BID,2026-03-20 04:00:21.498506505,1773979221498506505,2151.8500000000004,2151.5,33.425,2.955218602183811,0.517002755,1.0,3,0.198,0.0059237097980553485,2151.6,0.0,-11.000000000003638,BREAK,10.708015719,1.05527834,False,True,2.129066379,0.0,2.5000000000045475,-2.000000000007276,0.4999999999972715,-2.000000000007276,0.4999999999972715,-4.000000000005457,-1.5000000000009095,-11.000000000003638,-8.49999999999909
2026-03-20,CONTROL,ASK,2026-03-20 04:01:46.422335137,1773979306422335137,2151.3500000000004,2151.5,52.22,4.717893120115643,1.370206055,0.9785484687556719,1,7.437,0.14241669858291844,2151.4,-0.0,-17.999999999992724,BREAK,10.105295616,10.012436084,False,False,,-0.0,0.4999999999972715,-0.0,0.4999999999972715,-0.999999999994543,-0.4999999999972715,-10.0,-9.500000000002728,-17.999999999992724,-17.499999999995453
2026-03-20,CONTROL,BID,2026-03-20 04:08:05.267800331,1773979685267800331,2158.75,2158.6,12.276,2.025909728525456,1.771506035,0.9402664823549416,1,2.316,0.18866080156402737,2158.7,3.999999999996362,-6.999999999998181,BREAK,8.314621909,2.961013947,False,False,,0.0,0.500000000001819,0.0,0.500000000001819,-6.999999999998181,-6.499999999996362,-6.000000000003638,-5.500000000001819,-1.000000000003638,-0.500000000001819
2026-03-20,CONTROL,BID,2026-03-20 04:10:58.036356702,1773979858036356702,2156.6499999999996,2156.4,36.037,4.523567438649344,0.933071941,1.0,2,6.644,0.18436606820767545,2156.5,9.000000000005457,-1.999999999998181,BOUNCE,9.376101126,1.921991003,False,False,1.82299895,0.0,1.499999999996362,-1.999999999998181,-0.500000000001819,3.000000000001819,4.499999999998181,7.000000000007276,8.500000000003638,9.000000000005457,10.500000000001819
2026-03-20,CONTROL,BID,2026-03-20 04:17:23.493083237,1773980243493083237,2155.95,2155.8,11.519,2.33083771752327,0.530021402,1.0,1,0.96,0.08334056775761785,2155.9,-0.999999999994543,-16.99999999999818,BREAK,0.659932636,0.659932636,False,False,,-1.999999999998181,-1.5000000000009095,-3.000000000001819,-2.5000000000045475,-3.999999999996362,-3.4999999999990905,-10.0,-9.500000000002728,-16.99999999999818,-16.50000000000091
2026-03-20,CONTROL,ASK,2026-03-20 04:17:45.337432239,1773980265337432239,2154.95,2155.3,32.575,3.212841503106816,1.079166718,1.0,3,1.264,0.038802762854950115,2155.2000000000003,8.999999999996362,-3.000000000001819,BOUNCE,9.695251271,13.264534338,False,False,0.10100806,-3.000000000001819,-0.4999999999972715,-0.0,2.5000000000045475,1.999999999998181,4.5000000000027285,5.999999999994543,8.49999999999909,6.999999999998181,9.500000000002728
2026-03-20,CONTROL,ASK,2026-03-20 04:22:16.073814485,1773980536073814485,2154.1499999999996,2154.3,34.549,2.5422369389256807,1.381453216,1.0,1,8.182,0.23682306289617647,2154.2000000000003,20.0,-0.0,BOUNCE,2.601579572,5.306088639,False,False,,0.999999999994543,1.5000000000009095,5.999999999994543,6.5000000000009095,5.999999999994543,6.5000000000009095,6.999999999998181,7.5000000000045475,5.999999999994543,6.5000000000009095
2026-03-20,CONTROL,BID,2026-03-20 04:25:59.483298405,1773980759483298405,2154.1499999999996,2153.9,32.929,3.1411809596489553,0.521676744,1.0,2,0.532,0.016155971939627683,2154.0,5.0,-3.999999999996362,BREAK,0.638638489,0.59226881,False,False,0.38667918,-3.999999999996362,-2.5,-3.999999999996362,-2.5,-3.999999999996362,-2.5,5.0,6.499999999996362,-1.999999999998181,-0.500000000001819
2026-03-20,CONTROL,BID,2026-03-20 04:33:30.940801867,1773981210940801867,2145.1499999999996,2145.0,36.753,2.948377521960611,0.506673909,1.0,1,5.373,0.1461921475797894,2145.1,0.0,-20.999999999994543,BREAK,0.310848049,0.310848049,False,False,,-3.999999999996362,-3.4999999999990905,-3.999999999996362,-3.4999999999990905,-5.0,-4.5000000000027285,-10.0,-9.500000000002728,-10.0,-9.500000000002728
2026-03-20,CONTROL,BID,2026-03-20 04:38:41.535533306,1773981521535533306,2142.3500000000004,2142.0,38.895,10.351297405189621,0.980456873,1.0,3,6.587,0.16935338732484892,2142.1,5.999999999994543,-1.000000000003638,BOUNCE,6.027067625,1.016762442,False,True,,-1.000000000003638,1.5000000000009095,-1.000000000003638,1.5000000000009095,3.999999999996362,6.5000000000009095,3.999999999996362,6.5000000000009095,0.0,2.5000000000045475
2026-03-20,CONTROL,ASK,2026-03-20 04:40:58.686584883,1773981658686584883,2141.8500000000004,2142.1,30.677,3.3889748121962,0.921979856,1.0,2,3.267,0.10649672392998011,2142.0,16.000000000003638,-0.0,BOUNCE,4.081512931,0.458558096,False,True,,-0.0,1.499999999996362,2.000000000007276,3.500000000003638,2.000000000007276,3.500000000003638,5.0,6.499999999996362,16.000000000003638,17.5
2026-03-20,CONTROL,BID,2026-03-20 04:43:59.798211616,1773981839798211616,2140.1499999999996,2139.9,11.85,2.006094464195023,0.51283234,1.0,2,1.2670000000000001,0.1069198312236287,2140.0,3.000000000001819,-0.999999999994543,BOUNCE,36.711637758,0.409599669,False,True,1.124364582,0.0,1.499999999996362,-0.999999999994543,0.500000000001819,-0.999999999994543,0.500000000001819,1.000000000003638,2.5,3.000000000001819,4.499999999998181
2026-03-20,CONTROL,ASK,2026-03-20 04:46:08.540268855,1773981968540268855,2140.45,2140.8,203.197,16.349277869413044,0.504891489,1.0,3,30.595,0.15056816783712357,2140.7000000000003,3.000000000001819,-4.000000000005457,BREAK,4.292024305,2.038843769,False,True,4.292024305,-0.0,2.5000000000045475,-4.000000000005457,-1.5000000000009095,-4.000000000005457,-1.5000000000009095,0.999999999994543,3.4999999999990905,3.000000000001819,5.5000000000063665
2026-03-20,CONTROL,ASK,2026-03-20 04:48:38.737581283,1773982118737581283,2142.25,2142.4,161.709,14.590724533068665,1.478960899,1.0,1,13.133,0.08121378525623187,2142.3,3.000000000001819,-13.999999999996362,BOUNCE,0.050254892,10.156941516,False,False,,3.000000000001819,3.500000000003638,3.000000000001819,3.500000000003638,3.000000000001819,3.500000000003638,-6.000000000003638,-5.500000000001819,-13.999999999996362,-13.499999999994543
2026-03-20,CONTROL,BID,2026-03-20 04:56:29.373618881,1773982589373618881,2147.75,2147.4,53.565,12.591678420310295,1.213492564,1.0,3,3.0,0.05600672080649678,2147.5,-1.999999999998181,-3.000000000001819,NONE,,3.021571061,False,False,0.063555831,-1.999999999998181,0.500000000001819,-1.999999999998181,0.500000000001819,-1.999999999998181,0.500000000001819,-1.999999999998181,0.500000000001819,-3.000000000001819,-0.500000000001819
2026-03-20,CONTROL,ASK,2026-03-20 05:03:46.853657749,1773983026853657749,2149.95,2150.3,10.476,2.422756706753007,1.327989085,0.8410280977572945,3,0.258,0.024627720504009163,2150.2000000000003,31.99999999999818,-13.000000000001819,BREAK,0.102102099,0.050484851,False,False,0.102102099,-11.000000000003638,-8.49999999999909,-8.000000000001819,-5.4999999999972715,-1.000000000003638,1.5000000000009095,3.999999999996362,6.5000000000009095,31.99999999999818,34.50000000000273
2026-03-20,CONTROL,BID,2026-03-20 05:04:58.058566209,1773983098058566209,2147.3500000000004,2147.2,35.793,4.806687705633519,0.516400456,1.0,1,5.121,0.14307266784008046,2147.2999999999997,2.999999999992724,-15.0,BOUNCE,5.390506834,1.581202472,False,False,,0.0,0.5000000000063665,0.999999999994543,1.5000000000009095,-3.000000000001819,-2.4999999999954525,-10.0,-9.499999999993634,-10.0,-9.499999999993634
2026-03-20,CONTROL,ASK,2026-03-20 05:09:38.989203366,1773983378989203366,2149.55,2149.8,52.386,5.105101593334308,0.518257605,1.0,2,4.326,0.08257931508418279,2149.7000000000003,-0.0,-10.999999999994543,BREAK,2.394301876,0.914390563,False,True,2.394301876,-0.0,1.5000000000009095,-3.999999999996362,-2.4999999999954525,-5.999999999994543,-4.4999999999936335,-10.999999999994543,-9.499999999993634,-5.999999999994543,-4.4999999999936335
2026-03-20,CONTROL,BID,2026-03-20 05:17:59.864793335,1773983879864793335,2149.6499999999996,2149.4,35.731,8.250057723389519,1.570827466,1.0,2,7.572,0.21191682292687022,2149.5,0.0,-13.999999999996362,BREAK,0.581854468,0.375270587,False,False,0.326906334,-3.999999999996362,-2.5,-7.999999999992724,-6.499999999996362,-7.999999999992724,-6.499999999996362,-8.999999999996362,-7.5,-13.999999999996362,-12.5
2026-03-20,CONTROL,BID,2026-03-20 05:18:59.089560636,1773983939089560636,2148.25,2147.9,36.06,4.567447751741609,0.562547117,1.0,3,8.538,0.2367720465890183,2148.0,13.000000000001819,-1.000000000003638,BOUNCE,26.344638673,1.992107096,False,True,,0.0,2.5,0.0,2.5,-1.000000000003638,1.499999999996362,3.000000000001819,5.500000000001819,13.000000000001819,15.500000000001819
2026-03-20,CONTROL,ASK,2026-03-20 05:21:24.002090391,1773984084002090391,2149.45,2149.8,35.259,2.4159101031210386,0.501997083,1.0,3,2.326,0.06596897246093196,2149.7000000000003,10.999999999994543,-0.0,BOUNCE,12.26009466,16.441072221,False,True,,-0.0,2.5000000000045475,-0.0,2.5000000000045475,-0.0,2.5000000000045475,5.999999999994543,8.49999999999909,10.999999999994543,13.49999999999909
2026-03-20,CONTROL,ASK,2026-03-20 05:28:21.430593572,1773984501430593572,2143.6499999999996,2143.8,32.079,4.644754940997611,0.564959961,1.0,1,2.798,0.08722217026715297,2143.7000000000003,2.999999999992724,-5.0,BOUNCE,3.302572857,3.362283497,False,False,,-0.0,0.5000000000063665,2.999999999992724,3.4999999999990905,2.999999999992724,3.4999999999990905,-4.000000000005457,-3.4999999999990905,-1.000000000003638,-0.4999999999972715
2026-03-20,CONTROL,ASK,2026-03-20 05:28:42.843721830,1773984522843721830,2144.1499999999996,2144.4,32.923,2.7353772017281486,0.503526659,1.0,2,2.797,0.08495580597150929,2144.3,16.99999999999818,-0.0,BOUNCE,10.435531213,15.235442547,False,True,,-0.0,1.500000000005457,0.999999999994543,2.5,0.999999999994543,2.5,5.999999999994543,7.5,16.99999999999818,18.500000000003638
2026-03-20,CONTROL,BID,2026-03-20 05:37:38.044813651,1773985058044813651,2144.45,2144.3,23.426,2.7471122837877453,0.514777316,1.0,1,3.036,0.12959959019892428,2144.4,4.000000000005457,-15.0,BREAK,1.633322386,1.582408263,False,False,,0.0,0.4999999999972715,-3.999999999996362,-3.4999999999990905,4.000000000005457,4.5000000000027285,-8.000000000001819,-7.5000000000045475,-15.0,-14.500000000002728
2026-03-20,CONTROL,BID,2026-03-20 05:37:53.458764817,1773985073458764817,2144.8500000000004,2144.6,32.738,5.956153916128445,1.075136017,1.0,2,1.531,0.0467652269533875,2144.7,0.0,-27.000000000007276,BREAK,5.104797842,0.439334289,False,True,5.051081355,0.0,1.500000000005457,0.0,1.500000000005457,-7.000000000007276,-5.500000000001819,-18.00000000000182,-16.499999999996362,-24.000000000005457,-22.5
2026-03-20,CONTROL,ASK,2026-03-20 05:47:00.147209397,1773985620147209397,2143.95,2144.1,36.224,3.702938921543572,1.303493795,1.0,1,8.046,0.2221179328621908,2144.0,3.000000000001819,-4.000000000005457,BREAK,17.495266148,10.350709117,False,False,,-0.0,0.500000000001819,-0.0,0.500000000001819,0.999999999994543,1.499999999996362,3.000000000001819,3.500000000003638,-0.0,0.500000000001819
2026-03-20,CONTROL,ASK,2026-03-20 05:48:26.648183480,1773985706648183480,2143.55,2143.8,38.139,2.9196203016152498,0.545625936,1.0,2,6.8629999999999995,0.17994703584257582,2143.7000000000003,6.000000000003638,-0.0,BOUNCE,6.038600451,2.514443552,False,True,,-0.0,1.5000000000009095,-0.0,1.5000000000009095,3.000000000001819,4.5000000000027285,4.000000000005457,5.5000000000063665,6.000000000003638,7.5000000000045475
2026-03-20,CONTROL,ASK,2026-03-20 05:50:59.222501991,1773985859222501991,2143.75,2144.1,39.62,3.641042135734963,0.554469233,1.0,3,9.551,0.2410651186269561,2144.0,18.999999999996362,-6.999999999998181,BREAK,2.832112941,2.781168464,False,False,2.832112941,-0.0,2.5,1.000000000003638,3.500000000003638,3.000000000001819,5.500000000001819,10.0,12.5,16.000000000003638,18.500000000003638
2026-03-20,CONTROL,BID,2026-03-20 05:51:42.883806835,1773985902883806835,2141.8500000000004,2141.5,26.754,2.271233923341398,0.503842455,1.0,3,4.861000000000001,0.1816924572026613,2141.6,5.0,0.0,BOUNCE,3.161503021,1.582002987,False,True,,0.0,2.5000000000045475,2.999999999992724,5.4999999999972715,2.999999999992724,5.4999999999972715,2.999999999992724,5.4999999999972715,0.0,2.5000000000045475
2026-03-20,CONTROL,BID,2026-03-20 05:54:33.018455551,1773986073018455551,2141.3500000000004,2141.2,36.91,2.484518039849219,0.616460289,1.0,1,2.335,0.06326198862096993,2141.2999999999997,-1.000000000003638,-14.000000000005457,BREAK,16.201886942,16.148174154,False,False,,-1.000000000003638,-0.4999999999972715,-1.000000000003638,-0.4999999999972715,-1.000000000003638,-0.4999999999972715,-3.000000000001819,-2.4999999999954525,-14.000000000005457,-13.49999999999909
2026-03-20,CONTROL,BID,2026-03-20 05:59:32.576114878,1773986372576114878,2139.8500000000004,2139.6,32.462,2.9395997464457126,1.226079513,0.8344351374868785,2,7.712,0.23757008194196289,2139.7,3.999999999996362,-24.000000000005457,BOUNCE,20.092851353,3.981650696,False,False,2.912711864,0.0,1.500000000005457,-1.000000000003638,0.500000000001819,-2.000000000007276,-0.500000000001819,2.999999999992724,4.499999999998181,-22.000000000007276,-20.50000000000182
2026-03-20,CONTROL,ASK,2026-03-20 06:05:38.832112662,1773986738832112662,2140.1499999999996,2140.5,50.545,6.536695764629809,1.069111245,1.0,3,2.6500000000000004,0.05242852903353448,2140.4,15.999999999994543,-5.0,BREAK,0.855829904,0.052433746,False,False,0.101742203,-4.000000000005457,-1.5000000000009095,-1.000000000003638,1.5000000000009095,0.999999999994543,3.4999999999990905,12.999999999992724,15.499999999997272,12.999999999992724,15.499999999997272
2026-03-20,CONTROL,BID,2026-03-20 06:07:48.784953793,1773986868784953793,2137.8500000000004,2137.7,36.913,4.481364574481,0.545005478,1.0,1,3.828,0.10370330235960232,2137.7999999999997,8.999999999996362,-8.000000000001819,BREAK,4.314410898,4.258497325,False,False,,0.0,0.5000000000063665,-2.000000000007276,-1.5000000000009095,-4.000000000005457,-3.4999999999990905,-6.000000000003638,-5.4999999999972715,8.999999999996362,9.500000000002728
2026-03-20,CONTROL,ASK,2026-03-20 06:12:47.058747830,1773987167058747830,2138.8500000000004,2139.0,26.771,2.1385149978032514,0.718870764,0.6903585690960162,1,3.137,0.11717903701766837,2138.9,7.000000000007276,-0.0,BOUNCE,20.512768626,20.533072743,False,False,,-0.0,0.4999999999972715,-0.0,0.4999999999972715,-0.0,0.4999999999972715,3.000000000001819,3.4999999999990905,7.000000000007276,7.5000000000045475
2026-03-20,CONTROL,BID,2026-03-20 06:17:23.236671769,1773987443236671769,2135.8500000000004,2135.7,36.974,3.058735936465916,0.560689355,1.0,1,3.101,0.08386974630821659,2135.7999999999997,13.999999999996362,-1.000000000003638,BOUNCE,6.763585732,3.390624956,False,False,,0.0,0.5000000000063665,-1.000000000003638,-0.4999999999972715,2.999999999992724,3.4999999999990905,6.999999999998181,7.5000000000045475,8.999999999996362,9.500000000002728
2026-03-20,CONTROL,ASK,2026-03-20 06:24:24.374645142,1773987864374645142,2136.1499999999996,2136.4,39.829,3.338558256496228,0.838584469,0.8098828336397439,2,6.025,0.15127168645961486,2136.3,-0.0,-18.00000000000182,BREAK,5.774503388,0.102379055,False,True,3.06700797,-0.0,1.500000000005457,-1.000000000003638,0.500000000001819,-5.0,-3.499999999994543,-0.0,1.500000000005457,-10.0,-8.499999999994543
2026-03-20,CONTROL,BID,2026-03-20 06:24:52.398558080,1773987892398558080,2136.3500000000004,2136.0,82.772,7.59306485643519,0.560785626,1.0,3,13.152000000000001,0.15889431208621274,2136.1,7.999999999992724,-2.000000000007276,BOUNCE,20.163670736,0.40885284,False,False,0.918774238,-2.000000000007276,0.4999999999972715,0.999999999994543,3.4999999999990905,0.999999999994543,3.4999999999990905,7.999999999992724,10.499999999997272,3.999999999996362,6.5000000000009095
2026-03-20,CONTROL,ASK,2026-03-20 06:30:35.369201076,1773988235369201076,2139.45,2139.8,38.585,3.8654578240833506,0.511091745,1.0,3,6.7379999999999995,0.17462744589866527,2139.7000000000003,20.0,-9.000000000005457,BREAK,1.277304092,0.664622337,False,True,1.277304092,-0.0,2.5000000000045475,-9.000000000005457,-6.5000000000009095,-6.999999999998181,-4.4999999999936335,5.0,7.5000000000045475,18.00000000000182,20.500000000006366
2026-03-20,CONTROL,BID,2026-03-20 06:34:53.632954957,1773988493632954957,2138.75,2138.5,24.454,2.3894860269689273,1.497152635,1.0,2,2.471,0.1010468634988141,2138.6,5.0,-3.000000000001819,BOUNCE,2.350544554,3.933238285,False,True,15.005869572,0.0,1.5000000000009095,5.0,6.5000000000009095,3.999999999996362,5.4999999999972715,1.999999999998181,3.4999999999990905,5.0,6.5000000000009095
2026-03-20,CONTROL,BID,2026-03-20 06:44:27.728520892,1773989067728520892,2136.55,2136.4,29.824,2.42294256235275,1.325965078,1.0,1,6.085,0.20403031115879827,2136.5,1.999999999998181,-5.0,BREAK,1.274340337,1.274340337,False,False,,0.0,0.500000000001819,0.0,0.500000000001819,-1.000000000003638,-0.500000000001819,1.999999999998181,2.5,-5.0,-4.499999999998181
2026-03-20,CONTROL,ASK,2026-03-20 06:44:37.235392079,1773989077235392079,2136.3500000000004,2136.5,36.537,3.3162695711368277,0.517548789,1.0,1,3.14,0.08594027971645182,2136.4,4.000000000005457,-3.999999999996362,BREAK,6.987478315,5.100632812,False,False,,-0.999999999994543,-0.4999999999972715,-0.999999999994543,-0.4999999999972715,-2.999999999992724,-2.4999999999954525,-2.999999999992724,-2.4999999999954525,4.000000000005457,4.5000000000027285
2026-03-20,CONTROL,ASK,2026-03-20 06:53:22.712613928,1773989602712613928,2138.8500000000004,2139.1,36.709,3.6850875872107616,0.969839928,1.0,2,8.851,0.24111253371107902,2139.0,12.000000000007276,-0.0,BOUNCE,18.785438312,1.634729254,False,True,,-0.0,1.499999999996362,-0.0,1.499999999996362,1.000000000003638,2.5,10.0,11.499999999996362,6.000000000003638,7.5
2026-03-20,CONTROL,ASK,2026-03-20 07:01:17.167051615,1773990077167051615,2126.3500000000004,2126.7,92.151,10.076103001476135,0.607117123,1.0,3,21.357000000000003,0.23176091415177266,2126.6,46.00000000000364,-5.0,BREAK,0.819883461,0.209995023,False,False,0.363324322,-5.0,-2.5000000000045475,-0.999999999994543,1.5000000000009095,31.000000000003638,33.49999999999909,39.00000000000546,41.50000000000091,36.00000000000364,38.49999999999909
2026-03-20,CONTROL,ASK,2026-03-20 07:05:43.735121806,1773990343735121806,2127.75,2127.9,36.696,3.937127836489459,0.555987638,1.0,1,7.989,0.21770765206017006,2127.8,13.999999999996362,-1.999999999998181,BREAK,9.665265665,9.665265665,False,False,,-1.000000000003638,-0.500000000001819,-1.000000000003638,-0.500000000001819,-1.999999999998181,-1.499999999996362,11.000000000003638,11.500000000005457,6.999999999998181,7.5
2026-03-20,CONTROL,BID,2026-03-20 07:06:50.207284111,1773990410207284111,2126.75,2126.6,41.407,2.5260492923377256,1.241132417,0.9431005338087145,1,0.47,0.011350737797956867,2126.7,20.0,-1.000000000003638,BOUNCE,12.509850246,13.327300774,False,False,,0.0,0.500000000001819,-1.000000000003638,-0.500000000001819,-1.000000000003638,-0.500000000001819,11.000000000003638,11.500000000005457,20.0,20.50000000000182
2026-03-20,CONTROL,BID,2026-03-20 07:10:16.420977354,1773990616420977354,2129.75,2129.4,27.664,2.4471670573665354,0.5219862,1.0,3,2.447,0.08845430884904569,2129.5,3.000000000001819,-6.000000000003638,BREAK,9.455950777,4.042185964,False,True,5.269316117,0.0,2.5,0.0,2.5,-3.999999999996362,-1.499999999996362,-1.000000000003638,1.499999999996362,-1.999999999998181,0.500000000001819
2026-03-20,CONTROL,BID,2026-03-20 07:11:51.284858005,1773990711284858005,2130.6499999999996,2130.4,27.082,2.824719687092569,0.586095173,1.0,2,4.984999999999999,0.18407060039878884,2130.5,0.0,-35.99999999999454,BREAK,1.183875631,0.434549567,False,False,0.413998687,-0.999999999994543,0.500000000001819,-15.0,-13.500000000003638,-16.99999999999818,-15.500000000001819,-35.99999999999454,-34.49999999999818,-32.999999999992724,-31.499999999996362
2026-03-20,CONTROL,BID,2026-03-20 07:15:45.306637477,1773990945306637477,2130.1499999999996,2130.0,36.633,3.372428078250863,0.551271925,1.0,1,4.881,0.13324052084186389,2130.1,16.000000000003638,-2.999999999992724,BREAK,3.023932849,2.713613726,False,False,,0.0,0.4999999999972715,-2.999999999992724,-2.4999999999954525,2.000000000007276,2.5000000000045475,4.000000000005457,4.5000000000027285,13.000000000001819,13.49999999999909
2026-03-20,CONTROL,BID,2026-03-20 07:19:34.952457714,1773991174952457714,2132.1499999999996,2131.9,25.808,2.8068954266137367,0.570462042,1.0,2,5.65,0.21892436453812772,2132.0,3.000000000001819,-0.999999999994543,BOUNCE,5.095663484,14.544373425,False,True,16.019597706,0.0,1.499999999996362,1.000000000003638,2.5,3.000000000001819,4.499999999998181,0.0,1.499999999996362,3.000000000001819,4.499999999998181
2026-03-20,CONTROL,ASK,2026-03-20 07:20:36.039413251,1773991236039413251,2132.45,2132.8,24.263,2.3549451616034163,0.547475133,0.9620250222396859,3,0.348,0.014342826525986067,2132.7000000000003,-0.0,-15.0,BREAK,2.248329628,0.154320324,False,True,2.248329628,-0.0,2.5000000000045475,-8.000000000001819,-5.4999999999972715,-6.000000000003638,-3.4999999999990905,-5.0,-2.4999999999954525,-6.999999999998181,-4.4999999999936335
2026-03-20,CONTROL,BID,2026-03-20 07:24:22.971665060,1773991462971665060,2140.8500000000004,2140.7,26.659,3.4649077203015333,0.513102006,1.0,1,0.96,0.03601035297648074,2140.7999999999997,0.0,-15.0,BREAK,6.171208779,5.818951011,False,False,,0.0,0.5000000000063665,0.0,0.5000000000063665,-4.000000000005457,-3.4999999999990905,-8.000000000001819,-7.4999999999954525,-15.0,-14.499999999993634
2026-03-20,CONTROL,ASK,2026-03-20 07:28:42.436080396,1773991722436080396,2139.25,2139.4,36.242,2.533785437130772,1.329070277,0.8813614571564149,1,0.467,0.012885602339826722,2139.3,8.000000000001819,-1.999999999998181,BREAK,1.074170999,1.074170999,False,False,,-1.000000000003638,-0.500000000001819,-1.000000000003638,-0.500000000001819,3.000000000001819,3.500000000003638,8.000000000001819,8.500000000003638,8.000000000001819,8.500000000003638
2026-03-20,CONTROL,BID,2026-03-20 07:30:01.244426317,1773991801244426317,2138.3500000000004,2138.0,47.404,4.792639773531493,0.772739577,1.0,3,2.037,0.042971057294743056,2138.1,-2.000000000007276,-17.000000000007276,BREAK,5.041870576,0.61216912,False,False,0.049463963,-2.000000000007276,0.4999999999972715,-2.000000000007276,0.4999999999972715,-10.0,-7.4999999999954525,-13.000000000001819,-10.499999999997272,-5.0,-2.4999999999954525
2026-03-20,CONTROL,BID,2026-03-20 07:30:42.380164717,1773991842380164717,2137.05,2136.8,41.701,2.6887391598697574,0.629655788,1.0,2,6.911,0.1657274405889547,2136.9,23.00000000000182,-4.000000000005457,BREAK,5.064094824,0.409060146,False,True,4.736956767,0.0,1.5000000000009095,-1.999999999998181,-0.4999999999972715,8.999999999996362,10.499999999997272,18.00000000000182,19.50000000000273,10.999999999994543,12.499999999995453
2026-03-20,CONTROL,ASK,2026-03-20 07:34:00.154614949,1773992040154614949,2148.3500000000004,2148.6,13.547,2.357640097459102,0.919381215,0.8834276421451573,2,3.103,0.22905440318889791,2148.5,46.00000000000364,-3.999999999996362,BREAK,0.203989688,0.203989688,False,False,0.203989688,10.0,11.499999999996362,19.000000000005457,20.50000000000182,36.00000000000364,37.5,39.00000000000546,40.50000000000182,14.000000000005457,15.500000000001819
2026-03-20,CONTROL,BID,2026-03-20 07:41:59.960943432,1773992519960943432,2151.05,2150.9,36.702,2.9258609693877546,0.608351752,1.0,1,1.623,0.04422102337747262,2151.0,0.0,-13.000000000001819,BREAK,1.036202782,0.780820512,False,False,,-1.000000000003638,-0.500000000001819,-1.999999999998181,-1.499999999996362,-1.999999999998181,-1.499999999996362,-13.000000000001819,-12.5,-11.999999999998181,-11.499999999996362
2026-03-20,CONTROL,BID,2026-03-20 07:45:18.077277052,1773992718077277052,2151.25,2151.0,38.923,4.372388227364637,0.574320042,1.0,2,6.9719999999999995,0.17912288364206252,2151.1,10.0,-5.0,BREAK,1.020408573,0.871162767,False,False,0.822570408,-3.999999999996362,-2.4999999999954525,-3.999999999996362,-2.4999999999954525,-5.0,-3.4999999999990905,1.000000000003638,2.5000000000045475,8.999999999996362,10.499999999997272
2026-03-20,CONTROL,ASK,2026-03-20 07:46:35.057232292,1773992795057232292,2153.3500000000004,2153.5,34.89,2.0946148766284445,0.817329504,1.0,1,8.657,0.24812267125250786,2153.4,42.000000000007276,-2.999999999992724,BREAK,0.153291867,0.098110453,False,False,,-2.999999999992724,-2.4999999999954525,1.000000000003638,1.5000000000009095,2.000000000007276,2.5000000000045475,31.000000000003638,31.50000000000091,39.00000000000546,39.50000000000273
2026-03-20,CONTROL,BID,2026-03-20 07:51:14.246665056,1773993074246665056,2150.55,2150.3,36.436,3.3032047504646207,0.587497667,0.8989473672241833,2,5.61,0.1539686024810627,2150.4,-1.000000000003638,-11.999999999998181,BREAK,0.152797833,0.048718939,False,False,0.048718939,-9.000000000005457,-7.5000000000045475,-11.999999999998181,-10.499999999997272,-8.000000000001819,-6.5000000000009095,-9.000000000005457,-7.5000000000045475,-11.999999999998181,-10.499999999997272
2026-03-20,CONTROL,BID,2026-03-20 07:56:27.828755315,1773993387828755315,2151.25,2151.1,26.526,2.3729480699557186,0.610229524,1.0,1,2.324,0.08761215411294579,2151.2,0.0,-1.000000000003638,NONE,,11.792945656,False,False,,0.0,0.500000000001819,0.0,0.500000000001819,0.0,0.500000000001819,-1.000000000003638,-0.500000000001819,-1.000000000003638,-0.500000000001819
2026-03-20,CONTROL,ASK,2026-03-20 07:56:58.303132759,1773993418303132759,2151.1499999999996,2151.4,34.123,3.708618628409955,1.610231253,1.0,2,4.179,0.12246871611523022,2151.3,0.999999999994543,-0.0,NONE,,5.090136229,False,True,,-0.0,1.500000000005457,-0.0,1.500000000005457,-0.0,1.500000000005457,-0.0,1.500000000005457,0.999999999994543,2.5
2026-03-20,CONTROL,BID,2026-03-20 08:03:32.336720227,1773993812336720227,2147.25,2147.1,36.383,3.540924574209246,1.328130422,1.0,1,6.054,0.16639639392023747,2147.2,8.999999999996362,-3.999999999996362,BREAK,0.152906427,0.098821178,False,False,,-3.999999999996362,-3.499999999994543,1.999999999998181,2.5,5.0,5.500000000001819,6.000000000003638,6.500000000005457,3.000000000001819,3.500000000003638
2026-03-20,CONTROL,ASK,2026-03-20 08:05:25.721596040,1773993925721596040,2147.8500000000004,2148.0,37.557,3.077307550493671,0.531705943,1.0,1,6.817,0.18151077029581703,2147.9,2.000000000007276,-33.99999999999636,BREAK,0.258096639,0.206907936,False,False,,-2.999999999992724,-2.4999999999954525,-1.999999999998181,-1.5000000000009095,-2.999999999992724,-2.4999999999954525,-1.999999999998181,-1.5000000000009095,-33.99999999999636,-33.49999999999909
2026-03-20,CONTROL,BID,2026-03-20 08:05:31.033078443,1773993931033078443,2147.8500000000004,2147.5,16.924,3.852492601866606,1.282361535,1.0,3,1.6320000000000001,0.09643110375797685,2147.6,35.99999999999454,-2.000000000007276,BOUNCE,4.586956669,2.340505517,False,False,0.102721098,-2.000000000007276,0.4999999999972715,2.999999999992724,5.4999999999972715,1.999999999998181,4.5000000000027285,8.999999999996362,11.50000000000091,35.99999999999454,38.49999999999909
2026-03-20,CONTROL,ASK,2026-03-20 08:09:24.906487520,1773994164906487520,2163.1499999999996,2163.5,39.597,6.704537758211988,0.505868617,1.0,3,0.462,0.011667550572013031,2163.4,-3.000000000001819,-59.00000000000546,BREAK,0.208027813,0.208027813,False,False,0.047381904,-20.0,-17.499999999995453,-19.000000000005457,-16.50000000000091,-34.00000000000546,-31.50000000000091,-29.000000000005457,-26.50000000000091,-50.0,-47.49999999999545
2026-03-20,CONTROL,ASK,2026-03-20 08:10:04.608544901,1773994204608544901,2165.8500000000004,2166.0,53.448,5.280640221311071,0.969549645,0.9943687112587205,1,11.4,0.21329142343960486,2165.9,11.000000000003638,-90.99999999999454,BOUNCE,0.200696092,1.432901319,False,False,,2.000000000007276,2.5000000000045475,6.000000000003638,6.5000000000009095,-0.999999999994543,-0.4999999999972715,-30.0,-29.50000000000273,-45.99999999999454,-45.49999999999727
2026-03-20,CONTROL,BID,2026-03-20 08:10:24.614074699,1773994224614074699,2168.45,2168.3,12.912,4.388105352591334,0.6115667,0.7432077596769086,1,2.766,0.21421933085501857,2168.4,65.0,-5.0,BREAK,0.10188546,0.051503573,False,False,,-3.000000000001819,-2.5000000000045475,-3.999999999996362,-3.4999999999990905,4.000000000005457,4.5000000000027285,46.99999999999818,47.49999999999545,44.00000000000546,44.50000000000273
2026-03-20,CONTROL,BID,2026-03-20 08:10:39.502663685,1773994239502663685,2172.8500000000004,2172.6,98.654,29.213503109268583,0.861950247,0.8173548420596949,2,13.559,0.13743994161412615,2172.7,20.999999999994543,-32.000000000007276,BOUNCE,0.056832864,0.92403263,False,False,0.46379177,3.999999999996362,5.500000000001819,20.999999999994543,22.5,2.999999999992724,4.499999999998181,-19.000000000005457,-17.5,2.999999999992724,4.499999999998181
2026-03-20,CONTROL,ASK,2026-03-20 08:12:18.288442607,1773994338288442607,2174.9,2175.3,14.467,3.0227747597158383,0.662852239,0.9206384773183213,3,1.033,0.07140388470311743,2175.2000000000003,21.50000000000091,-15.499999999997272,BREAK,0.357047077,0.051127525,False,False,0.051127525,-1.5000000000009095,1.5000000000009095,-1.5000000000009095,1.5000000000009095,-7.4999999999954525,-4.4999999999936335,18.49999999999909,21.50000000000091,19.50000000000273,22.500000000004547
2026-03-20,CONTROL,BID,2026-03-20 08:12:49.723151420,1773994369723151420,2173.6499999999996,2173.5,12.406,2.262836297309622,0.66388202,0.9165961867742706,1,2.15,0.17330324036756406,2173.6,7.000000000007276,-51.99999999999818,BREAK,0.204305039,0.098148258,False,False,,-2.999999999992724,-2.4999999999954525,-0.999999999994543,-0.4999999999972715,-5.0,-4.5000000000027285,-6.999999999998181,-6.5000000000009095,-45.0,-44.50000000000273
2026-03-20,CONTROL,ASK,2026-03-20 08:13:48.711901164,1773994428711901164,2168.8500000000004,2169.1,33.303,5.562552196425588,0.568164184,1.0,2,1.383,0.04152779028916314,2169.0,6.000000000003638,-27.999999999992724,BREAK,0.970821592,0.460128475,False,False,0.052260539,-2.999999999992724,-1.499999999996362,-0.999999999994543,0.500000000001819,4.000000000005457,5.500000000001819,-6.999999999998181,-5.500000000001819,-27.999999999992724,-26.499999999996362
2026-03-20,CONTROL,BID,2026-03-20 08:15:16.127734530,1773994516127734530,2169.95,2169.6,58.151,5.33740247820101,0.518761683,1.0,3,12.546,0.21574865436535912,2169.7,4.000000000005457,-21.99999999999818,BREAK,3.219003787,0.050915183,False,True,3.219003787,0.0,2.5,-6.999999999998181,-4.499999999998181,0.0,2.5,-21.99999999999818,-19.49999999999818,-11.999999999998181,-9.499999999998181
2026-03-20,CONTROL,BID,2026-03-20 08:15:32.309239861,1773994532309239861,2169.55,2169.3,42.658,4.40408837497419,0.611458899,1.0,2,5.068,0.11880538234328847,2169.4,8.000000000001819,-18.00000000000182,BREAK,0.408119154,0.204335198,False,False,0.204335198,-9.000000000005457,-7.5000000000045475,-16.000000000003638,-14.500000000002728,-18.00000000000182,-16.50000000000091,-5.0,-3.4999999999990905,0.999999999994543,2.4999999999954525
2026-03-20,CONTROL,BID,2026-03-20 08:18:27.693230721,1773994707693230721,2168.3500000000004,2168.0,62.823,3.1519454130396607,0.505128837,1.0,3,14.042,0.22351686484249397,2168.1,10.0,-13.000000000001819,BOUNCE,9.451767477,1.133737497,False,False,1.489593571,0.0,2.5000000000045475,0.0,2.5000000000045475,1.999999999998181,4.5000000000027285,-3.000000000001819,-0.4999999999972715,1.999999999998181,4.5000000000027285
2026-03-20,CONTROL,BID,2026-03-20 08:24:06.756326850,1773995046756326850,2168.05,2167.8,15.196,2.224076106842298,0.710999371,0.9139348155625865,2,2.908,0.19136614898657542,2167.9,0.0,-20.0,BREAK,4.03806982,0.358708683,False,False,0.358708683,-1.999999999998181,-0.4999999999972715,-10.0,-8.49999999999909,-11.999999999998181,-10.499999999997272,-14.000000000005457,-12.500000000004547,-1.999999999998181,-0.4999999999972715
2026-03-20,CONTROL,BID,2026-03-20 08:27:27.122639924,1773995247122639924,2166.75,2166.6,31.045,2.313510693792384,0.887580751,1.0,1,2.307,0.07431148333064905,2166.7,-1.000000000003638,-16.99999999999818,BREAK,0.104758362,0.054950095,False,False,,-6.000000000003638,-5.500000000001819,-6.000000000003638,-5.500000000001819,-5.0,-4.499999999998181,-13.999999999996362,-13.499999999994543,-5.0,-4.499999999998181
2026-03-20,CONTROL,BID,2026-03-20 08:28:43.523501930,1773995323523501930,2166.25,2165.9,38.486,6.503760033798056,1.229413544,1.0,3,2.3520000000000003,0.06111313204801747,2166.0,0.0,-11.999999999998181,BREAK,1.428194764,0.049762617,False,True,1.428194764,0.0,2.5,-6.000000000003638,-3.500000000003638,-6.999999999998181,-4.499999999998181,-11.999999999998181,-9.499999999998181,-3.000000000001819,-0.500000000001819
2026-03-20,CONTROL,BID,2026-03-20 08:34:51.327928586,1773995691327928586,2165.3500000000004,2165.1,50.223,5.221771678103556,0.510013185,1.0,2,5.391,0.10734125798936743,2165.2,6.999999999998181,-10.0,BOUNCE,4.441358455,0.049650385,False,True,9.645309332,0.0,1.500000000005457,2.999999999992724,4.499999999998181,-3.000000000001819,-1.499999999996362,-9.000000000005457,-7.5,-5.0,-3.499999999994543
2026-03-20,CONTROL,ASK,2026-03-20 08:43:54.881450807,1773996234881450807,2165.05,2165.4,39.139,3.7525407478427617,0.502506262,1.0,3,0.8,0.020439970362042974,2165.3,11.000000000003638,-0.999999999994543,BOUNCE,1.951171282,1.951171282,False,True,,-0.999999999994543,1.500000000005457,4.000000000005457,6.500000000005457,4.000000000005457,6.500000000005457,8.000000000001819,10.500000000001819,6.000000000003638,8.500000000003638
2026-03-20,CONTROL,ASK,2026-03-20 08:48:49.378872985,1773996529378872985,2160.45,2160.6,35.306,4.261693524050938,0.666557256,1.0,1,5.874,0.16637398742423384,2160.5,-0.0,-26.99999999999818,BREAK,0.203547154,0.152212968,False,False,,-5.0,-4.499999999998181,-6.999999999998181,-6.499999999996362,-6.999999999998181,-6.499999999996362,-5.0,-4.499999999998181,-24.000000000005457,-23.500000000003638
2026-03-20,CONTROL,BID,2026-03-20 08:50:22.697034487,1773996622697034487,2165.55,2165.4,26.404,2.3178685862265724,0.562699209,1.0,1,6.493,0.24590971064990155,2165.5,1.999999999998181,-13.000000000001819,BOUNCE,13.682610741,7.239209356,False,False,,0.0,0.500000000001819,0.0,0.500000000001819,0.0,0.500000000001819,-9.000000000005457,-8.500000000003638,-1.999999999998181,-1.499999999996362
2026-03-20,CONTROL,BID,2026-03-20 08:55:46.723307705,1773996946723307705,2163.6499999999996,2163.3,58.998,3.7716477545149427,0.869623796,1.0,3,13.655,0.23144852367876878,2163.4,1.000000000003638,-8.999999999996362,BREAK,11.835389993,4.796310757,False,True,7.644937977,0.0,2.4999999999954525,-0.999999999994543,1.5000000000009095,-2.999999999992724,-0.4999999999972715,-6.999999999998181,-4.5000000000027285,0.0,2.4999999999954525
2026-03-20,CONTROL,ASK,2026-03-20 08:58:29.745061931,1773997109745061931,2163.05,2163.3,38.391,2.653144436765722,1.581438755,1.0,2,4.081,0.10630095595321822,2163.2000000000003,-0.0,-16.99999999999818,BREAK,6.588415956,3.982540272,False,False,3.982540272,-0.0,1.5000000000009095,-0.999999999994543,0.5000000000063665,-3.000000000001819,-1.5000000000009095,-5.0,-3.4999999999990905,-16.99999999999818,-15.499999999997272
2026-03-20,CONTROL,ASK,2026-03-20 09:03:40.279333322,1773997420279333322,2157.3500000000004,2157.7,16.968,2.4354815559064162,1.740415251,1.0,3,0.287,0.016914191419141914,2157.6,5.0,-7.999999999992724,BOUNCE,13.676023499,18.007724807,False,False,0.053393835,-2.999999999992724,-0.4999999999972715,1.000000000003638,3.4999999999990905,1.000000000003638,3.4999999999990905,3.000000000001819,5.4999999999972715,-7.999999999992724,-5.4999999999972715
2026-03-20,CONTROL,BID,2026-03-20 09:03:43.338814191,1773997423338814191,2157.45,2157.2,26.386,3.274103486784961,0.555101127,1.0,2,0.533,0.020200106116880164,2157.2999999999997,6.999999999998181,-5.999999999994543,BREAK,10.61654263,0.457626306,False,False,0.259915319,-1.999999999998181,-0.4999999999972715,-0.999999999994543,0.5000000000063665,-1.999999999998181,-0.4999999999972715,4.000000000005457,5.5000000000063665,6.000000000003638,7.5000000000045475
2026-03-20,CONTROL,ASK,2026-03-20 09:07:15.463381012,1773997635463381012,2155.55,2155.7,25.496,2.4540160739207852,1.379847508,0.8542804057446615,1,3.083,0.1209209287731409,2155.6,3.000000000001819,-30.0,BREAK,0.151980641,0.050933422,False,False,,-1.999999999998181,-1.5000000000009095,-0.999999999994543,-0.4999999999972715,3.000000000001819,3.4999999999990905,-5.0,-4.5000000000027285,-30.0,-29.50000000000273
2026-03-20,CONTROL,ASK,2026-03-20 09:13:06.741982299,1773997986741982299,2158.6499999999996,2158.9,26.224,3.1332815580381146,0.91845884,1.0,2,4.632,0.17663209273947528,2158.8,30.999999999994543,-8.000000000001819,BREAK,5.20650382,5.15562978,False,False,5.15562978,-0.0,1.500000000005457,-0.0,1.500000000005457,-5.0,-3.499999999994543,6.999999999998181,8.500000000003638,25.0,26.500000000005457
2026-03-20,CONTROL,BID,2026-03-20 09:15:38.471872708,1773998138471872708,2155.3500000000004,2155.2,23.181,2.2359295876537257,0.717429266,0.7076263292554336,1,5.567,0.24015357404771148,2155.2999999999997,0.0,-28.00000000000182,BREAK,9.544559834,9.544559834,False,False,,0.0,0.5000000000063665,0.0,0.5000000000063665,-2.5000000000045475,-1.999999999998181,-16.000000000003638,-15.499999999997272,-26.000000000003638,-25.49999999999727
2026-03-20,CONTROL,BID,2026-03-20 09:21:21.999074235,1773998481999074235,2146.1499999999996,2145.9,39.549,3.335920037113576,0.515498475,1.0,2,4.093,0.10349187084376343,2146.0,16.000000000003638,-5.999999999994543,BOUNCE,2.503080042,0.053834915,False,True,23.482572441,0.0,1.499999999996362,7.000000000007276,8.500000000003638,1.000000000003638,2.5,-0.999999999994543,0.500000000001819,9.000000000005457,10.500000000001819
2026-03-20,CONTROL,ASK,2026-03-20 09:24:17.501634885,1773998657501634885,2144.25,2144.6,71.58,7.03834808259587,0.768253272,1.0,3,8.878,0.12402905839620006,2144.5,46.00000000000364,-8.999999999996362,BREAK,5.358999748,0.555239045,False,False,1.073034542,-0.0,2.5,-3.000000000001819,-0.500000000001819,-3.999999999996362,-1.499999999996362,21.000000000003638,23.500000000003638,31.99999999999818,34.49999999999818
2026-03-20,CONTROL,BID,2026-03-20 09:25:52.298794439,1773998752298794439,2141.45,2141.1,30.924,3.0389150943396226,1.122532297,1.0,3,6.096,0.19712844392704695,2141.2,11.999999999998181,-25.999999999994543,BOUNCE,4.288741987,0.051841645,False,False,0.103349629,-3.000000000001819,-0.500000000001819,1.999999999998181,4.499999999998181,1.999999999998181,4.499999999998181,-5.999999999994543,-3.499999999994543,1.999999999998181,4.499999999998181
2026-03-20,CONTROL,ASK,2026-03-20 09:30:52.952629473,1773999052952629473,2142.95,2143.1,25.671,2.4699090777890027,0.512059196,1.0,1,3.133,0.1220443301780219,2143.0,-0.0,-33.00000000000182,BREAK,0.715659939,0.715659939,False,False,,-3.000000000001819,-2.5,-5.0,-4.499999999998181,-18.00000000000182,-17.5,-14.000000000005457,-13.500000000003638,-28.00000000000182,-27.5
2026-03-20,CONTROL,BID,2026-03-20 09:32:26.258065455,1773999146258065455,2146.95,2146.7,34.026,6.481760167635014,1.732363023,0.9263347045014826,2,2.356,0.06924116851819195,2146.7999999999997,10.0,-8.999999999996362,BREAK,9.904609674,2.706756415,False,True,7.095503471,0.0,1.5000000000009095,1.000000000003638,2.5000000000045475,-3.000000000001819,-1.5000000000009095,5.0,6.5000000000009095,-8.999999999996362,-7.4999999999954525
2026-03-20,CONTROL,BID,2026-03-20 09:32:56.921515599,1773999176921515599,2147.45,2147.3,50.58,3.6405513369561304,0.551396748,1.0,1,0.931,0.01840648477659154,2147.4,0.0,-20.999999999994543,BREAK,2.663116465,1.847125333,False,False,,0.0,0.4999999999972715,-6.999999999998181,-6.5000000000009095,-10.0,-9.500000000002728,-13.999999999996362,-13.49999999999909,-20.999999999994543,-20.49999999999727
2026-03-20,CONTROL,ASK,2026-03-20 09:45:08.920074153,1773999908920074153,2144.45,2144.7,13.143,2.1734744501405654,0.920128997,1.0,2,2.975,0.22635623525831242,2144.6,0.999999999994543,-14.000000000005457,BREAK,0.816151576,0.355173623,False,False,0.256388589,-3.000000000001819,-1.5000000000009095,0.999999999994543,2.4999999999954525,-3.000000000001819,-1.5000000000009095,-11.999999999998181,-10.499999999997272,0.999999999994543,2.4999999999954525
2026-03-20,CONTROL,ASK,2026-03-20 09:46:26.994957373,1773999986994957373,2142.1499999999996,2142.3,35.04,3.0392922196200884,0.501252066,1.0,1,3.733,0.10653538812785389,2142.2000000000003,5.0,-16.000000000003638,BREAK,0.572304667,0.517814102,False,False,,-2.000000000007276,-1.5000000000009095,-5.0,-4.4999999999936335,-13.000000000001819,-12.499999999995453,-2.000000000007276,-1.5000000000009095,-6.000000000003638,-5.4999999999972715
2026-03-20,CONTROL,ASK,2026-03-20 09:47:01.091070649,1774000021091070649,2142.75,2143.1,36.475,3.85184011827446,0.801340417,0.7982638182594002,3,1.399,0.03835503769705278,2143.0,6.999999999998181,-8.999999999996362,BREAK,0.928844196,0.320320458,False,False,0.163702298,-3.999999999996362,-1.499999999996362,-8.000000000001819,-5.500000000001819,-3.000000000001819,-0.500000000001819,-3.999999999996362,-1.499999999996362,3.999999999996362,6.499999999996362
2026-03-20,CONTROL,BID,2026-03-20 09:50:16.211926187,1774000216211926187,2142.25,2142.1,26.715,2.1661396253952807,1.260924577,0.8645981765172621,1,6.581,0.24634100692494854,2142.2,6.000000000003638,-18.00000000000182,BOUNCE,7.657058101,1.072712383,False,False,,0.0,0.500000000001819,-1.000000000003638,-0.500000000001819,3.999999999996362,4.499999999998181,-10.0,-9.499999999998181,-16.99999999999818,-16.499999999996362
2026-03-20,CONTROL,BID,2026-03-20 09:50:59.037911003,1774000259037911003,2141.45,2141.2,63.663,4.479366754617414,1.986038313,1.0,2,12.503,0.19639350957384982,2141.2999999999997,0.0,-40.0,BREAK,1.585715614,0.767174835,False,True,1.483265111,0.0,1.5000000000009095,-5.999999999994543,-4.4999999999936335,-10.0,-8.49999999999909,-10.0,-8.49999999999909,-23.999999999996362,-22.499999999995453
2026-03-20,CONTROL,BID,2026-03-20 09:51:03.389381305,1774000263389381305,2140.8500000000004,2140.5,39.519,4.2345566568443616,1.033797688,1.0,3,9.091000000000001,0.23004124598294495,2140.6,0.0,-34.00000000000546,BREAK,4.163699528,0.384497718,False,True,4.163699528,0.0,2.5000000000045475,-4.000000000005457,-1.5000000000009095,-3.000000000001819,-0.4999999999972715,-12.000000000007276,-9.500000000002728,-20.0,-17.499999999995453
2026-03-20,CONTROL,ASK,2026-03-20 09:57:27.343977160,1774000647343977160,2140.75,2140.9,35.277,2.7470020246067595,0.521944059,1.0,1,8.008,0.22700342999688178,2140.8,8.000000000001819,1.000000000003638,BOUNCE,0.203096804,0.510773426,False,False,,1.999999999998181,2.5,3.000000000001819,3.500000000003638,5.0,5.500000000001819,6.999999999998181,7.5,6.999999999998181,7.5
2026-03-20,CONTROL,ASK,2026-03-20 10:03:50.318761714,1774001030318761714,2136.3500000000004,2136.7,35.192,2.4176971695520746,0.504302285,1.0,3,2.068,0.058763355308024554,2136.6,-0.0,-10.999999999994543,BREAK,1.485636473,1.078805123,False,False,1.078805123,-0.999999999994543,1.5000000000009095,-5.999999999994543,-3.4999999999990905,-5.999999999994543,-3.4999999999990905,-10.999999999994543,-8.49999999999909,-10.0,-7.5000000000045475
2026-03-20,CONTROL,ASK,2026-03-20 10:04:32.593144999,1774001072593144999,2137.3500000000004,2137.6,36.224,3.094481462497864,0.613587823,1.0,2,1.2670000000000001,0.03497681095406361,2137.5,11.000000000003638,-13.999999999996362,BOUNCE,5.922223733,0.294706857,False,True,41.443865058,-0.0,1.499999999996362,-0.0,1.499999999996362,2.000000000007276,3.500000000003638,5.0,6.499999999996362,-13.999999999996362,-12.5
2026-03-20,CONTROL,BID,2026-03-20 10:07:09.959526786,1774001229959526786,2138.3500000000004,2138.1,23.152,3.387023626654963,1.172756088,1.0,2,0.467,0.020171043538355218,2138.2,3.999999999996362,-40.0,BOUNCE,14.542847212,11.837653803,False,False,0.044214414,-2.000000000007276,-0.500000000001819,-2.000000000007276,-0.500000000001819,0.0,1.500000000005457,-23.00000000000182,-21.499999999996362,-31.000000000003638,-29.49999999999818
2026-03-20,CONTROL,BID,2026-03-20 10:07:27.360253100,1774001247360253100,2137.95,2137.8,37.03,4.856393442622951,0.970129074,1.0,1,2.495,0.06737780178233864,2137.9,0.0,-35.99999999999454,BREAK,1.941265876,0.186814283,False,False,,0.0,0.4999999999972715,-5.0,-4.5000000000027285,-13.000000000001819,-12.500000000004547,-35.99999999999454,-35.49999999999727,-23.999999999996362,-23.49999999999909
2026-03-20,CONTROL,ASK,2026-03-20 10:10:08.204640303,1774001408204640303,2135.1,2135.3,35.918,2.9873165051773607,0.539870709,1.0,1,0.468,0.013029678712623198,2135.2000000000003,24.50000000000273,-1.5000000000009095,BOUNCE,13.164028098,0.041422221,False,False,,-0.4999999999972715,0.5000000000063665,-1.5000000000009095,-0.4999999999972715,1.5000000000009095,2.5000000000045475,21.50000000000091,22.500000000004547,13.49999999999909,14.500000000002728
2026-03-20,CONTROL,BID,2026-03-20 10:20:24.724556639,1774002024724556639,2133.6499999999996,2133.5,35.839,2.5837358517770888,0.671936975,0.9138604360922391,1,2.0,0.05580512849130835,2133.6,2.000000000007276,-10.999999999994543,BREAK,0.153073935,0.102109093,False,False,,-3.999999999996362,-3.4999999999990905,-0.999999999994543,-0.4999999999972715,-1.999999999998181,-1.5000000000009095,-10.999999999994543,-10.499999999997272,-10.999999999994543,-10.499999999997272
2026-03-20,CONTROL,BID,2026-03-20 10:22:43.112617543,1774002163112617543,2132.6499999999996,2132.3,102.285,10.561722339821364,0.764873655,1.0,3,20.159,0.19708657183360218,2132.4,15.0,-8.999999999996362,BREAK,3.878054169,3.775738875,False,False,3.878054169,0.0,2.4999999999954525,-5.999999999994543,-3.4999999999990905,-6.999999999998181,-4.5000000000027285,2.000000000007276,4.5000000000027285,15.0,17.499999999995453
2026-03-20,CONTROL,ASK,2026-03-20 10:24:10.799154359,1774002250799154359,2134.75,2135.0,36.861,4.9714748128666795,0.725070098,1.0,2,5.041,0.1367570060497545,2134.9,-0.0,-11.000000000003638,BREAK,3.370177692,1.122439779,False,False,1.122439779,-0.0,1.5000000000009095,-3.999999999996362,-2.4999999999954525,-3.999999999996362,-2.4999999999954525,-6.999999999998181,-5.4999999999972715,-1.999999999998181,-0.4999999999972715
2026-03-20,CONTROL,ASK,2026-03-20 10:28:21.464247400,1774002501464247400,2134.95,2135.1,26.237,3.37258178546179,0.54201001,1.0,1,6.347,0.24191027937645312,2135.0,-0.0,-6.999999999998181,BREAK,12.215669767,1.173581143,False,False,,-0.0,0.500000000001819,-0.0,0.500000000001819,-0.0,0.500000000001819,-3.000000000001819,-2.5,-6.999999999998181,-6.499999999996362
2026-03-20,CONTROL,BID,2026-03-20 10:30:53.541993320,1774002653541993320,2136.1499999999996,2136.0,32.814,2.2152911392405064,0.524006362,1.0,1,0.468,0.014262205156335712,2136.1,8.000000000001819,-3.999999999996362,BREAK,3.82294709,3.461416081,False,False,,0.0,0.4999999999972715,-3.999999999996362,-3.4999999999990905,-2.999999999992724,-2.4999999999954525,-3.999999999996362,-3.4999999999990905,1.000000000003638,1.5000000000009095
2026-03-20,CONTROL,ASK,2026-03-20 10:31:29.880076636,1774002689880076636,2136.1499999999996,2136.5,79.255,6.520630219260355,1.735489656,1.0,3,12.449,0.15707526339032238,2136.4,-0.0,-14.000000000005457,BREAK,0.918801316,0.589660159,False,False,0.808771462,-4.000000000005457,-1.5000000000009095,-3.000000000001819,-0.4999999999972715,-3.000000000001819,-0.4999999999972715,-6.000000000003638,-3.4999999999990905,-14.000000000005457,-11.50000000000091
2026-03-20,CONTROL,ASK,2026-03-20 10:37:56.870535826,1774003076870535826,2141.6499999999996,2141.8,65.9,3.711003491384165,1.228406897,1.0,1,1.0,0.015174506828528072,2141.7000000000003,-0.0,-16.000000000003638,BREAK,2.756015112,0.047470851,False,False,,-0.0,0.5000000000063665,-2.000000000007276,-1.5000000000009095,-2.000000000007276,-1.5000000000009095,-11.000000000003638,-10.499999999997272,-7.000000000007276,-6.5000000000009095
2026-03-20,CONTROL,ASK,2026-03-20 10:43:28.627250719,1774003408627250719,2146.95,2147.2,49.328,6.850635372543574,1.692049574,1.0,2,11.992999999999999,0.24312763542004537,2147.1,-0.0,-8.000000000001819,BREAK,3.828275603,0.341997592,False,False,0.559570167,-1.000000000003638,0.4999999999972715,-6.000000000003638,-4.5000000000027285,-8.000000000001819,-6.5000000000009095,-6.000000000003638,-4.5000000000027285,-4.000000000005457,-2.5000000000045475
2026-03-20,CONTROL,BID,2026-03-20 10:47:16.540698536,1774003636540698536,2148.6499999999996,2148.4,35.321,3.0591546856054044,0.515813569,1.0,2,7.644,0.21641516378358486,2148.5,17.000000000007276,-7.999999999992724,BOUNCE,5.732777705,2.92304396,False,True,58.865743916,0.0,1.499999999996362,0.0,1.499999999996362,6.000000000003638,7.5,2.000000000007276,3.500000000003638,-5.0,-3.500000000003638
2026-03-20,CONTROL,BID,2026-03-20 10:50:17.657837308,1774003817657837308,2148.45,2148.3,34.664,3.101785155026621,1.226632522,1.0,1,6.48,0.18693745672744058,2148.4,1.999999999998181,-5.0,BREAK,1.12318695,0.050341255,False,False,,-0.999999999994543,-0.4999999999972715,-5.0,-4.5000000000027285,-1.999999999998181,-1.5000000000009095,1.000000000003638,1.5000000000009095,-3.000000000001819,-2.5000000000045475
2026-03-20,CONTROL,ASK,2026-03-20 10:52:50.437742903,1774003970437742903,2148.6499999999996,2148.8,30.192,2.80425393581944,0.513007566,1.0,1,7.178,0.23774509803921567,2148.7000000000003,-0.0,-14.000000000005457,BREAK,14.486644675,8.765375496,False,False,,-0.0,0.5000000000063665,-0.0,0.5000000000063665,-1.000000000003638,-0.4999999999972715,-3.000000000001819,-2.4999999999954525,-10.0,-9.499999999993634
2026-03-20,CONTROL,BID,2026-03-20 11:05:43.004487053,1774004743004487053,2150.6499999999996,2150.5,35.096,2.2869058091421497,0.502254173,1.0,1,3.978,0.11334625028493277,2150.6,17.000000000007276,0.0,BOUNCE,8.07313252,8.07313252,False,False,,0.0,0.4999999999972715,0.0,0.4999999999972715,7.000000000007276,7.5000000000045475,3.000000000001819,3.4999999999990905,13.000000000001819,13.49999999999909
2026-03-20,CONTROL,ASK,2026-03-20 11:08:13.477843238,1774004893477843238,2151.1499999999996,2151.4,34.874,4.341341964396864,0.535402647,1.0,2,8.366,0.23989218328840967,2151.3,8.999999999996362,-12.000000000007276,BOUNCE,4.038332183,5.19886871,False,True,50.394524143,-0.0,1.500000000005457,1.999999999998181,3.500000000003638,1.999999999998181,3.500000000003638,5.0,6.500000000005457,-5.0,-3.499999999994543
2026-03-20,CONTROL,ASK,2026-03-20 11:08:49.533161649,1774004929533161649,2150.95,2151.1,35.095,3.0322274062553998,1.080319058,1.0,1,6.043,0.17218977062259583,2151.0,0.999999999994543,-14.000000000005457,BREAK,14.237513066,10.459644594,False,False,,-0.0,0.500000000001819,0.999999999994543,1.499999999996362,0.999999999994543,1.499999999996362,-6.999999999998181,-6.499999999996362,-1.999999999998181,-1.499999999996362
2026-03-20,CONTROL,BID,2026-03-20 11:13:58.229377612,1774005238229377612,2151.6499999999996,2151.3,35.033,2.5608918128654974,0.542186766,1.0,3,3.795,0.10832643507550024,2151.4,67.00000000000728,0.0,BOUNCE,2.680455466,2.62935561,False,True,,0.0,2.4999999999954525,14.000000000005457,16.50000000000091,17.000000000007276,19.50000000000273,59.50000000000273,61.99999999999818,63.00000000000182,65.49999999999727
2026-03-20,CONTROL,BID,2026-03-20 11:15:53.311215760,1774005353311215760,2154.1499999999996,2154.0,87.14,11.908438674410657,0.662499933,1.0,1,12.425,0.14258664218498968,2154.1,7.000000000007276,-18.999999999996362,BOUNCE,0.051519722,0.101474765,False,False,,4.000000000005457,4.5000000000027285,4.000000000005457,4.5000000000027285,-0.999999999994543,-0.4999999999972715,-7.999999999992724,-7.4999999999954525,-16.99999999999818,-16.50000000000091
2026-03-20,CONTROL,BID,2026-03-20 11:16:01.850660971,1774005361850660971,2154.45,2154.2,35.443,2.3213911448781763,0.630498664,0.8092181016897444,2,3.7439999999999998,0.10563439889399881,2154.2999999999997,0.0,-28.999999999996362,BREAK,0.643718584,0.237306361,False,False,0.189889091,-3.999999999996362,-2.4999999999954525,-5.0,-3.4999999999990905,-8.000000000001819,-6.5000000000009095,-21.99999999999818,-20.49999999999727,-28.999999999996362,-27.499999999995453
2026-03-20,CONTROL,BID,2026-03-20 11:30:01.018205579,1774006201018205579,2149.6499999999996,2149.4,34.497,2.2475079809759593,0.560106168,1.0,2,1.323,0.038351160970519174,2149.5,0.0,-16.99999999999818,BREAK,4.127109937,3.21116058,False,False,1.123132364,-0.999999999994543,0.500000000001819,-3.999999999996362,-2.5,-10.0,-8.500000000003638,-10.0,-8.500000000003638,-13.999999999996362,-12.5
2026-03-20,CONTROL,BID,2026-03-20 11:32:02.280821017,1774006322280821017,2149.3500000000004,2149.0,36.472,2.2123684449971184,0.517750372,1.0,3,1.464,0.040140381662645316,2149.1,0.0,-14.000000000005457,BREAK,7.306481993,0.483364612,False,True,7.306481993,0.0,2.5000000000045475,0.0,2.5000000000045475,-8.000000000001819,-5.4999999999972715,-7.000000000007276,-4.5000000000027285,-6.000000000003638,-3.4999999999990905
2026-03-20,CONTROL,ASK,2026-03-20 11:32:23.877752185,1774006343877752185,2148.6499999999996,2148.8,34.451,2.737682771773681,0.540775731,1.0,1,2.326,0.06751618240399408,2148.7000000000003,6.999999999998181,-2.000000000007276,BOUNCE,17.76600175,19.09134884,False,False,,-0.0,0.5000000000063665,-0.0,0.5000000000063665,-0.0,0.5000000000063665,3.999999999996362,4.5000000000027285,-2.000000000007276,-1.5000000000009095
2026-03-20,CONTROL,ASK,2026-03-20 11:37:00.706566815,1774006620706566815,2143.3500000000004,2143.7,79.11,4.776885453776946,0.970607293,1.0,3,13.436,0.16983946403741626,2143.6,33.00000000000182,-0.0,BOUNCE,1.274582096,1.224024853,False,True,,-0.0,2.4999999999954525,13.000000000001819,15.499999999997272,23.00000000000182,25.49999999999727,21.000000000003638,23.49999999999909,28.00000000000182,30.49999999999727
2026-03-20,CONTROL,BID,2026-03-20 11:40:48.840715135,1774006848840715135,2139.05,2138.9,39.449,2.224734942476878,0.982891293,1.0,1,9.543,0.24190727268118328,2139.0,0.0,-11.999999999998181,BREAK,12.905066374,12.800867482,False,False,,0.0,0.500000000001819,-1.000000000003638,-0.500000000001819,-1.000000000003638,-0.500000000001819,-11.999999999998181,-11.499999999996362,-10.0,-9.499999999998181
2026-03-20,CONTROL,ASK,2026-03-20 11:48:27.540100023,1774007307540100023,2138.6499999999996,2138.8,37.916,3.1983129481231543,0.556190718,1.0,1,4.674,0.1232724970988501,2138.7000000000003,1.999999999998181,-8.000000000001819,BOUNCE,10.679560466,17.057449346,False,False,,-0.0,0.5000000000063665,0.999999999994543,1.5000000000009095,0.999999999994543,1.5000000000009095,-2.000000000007276,-1.5000000000009095,-8.000000000001819,-7.4999999999954525
2026-03-20,CONTROL,ASK,2026-03-20 11:48:51.595476944,1774007331595476944,2138.55,2138.8,35.875,2.2891873783619947,0.51708836,1.0,2,4.966,0.13842508710801393,2138.7000000000003,-0.0,-8.999999999996362,BREAK,5.970751094,3.055428339,False,False,2.653237257,-0.0,1.5000000000009095,-1.999999999998181,-0.4999999999972715,-3.999999999996362,-2.4999999999954525,-8.999999999996362,-7.4999999999954525,-5.0,-3.4999999999990905
2026-03-20,CONTROL,BID,2026-03-20 11:52:01.262269893,1774007521262269893,2137.25,2137.0,63.994,6.088578088578088,1.062638632,1.0,2,14.722,0.23005281745163608,2137.1,13.999999999996362,-1.000000000003638,BOUNCE,18.284847188,2.253310053,False,False,2.304282552,0.0,1.5000000000009095,-1.000000000003638,0.4999999999972715,-1.000000000003638,0.4999999999972715,5.0,6.5000000000009095,11.000000000003638,12.500000000004547
2026-03-20,CONTROL,BID,2026-03-20 11:52:04.076322743,1774007524076322743,2137.1499999999996,2136.8,33.542,3.2208565392740542,0.509770298,1.0,3,2.4859999999999998,0.07411603362947945,2136.9,15.0,0.0,BOUNCE,12.256134434,4.494358519,False,True,,0.0,2.4999999999954525,0.0,2.4999999999954525,0.0,2.4999999999954525,8.000000000001819,10.499999999997272,12.000000000007276,14.500000000002728
2026-03-20,CONTROL,BID,2026-03-20 11:54:46.779606137,1774007686779606137,2138.25,2138.1,38.976,2.8016101207590567,0.512609591,1.0,1,1.0,0.025656814449917898,2138.2,10.0,0.0,BOUNCE,7.85075633,0.049400191,False,False,,0.0,0.500000000001819,0.0,0.500000000001819,3.000000000001819,3.500000000003638,5.0,5.500000000001819,10.0,10.500000000001819
2026-03-20,CONTROL,ASK,2026-03-20 11:57:02.986037657,1774007822986037657,2139.75,2140.1,73.972,7.968115473689879,0.868530204,1.0,3,16.605,0.22447682907045913,2140.0,-0.0,-16.000000000003638,BREAK,0.918572417,0.352147116,False,False,0.101383422,-3.999999999996362,-1.499999999996362,-3.999999999996362,-1.499999999996362,-8.999999999996362,-6.499999999996362,-10.0,-7.5,-16.000000000003638,-13.500000000003638
2026-03-20,CONTROL,BID,2026-03-20 12:04:12.152862267,1774008252152862267,2141.6499999999996,2141.4,25.968,2.6865301055245188,1.436313801,1.0,2,6.164,0.2373690696241528,2141.5,33.00000000000182,-1.999999999998181,BOUNCE,6.131835707,1.181608827,False,False,1.130780719,-0.999999999994543,0.500000000001819,-0.999999999994543,0.500000000001819,9.000000000005457,10.500000000001819,33.00000000000182,34.49999999999818,14.000000000005457,15.500000000001819
2026-03-20,CONTROL,ASK,2026-03-20 12:09:38.506291852,1774008578506291852,2149.25,2149.5,35.113,4.326925446703635,0.521210723,1.0,2,7.979,0.22723777518298066,2149.4,-0.0,-23.999999999996362,BREAK,2.593403208,2.593403208,False,False,0.704114369,-1.000000000003638,0.4999999999972715,-6.999999999998181,-5.4999999999972715,-15.0,-13.49999999999909,-13.999999999996362,-12.499999999995453,-11.999999999998181,-10.499999999997272
2026-03-20,CONTROL,ASK,2026-03-20 12:10:17.935854747,1774008617935854747,2150.55,2150.7,26.065,2.650902618866006,0.657129193,1.0,1,5.65,0.21676577786303472,2150.6,14.000000000005457,-3.000000000001819,BREAK,2.616804184,2.616804184,False,False,,-0.0,0.4999999999972715,-3.000000000001819,-2.5000000000045475,-1.999999999998181,-1.5000000000009095,6.999999999998181,7.4999999999954525,11.000000000003638,11.50000000000091
2026-03-20,CONTROL,BID,2026-03-20 12:16:53.435549367,1774009013435549367,2144.1499999999996,2144.0,34.6,2.6647156224729485,1.041146082,1.0,1,7.639,0.22078034682080924,2144.1,8.000000000001819,0.0,BOUNCE,3.810892963,6.874709933,False,False,,0.0,0.4999999999972715,2.000000000007276,2.5000000000045475,8.000000000001819,8.49999999999909,4.000000000005457,4.5000000000027285,5.0,5.4999999999972715
2026-03-20,CONTROL,BID,2026-03-20 12:23:52.723535889,1774009432723535889,2147.3500000000004,2147.0,30.268,2.483018867924528,0.508002849,1.0,3,7.1049999999999995,0.234736355226642,2147.1,0.0,-6.000000000003638,BREAK,8.574851831,8.525100389,False,False,0.082567926,-3.000000000001819,-0.4999999999972715,-3.000000000001819,-0.4999999999972715,-5.0,-2.4999999999954525,-5.0,-2.4999999999954525,-6.000000000003638,-3.4999999999990905
2026-03-20,CONTROL,BID,2026-03-20 12:25:51.448404823,1774009551448404823,2145.45,2145.2,61.887,3.72487887086581,0.930443124,1.0,2,13.771,0.22251846106613668,2145.2999999999997,0.0,-40.0,BREAK,2.189122545,1.522198962,False,True,2.138838969,0.0,1.5000000000009095,-10.999999999994543,-9.499999999993634,-18.00000000000182,-16.50000000000091,-40.0,-38.49999999999909,-33.00000000000182,-31.50000000000091
2026-03-20,CONTROL,ASK,2026-03-20 12:26:17.532295411,1774009577532295411,2142.45,2142.8,18.047,2.0089052151166027,1.634231227,1.0,3,2.189,0.12129439796087993,2142.7000000000003,10.0,-0.0,BOUNCE,1.987757103,2.958408607,False,True,,-0.0,2.5000000000045475,10.0,12.500000000004547,10.0,12.500000000004547,3.000000000001819,5.5000000000063665,10.0,12.500000000004547
2026-03-20,CONTROL,ASK,2026-03-20 12:27:00.403683625,1774009620403683625,2141.6499999999996,2141.8,32.202,2.1779446078928677,0.663456361,1.0,1,6.869,0.21330973231476305,2141.7000000000003,21.99999999999818,-2.000000000007276,BOUNCE,1.788732802,3.628363828,False,False,,-1.000000000003638,-0.4999999999972715,-0.0,0.5000000000063665,1.999999999998181,2.5000000000045475,5.999999999994543,6.5000000000009095,3.999999999996362,4.5000000000027285
2026-03-20,CONTROL,BID,2026-03-20 12:34:01.153796158,1774010041153796158,2138.45,2138.3,35.548,2.3674991674991674,1.785891345,1.0,1,6.079,0.17100821424552715,2138.4,3.000000000001819,-6.999999999998181,BOUNCE,3.322211476,7.648850025,False,False,,0.0,0.4999999999972715,3.000000000001819,3.4999999999990905,-1.999999999998181,-1.5000000000009095,-5.0,-4.5000000000027285,-5.999999999994543,-5.4999999999972715
2026-03-20,CONTROL,BID,2026-03-20 12:43:29.989985362,1774010609989985362,2137.3500000000004,2137.1,50.539,2.5616604997719095,0.716472708,1.0,2,7.729,0.1529313995132472,2137.2,0.0,-5.0,BREAK,1.223550308,0.993845714,False,False,1.173081382,0.0,1.500000000005457,-4.000000000005457,-2.5,0.0,1.500000000005457,-5.0,-3.499999999994543,-2.000000000007276,-0.500000000001819
2026-03-20,CONTROL,ASK,2026-03-20 12:44:45.342732811,1774010685342732811,2137.6499999999996,2137.9,39.06,12.261811332600848,0.563730708,1.0,2,2.6660000000000004,0.06825396825396826,2137.8,-0.0,-15.0,BREAK,3.884944058,2.810808382,False,False,0.237325744,-1.000000000003638,0.500000000001819,-6.000000000003638,-4.499999999998181,-6.000000000003638,-4.499999999998181,-12.000000000007276,-10.500000000001819,-7.000000000007276,-5.500000000001819
2026-03-20,CONTROL,ASK,2026-03-20 12:45:28.462422546,1774010728462422546,2138.6499999999996,2138.8,25.736,2.0647438725981786,0.594831193,1.0,1,3.137,0.12189151383276345,2138.7000000000003,15.0,-0.0,BOUNCE,11.094221158,12.777883398,False,False,,-0.0,0.5000000000063665,-0.0,0.5000000000063665,-0.0,0.5000000000063665,6.999999999998181,7.5000000000045475,8.999999999996362,9.500000000002728
2026-03-20,CONTROL,ASK,2026-03-20 13:01:00.212923196,1774011660212923196,2140.25,2140.6,50.048,5.5624340094470694,0.515096303,1.0,3,9.967,0.19914881713554988,2140.5,3.999999999996362,-10.0,BREAK,0.612670701,0.458708652,False,False,0.102518385,-10.0,-7.5,-3.999999999996362,-1.499999999996362,-3.999999999996362,-1.499999999996362,3.999999999996362,6.499999999996362,-8.999999999996362,-6.499999999996362
2026-03-20,CONTROL,BID,2026-03-20 13:01:45.382069891,1774011705382069891,2140.6499999999996,2140.3,77.702,5.491307420494699,0.507875404,1.0,3,14.816,0.19067720264600654,2140.4,17.000000000007276,-0.999999999994543,BOUNCE,9.49752855,0.205170103,False,True,,-0.999999999994543,1.5000000000009095,0.0,2.4999999999954525,6.000000000003638,8.49999999999909,17.000000000007276,19.50000000000273,8.000000000001819,10.499999999997272
2026-03-20,CONTROL,BID,2026-03-20 13:14:49.135839981,1774012489135839981,2138.8500000000004,2138.7,33.804,3.1423657913083898,0.537428873,1.0,1,6.592,0.19500650810554962,2138.7999999999997,0.999999999994543,-11.000000000003638,BREAK,7.793898043,5.367144628,False,False,,0.0,0.5000000000063665,0.999999999994543,1.5000000000009095,-2.000000000007276,-1.5000000000009095,0.999999999994543,1.5000000000009095,-9.000000000005457,-8.49999999999909
2026-03-20,CONTROL,BID,2026-03-20 13:25:52.438020143,1774013152438020143,2150.75,2150.5,34.343,4.329950198575301,0.554961504,1.0,2,6.553,0.19081035436624638,2150.6,6.000000000003638,-16.99999999999818,BREAK,1.307753171,1.307753171,False,False,0.644655915,-1.000000000003638,0.4999999999972715,-3.999999999996362,-2.4999999999954525,-3.999999999996362,-2.4999999999954525,3.999999999996362,5.4999999999972715,-16.99999999999818,-15.499999999997272
2026-03-20,CONTROL,ASK,2026-03-20 13:26:33.360154639,1774013193360154639,2150.1499999999996,2150.3,139.65,15.208276613122786,1.428023005,1.0,1,0.83,0.005943430003580379,2150.2000000000003,47.999999999992724,-0.0,BOUNCE,0.15158996,0.049487301,False,False,,5.999999999994543,6.5000000000009095,7.999999999992724,8.49999999999909,3.999999999996362,4.5000000000027285,26.99999999999818,27.500000000004547,46.99999999999818,47.50000000000455
2026-03-20,CONTROL,BID,2026-03-20 13:26:33.870498702,1774013193870498702,2149.55,2149.2,62.863,5.956602075140949,0.567042043,0.9002052533871814,3,5.82,0.09258228210553109,2149.2999999999997,1.999999999998181,-41.99999999999818,BOUNCE,8.77700021,2.397909854,False,False,2.547971956,0.0,2.5000000000045475,-1.999999999998181,0.5000000000063665,0.999999999994543,3.4999999999990905,-21.000000000003638,-18.49999999999909,-41.00000000000364,-38.49999999999909
2026-03-20,CONTROL,ASK,2026-03-20 13:28:00.739304674,1774013280739304674,2145.75,2146.0,34.859,2.735219114127663,0.865691029,1.0,2,0.466,0.013368140222037351,2145.9,-0.0,-13.000000000001819,BREAK,1.889420846,1.119824302,False,True,1.838476377,-0.0,1.5000000000009095,-13.000000000001819,-11.50000000000091,-11.000000000003638,-9.500000000002728,-0.0,1.5000000000009095,-6.000000000003638,-4.5000000000027285
2026-03-20,CONTROL,BID,2026-03-20 13:28:29.218109858,1774013309218109858,2145.75,2145.6,32.53,2.8232945669154663,0.506936496,1.0,1,0.957,0.029418997848140175,2145.7,8.999999999996362,0.0,BOUNCE,7.203380681,11.424102682,False,False,,0.0,0.500000000001819,0.0,0.500000000001819,3.000000000001819,3.500000000003638,8.000000000001819,8.500000000003638,1.999999999998181,2.5
2026-03-20,CONTROL,ASK,2026-03-20 13:31:03.238518983,1774013463238518983,2142.3500000000004,2142.7,48.487,5.811350152813567,1.174661745,1.0,3,1.2570000000000001,0.025924474601439564,2142.6,102.00000000000728,-5.0,BREAK,8.212064636,0.201710116,False,False,0.050523554,-2.999999999992724,-0.4999999999972715,-1.999999999998181,0.4999999999972715,-1.999999999998181,0.4999999999972715,53.00000000000182,55.49999999999727,96.00000000000364,98.49999999999909
2026-03-20,CONTROL,BID,2026-03-20 13:32:28.692119642,1774013548692119642,2128.8500000000004,2128.6,39.238,7.154996353026988,1.542049442,0.8827000898457573,2,6.37,0.16234262704521127,2128.7,56.99999999999818,-3.000000000001819,BOUNCE,3.165302149,0.459204438,False,True,5.053465434,0.0,1.500000000005457,0.0,1.500000000005457,15.999999999994543,17.5,35.99999999999454,37.5,41.99999999999818,43.50000000000364
2026-03-20,CONTROL,BID,2026-03-20 13:34:08.806711929,1774013648806711929,2133.55,2133.2,101.053,11.74420361438782,0.870971637,1.0,3,24.929999999999996,0.2467022255648026,2133.2999999999997,8.000000000001819,-36.99999999999818,BOUNCE,1.123404704,0.051644071,False,True,20.81601363,0.0,2.5000000000045475,5.999999999994543,8.49999999999909,8.000000000001819,10.500000000006366,-3.000000000001819,-0.4999999999972715,-35.0,-32.49999999999545
2026-03-20,CONTROL,ASK,2026-03-20 13:34:32.531476361,1774013672531476361,2132.8500000000004,2133.2,14.026,2.741059214383428,0.714089881,1.0,3,3.2359999999999998,0.23071438756594895,2133.1,101.00000000000364,-15.0,BREAK,0.205139978,0.048212478,False,False,0.14763858,-5.999999999994543,-3.4999999999990905,-5.999999999994543,-3.4999999999990905,-11.999999999998181,-9.500000000002728,21.000000000003638,23.49999999999909,80.0,82.49999999999545
2026-03-20,CONTROL,ASK,2026-03-20 13:35:18.254359739,1774013718254359739,2125.05,2125.2,71.448,7.726614036984968,1.068968232,1.0,1,8.63,0.12078714589631623,2125.1,23.00000000000182,-58.00000000000182,BREAK,0.207012188,0.052359226,False,False,,3.000000000001819,3.4999999999990905,14.000000000005457,14.500000000002728,15.0,15.499999999997272,-8.999999999996362,-8.49999999999909,-58.00000000000182,-57.50000000000455
2026-03-20,CONTROL,ASK,2026-03-20 13:35:26.873106382,1774013726873106382,2122.95,2123.2,52.254,11.768918918918919,0.554615291,1.0,2,8.389000000000001,0.16054273357063578,2123.1,-0.0,-90.0,BREAK,0.311066154,0.107979858,False,False,0.261625145,-6.000000000003638,-4.5000000000027285,-29.000000000005457,-27.500000000004547,-24.000000000005457,-22.500000000004547,-31.99999999999818,-30.49999999999727,-86.00000000000364,-84.50000000000273
2026-03-20,CONTROL,BID,2026-03-20 13:35:36.053550085,1774013736053550085,2125.95,2125.6,24.152,4.369030390738061,0.555928158,1.0,3,2.9869999999999997,0.12367505796621396,2125.7,61.00000000000364,-8.999999999996362,BREAK,0.364995337,0.209121068,False,False,0.209121068,-3.999999999996362,-1.499999999996362,3.000000000001819,5.500000000001819,-1.999999999998181,0.500000000001819,36.00000000000364,38.50000000000364,50.0,52.5
2026-03-20,CONTROL,BID,2026-03-20 13:36:39.650701956,1774013799650701956,2129.55,2129.3,42.5,4.14897251915849,0.509363255,1.0,2,5.333,0.12548235294117646,2129.4,83.99999999999636,-6.999999999998181,BOUNCE,1.53062208,1.53062208,False,False,1.06998329,0.0,1.5000000000009095,8.000000000001819,9.500000000002728,-3.000000000001819,-1.5000000000009095,33.99999999999636,35.49999999999727,75.99999999999454,77.49999999999545
2026-03-20,CONTROL,BID,2026-03-20 13:36:48.272535669,1774013808272535669,2129.45,2129.3,32.004,3.9805970149253733,0.51022711,1.0,1,0.469,0.014654418197725285,2129.4,85.0,-3.000000000001819,BREAK,0.711796598,0.664874172,False,False,,-1.999999999998181,-1.5000000000009095,-3.000000000001819,-2.5000000000045475,0.0,0.4999999999972715,39.00000000000546,39.50000000000273,64.00000000000546,64.50000000000273
2026-03-20,CONTROL,BID,2026-03-20 13:38:53.697275425,1774013933697275425,2133.05,2132.7,42.583,2.922448699471553,1.732599573,1.0,3,4.241,0.09959373458892046,2132.7999999999997,0.0,-35.0,BREAK,1.840344349,1.329933398,False,False,1.227636951,0.0,2.5000000000045475,-5.0,-2.4999999999954525,-25.0,-22.499999999995453,-10.0,-7.4999999999954525,-30.0,-27.499999999995453
2026-03-20,CONTROL,BID,2026-03-20 13:39:10.799905597,1774013950799905597,2130.95,2130.7,55.414,3.3844744396262136,1.527359015,0.8569418487375086,2,13.577,0.24501028620926119,2130.7999999999997,19.000000000005457,-28.999999999996362,BOUNCE,1.177721658,2.749205274,False,True,36.835631437,1.000000000003638,2.5000000000045475,6.999999999998181,8.49999999999909,6.000000000003638,7.5000000000045475,19.000000000005457,20.500000000006366,-13.999999999996362,-12.499999999995453
2026-03-20,CONTROL,ASK,2026-03-20 13:40:23.209322467,1774014023209322467,2129.95,2130.3,38.647,5.273521184417002,1.325815829,1.0,3,1.369,0.035423189380805756,2130.2000000000003,30.999999999994543,-18.00000000000182,BREAK,0.612332083,0.458470933,False,False,0.561431555,-6.999999999998181,-4.4999999999936335,-8.000000000001819,-5.4999999999972715,-18.00000000000182,-15.499999999997272,5.0,7.5000000000045475,15.999999999994543,18.49999999999909
2026-03-20,CONTROL,BID,2026-03-20 13:41:09.131953386,1774014069131953386,2128.8500000000004,2128.7,35.721,2.6029074215761283,0.879270411,1.0,1,5.176,0.14490075865737242,2128.7999999999997,53.99999999999636,-20.0,BREAK,1.077013251,1.026657507,False,False,,-1.000000000003638,-0.4999999999972715,-6.000000000003638,-5.4999999999972715,-9.000000000005457,-8.49999999999909,-5.0,-4.4999999999936335,23.999999999996362,24.50000000000273
2026-03-20,CONTROL,BID,2026-03-20 13:42:36.752323790,1774014156752323790,2135.3500000000004,2135.0,55.346,8.518700938894874,0.713312399,1.0,3,12.304,0.2223105554150255,2135.1,88.99999999999636,-5.0,BOUNCE,5.613401306,1.02211499,False,True,19.698311814,0.0,2.5000000000045475,0.0,2.5000000000045475,18.999999999996362,21.50000000000091,3.999999999996362,6.5000000000009095,85.0,87.50000000000455
2026-03-20,CONTROL,ASK,2026-03-20 13:44:26.977472840,1774014266977472840,2138.75,2139.1,11.1,2.3253378024510316,1.277078475,0.8748810600695466,3,2.581,0.23252252252252253,2139.0,8.999999999996362,-41.99999999999818,BREAK,0.30634065,0.30634065,False,False,0.153114314,-5.0,-2.5,8.999999999996362,11.499999999996362,-3.000000000001819,-0.500000000001819,-11.000000000003638,-8.500000000003638,-31.99999999999818,-29.49999999999818
2026-03-20,CONTROL,BID,2026-03-20 13:44:31.060308034,1774014271060308034,2138.35,2138.0,77.282,11.04344098313804,1.802791181,0.9096599352623524,2,9.617,0.12444036127429416,2138.1,45.99999999999909,-4.9999999999954525,BREAK,0.151826408,0.04953114,False,False,0.151826408,-4.9999999999954525,-2.4999999999954525,7.0000000000027285,9.500000000002728,7.0000000000027285,9.500000000002728,17.00000000000273,19.50000000000273,30.000000000004547,32.50000000000455
2026-03-20,CONTROL,ASK,2026-03-20 13:46:18.259958700,1774014378259958700,2140.3500000000004,2140.6,48.07,8.261579444874108,0.544028365,1.0,2,9.676,0.201289785729145,2140.5,64.00000000000546,-11.999999999998181,BREAK,1.193326795,0.170613713,False,True,1.141999895,-0.0,1.499999999996362,3.000000000001819,4.499999999998181,-11.999999999998181,-10.500000000001819,41.00000000000364,42.5,26.000000000003638,27.5
2026-03-20,CONTROL,BID,2026-03-20 13:46:38.067879914,1774014398067879914,2138.75,2138.4,25.729,2.765815640956732,1.580488618,1.0,3,3.2720000000000002,0.12717167398655216,2138.5,5.0,-48.00000000000182,BREAK,1.639690103,0.919749667,False,False,0.414781883,-3.000000000001819,-0.500000000001819,-13.999999999996362,-11.499999999996362,-25.0,-22.5,-16.000000000003638,-13.500000000003638,-6.000000000003638,-3.500000000003638
2026-03-20,CONTROL,ASK,2026-03-20 13:46:55.168716927,1774014415168716927,2135.45,2135.8,72.246,11.844577424379047,0.713303888,1.0,3,12.302000000000001,0.17027932342275007,2135.7000000000003,-0.0,-38.00000000000182,BREAK,1.122497041,0.204066913,False,True,1.122497041,-0.0,2.5000000000045475,-11.999999999998181,-9.499999999993634,-16.000000000003638,-13.49999999999909,-24.000000000005457,-21.50000000000091,-36.00000000000364,-33.49999999999909
2026-03-20,CONTROL,BID,2026-03-20 13:47:16.705730562,1774014436705730562,2137.95,2137.7,38.085,6.500810787744304,1.682292792,0.8735248049496488,2,1.889,0.04959957988709465,2137.7999999999997,36.00000000000364,-10.999999999994543,BREAK,1.633339167,0.508588083,False,False,0.710758559,-1.999999999998181,-0.4999999999972715,-8.999999999996362,-7.4999999999954525,-5.0,-3.4999999999990905,-0.999999999994543,0.5000000000063665,36.00000000000364,37.50000000000455
2026-03-20,CONTROL,BID,2026-03-20 13:47:38.596557728,1774014458596557728,2137.75,2137.4,37.174,2.5264374065515836,1.32571055,0.9174800087394643,3,2.721,0.07319632000860817,2137.5,46.00000000000364,-1.000000000003638,BOUNCE,1.68388396,0.918837731,False,True,,-1.000000000003638,1.499999999996362,5.0,7.5,1.999999999998181,4.499999999998181,21.99999999999818,24.49999999999818,36.99999999999818,39.49999999999818
2026-03-20,CONTROL,BID,2026-03-20 13:49:03.777569924,1774014543777569924,2141.8500000000004,2141.7,26.3,3.9459864966241565,0.510995395,1.0,1,5.602,0.21300380228136884,2141.7999999999997,2.999999999992724,-26.000000000003638,BOUNCE,4.235372275,0.459075314,False,False,,0.0,0.5000000000063665,2.999999999992724,3.4999999999990905,-1.000000000003638,-0.4999999999972715,-6.000000000003638,-5.4999999999972715,-19.000000000005457,-18.49999999999909
2026-03-20,CONTROL,BID,2026-03-20 13:49:56.815111719,1774014596815111719,2140.45,2140.1,35.081,3.6557940808670284,0.826702331,1.0,3,3.737,0.10652489951825773,2140.2,0.0,-63.99999999999636,BREAK,1.827251383,0.090933207,False,False,0.297285486,-1.999999999998181,0.500000000001819,-11.999999999998181,-9.499999999998181,-1.999999999998181,0.500000000001819,-45.0,-42.5,-58.99999999999636,-56.49999999999636
2026-03-20,CONTROL,BID,2026-03-20 13:51:16.559561516,1774014676559561516,2133.3500000000004,2133.1,25.759,2.575384923015397,0.558795389,0.7580355266675259,2,5.401,0.20967428859815987,2133.2,0.0,-41.00000000000364,BREAK,0.717134152,0.410457029,False,False,0.717134152,-14.000000000005457,-12.5,-24.000000000005457,-22.5,-17.000000000007276,-15.500000000001819,-33.00000000000182,-31.499999999996362,-24.000000000005457,-22.5
2026-03-20,CONTROL,ASK,2026-03-20 13:52:46.840046066,1774014766840046066,2131.75,2131.9,35.298,4.243823264201984,0.548552873,1.0,1,4.743,0.13437021927587967,2131.8,41.00000000000364,-3.000000000001819,BOUNCE,0.471817825,2.813097055,False,False,,1.999999999998181,2.5,11.000000000003638,11.500000000005457,15.0,15.500000000001819,35.0,35.50000000000182,1.000000000003638,1.500000000005457
2026-03-20,CONTROL,ASK,2026-03-20 14:00:34.416286317,1774015234416286317,2119.1499999999996,2119.5,49.1,13.37692412477864,0.707593975,0.7033199399415463,3,10.145,0.2066191446028513,2119.4,-0.0,-47.000000000007276,BREAK,0.157658072,0.057301483,False,False,0.108033501,-18.00000000000182,-15.499999999997272,-41.00000000000364,-38.49999999999909,-16.000000000003638,-13.49999999999909,-25.0,-22.499999999995453,-7.000000000007276,-4.5000000000027285
2026-03-20,CONTROL,BID,2026-03-20 14:00:37.935746726,1774015237935746726,2122.8500000000004,2122.5,51.262,7.81671241232083,0.555410364,1.0,3,9.219000000000001,0.1798408177597441,2122.6,10.0,-34.00000000000546,BOUNCE,0.414803036,0.463846504,False,True,2.811855693,0.999999999994543,3.4999999999990905,-18.00000000000182,-15.499999999997272,-20.0,-17.499999999995453,-17.000000000007276,-14.500000000002728,-33.00000000000182,-30.49999999999727
2026-03-20,CONTROL,BID,2026-03-20 14:01:00.340674637,1774015260340674637,2122.6,2122.3,50.089,9.951127446111055,1.941591649,1.0,2,9.5,0.1896624009263511,2122.4,12.500000000004547,-44.50000000000273,BOUNCE,0.051102599,0.357614916,False,True,2.142852391,9.500000000002728,11.50000000000091,-12.499999999995453,-10.499999999997272,-19.50000000000273,-17.500000000004547,-13.49999999999909,-11.50000000000091,-26.50000000000091,-24.50000000000273
2026-03-20,CONTROL,BID,2026-03-20 14:01:06.462837220,1774015266462837220,2121.45,2121.3,108.276,7.2920497019901,1.099823128,1.0,1,20.537,0.18967268831504672,2121.4,9.000000000005457,-33.00000000000182,BOUNCE,0.101619474,0.101619474,False,False,,-3.000000000001819,-2.5000000000045475,-20.0,-19.50000000000273,-5.999999999994543,-5.4999999999972715,-15.999999999994543,-15.499999999997272,-13.000000000001819,-12.500000000004547
2026-03-20,CONTROL,ASK,2026-03-20 14:02:26.478516804,1774015346478516804,2119.55,2119.8,99.507,15.397601547388781,0.572440401,0.8893024253890843,2,24.856,0.24979147195674675,2119.7000000000003,-0.0,-103.99999999999636,BREAK,0.815782339,0.25515735,False,False,0.408221322,-3.000000000001819,-1.5000000000009095,-11.999999999998181,-10.499999999997272,-16.99999999999818,-15.499999999997272,-45.99999999999454,-44.49999999999363,-103.00000000000182,-101.50000000000091
2026-03-20,CONTROL,ASK,2026-03-20 14:03:02.556121139,1774015382556121139,2125.05,2125.2,33.156,5.773289221661152,0.61965002,0.9978914242591326,1,1.0,0.030160453613222345,2125.1,6.000000000003638,-48.99999999999636,BOUNCE,0.918883203,0.868293775,False,False,,3.000000000001819,3.4999999999990905,-20.999999999994543,-20.49999999999727,-30.0,-29.50000000000273,-30.999999999994543,-30.49999999999727,-18.999999999996362,-18.49999999999909
2026-03-20,CONTROL,BID,2026-03-20 14:03:52.398594925,1774015432398594925,2126.75,2126.5,30.336,2.969314344442813,0.506564275,1.0,2,6.305,0.20783887130801687,2126.6,31.000000000003638,-6.999999999998181,BREAK,0.213608157,0.110630375,False,False,0.110630375,-6.000000000003638,-4.5000000000027285,-1.999999999998181,-0.4999999999972715,1.999999999998181,3.4999999999990905,21.000000000003638,22.500000000004547,18.999999999996362,20.49999999999727
2026-03-20,CONTROL,BID,2026-03-20 14:04:04.244453264,1774015444244453264,2126.55,2126.4,38.454,5.2024622877629705,0.562203865,1.0,1,8.331,0.21664846309876734,2126.5,41.99999999999818,-1.999999999998181,BREAK,3.210462852,0.456025594,False,False,,0.0,0.500000000001819,-1.999999999998181,-1.499999999996362,15.0,15.500000000001819,25.999999999994543,26.499999999996362,41.99999999999818,42.5
2026-03-20,CONTROL,BID,2026-03-20 14:04:23.425021145,1774015463425021145,2129.1499999999996,2128.8,53.558,5.431570407180164,1.726792036,1.0,3,9.512,0.17760185219761754,2128.9,38.00000000000182,-8.999999999996362,BREAK,1.229691854,0.721865828,False,False,0.362810845,-1.999999999998181,0.4999999999972715,-3.999999999996362,-1.5000000000009095,2.000000000007276,4.5000000000027285,-8.999999999996362,-6.5000000000009095,19.000000000005457,21.50000000000091
2026-03-20,CONTROL,BID,2026-03-20 14:07:44.538520380,1774015664538520380,2131.6499999999996,2131.5,35.527,2.3064987340128544,1.020507755,0.7887586331962759,1,2.639,0.07428153235567314,2131.6,0.0,-75.99999999999454,BREAK,0.764561075,0.409259419,False,False,,-15.999999999994543,-15.499999999997272,-10.999999999994543,-10.499999999997272,-12.999999999992724,-12.499999999995453,-40.0,-39.50000000000273,-75.99999999999454,-75.49999999999727
2026-03-20,CONTROL,BID,2026-03-20 14:07:45.407792331,1774015665407792331,2130.8500000000004,2130.6,11.358,3.171739737503491,1.27499419,1.0,2,0.723,0.06365557316428948,2130.7,0.999999999994543,-68.00000000000182,BREAK,0.051047465,0.051047465,False,False,0.051047465,-3.000000000001819,-1.499999999996362,-3.000000000001819,-1.499999999996362,-5.0,-3.499999999994543,-28.00000000000182,-26.499999999996362,-68.00000000000182,-66.49999999999636
2026-03-20,CONTROL,ASK,2026-03-20 14:09:40.160362140,1774015780160362140,2126.8500000000004,2127.2,24.68,3.7771655953474133,1.836272196,0.9147735143292449,3,3.9269999999999996,0.15911669367909237,2127.1,-0.0,-58.99999999999636,BREAK,0.45695242,0.051367389,False,False,0.093928898,-5.999999999994543,-3.4999999999990905,-1.999999999998181,0.4999999999972715,-3.999999999996362,-1.5000000000009095,-35.0,-32.50000000000455,-55.99999999999454,-53.49999999999909
2026-03-20,CONTROL,ASK,2026-03-20 14:09:40.517703610,1774015780517703610,2127.1499999999996,2127.4,12.767,2.182579707667322,0.969028359,0.8892277310534314,2,1.41,0.11044098065324665,2127.3,2.999999999992724,-56.00000000000364,BREAK,0.09961095,0.09961095,False,False,0.09961095,-3.000000000001819,-1.499999999996362,-4.000000000005457,-2.5,-2.000000000007276,-0.500000000001819,-26.000000000003638,-24.49999999999818,-53.00000000000182,-51.49999999999636
2026-03-20,CONTROL,BID,2026-03-20 14:10:32.340598835,1774015832340598835,2132.05,2131.7,55.192,6.831961378968868,0.750953184,0.7230433035889492,3,12.028,0.21793013480214524,2131.7999999999997,23.999999999996362,-11.999999999998181,BREAK,1.670326403,1.544013746,False,False,0.217439637,-3.000000000001819,-0.4999999999972715,5.999999999994543,8.49999999999909,10.999999999994543,13.49999999999909,1.999999999998181,4.5000000000027285,-3.000000000001819,-0.4999999999972715
2026-03-20,CONTROL,ASK,2026-03-20 14:14:19.333731593,1774016059333731593,2124.05,2124.2,41.884,3.665033251662583,0.509680979,0.8922773788660455,1,8.073,0.19274663355935442,2124.1,10.0,-23.999999999996362,BREAK,1.481499549,1.481499549,False,False,,-0.999999999994543,-0.4999999999972715,-0.999999999994543,-0.4999999999972715,1.999999999998181,2.4999999999954525,-0.999999999994543,-0.4999999999972715,-15.0,-14.500000000002728
2026-03-20,CONTROL,BID,2026-03-20 14:15:50.774566884,1774016150774566884,2126.5,2126.1,107.086,17.76623807548735,0.721404623,1.0,3,26.537999999999997,0.24781950955306947,2126.2,3.500000000003638,-41.49999999999636,BREAK,0.7633909,0.300337974,False,False,0.610469033,-5.500000000001819,-2.5,-9.499999999998181,-6.499999999996362,-2.5,0.500000000001819,-41.49999999999636,-38.49999999999454,-9.499999999998181,-6.499999999996362
2026-03-20,CONTROL,BID,2026-03-20 14:16:21.128090430,1774016181128090430,2122.3500000000004,2122.2,34.393,3.1361874800528886,0.511790698,1.0,1,8.528,0.24795743319861602,2122.2999999999997,51.99999999999818,0.0,BOUNCE,3.476536992,4.294598889,False,False,,0.0,0.5000000000063665,10.999999999994543,11.50000000000091,21.99999999999818,22.500000000004547,31.99999999999818,32.50000000000455,37.999999999992724,38.49999999999909
2026-03-20,CONTROL,BID,2026-03-20 14:17:54.238022746,1774016274238022746,2126.1499999999996,2125.9,35.764,2.853245043679445,1.720838678,1.0,2,4.781,0.1336819147746337,2126.0,0.0,-38.99999999999636,BREAK,3.836651012,3.430639342,False,False,3.430639342,0.0,1.499999999996362,-8.999999999996362,-7.5,-1.999999999998181,-0.500000000001819,-13.999999999996362,-12.5,-38.99999999999636,-37.5
2026-03-20,CONTROL,ASK,2026-03-20 14:23:26.816696069,1774016606816696069,2125.95,2126.2,35.822,10.425494761350409,0.511155552,0.8015718569364184,2,5.466,0.1525877952096477,2126.1,10.0,-55.0,BREAK,2.908968535,0.964821365,False,False,0.91514992,-1.999999999998181,-0.4999999999972715,-5.0,-3.4999999999990905,-15.0,-13.49999999999909,5.0,6.5000000000009095,-46.00000000000364,-44.50000000000273
2026-03-20,CONTROL,ASK,2026-03-20 14:23:33.435059253,1774016613435059253,2126.45,2126.6,26.681,2.5103260102554454,0.546789919,1.0,1,2.351,0.08811513811326412,2126.5,15.0,-58.00000000000182,BREAK,0.526414216,0.469444221,False,False,,-10.0,-9.499999999998181,-10.0,-9.499999999998181,-0.0,0.500000000001819,-16.000000000003638,-15.500000000001819,-58.00000000000182,-57.5
2026-03-20,CONTROL,BID,2026-03-20 14:23:49.983448713,1774016629983448713,2126.8500000000004,2126.5,47.5,3.5443793605193448,1.4291945,1.0,3,1.9529999999999998,0.04111578947368421,2126.6,56.99999999999818,-19.000000000005457,BREAK,1.785048235,0.711167229,False,False,0.766020954,-3.000000000001819,-0.4999999999972715,-10.0,-7.4999999999954525,-10.0,-7.4999999999954525,33.99999999999636,36.50000000000091,43.99999999999636,46.50000000000091
2026-03-20,CONTROL,BID,2026-03-20 14:25:11.522309746,1774016711522309746,2130.25,2130.1,34.825,2.7692735875313113,0.537037399,1.0,1,3.737,0.10730796841349605,2130.2,23.999999999996362,-23.00000000000182,BREAK,0.559797297,0.559797297,False,False,,-1.999999999998181,-1.499999999996362,-11.000000000003638,-10.500000000001819,-16.000000000003638,-15.500000000001819,-8.000000000001819,-7.5,23.999999999996362,24.49999999999818
2026-03-20,CONTROL,ASK,2026-03-20 14:25:20.196198290,1774016720196198290,2128.6499999999996,2129.0,26.635,2.1917300966879245,0.525341337,0.8510339288225476,3,6.321,0.23731931668856765,2128.9,6.999999999998181,-43.00000000000182,BREAK,3.418514359,0.815057546,False,True,1.578781646,-0.0,2.5000000000045475,-5.0,-2.4999999999954525,-2.000000000007276,0.4999999999972715,-4.000000000005457,-1.5000000000009095,-42.000000000007276,-39.50000000000273
2026-03-20,CONTROL,BID,2026-03-20 14:29:39.135336506,1774016979135336506,2136.05,2135.7,51.129,3.73777322903721,0.551929709,1.0,3,11.404,0.22304367384458917,2135.7999999999997,40.99999999999454,-11.999999999998181,BREAK,1.083549033,0.623830797,False,False,0.673625434,-1.999999999998181,0.5000000000063665,-9.000000000005457,-6.5000000000009095,-11.000000000003638,-8.49999999999909,23.999999999996362,26.50000000000091,40.99999999999454,43.49999999999909
2026-03-20,CONTROL,ASK,2026-03-20 14:31:25.181971710,1774017085181971710,2139.25,2139.5,27.324,2.8495150693502973,0.968314047,1.0,2,2.5140000000000002,0.09200702678963549,2139.4,10.0,-35.0,BREAK,1.531671215,1.531671215,False,False,1.531671215,-0.0,1.5000000000009095,-0.0,1.5000000000009095,10.0,11.50000000000091,-6.999999999998181,-5.4999999999972715,-28.999999999996362,-27.499999999995453
2026-03-20,CONTROL,BID,2026-03-20 14:32:37.994359803,1774017157994359803,2143.55,2143.3,24.21,2.353799037479948,1.076826533,1.0,2,0.466,0.019248244527054936,2143.4,38.99999999999636,-11.000000000003638,BREAK,0.663190177,0.612372774,False,False,0.25475078,-5.0,-3.4999999999990905,11.999999999998181,13.49999999999909,20.999999999994543,22.499999999995453,3.000000000001819,4.5000000000027285,6.999999999998181,8.49999999999909
2026-03-20,CONTROL,BID,2026-03-20 14:35:54.670105376,1774017354670105376,2146.95,2146.7,12.794,2.2291140343235476,0.512519068,0.580623129128144,2,1.167,0.09121463185868375,2146.7999999999997,0.0,-50.0,BREAK,1.584566385,1.359883432,False,False,0.103919209,-0.999999999994543,0.5000000000063665,-1.999999999998181,-0.4999999999972715,-20.999999999994543,-19.499999999993634,-15.999999999994543,-14.499999999993634,-50.0,-48.49999999999909
2026-03-20,CONTROL,BID,2026-03-20 14:37:01.581409917,1774017421581409917,2141.95,2141.6,47.713,3.7116297160637886,0.817314066,0.996954221022791,3,10.165999999999999,0.2130656215287238,2141.7,-3.000000000001819,-26.99999999999818,BREAK,1.223985935,0.964622809,False,False,0.049804778,-3.000000000001819,-0.500000000001819,-13.000000000001819,-10.500000000001819,-25.0,-22.5,-26.99999999999818,-24.49999999999818,-33.99999999999636,-31.499999999996362
2026-03-20,CONTROL,BID,2026-03-20 14:37:30.722661970,1774017450722661970,2139.25,2139.1,36.03,4.20493668670129,1.380617591,1.0,1,5.421,0.1504579517069109,2139.2,11.999999999998181,-18.999999999996362,BOUNCE,5.612648931,0.152948962,False,False,,0.0,0.500000000001819,0.0,0.500000000001819,1.999999999998181,2.5,0.0,0.500000000001819,-18.999999999996362,-18.499999999994543
2026-03-20,CONTROL,ASK,2026-03-20 14:46:26.781932007,1774017986781932007,2136.55,2136.9,35.933,2.5825996334495276,0.504154276,1.0,3,1.484,0.04129908440709097,2136.8,21.000000000003638,-3.999999999996362,BOUNCE,2.303313633,6.592104689,False,False,0.159008466,-3.000000000001819,-0.500000000001819,3.000000000001819,5.500000000001819,6.999999999998181,9.499999999998181,-0.0,2.5,9.000000000005457,11.500000000005457
2026-03-20,CONTROL,BID,2026-03-20 14:47:05.056567367,1774018025056567367,2135.6499999999996,2135.5,38.213,3.0677156504636134,0.55454692,1.0,1,9.004,0.2356266192133567,2135.6,6.000000000003638,-13.999999999996362,BREAK,1.180773131,1.180773131,False,False,,-0.999999999994543,-0.4999999999972715,-2.999999999992724,-2.4999999999954525,5.0,5.4999999999972715,-10.0,-9.500000000002728,6.000000000003638,6.5000000000009095
2026-03-20,CONTROL,BID,2026-03-20 14:56:25.922539280,1774018585922539280,2130.3500000000004,2130.1,36.02,2.628046111192179,0.511707602,1.0,2,5.617,0.155941143808995,2130.2,6.999999999998181,-25.0,BREAK,2.602788042,1.476761497,False,True,2.602788042,0.0,1.500000000005457,-14.000000000005457,-12.5,-23.00000000000182,-21.499999999996362,-16.000000000003638,-14.499999999998181,6.999999999998181,8.500000000003638
2026-03-20,CONTROL,BID,2026-03-20 14:58:47.578509709,1774018727578509709,2130.55,2130.4,23.504,2.394823984920271,0.507577426,1.0,1,0.899,0.03824880871341048,2130.5,-1.000000000003638,-26.99999999999818,BREAK,1.080105606,0.292760656,False,False,,-1.000000000003638,-0.500000000001819,-6.000000000003638,-5.500000000001819,-4.000000000005457,-3.500000000003638,-26.99999999999818,-26.499999999996362,-14.000000000005457,-13.500000000003638
2026-03-20,CONTROL,BID,2026-03-20 15:06:19.578405052,1774019179578405052,2126.95,2126.6,54.559,4.769977268753279,0.558850113,1.0,3,13.268999999999998,0.24320460418995948,2126.7,1.999999999998181,-13.000000000001819,BREAK,1.928555471,0.053532646,False,True,1.633920945,0.0,2.5,-6.999999999998181,-4.499999999998181,0.0,2.5,-8.999999999996362,-6.499999999996362,-13.000000000001819,-10.500000000001819
2026-03-20,CONTROL,ASK,2026-03-20 15:06:37.120159528,1774019197120159528,2126.05,2126.4,42.633,5.258788701122487,0.55449745,1.0,3,8.977,0.2105645861187343,2126.3,4.000000000005457,-8.999999999996362,BREAK,0.315311792,0.110960067,False,False,0.158129809,-5.0,-2.5,-1.999999999998181,0.500000000001819,1.000000000003638,3.500000000003638,-0.999999999994543,1.500000000005457,-8.000000000001819,-5.500000000001819
2026-03-20,CONTROL,ASK,2026-03-20 15:12:33.495941534,1774019553495941534,2126.75,2127.0,37.711,2.817197071567309,0.655677711,1.0,2,7.063000000000001,0.1872928323300894,2126.9,11.000000000003638,-21.99999999999818,BOUNCE,3.995661634,3.893203714,False,True,18.74476868,-0.0,1.5000000000009095,3.000000000001819,4.5000000000027285,10.0,11.50000000000091,-11.999999999998181,-10.499999999997272,-5.0,-3.4999999999990905
2026-03-20,CONTROL,ASK,2026-03-20 15:13:43.135788054,1774019623135788054,2128.3500000000004,2128.5,32.065,2.7589915677163996,1.038196595,1.0,1,1.408,0.04391080617495712,2128.4,-0.0,-15.999999999994543,BREAK,0.406601924,0.254795755,False,False,,-1.999999999998181,-1.5000000000009095,-0.0,0.4999999999972715,-0.0,0.4999999999972715,-3.999999999996362,-3.4999999999990905,-15.0,-14.500000000002728
2026-03-20,CONTROL,BID,2026-03-20 15:16:40.590578751,1774019800590578751,2129.3500000000004,2129.2,62.786,3.4808593208593206,0.527964984,1.0,1,12.922,0.20581021246774758,2129.2999999999997,0.0,-34.00000000000546,BREAK,0.905067551,0.852714951,False,False,,-4.000000000005457,-3.4999999999990905,-14.000000000005457,-13.49999999999909,-19.000000000005457,-18.49999999999909,-34.00000000000546,-33.49999999999909,-14.000000000005457,-13.49999999999909
2026-03-20,CONTROL,BID,2026-03-20 15:18:21.107191778,1774019901107191778,2125.55,2125.3,41.477,5.892456314817445,0.757948972,1.0,2,7.924,0.19104563975215183,2125.4,0.0,-31.000000000003638,BREAK,7.714316195,1.436990962,False,False,1.998287849,0.0,1.5000000000009095,-1.000000000003638,0.4999999999972715,-4.000000000005457,-2.5000000000045475,-6.000000000003638,-4.5000000000027285,-30.0,-28.49999999999909
2026-03-20,CONTROL,ASK,2026-03-20 15:19:12.501519748,1774019952501519748,2122.55,2122.9,48.346,4.389504267296169,0.564001909,1.0,3,10.716000000000001,0.22165225664998142,2122.8,8.000000000001819,-13.999999999996362,BREAK,0.568331073,0.412942728,False,False,0.516374554,-5.0,-2.5,-0.0,2.5,6.999999999998181,9.499999999998181,-10.0,-7.5,-13.999999999996362,-11.499999999996362
2026-03-20,CONTROL,BID,2026-03-20 15:22:24.989642756,1774020144989642756,2123.8500000000004,2123.5,38.774,4.527557216254087,1.015007402,1.0,3,6.804,0.17547841336978387,2123.6,7.999999999992724,-7.000000000007276,BOUNCE,0.974177855,0.974177855,False,True,34.916446967,2.999999999992724,5.4999999999972715,7.999999999992724,10.499999999997272,6.999999999998181,9.500000000002728,0.0,2.5000000000045475,5.0,7.5000000000045475
2026-03-20,CONTROL,BID,2026-03-20 15:22:55.364333918,1774020175364333918,2123.8500000000004,2123.6,54.816,5.452971897537926,1.226357613,1.0,2,12.018,0.21924255691768826,2123.7,135.99999999999454,-7.000000000007276,BREAK,8.92851008,4.493026834,False,False,4.493026834,0.0,1.500000000005457,-2.000000000007276,-0.500000000001819,-3.000000000001819,-1.499999999996362,9.499999999998181,11.000000000003638,135.99999999999454,137.5
2026-03-20,CONTROL,BID,2026-03-20 15:24:05.680371763,1774020245680371763,2134.1499999999996,2134.0,13.485,2.836260384898517,1.582994574,0.9835768988554979,1,1.874,0.13896922506488693,2134.1,0.0,-32.999999999992724,BREAK,0.766238797,0.766238797,False,False,,-2.999999999992724,-2.4999999999954525,-7.999999999992724,-7.4999999999954525,-10.0,-9.500000000002728,-16.99999999999818,-16.50000000000091,-26.99999999999818,-26.50000000000091
2026-03-20,CONTROL,BID,2026-03-20 15:25:36.253361379,1774020336253361379,2129.1499999999996,2128.8,54.984,4.413372396355902,1.019911826,0.8949166591975569,3,3.337,0.06069038265677288,2128.9,12.000000000007276,-16.99999999999818,BOUNCE,0.969015622,0.612334604,False,True,24.393339918,2.000000000007276,4.5000000000027285,10.0,12.499999999995453,8.000000000001819,10.499999999997272,-2.999999999992724,-0.4999999999972715,-15.999999999994543,-13.49999999999909
2026-03-20,CONTROL,ASK,2026-03-20 15:28:59.740054424,1774020539740054424,2128.1499999999996,2128.4,18.788,3.5694879832810864,0.919713581,1.0,2,3.194,0.17000212901852246,2128.3,-1.000000000003638,-30.0,BREAK,1.175534645,1.022557273,False,False,0.050048068,-2.000000000007276,-0.500000000001819,-6.000000000003638,-4.499999999998181,-14.000000000005457,-12.5,-29.000000000005457,-27.5,-19.000000000005457,-17.5
2026-03-20,CONTROL,ASK,2026-03-20 15:31:36.041029750,1774020696041029750,2130.75,2130.9,26.446,2.26275935828877,0.50982683,1.0,1,6.513,0.246275429176435,2130.8,11.999999999998181,-6.000000000003638,BOUNCE,6.991674189,10.294032475,False,False,,-0.0,0.500000000001819,-0.0,0.500000000001819,8.000000000001819,8.500000000003638,11.999999999998181,12.5,1.999999999998181,2.5
2026-03-20,CONTROL,ASK,2026-03-20 15:33:35.298165486,1774020815298165486,2133.05,2133.4,35.223,2.228034663799102,1.380251993,0.9846819761121692,3,4.22,0.11980807994776141,2133.3,1.999999999998181,-15.0,BREAK,1.020473842,1.020473842,False,False,1.020473842,-3.999999999996362,-1.499999999996362,-10.999999999994543,-8.499999999994543,-10.0,-7.5,-5.0,-2.5,-3.999999999996362,-1.499999999996362
2026-03-20,CONTROL,BID,2026-03-20 15:36:15.465572277,1774020975465572277,2131.55,2131.2,107.008,10.942632170978627,1.940148314,1.0,3,19.343,0.1807621860047847,2131.2999999999997,0.0,-36.00000000000364,BREAK,3.67226005,0.10203602,False,True,2.857177603,-1.000000000003638,1.5000000000009095,-6.000000000003638,-3.4999999999990905,-6.999999999998181,-4.4999999999936335,-31.99999999999818,-29.499999999993634,-6.999999999998181,-4.4999999999936335
2026-03-20,CONTROL,ASK,2026-03-20 15:37:05.783824121,1774021025783824121,2130.1499999999996,2130.4,39.586,3.8010466176964806,1.579015604,1.0,2,0.469,0.011847622896983783,2130.3,1.999999999998181,-31.000000000003638,BREAK,1.435908716,6.318204152,False,False,1.435908716,-0.0,1.500000000005457,-2.000000000007276,-0.500000000001819,-7.000000000007276,-5.500000000001819,-7.000000000007276,-5.500000000001819,-31.000000000003638,-29.49999999999818
2026-03-20,CONTROL,BID,2026-03-20 15:40:01.184057496,1774021201184057496,2132.25,2132.1,32.712,3.6635681487288614,1.228688584,1.0,1,5.282,0.16146979701638542,2132.2,3.999999999996362,-16.000000000003638,BREAK,1.888628693,0.303245165,False,False,,0.0,0.500000000001819,-10.0,-9.499999999998181,-8.999999999996362,-8.499999999994543,-8.000000000001819,-7.5,-8.999999999996362,-8.499999999994543
2026-03-20,CONTROL,ASK,2026-03-20 15:41:20.235093537,1774021280235093537,2130.95,2131.1,26.259,2.0433429305112445,0.771963183,0.9080126933980995,1,4.194,0.15971666857077574,2131.0,3.000000000001819,-16.000000000003638,BREAK,0.253083725,0.203252706,False,False,,-5.0,-4.499999999998181,-3.000000000001819,-2.5,-4.000000000005457,-3.500000000003638,-0.0,0.500000000001819,-11.999999999998181,-11.499999999996362
2026-03-20,CONTROL,ASK,2026-03-20 15:41:48.377224892,1774021308377224892,2130.95,2131.3,32.76,2.703304864463423,0.577886677,1.0,3,1.4289999999999998,0.04362026862026862,2131.2000000000003,3.000000000001819,-36.99999999999818,BOUNCE,4.269980584,0.492351151,False,True,15.75938499,-0.0,2.5000000000045475,3.000000000001819,5.5000000000063665,0.999999999994543,3.4999999999990905,-11.999999999998181,-9.499999999993634,-33.00000000000182,-30.49999999999727
2026-03-20,CONTROL,ASK,2026-03-20 15:43:37.142311477,1774021417142311477,2132.8500000000004,2133.1,38.497,4.676790378424346,1.668643355,1.0,2,7.1049999999999995,0.18455983583136348,2133.0,3.000000000001819,-13.999999999996362,BREAK,5.824101386,1.017598877,False,True,4.186966658,-0.0,1.499999999996362,-1.999999999998181,-0.500000000001819,-5.999999999994543,-4.499999999998181,-5.0,-3.500000000003638,-1.999999999998181,-0.500000000001819
2026-03-20,CONTROL,BID,2026-03-20 15:46:52.349071968,1774021612349071968,2129.25,2129.0,40.53,5.239819004524888,0.566286535,1.0,2,6.575,0.1622255119664446,2129.1,50.0,-1.999999999998181,BOUNCE,9.236115417,1.116434524,False,True,1.990508006,0.0,1.5000000000009095,-1.000000000003638,0.4999999999972715,6.000000000003638,7.5000000000045475,16.99999999999818,18.49999999999909,48.99999999999636,50.49999999999727
2026-03-20,CONTROL,ASK,2026-03-20 15:54:05.737480534,1774022045737480534,2134.25,2134.4,31.865,4.2323017665028555,0.502223384,1.0,1,2.305,0.07233641926879021,2134.3,13.999999999996362,-5.0,BREAK,0.787558313,0.787558313,False,False,,-3.000000000001819,-2.5,-1.000000000003638,-0.500000000001819,-5.0,-4.499999999998181,11.000000000003638,11.500000000005457,11.999999999998181,12.5
2026-03-20,CONTROL,ASK,2026-03-20 15:54:23.066533845,1774022063066533845,2133.6499999999996,2133.9,38.416,4.7435944928073095,0.557636286,0.9952958082788752,2,9.462,0.24630362349021243,2133.8,20.999999999994543,-0.0,BOUNCE,4.647188254,0.45527921,False,True,,-0.0,1.500000000005457,1.999999999998181,3.500000000003638,2.999999999992724,4.499999999998181,7.999999999992724,9.499999999998181,6.999999999998181,8.500000000003638
2026-03-20,CONTROL,BID,2026-03-20 15:55:07.528543710,1774022107528543710,2132.8500000000004,2132.7,24.236,2.8321355536079458,0.510319139,1.0,1,1.975,0.08149034494140947,2132.7999999999997,7.999999999992724,-13.000000000001819,BREAK,0.104022029,0.050536942,False,False,,-7.000000000007276,-6.5000000000009095,-13.000000000001819,-12.499999999995453,-6.000000000003638,-5.4999999999972715,-3.000000000001819,-2.4999999999954525,-3.000000000001819,-2.4999999999954525
2026-03-20,CONTROL,ASK,2026-03-20 15:56:50.520478944,1774022210520478944,2131.75,2132.1,19.189,3.855148166750377,0.703845689,1.0,3,3.9530000000000003,0.20600343947053001,2132.0,-0.0,-16.99999999999818,BREAK,1.232787,0.672661898,False,False,0.722957097,-3.000000000001819,-0.500000000001819,-3.000000000001819,-0.500000000001819,-1.999999999998181,0.500000000001819,-16.99999999999818,-14.499999999998181,-10.0,-7.5
2026-03-20,CONTROL,BID,2026-03-20 15:58:37.957818722,1774022317957818722,2132.95,2132.6,24.416,3.235621521335807,0.766572059,1.0,3,0.07600000000000001,0.0031127129750982965,2132.7,15.0,0.0,BOUNCE,18.081787418,13.438230839,False,True,,0.0,2.5,0.0,2.5,0.0,2.5,11.999999999998181,14.499999999998181,11.999999999998181,14.499999999998181
2026-03-20,CONTROL,ASK,2026-03-20 16:03:25.389916184,1774022605389916184,2136.1499999999996,2136.3,32.143,2.2719112242013004,0.867227136,1.0,1,3.183,0.09902622655010422,2136.2000000000003,2.999999999992724,-15.0,BREAK,4.082814762,3.418456275,False,False,,-0.0,0.5000000000063665,-2.000000000007276,-1.5000000000009095,-9.000000000005457,-8.49999999999909,-9.000000000005457,-8.49999999999909,-7.000000000007276,-6.5000000000009095
2026-03-20,CONTROL,BID,2026-03-20 16:06:32.347055053,1774022792347055053,2137.25,2137.1,34.905,3.367583212735167,0.555124548,1.0,1,6.429,0.18418564675547916,2137.2,8.000000000001819,-16.000000000003638,BREAK,2.050218386,2.050218386,False,False,,-1.000000000003638,-0.500000000001819,-11.000000000003638,-10.500000000001819,-15.0,-14.499999999998181,1.000000000003638,1.500000000005457,8.000000000001819,8.500000000003638
2026-03-20,CONTROL,ASK,2026-03-20 16:07:17.895285961,1774022837895285961,2137.25,2137.5,34.952,5.234686236333683,1.941535331,1.0,2,1.3860000000000001,0.03965438315403983,2137.4,21.99999999999818,-8.000000000001819,BREAK,5.869136001,0.051043223,False,True,5.869136001,-0.0,1.5000000000009095,-0.0,1.5000000000009095,-8.000000000001819,-6.5000000000009095,18.00000000000182,19.50000000000273,8.000000000001819,9.500000000002728
2026-03-20,CONTROL,BID,2026-03-20 16:08:03.524809906,1774022883524809906,2136.95,2136.7,23.399,2.0736440978376462,0.505062026,1.0,2,0.96,0.041027394333091154,2136.7999999999997,0.0,-36.99999999999818,BREAK,12.873774859,3.528635067,False,True,12.720773852,0.0,1.5000000000009095,0.0,1.5000000000009095,0.0,1.5000000000009095,-13.000000000001819,-11.50000000000091,-36.99999999999818,-35.49999999999727
2026-03-20,CONTROL,BID,2026-03-20 16:15:13.798980479,1774023313798980479,2138.55,2138.4,28.344,2.8492159227985523,0.513086059,1.0,1,2.338,0.08248659328252893,2138.5,-1.000000000003638,-31.000000000003638,BREAK,5.413090927,5.413090927,False,False,,-1.000000000003638,-0.500000000001819,-1.000000000003638,-0.500000000001819,-8.000000000001819,-7.5,-13.000000000001819,-12.5,-31.000000000003638,-30.50000000000182
2026-03-20,CONTROL,ASK,2026-03-20 16:17:46.964099335,1774023466964099335,2138.6499999999996,2138.8,33.259,3.507778305120498,0.662478301,0.8331123497432107,1,0.467,0.014041312126041072,2138.7000000000003,1.999999999998181,-39.00000000000546,BOUNCE,3.469700317,5.614472101,False,False,,-1.000000000003638,-0.4999999999972715,1.999999999998181,2.5000000000045475,1.999999999998181,2.5000000000045475,-18.00000000000182,-17.499999999995453,-20.0,-19.499999999993634
2026-03-20,CONTROL,ASK,2026-03-20 16:18:43.007650964,1774023523007650964,2140.6499999999996,2141.0,36.311,3.3165273781796594,0.537106837,1.0,3,1.427,0.03929938586103385,2140.9,-0.0,-32.000000000007276,BREAK,8.315823224,0.732312042,False,True,8.315823224,-0.0,2.5000000000045475,-0.0,2.5000000000045475,-6.000000000003638,-3.4999999999990905,-16.000000000003638,-13.49999999999909,-11.000000000003638,-8.49999999999909
2026-03-20,CONTROL,BID,2026-03-20 16:22:14.260560122,1774023734260560122,2139.25,2138.9,25.963,2.6204077513120714,0.558997114,1.0,3,2.338,0.09005122674575357,2139.0,38.99999999999636,-3.999999999996362,BOUNCE,4.902184579,1.432264501,False,True,6.433224589,0.0,2.5,1.999999999998181,4.499999999998181,0.0,2.5,6.000000000003638,8.500000000003638,35.0,37.5
2026-03-20,CONTROL,BID,2026-03-20 16:23:24.475770383,1774023804475770383,2141.25,2141.0,26.136,2.608253081183574,0.850741348,0.7145805319432998,2,0.20400000000000001,0.0078053259871441695,2141.1,0.0,-11.999999999998181,BREAK,12.317673041,5.118469152,False,True,12.317673041,0.0,1.5000000000009095,0.0,1.5000000000009095,0.0,1.5000000000009095,-5.0,-3.4999999999990905,-11.999999999998181,-10.499999999997272
2026-03-20,CONTROL,BID,2026-03-20 16:33:22.525376771,1774024402525376771,2134.25,2134.1,37.932,2.8360373831775703,1.330073626,1.0,1,6.161,0.16242222925234628,2134.2,28.999999999996362,0.0,BOUNCE,2.602741284,2.910089369,False,False,,1.000000000003638,1.500000000005457,6.999999999998181,7.5,15.0,15.500000000001819,13.999999999996362,14.499999999998181,26.000000000003638,26.500000000005457
2026-03-20,CONTROL,ASK,2026-03-20 16:41:30.877924968,1774024890877924968,2134.25,2134.4,41.324,2.491048285008138,0.507347801,1.0,1,6.215,0.15039686380795664,2134.3,-0.0,-13.000000000001819,BREAK,0.615098479,0.615098479,False,False,,-1.999999999998181,-1.499999999996362,-6.999999999998181,-6.499999999996362,-11.999999999998181,-11.499999999996362,-5.0,-4.499999999998181,-10.0,-9.499999999998181
2026-03-20,CONTROL,ASK,2026-03-20 16:41:47.926320467,1774024907926320467,2135.05,2135.3,35.361,4.140389906914115,0.710959349,0.9373928086569124,2,3.141,0.08882667345380504,2135.2000000000003,3.000000000001819,-3.000000000001819,BREAK,0.412420888,0.412420888,False,False,0.086643258,-3.000000000001819,-1.5000000000009095,3.000000000001819,4.5000000000027285,3.000000000001819,4.5000000000027285,1.999999999998181,3.4999999999990905,-0.999999999994543,0.5000000000063665
2026-03-20,CONTROL,BID,2026-03-20 16:43:31.127463122,1774025011127463122,2134.6499999999996,2134.3,26.626,2.0716592102703757,0.52238543,1.0,3,0.123,0.004619544805828889,2134.4,8.000000000001819,0.0,BOUNCE,25.2635354,1.538538222,False,True,,0.0,2.4999999999954525,0.0,2.4999999999954525,0.0,2.4999999999954525,7.000000000007276,9.500000000002728,7.000000000007276,9.500000000002728
2026-03-20,CONTROL,BID,2026-03-20 16:43:36.635431049,1774025016635431049,2134.6499999999996,2134.5,35.76,2.2102042708365524,0.753224783,1.0,1,8.711,0.24359619686800896,2134.6,8.000000000001819,0.0,BOUNCE,19.755567473,10.517063427,False,False,,0.0,0.4999999999972715,0.0,0.4999999999972715,1.000000000003638,1.5000000000009095,5.0,5.4999999999972715,6.000000000003638,6.5000000000009095
2026-03-20,CONTROL,ASK,2026-03-20 16:50:37.380274046,1774025437380274046,2134.45,2134.8,37.041,4.134040178571428,0.503768542,1.0,3,2.506,0.06765476094057936,2134.7000000000003,28.00000000000182,-6.000000000003638,BREAK,8.860055713,4.876375363,False,True,8.860055713,-0.0,2.5000000000045475,-0.0,2.5000000000045475,-5.0,-2.4999999999954525,8.999999999996362,11.50000000000091,28.00000000000182,30.500000000006366
2026-03-20,CONTROL,BID,2026-03-20 16:51:43.003583813,1774025503003583813,2131.55,2131.4,28.062,2.1142964776794124,0.539335477,0.911104698198817,1,3.774,0.1344879196065854,2131.5,11.999999999998181,-11.999999999998181,BREAK,0.359097866,0.359097866,False,False,,-1.999999999998181,-1.499999999996362,-1.999999999998181,-1.499999999996362,-3.000000000001819,-2.5,-10.0,-9.499999999998181,11.999999999998181,12.5
2026-03-20,CONTROL,BID,2026-03-20 16:55:47.405144107,1774025747405144107,2136.8500000000004,2136.6,23.414,2.27696197607702,1.427392538,0.9047288966561768,2,1.03,0.04399077475014948,2136.7,33.99999999999636,-5.0,BREAK,0.309468789,0.051276571,False,False,0.309468789,-3.000000000001819,-1.499999999996362,-4.000000000005457,-2.5,-1.000000000003638,0.500000000001819,11.999999999998181,13.500000000003638,31.99999999999818,33.50000000000364
2026-03-20,CONTROL,BID,2026-03-20 17:02:59.235993789,1774026179235993789,2138.55,2138.4,39.0,3.0915576694411415,1.668997398,1.0,1,9.27,0.23769230769230767,2138.5,0.999999999994543,-11.999999999998181,BREAK,2.711596142,1.831731631,False,False,,0.0,0.500000000001819,-11.999999999998181,-11.499999999996362,-6.000000000003638,-5.500000000001819,-5.0,-4.499999999998181,0.999999999994543,1.499999999996362
2026-03-20,CONTROL,ASK,2026-03-20 17:06:20.977747334,1774026380977747334,2136.6499999999996,2136.8,35.121,4.316740412979351,0.55405324,1.0,1,4.418,0.12579368469007146,2136.7000000000003,23.999999999996362,-5.0,BOUNCE,1.079548026,1.528732393,False,False,,-0.0,0.5000000000063665,0.999999999994543,1.5000000000009095,2.999999999992724,3.4999999999990905,15.0,15.500000000006366,5.999999999994543,6.5000000000009095
2026-03-20,CONTROL,BID,2026-03-20 17:07:35.957647723,1774026455957647723,2135.45,2135.1,12.224,2.4797646820164316,0.970409896,1.0,3,0.103,0.008426047120418848,2135.2,10.0,-5.0,BREAK,0.509684541,0.305462637,False,False,0.509684541,-5.0,-2.5,-3.000000000001819,-0.500000000001819,3.000000000001819,5.500000000001819,10.0,12.5,10.0,12.5
2026-03-20,CONTROL,ASK,2026-03-20 17:11:35.735503021,1774026695735503021,2135.3500000000004,2135.6,172.026,17.045778834720576,0.534121411,1.0,2,40.971000000000004,0.23816748631020893,2135.5,11.000000000003638,-0.0,BOUNCE,3.648396058,1.710137366,False,True,,-0.0,1.499999999996362,2.000000000007276,3.500000000003638,4.000000000005457,5.500000000001819,4.000000000005457,5.500000000001819,11.000000000003638,12.5
2026-03-20,CONTROL,BID,2026-03-20 17:12:04.801620859,1774026724801620859,2134.95,2134.8,24.276,2.192161820480404,0.612824262,1.0,1,4.06,0.16724336793540945,2134.9,0.0,-11.999999999998181,BREAK,9.846927068,7.652333735,False,False,,0.0,0.4999999999972715,0.0,0.4999999999972715,-6.999999999998181,-6.5000000000009095,-6.999999999998181,-6.5000000000009095,-5.999999999994543,-5.4999999999972715
2026-03-20,CONTROL,BID,2026-03-20 17:12:13.036978333,1774026733036978333,2134.95,2134.7,36.577,4.375762651034813,0.532502623,1.0,2,5.566000000000001,0.15217213002706623,2134.7999999999997,0.0,-11.999999999998181,BREAK,1.611569594,1.509632906,False,False,1.611569594,0.0,1.5000000000009095,-5.0,-3.4999999999990905,-5.999999999994543,-4.4999999999936335,-11.999999999998181,-10.499999999997272,-10.999999999994543,-9.499999999993634
2026-03-20,CONTROL,ASK,2026-03-20 17:16:40.217479963,1774027000217479963,2131.8500000000004,2132.2,79.382,6.011055580796608,1.480893548,1.0,3,14.602,0.18394598271648485,2132.1,11.000000000003638,-0.999999999994543,BOUNCE,39.4577364,0.049290559,False,True,,-0.0,2.4999999999954525,-0.999999999994543,1.5000000000009095,-0.0,2.4999999999954525,-0.0,2.4999999999954525,4.000000000005457,6.5000000000009095
2026-03-20,CONTROL,BID,2026-03-20 17:17:02.378301459,1774027022378301459,2131.8500000000004,2131.5,35.401,4.1346647979444064,0.52046706,1.0,3,5.555,0.15691647128612185,2131.6,10.0,-11.000000000003638,BREAK,17.391415103,0.598763757,False,True,17.296914904,0.0,2.5000000000045475,0.0,2.5000000000045475,0.0,2.5000000000045475,-8.000000000001819,-5.4999999999972715,10.0,12.500000000004547
2026-03-20,CONTROL,BID,2026-03-20 17:23:08.447245616,1774027388447245616,2133.6499999999996,2133.5,36.252,3.480748919827173,0.51147969,1.0,1,4.391,0.1211243517599029,2133.6,11.000000000003638,-5.999999999994543,BREAK,0.566608231,0.413173436,False,False,,-1.999999999998181,-1.5000000000009095,-1.999999999998181,-1.5000000000009095,-0.999999999994543,-0.4999999999972715,1.000000000003638,1.5000000000009095,-0.999999999994543,-0.4999999999972715
2026-03-20,CONTROL,ASK,2026-03-20 17:25:48.210900293,1774027548210900293,2131.8500000000004,2132.0,25.396,2.475726262429324,1.039216654,1.0,1,4.863,0.19148684832257049,2131.9,3.000000000001819,-6.999999999998181,BREAK,2.144730998,0.146674756,False,False,,-0.999999999994543,-0.4999999999972715,-6.999999999998181,-6.5000000000009095,-5.999999999994543,-5.4999999999972715,2.000000000007276,2.5000000000045475,3.000000000001819,3.4999999999990905
2026-03-20,CONTROL,BID,2026-03-20 17:26:32.838356562,1774027592838356562,2131.55,2131.3,35.74,2.384494779330821,0.61501798,1.0,2,5.396,0.15097929490766646,2131.4,1.999999999998181,-11.999999999998181,BOUNCE,6.533988426,13.934574193,False,True,36.907557712,0.0,1.5000000000009095,0.0,1.5000000000009095,1.999999999998181,3.4999999999990905,0.999999999994543,2.4999999999954525,1.999999999998181,3.4999999999990905
2026-03-20,CONTROL,BID,2026-03-20 17:33:22.185118024,1774028002185118024,2128.05,2127.9,35.418,2.4612925642807504,1.220845283,1.0,1,5.88,0.16601727934948332,2128.0,0.0,-36.00000000000364,BREAK,0.681035288,0.681035288,False,False,,-1.999999999998181,-1.499999999996362,-5.0,-4.499999999998181,-6.999999999998181,-6.499999999996362,-16.000000000003638,-15.500000000001819,-36.00000000000364,-35.50000000000182
2026-03-20,CONTROL,ASK,2026-03-20 17:35:20.132953075,1774028120132953075,2127.75,2128.0,41.196,2.6314074925744944,0.515986009,1.0,2,1.408,0.03417807554131469,2127.9,36.99999999999818,-3.999999999996362,BREAK,0.71504239,0.103452842,False,False,0.256652008,-3.999999999996362,-2.4999999999954525,-0.0,1.5000000000009095,-1.000000000003638,0.4999999999972715,26.99999999999818,28.49999999999909,33.99999999999636,35.49999999999727
2026-03-20,CONTROL,ASK,2026-03-20 17:37:13.782758385,1774028233782758385,2122.6499999999996,2123.0,53.714,4.154215003866976,0.611683671,1.0,3,10.196,0.189820158617865,2122.9,31.99999999999818,-27.000000000007276,BOUNCE,1.788747181,1.074890089,False,True,31.901758299,-0.0,2.5000000000045475,15.999999999994543,18.49999999999909,12.999999999992724,15.499999999997272,2.999999999992724,5.4999999999972715,-21.000000000003638,-18.49999999999909
2026-03-20,CONTROL,ASK,2026-03-20 17:45:13.221698485,1774028713221698485,2124.75,2125.1,40.555,3.850462853073819,0.81434016,1.0,3,6.097,0.15033904574035262,2125.0,-0.0,-10.0,BREAK,9.191576632,9.191576632,False,False,9.191576632,-0.0,2.5,-1.000000000003638,1.499999999996362,-8.000000000001819,-5.500000000001819,-6.000000000003638,-3.500000000003638,-5.0,-2.5
2026-03-20,CONTROL,BID,2026-03-20 17:47:23.322135650,1774028843322135650,2126.45,2126.3,32.956,3.693790629903609,0.798869011,0.7596587083035569,1,0.47,0.014261439495084353,2126.4,-0.999999999994543,-30.0,BREAK,1.807068903,1.807068903,False,False,,-0.999999999994543,-0.4999999999972715,-3.000000000001819,-2.5000000000045475,-5.0,-4.5000000000027285,-20.0,-19.50000000000273,-11.999999999998181,-11.50000000000091
2026-03-20,CONTROL,ASK,2026-03-20 17:48:57.678485474,1774028937678485474,2125.95,2126.2,25.89,2.0932206815701173,1.888320209,1.0,2,1.363,0.05264580919273851,2126.1,5.0,-13.000000000001819,BREAK,1.842479865,0.711751579,False,True,1.680721315,-0.0,1.5000000000009095,-9.000000000005457,-7.5000000000045475,-6.999999999998181,-5.4999999999972715,-6.999999999998181,-5.4999999999972715,-1.000000000003638,0.4999999999972715
2026-03-20,CONTROL,ASK,2026-03-20 17:51:59.183622434,1774029119183622434,2128.1499999999996,2128.3,35.329,3.4298335032279987,1.836284304,1.0,1,7.556,0.2138752865917518,2128.2000000000003,2.999999999992724,-3.000000000001819,BREAK,1.785948562,1.785948562,False,False,,-1.000000000003638,-0.4999999999972715,-0.0,0.5000000000063665,-0.0,0.5000000000063665,-0.0,0.5000000000063665,2.999999999992724,3.4999999999990905
2026-03-20,CONTROL,BID,2026-03-20 18:00:35.709685819,1774029635709685819,2136.3500000000004,2136.0,13.89,2.025667201400029,1.122798439,0.9459738374288923,3,0.906,0.0652267818574514,2136.1,1.999999999998181,-16.000000000003638,BOUNCE,5.814126251,5.814126251,False,False,0.046196537,-3.000000000001819,-0.4999999999972715,-3.000000000001819,-0.4999999999972715,1.999999999998181,4.5000000000027285,-6.000000000003638,-3.4999999999990905,-16.000000000003638,-13.49999999999909
2026-03-20,CONTROL,BID,2026-03-20 18:01:00.656220867,1774029660656220867,2135.3500000000004,2135.2,33.482,4.108977112351966,0.773930571,0.8496039717753958,1,0.515,0.015381398960635567,2135.2999999999997,5.999999999994543,-18.00000000000182,BREAK,0.102378651,0.051475462,False,False,,-3.000000000001819,-2.4999999999954525,3.999999999996362,4.5000000000027285,3.999999999996362,4.5000000000027285,-5.0,-4.4999999999936335,-7.000000000007276,-6.5000000000009095
2026-03-20,CONTROL,ASK,2026-03-20 18:06:44.877650725,1774030004877650725,2135.75,2136.0,40.315,2.547953863169537,1.442374158,1.0,2,4.973000000000001,0.12335359047500932,2135.9,11.000000000003638,-5.0,BOUNCE,7.397738654,0.050371208,False,False,0.050371208,-1.000000000003638,0.4999999999972715,-1.999999999998181,-0.4999999999972715,5.0,6.5000000000009095,10.0,11.50000000000091,8.000000000001819,9.500000000002728
2026-03-20,CONTROL,ASK,2026-03-20 18:08:03.406082055,1774030083406082055,2135.75,2136.1,35.409,5.462244504435017,0.941959467,0.904218986951378,3,8.366,0.23626761557796042,2136.0,23.00000000000182,-13.999999999996362,BREAK,4.314604573,4.210512513,False,False,4.263567253,-1.000000000003638,1.499999999996362,-3.999999999996362,-1.499999999996362,-8.999999999996362,-6.499999999996362,-8.999999999996362,-6.499999999996362,23.00000000000182,25.50000000000182
2026-03-20,CONTROL,BID,2026-03-20 18:20:22.324329343,1774030822324329343,2134.6499999999996,2134.3,81.265,7.336703832438045,1.538199259,1.0,3,14.084,0.173309542853627,2134.4,13.000000000001819,-35.0,BOUNCE,1.937593431,1.425645481,False,True,22.611368446,0.0,2.4999999999954525,13.000000000001819,15.499999999997272,11.000000000003638,13.49999999999909,-22.999999999992724,-20.49999999999727,-20.999999999994543,-18.49999999999909
2026-03-20,CONTROL,BID,2026-03-20 18:20:51.512151305,1774030851512151305,2132.95,2132.7,33.205,3.7617537102073184,1.563198995,1.0,2,0.1,0.0030115946393615423,2132.7999999999997,6.999999999998181,-18.00000000000182,BREAK,0.106529212,0.05529088,False,False,0.106529212,-3.999999999996362,-2.4999999999954525,6.000000000003638,7.5000000000045475,-18.00000000000182,-16.50000000000091,-3.999999999996362,-2.4999999999954525,-8.000000000001819,-6.5000000000009095
2026-03-20,CONTROL,BID,2026-03-20 18:24:30.747995719,1774031070747995719,2126.1499999999996,2126.0,36.11,2.7195360747100468,0.505410422,1.0,1,3.686,0.1020769869842149,2126.1,17.000000000007276,-13.999999999996362,BOUNCE,0.841678136,5.636727141,False,False,,3.000000000001819,3.4999999999990905,-0.999999999994543,-0.4999999999972715,-12.999999999992724,-12.499999999995453,-5.999999999994543,-5.4999999999972715,8.000000000001819,8.49999999999909
2026-03-20,CONTROL,ASK,2026-03-20 18:27:59.417196452,1774031279417196452,2127.6499999999996,2127.8,35.855,3.2558456299659477,1.729543735,1.0,1,8.603,0.23993864175149912,2127.7000000000003,26.99999999999818,-13.000000000001819,BREAK,0.722417473,0.663335933,False,False,,-7.000000000007276,-6.5000000000009095,-8.000000000001819,-7.4999999999954525,-7.000000000007276,-6.5000000000009095,21.99999999999818,22.500000000004547,23.999999999996362,24.50000000000273
2026-03-20,CONTROL,ASK,2026-03-20 18:28:25.860424129,1774031305860424129,2124.95,2125.2,35.565,3.6828207517862688,0.510426103,1.0,2,5.468,0.15374666104316043,2125.1,5.999999999994543,-10.0,BREAK,1.278386293,0.607111217,False,True,1.228223537,-0.0,1.5000000000009095,-6.999999999998181,-5.4999999999972715,-6.999999999998181,-5.4999999999972715,-1.999999999998181,-0.4999999999972715,5.999999999994543,7.4999999999954525
2026-03-20,CONTROL,BID,2026-03-20 18:32:22.198343561,1774031542198343561,2120.05,2119.9,26.19,2.117047934685959,0.833494482,0.9570648663274534,1,2.518,0.09614356624665901,2120.0,20.0,-1.000000000003638,BOUNCE,11.117073408,12.341635846,False,False,,-1.000000000003638,-0.500000000001819,-1.000000000003638,-0.500000000001819,-1.000000000003638,-0.500000000001819,11.999999999998181,12.5,6.999999999998181,7.5
2026-03-20,CONTROL,ASK,2026-03-20 18:37:44.116737525,1774031864116737525,2117.8500000000004,2118.2,55.968,5.2947353483751955,0.513765456,1.0,3,12.752,0.2278444825614637,2118.1,4.000000000005457,-5.0,BREAK,8.885074016,0.055666931,False,False,0.106497819,-0.999999999994543,1.5000000000009095,-0.999999999994543,1.5000000000009095,-5.0,-2.5000000000045475,3.000000000001819,5.4999999999972715,2.000000000007276,4.5000000000027285
2026-03-20,CONTROL,BID,2026-03-20 18:41:12.041793674,1774032072041793674,2125.45,2125.2,33.056,3.5255972696245728,0.617041635,0.9860386600978717,2,1.354,0.040960793804453055,2125.2999999999997,8.000000000001819,-15.999999999994543,BREAK,0.200306324,0.047562074,False,False,0.047562074,-5.0,-3.4999999999990905,-5.999999999994543,-4.4999999999936335,-11.999999999998181,-10.499999999997272,1.000000000003638,2.5000000000045475,-13.999999999996362,-12.499999999995453
2026-03-20,CONTROL,BID,2026-03-20 18:44:54.864179878,1774032294864179878,2123.1499999999996,2123.0,26.763,2.430128030509398,0.528933414,1.0,1,0.872,0.03258229645405971,2123.1,17.000000000007276,-2.999999999992724,BREAK,6.310082688,6.202069291,False,False,,-0.999999999994543,-0.4999999999972715,0.0,0.4999999999972715,6.000000000003638,6.5000000000009095,4.000000000005457,4.5000000000027285,8.000000000001819,8.49999999999909
2026-03-20,CONTROL,BID,2026-03-20 18:46:42.548538135,1774032402548538135,2125.8500000000004,2125.5,78.557,5.314009335047013,0.868142827,1.0,3,16.295,0.2074290005982917,2125.6,27.999999999992724,0.0,BOUNCE,3.621845367,0.969078115,False,True,,0.0,2.5000000000045475,2.999999999992724,5.4999999999972715,18.999999999996362,21.50000000000091,25.0,27.500000000004547,8.999999999996362,11.50000000000091
2026-03-20,CONTROL,ASK,2026-03-20 18:46:56.924870275,1774032416924870275,2127.3500000000004,2127.6,26.72,2.8185654008438816,0.550733658,0.653598111848105,2,4.91,0.18375748502994013,2127.5,10.0,-12.999999999992724,BOUNCE,3.836749324,2.30596778,False,False,2.30596778,-0.0,1.499999999996362,3.000000000001819,4.499999999998181,-5.0,-3.500000000003638,-6.999999999998181,-5.500000000001819,20.0,21.499999999996362
2026-03-20,CONTROL,ASK,2026-03-20 18:48:46.083311915,1774032526083311915,2122.75,2122.9,32.754,3.35079283887468,0.516024934,1.0,1,5.569,0.17002503511021555,2122.8,6.000000000003638,-25.0,BREAK,0.357134783,0.25522742,False,False,,-3.000000000001819,-2.5,-3.999999999996362,-3.499999999994543,-8.999999999996362,-8.499999999994543,-3.999999999996362,-3.499999999994543,-18.999999999996362,-18.499999999994543
2026-03-20,CONTROL,BID,2026-03-20 18:52:00.192085694,1774032720192085694,2125.55,2125.4,42.815,3.3590930487996236,0.51598621,1.0,1,7.628,0.17816185916150884,2125.5,0.0,-11.000000000003638,BREAK,1.603292889,0.784195253,False,False,,-1.000000000003638,-0.500000000001819,-4.000000000005457,-3.500000000003638,-10.0,-9.499999999998181,-9.000000000005457,-8.500000000003638,-1.000000000003638,-0.500000000001819
2026-03-20,CONTROL,BID,2026-03-20 18:57:57.983324164,1774033077983324164,2120.55,2120.4,36.601,3.559716008558646,0.50816991,1.0,1,2.828,0.07726564847954974,2120.5,5.999999999994543,-5.0,BOUNCE,4.64545287,4.954283558,False,False,,0.0,0.500000000001819,5.999999999994543,6.499999999996362,3.000000000001819,3.500000000003638,-1.999999999998181,-1.499999999996362,0.999999999994543,1.499999999996362
2026-03-20,CONTROL,ASK,2026-03-20 19:02:37.062984753,1774033357062984753,2127.75,2127.9,35.981,2.3956987815433783,0.975747572,1.0,1,7.729,0.2148078152358189,2127.8,16.99999999999818,-0.0,BOUNCE,5.256704621,0.253326392,False,False,,-0.0,0.500000000001819,1.000000000003638,1.500000000005457,11.000000000003638,11.500000000005457,8.000000000001819,8.500000000003638,15.0,15.500000000001819
2026-03-20,CONTROL,BID,2026-03-20 19:02:41.296416118,1774033361296416118,2127.6499999999996,2127.4,34.997,3.074902253657251,1.103289937,1.0,2,6.024,0.17212903963196846,2127.5,0.0,-15.999999999994543,BREAK,1.125258456,1.023273256,False,False,1.023273256,-1.999999999998181,-0.500000000001819,-10.999999999994543,-9.499999999998181,-5.999999999994543,-4.499999999998181,-7.999999999992724,-6.499999999996362,-10.999999999994543,-9.499999999998181
2026-03-20,CONTROL,BID,2026-03-20 19:05:03.510715510,1774033503510715510,2125.25,2125.1,26.341,2.31772987241531,0.510828864,1.0,1,3.288,0.12482441820735735,2125.2,15.0,-11.000000000003638,BOUNCE,1.683815681,0.038637914,False,False,,1.000000000003638,1.500000000005457,6.000000000003638,6.500000000005457,13.999999999996362,14.499999999998181,5.0,5.500000000001819,-10.0,-9.499999999998181
2026-03-20,CONTROL,BID,2026-03-20 19:06:01.338322547,1774033561338322547,2124.45,2124.1,42.59,6.980250758010326,0.558753011,1.0,3,8.75,0.20544728809579713,2124.2,0.0,-35.99999999999454,BREAK,6.231559742,3.8298521,False,False,0.978370257,-3.000000000001819,-0.500000000001819,-0.999999999994543,1.500000000005457,-13.000000000001819,-10.500000000001819,-28.00000000000182,-25.50000000000182,-13.999999999996362,-11.499999999996362
2026-03-20,CONTROL,BID,2026-03-20 19:06:27.618402642,1774033587618402642,2122.3500000000004,2122.1,41.67,2.8827395364925636,0.649678511,0.9461897840114954,2,9.949000000000002,0.23875689944804418,2122.2,16.99999999999818,-15.0,BREAK,3.127240485,1.289870516,False,False,1.289870516,0.0,1.500000000005457,-12.000000000007276,-10.500000000001819,-10.0,-8.499999999994543,-1.000000000003638,0.500000000001819,16.99999999999818,18.500000000003638
2026-03-20,CONTROL,ASK,2026-03-20 19:09:19.100171157,1774033759100171157,2123.8500000000004,2124.2,53.469,5.621215306980656,0.664943517,1.0,3,10.847999999999999,0.20288391404365144,2124.1,9.000000000005457,-5.0,BOUNCE,0.509505736,0.509505736,False,True,23.577383267,2.000000000007276,4.5000000000027285,3.000000000001819,5.4999999999972715,2.000000000007276,4.5000000000027285,-1.999999999998181,0.4999999999972715,-0.0,2.4999999999954525
2026-03-20,CONTROL,ASK,2026-03-20 19:13:43.725812131,1774034023725812131,2124.1499999999996,2124.4,36.234,3.427193189879404,1.072862478,0.8820770726963573,2,7.66,0.21140365402660485,2124.3,5.999999999994543,-21.000000000003638,BOUNCE,5.661754595,0.038313212,False,True,12.866062669,-0.0,1.500000000005457,-0.0,1.500000000005457,5.0,6.500000000005457,-10.0,-8.499999999994543,-21.000000000003638,-19.49999999999818
2026-03-20,CONTROL,BID,2026-03-20 19:16:00.903466209,1774034160903466209,2124.95,2124.8,33.811,2.8950252590119017,0.765887016,1.0,1,2.956,0.0874271686729171,2124.9,4.000000000005457,-18.999999999996362,BOUNCE,0.969683224,5.354782136,False,False,,1.999999999998181,2.4999999999954525,3.000000000001819,3.4999999999990905,-0.999999999994543,-0.4999999999972715,-1.999999999998181,-1.5000000000009095,-18.999999999996362,-18.49999999999909
2026-03-20,CONTROL,BID,2026-03-20 19:25:53.883079546,1774034753883079546,2122.8500000000004,2122.7,36.342,2.26070728748717,0.508598493,1.0,1,3.593,0.09886632546365087,2122.7999999999997,5.999999999994543,0.0,BOUNCE,1.691547568,4.704124951,False,False,,0.0,0.5000000000063665,1.999999999998181,2.5000000000045475,2.999999999992724,3.4999999999990905,5.0,5.5000000000063665,2.999999999992724,3.4999999999990905
2026-03-20,CONTROL,BID,2026-03-20 19:39:28.477386764,1774035568477386764,2117.8500000000004,2117.7,33.457,2.2440054998490893,0.983470662,0.8911310544004819,1,7.015,0.20967211644797798,2117.7999999999997,27.999999999992724,0.0,BOUNCE,12.667318774,0.047322551,False,False,,0.0,0.5000000000063665,0.0,0.5000000000063665,0.0,0.5000000000063665,17.999999999992724,18.49999999999909,26.99999999999818,27.500000000004547
2026-03-20,CONTROL,BID,2026-03-20 19:40:11.192030256,1774035611192030256,2120.3500000000004,2120.0,88.022,7.785767989031888,0.740338662,1.0,3,21.311999999999998,0.24212128785985318,2120.1,31.99999999999818,-3.000000000001819,BOUNCE,14.012199985,0.840292543,False,True,2.780417536,0.0,2.5000000000045475,-3.000000000001819,-0.4999999999972715,-3.000000000001819,-0.4999999999972715,10.0,12.500000000004547,25.0,27.500000000004547
2026-03-20,CONTROL,ASK,2026-03-20 19:42:06.134584533,1774035726134584533,2123.6499999999996,2124.0,28.923,3.3013354639881287,1.528535827,0.9037347725837767,3,6.272,0.21685164056287387,2123.9,-0.0,-18.00000000000182,BREAK,2.144743671,0.311153825,False,False,0.360928662,-3.000000000001819,-0.4999999999972715,-10.0,-7.4999999999954525,-11.000000000003638,-8.49999999999909,-9.000000000005457,-6.5000000000009095,-18.00000000000182,-15.499999999997272
2026-03-20,CONTROL,ASK,2026-03-20 19:42:08.589079762,1774035728589079762,2124.25,2124.6,26.725,8.11323618700668,0.715795546,0.9712863301331579,2,5.506,0.20602432179607108,2124.5,-0.0,-13.000000000001819,BREAK,1.530915918,0.205422635,False,False,0.205422635,-3.000000000001819,-0.500000000001819,-6.000000000003638,-3.500000000003638,-5.0,-2.5,-3.000000000001819,-0.500000000001819,-13.000000000001819,-10.500000000001819
2026-03-20,CONTROL,ASK,2026-03-20 19:42:34.235652870,1774035754235652870,2124.55,2124.7,26.796,2.914509462693061,0.500184038,1.0,1,3.153,0.11766681594267801,2124.6,3.000000000001819,-28.00000000000182,BOUNCE,7.321940133,0.173178767,False,False,,-0.0,0.4999999999972715,-0.0,0.4999999999972715,3.000000000001819,3.4999999999990905,-5.0,-4.5000000000027285,-28.00000000000182,-27.500000000004547
2026-03-20,CONTROL,BID,2026-03-20 19:46:06.591700820,1774035966591700820,2128.1499999999996,2127.9,17.55,4.619028819581524,1.020056325,1.0,2,1.381,0.07868945868945869,2128.0,16.000000000003638,-11.999999999998181,BOUNCE,3.365588302,2.619334456,False,False,0.050700894,-0.999999999994543,0.500000000001819,2.000000000007276,3.500000000003638,4.000000000005457,5.500000000001819,13.000000000001819,14.499999999998181,-5.0,-3.500000000003638
2026-03-20,CONTROL,ASK,2026-03-20 19:50:29.116246348,1774036229116246348,2125.55,2125.7,27.169,2.3532112078298906,1.778320811,0.9123228609621215,1,3.21,0.11814936140454194,2125.6,6.000000000003638,-13.999999999996362,BOUNCE,5.162789698,2.700909964,False,False,,-0.0,0.4999999999972715,-0.999999999994543,-0.4999999999972715,3.000000000001819,3.4999999999990905,-5.0,-4.5000000000027285,-13.000000000001819,-12.500000000004547
2026-03-20,CONTROL,ASK,2026-03-20 19:51:22.746828150,1774036282746828150,2126.95,2127.2,27.578,3.616312614739051,0.541419845,1.0,2,6.692,0.24265719051417797,2127.1,5.999999999994543,-11.999999999998181,BOUNCE,1.244948336,2.574009024,False,True,34.977299062,-0.0,1.5000000000009095,0.999999999994543,2.4999999999954525,5.999999999994543,7.4999999999954525,-0.0,1.5000000000009095,-9.000000000005457,-7.5000000000045475
2026-03-20,CONTROL,ASK,2026-03-20 19:51:56.346440772,1774036316346440772,2126.95,2127.3,62.952,8.99057412167952,1.937890749,0.9165352365279288,3,12.023,0.19098678358114118,2127.2000000000003,-0.0,-18.00000000000182,BREAK,1.37768644,0.605474391,False,True,1.37768644,-0.0,2.5000000000045475,-9.000000000005457,-6.5000000000009095,-10.0,-7.4999999999954525,-9.000000000005457,-6.5000000000009095,-18.00000000000182,-15.499999999997272
2026-03-20,CONTROL,BID,2026-03-20 19:56:45.537245637,1774036605537245637,2132.55,2132.4,37.132,2.079641556986838,0.544745523,1.0,1,2.813,0.07575675966821072,2132.5,23.999999999996362,0.0,BOUNCE,17.327726578,17.582043348,False,False,,0.0,0.500000000001819,0.0,0.500000000001819,0.0,0.500000000001819,10.999999999994543,11.499999999996362,5.999999999994543,6.499999999996362
2026-03-20,CONTROL,ASK,2026-03-20 20:04:43.035574664,1774037083035574664,2132.6499999999996,2133.0,40.387,4.322701487744836,0.579701504,1.0,3,6.43,0.15920964666848242,2132.9,10.0,-10.0,BREAK,9.155252463,0.93524468,False,True,9.155252463,-0.0,2.5000000000045475,-1.000000000003638,1.5000000000009095,-5.0,-2.4999999999954525,3.999999999996362,6.5000000000009095,-8.000000000001819,-5.4999999999972715
2026-03-20,CONTROL,ASK,2026-03-20 20:04:49.135848448,1774037089135848448,2132.75,2133.0,28.277,2.1272098096742647,0.570020099,1.0,2,3.144,0.11118576935318457,2132.9,11.000000000003638,-8.999999999996362,BREAK,3.054978679,1.605996482,False,True,3.054978679,-0.0,1.5000000000009095,-3.999999999996362,-2.4999999999954525,1.999999999998181,3.4999999999990905,-3.000000000001819,-1.5000000000009095,-1.000000000003638,0.4999999999972715
2026-03-20,CONTROL,BID,2026-03-20 20:09:05.575338623,1774037345575338623,2133.75,2133.6,34.163,3.6649680845357504,1.839743236,0.9802582038138283,1,7.624,0.2231654128735767,2133.7,3.999999999996362,-3.000000000001819,BREAK,0.150373311,0.100323024,False,False,,-3.000000000001819,-2.5,-3.000000000001819,-2.5,-3.000000000001819,-2.5,0.0,0.500000000001819,1.000000000003638,1.500000000005457
2026-03-20,CONTROL,ASK,2026-03-20 20:28:47.949791122,1774038527949791122,2129.6499999999996,2129.9,37.484,3.4400036709035016,0.518599465,1.0,2,2.816,0.07512538683171485,2129.8,-0.0,-14.000000000005457,BREAK,14.446048249,13.833822722,False,False,13.833822722,-0.0,1.500000000005457,-0.0,1.500000000005457,-0.0,1.500000000005457,-3.000000000001819,-1.499999999996362,-14.000000000005457,-12.5
2026-03-20,CONTROL,BID,2026-03-20 20:35:20.535110911,1774038920535110911,2125.3500000000004,2125.2,35.978,2.6452466730387476,0.561529366,0.9681561605096892,1,0.47,0.01306353882928456,2125.2999999999997,0.0,-9.000000000005457,BREAK,3.06232332,3.06232332,False,False,,0.0,0.5000000000063665,-4.000000000005457,-3.4999999999990905,-7.000000000007276,-6.5000000000009095,-7.000000000007276,-6.5000000000009095,-3.000000000001819,-2.4999999999954525
2026-03-20,CONTROL,BID,2026-03-20 20:35:26.353043901,1774038926353043901,2124.6499999999996,2124.4,17.991,2.0240760533273328,1.42961203,1.0,2,3.7070000000000003,0.20604746817853373,2124.5,5.0,-1.999999999998181,BOUNCE,26.494017631,8.522490051,False,True,31.035421306,0.0,1.499999999996362,0.0,1.499999999996362,0.0,1.499999999996362,0.0,1.499999999996362,5.0,6.499999999996362
2026-03-20,CONTROL,ASK,2026-03-20 20:46:40.600971047,1774039600600971047,2129.25,2129.4,82.52,5.064596311412526,0.758643309,1.0,1,19.206,0.23274357731459042,2129.3,-0.0,-10.0,BREAK,23.268885346,20.176920916,False,False,,-0.0,0.500000000001819,-0.0,0.500000000001819,-0.0,0.500000000001819,-5.0,-4.499999999998181,-10.0,-9.499999999998181
2026-03-20,CONTROL,BID,2026-03-20 20:52:12.432281647,1774039932432281647,2133.95,2133.7,24.821,2.4691370305894056,1.278961677,0.9851881652588407,2,1.897,0.07642721888723258,2133.7999999999997,0.0,-6.999999999998181,BREAK,0.103144062,0.103144062,False,False,0.103144062,-3.000000000001819,-1.5000000000009095,-6.999999999998181,-5.4999999999972715,-6.999999999998181,-5.4999999999972715,-3.999999999996362,-2.4999999999954525,-5.999999999994543,-4.4999999999936335
2026-03-20,CONTROL,BID,2026-03-20 20:53:29.454907377,1774040009454907377,2132.8500000000004,2132.5,65.82,8.079543362180077,0.561432927,1.0,3,3.3289999999999997,0.0505773321178973,2132.6,2.999999999992724,-1.000000000003638,BOUNCE,21.998731357,0.968623815,False,True,,-1.000000000003638,1.5000000000009095,0.999999999994543,3.4999999999990905,0.999999999994543,3.4999999999990905,2.999999999992724,5.4999999999972715,2.999999999992724,5.4999999999972715
2026-03-20,CONTROL,BID,2026-03-20 21:06:24.805515978,1774040784805515978,2133.8500000000004,2133.7,68.692,3.7313343654091633,1.286126734,0.8835709770729329,1,10.527,0.15324928667093693,2133.7999999999997,3.999999999996362,-4.000000000005457,BOUNCE,0.102247649,0.102247649,False,False,,3.999999999996362,4.5000000000027285,3.999999999996362,4.5000000000027285,3.999999999996362,4.5000000000027285,3.999999999996362,4.5000000000027285,-4.000000000005457,-3.4999999999990905
2026-03-20,CONTROL,ASK,2026-03-20 21:13:31.757111048,1774041211757111048,2133.25,2133.6,49.743,5.6603322712790165,1.480729497,1.0,3,3.059,0.061496089902096776,2133.5,-3.000000000001819,-16.99999999999818,BREAK,0.153375656,0.051572593,False,False,0.051572593,-6.000000000003638,-3.500000000003638,-11.999999999998181,-9.499999999998181,-13.999999999996362,-11.499999999996362,-13.999999999996362,-11.499999999996362,-11.000000000003638,-8.500000000003638
2026-03-20,CONTROL,BID,2026-03-20 21:28:43.743583126,1774042123743583126,2151.05,2150.7,54.973,10.7097214104812,0.511645537,1.0,3,11.984,0.21799792625470685,2150.7999999999997,5.999999999994543,-11.999999999998181,BREAK,1.427452914,0.968767901,False,False,1.427452914,0.0,2.5000000000045475,-9.000000000005457,-6.5000000000009095,-10.0,-7.4999999999954525,-6.999999999998181,-4.4999999999936335,5.999999999994543,8.49999999999909
2026-03-20,CONTROL,BID,2026-03-20 21:29:35.886866457,1774042175886866457,2151.05,2150.9,25.606,3.6976173285198555,0.543200977,1.0,1,0.464,0.018120752948527687,2151.0,11.999999999998181,-18.00000000000182,BREAK,0.887735711,3.646236623,False,False,,-3.000000000001819,-2.5,5.999999999994543,6.499999999996362,5.999999999994543,6.499999999996362,5.0,5.500000000001819,-13.000000000001819,-12.5
2026-03-20,CONTROL,BID,2026-03-20 21:30:13.881061619,1774042213881061619,2150.75,2150.5,13.542,2.463749658873829,1.785629464,1.0,2,3.284,0.24250479988184906,2150.6,16.99999999999818,-15.0,BREAK,8.470734093,8.470734093,False,False,0.051395518,-1.000000000003638,0.4999999999972715,-1.000000000003638,0.4999999999972715,-5.0,-3.4999999999990905,1.000000000003638,2.5000000000045475,16.99999999999818,18.49999999999909
2026-03-20,CONTROL,ASK,2026-03-20 21:50:42.238492968,1774043442238492968,2147.1499999999996,2147.5,60.175,5.780777174696191,0.510033854,1.0,3,14.984,0.2490070627336934,2147.4,0.999999999994543,-13.000000000001819,BREAK,3.373127069,0.343956541,False,True,1.113804633,-1.000000000003638,1.5000000000009095,-8.000000000001819,-5.4999999999972715,-5.0,-2.4999999999954525,0.999999999994543,3.4999999999990905,-8.000000000001819,-5.4999999999972715
2026-03-20,CONTROL,ASK,2026-03-20 21:59:16.634072331,1774043956634072331,2147.95,2148.3,35.099,3.8326053723520412,0.576466833,0.7386951956696527,3,3.564,0.10154135445454288,2148.2000000000003,0.999999999994543,-14.000000000005457,BREAK,45.99788123,7.454155322,False,True,44.671979189,-0.0,2.5000000000045475,-1.000000000003638,1.5000000000009095,0.999999999994543,3.4999999999990905,0.999999999994543,3.4999999999990905,-14.000000000005457,-11.50000000000091
2026-03-20,CONTROL,ASK,2026-03-20 22:01:22.343260345,1774044082343260345,2152.1499999999996,2152.4,28.842,2.1675935668119646,0.554035284,1.0,2,6.635,0.23004646002357673,2152.3,-0.0,-12.000000000007276,BREAK,13.123933749,0.611202336,False,True,7.052352219,-0.0,1.500000000005457,-0.0,1.500000000005457,-1.000000000003638,0.500000000001819,-10.0,-8.499999999994543,-6.000000000003638,-4.499999999998181
2026-03-20,CONTROL,BID,2026-03-20 22:03:23.131751231,1774044203131751231,2155.95,2155.6,49.543,5.98562281019693,1.074273822,1.0,3,10.433000000000002,0.21058474456532714,2155.7,45.0,-1.999999999998181,BOUNCE,2.091064592,0.153918789,False,True,0.84680968,-1.999999999998181,0.500000000001819,30.0,32.5,26.000000000003638,28.500000000003638,11.999999999998181,14.499999999998181,16.000000000003638,18.500000000003638
2026-03-20,CONTROL,BID,2026-03-20 22:06:15.043523003,1774044375043523003,2165.1499999999996,2164.8,54.086,8.541018555073036,0.660063733,1.0,3,8.905000000000001,0.16464519468993827,2164.9,0.0,-26.99999999999818,BREAK,1.84809214,0.214237329,False,False,0.520321701,-1.999999999998181,0.4999999999972715,-5.999999999994543,-3.4999999999990905,-15.0,-12.500000000004547,-20.0,-17.500000000004547,-25.0,-22.500000000004547
2026-03-20,CONTROL,BID,2026-03-20 22:09:30.343525072,1774044570343525072,2162.6499999999996,2162.5,32.53,2.258165284092881,0.601032492,1.0,1,1.471,0.04521979711035967,2162.6,0.0,-8.999999999996362,BREAK,0.276200893,0.276200893,False,False,,-5.0,-4.5000000000027285,-5.0,-4.5000000000027285,-5.0,-4.5000000000027285,-5.0,-4.5000000000027285,-2.999999999992724,-2.4999999999954525
2026-03-20,CONTROL,BID,2026-03-20 22:09:45.063169814,1774044585063169814,2162.1499999999996,2161.9,35.399,5.6179971433105855,0.519520141,1.0,2,2.42,0.0683635130935902,2162.0,6.000000000003638,-3.999999999996362,BOUNCE,6.326531222,0.509499407,False,False,0.970362818,-0.999999999994543,0.500000000001819,-0.999999999994543,0.500000000001819,2.000000000007276,3.500000000003638,-0.999999999994543,0.500000000001819,4.000000000005457,5.500000000001819
2026-03-20,CONTROL,BID,2026-03-20 22:22:56.735644174,1774045376735644174,2157.45,2157.3,16.668,2.42531829756275,0.550579885,1.0,1,2.78,0.1667866570674346,2157.4,0.0,-10.0,BREAK,0.475828485,0.475828485,False,False,,-5.999999999994543,-5.4999999999972715,-10.0,-9.500000000002728,-5.0,-4.5000000000027285,-8.000000000001819,-7.5000000000045475,-8.999999999996362,-8.49999999999909
2026-03-20,CONTROL,BID,2026-03-20 22:31:05.826451138,1774045865826451138,2156.3500000000004,2156.0,23.644,2.026744385393451,0.51434106,1.0,3,1.085,0.04588902047030959,2156.1,3.999999999996362,-4.000000000005457,BREAK,1.478111962,1.478111962,False,False,0.509985229,-3.000000000001819,-0.4999999999972715,-2.000000000007276,0.4999999999972715,-2.000000000007276,0.4999999999972715,3.999999999996362,6.5000000000009095,-1.000000000003638,1.5000000000009095
2026-03-20,CONTROL,ASK,2026-03-20 22:40:38.696157925,1774046438696157925,2157.1499999999996,2157.3,35.148,3.48534880261788,1.042053262,1.0,1,2.308,0.065665187208376,2157.2000000000003,5.0,-0.0,BOUNCE,25.102413924,0.263300325,False,False,,-0.0,0.5000000000063665,-0.0,0.5000000000063665,-0.0,0.5000000000063665,0.999999999994543,1.5000000000009095,1.999999999998181,2.5000000000045475
2026-03-20,CONTROL,ASK,2026-03-20 22:43:12.077968000,1774046592077968000,2154.25,2154.6,56.395,5.168163489736071,0.841628193,0.8299242394794634,3,12.702,0.2252327333983509,2154.5,-0.0,-5.0,BREAK,2.514343309,1.033312403,False,False,1.033312403,-1.999999999998181,0.500000000001819,-5.0,-2.5,-5.0,-2.5,-3.000000000001819,-0.500000000001819,-1.999999999998181,0.500000000001819
2026-03-20,CONTROL,BID,2026-03-20 22:45:01.941050031,1774046701941050031,2154.55,2154.3,38.214,2.709636247606892,0.520930044,1.0,2,8.600999999999999,0.22507457999685979,2154.4,0.0,-8.000000000001819,BREAK,40.308819437,5.852172928,False,False,1.981287098,0.0,1.5000000000009095,-1.000000000003638,0.4999999999972715,-1.999999999998181,-0.4999999999972715,-1.999999999998181,-0.4999999999972715,-8.000000000001819,-6.5000000000009095
2026-03-20,CONTROL,BID,2026-03-20 22:45:51.025190304,1774046751025190304,2154.1499999999996,2154.0,24.366,2.6245152951314092,0.766649812,1.0,1,0.97,0.03980957071328901,2154.1,0.0,-7.999999999992724,BREAK,10.364486861,0.917875216,False,False,,0.0,0.4999999999972715,-0.999999999994543,-0.4999999999972715,-0.999999999994543,-0.4999999999972715,-7.999999999992724,-7.4999999999954525,-7.999999999992724,-7.4999999999954525
2026-03-20,CONTROL,BID,2026-03-20 22:45:58.453138335,1774046758453138335,2154.05,2153.7,25.515,2.185626177831078,0.601461752,0.884315014597969,3,0.1,0.003919263178522438,2153.7999999999997,0.0,-8.000000000001819,BREAK,3.802907056,3.802907056,False,False,2.93653883,0.0,2.5000000000045475,-6.000000000003638,-3.4999999999990905,-6.000000000003638,-3.4999999999990905,-6.999999999998181,-4.4999999999936335,-8.000000000001819,-5.4999999999972715
2026-03-20,CONTROL,BID,2026-03-20 22:55:36.074354340,1774047336074354340,2156.6499999999996,2156.3,33.11,3.5373931623931627,0.505937313,1.0,3,2.2009999999999996,0.06647538508003624,2156.4,6.000000000003638,0.0,BOUNCE,22.970082131,0.969940441,False,True,,0.0,2.4999999999954525,0.0,2.4999999999954525,0.0,2.4999999999954525,6.000000000003638,8.49999999999909,0.0,2.4999999999954525
2026-03-20,CONTROL,BID,2026-03-20 22:55:46.899412898,1774047346899412898,2156.6499999999996,2156.4,51.276,4.577805553075619,0.509077855,0.5364293090297554,2,1.073,0.020925969264373193,2156.5,6.000000000003638,0.0,BOUNCE,12.145023573,5.035761843,False,True,,0.0,1.499999999996362,0.0,1.499999999996362,1.000000000003638,2.5,6.000000000003638,7.5,0.0,1.499999999996362
2026-03-20,CONTROL,ASK,2026-03-20 23:03:38.917871305,1774047818917871305,2152.1499999999996,2152.4,35.117,2.103759173281414,0.515376209,1.0,2,7.446999999999999,0.21206253381553095,2152.3,5.0,-5.0,BREAK,12.399465223,5.513850107,False,True,6.787890679,-0.0,1.500000000005457,-0.0,1.500000000005457,-1.000000000003638,0.500000000001819,-0.0,1.500000000005457,3.999999999996362,5.500000000001819
2026-03-20,CONTROL,BID,2026-03-20 23:10:47.958735071,1774048247958735071,2147.55,2147.2,52.546,6.8210553644447325,0.716565246,1.0,3,6.545,0.12455753054466563,2147.2999999999997,0.0,-6.999999999998181,BREAK,12.51185155,12.51185155,False,False,4.994743233,0.0,2.5000000000045475,-1.999999999998181,0.5000000000063665,-3.000000000001819,-0.4999999999972715,-6.000000000003638,-3.4999999999990905,-6.999999999998181,-4.4999999999936335
2026-03-20,CONTROL,BID,2026-03-20 23:11:15.825336501,1774048275825336501,2147.05,2146.9,30.796,2.0157088624165467,0.524590113,1.0,1,7.557,0.24538901155994286,2147.0,13.999999999996362,-1.999999999998181,BREAK,4.702738323,2.396824131,False,False,,0.0,0.500000000001819,-1.999999999998181,-1.499999999996362,1.999999999998181,2.5,-1.999999999998181,-1.499999999996362,6.999999999998181,7.5
2026-03-20,CONTROL,BID,2026-03-20 23:14:44.719873625,1774048484719873625,2146.75,2146.5,24.923,3.2121407397860544,0.51213496,1.0,2,1.718,0.06893231151948,2146.6,0.0,-23.999999999996362,BREAK,7.243202754,7.19259075,False,False,4.233535586,0.0,1.5000000000009095,-1.000000000003638,0.4999999999972715,-6.000000000003638,-4.5000000000027285,-13.999999999996362,-12.499999999995453,-18.00000000000182,-16.50000000000091
2026-03-20,CONTROL,BID,2026-03-20 23:19:04.197326925,1774048744197326925,2146.6499999999996,2146.5,48.878,2.7974245242523965,0.51622625,1.0,1,0.931,0.019047424199026147,2146.6,11.000000000003638,-0.999999999994543,BOUNCE,33.929467687,34.745482502,False,False,,-0.999999999994543,-0.4999999999972715,-0.999999999994543,-0.4999999999972715,-0.999999999994543,-0.4999999999972715,-0.999999999994543,-0.4999999999972715,9.000000000005457,9.500000000002728
2026-03-20,CONTROL,BID,2026-03-20 23:29:45.906190488,1774049385906190488,2147.55,2147.3,33.979,4.291361454912857,0.578653166,0.7199479938557876,2,1.3519999999999999,0.03978928161511522,2147.4,3.000000000001819,0.0,BOUNCE,25.241802825,44.384590541,False,True,,0.0,1.5000000000009095,0.0,1.5000000000009095,0.0,1.5000000000009095,3.000000000001819,4.5000000000027285,1.999999999998181,3.4999999999990905
2026-03-20,CONTROL,ASK,2026-03-20 23:31:29.660315257,1774049489660315257,2146.6499999999996,2147.0,33.701,3.1217636978370615,0.638404878,0.9561944966842812,3,6.314,0.18735349099433252,2146.9,5.999999999994543,-5.0,BREAK,0.772248608,0.057285893,False,False,0.108229328,-5.0,-2.4999999999954525,-5.0,-2.4999999999954525,-5.0,-2.4999999999954525,-2.000000000007276,0.4999999999972715,3.999999999996362,6.5000000000009095
2026-03-20,CONTROL,BID,2026-03-20 23:37:59.241915375,1774049879241915375,2147.8500000000004,2147.7,27.593,2.6870191839516995,0.54861235,1.0,1,0.931,0.03374044141630124,2147.7999999999997,5.0,-3.000000000001819,BOUNCE,16.393854149,13.581611132,False,False,,0.0,0.5000000000063665,0.0,0.5000000000063665,0.0,0.5000000000063665,3.999999999996362,4.5000000000027285,-4.000000000005457,-3.4999999999990905
2026-03-20,CONTROL,ASK,2026-03-20 23:45:02.488827047,1774050302488827047,2146.8500000000004,2147.1,35.221,3.7298528010166256,0.505120248,1.0,2,5.663,0.16078475909258683,2147.0,2.000000000007276,-1.999999999998181,BOUNCE,53.513512297,0.573349913,False,False,0.877305626,-1.999999999998181,-0.500000000001819,-1.999999999998181,-0.500000000001819,-1.999999999998181,-0.500000000001819,1.000000000003638,2.5,2.000000000007276,3.500000000003638
2026-03-20,CONTROL,ASK,2026-03-20 23:54:33.282290396,1774050873282290396,2145.45,2145.7,25.906,2.1339373970345963,0.554239817,1.0,2,2.9690000000000003,0.11460665482899716,2145.6,-0.0,-8.000000000001819,BREAK,3.808524746,2.692371573,False,False,2.692371573,-0.0,1.5000000000009095,-5.0,-3.4999999999990905,-5.0,-3.4999999999990905,-8.000000000001819,-6.5000000000009095,-8.000000000001819,-6.5000000000009095
2026-03-20,CONTROL,ASK,2026-03-20 23:54:38.316341400,1774050878316341400,2145.95,2146.3,39.504,3.6185765320142895,0.505900441,1.0,3,5.437,0.1376316322397732,2146.2000000000003,-0.0,-3.000000000001819,NONE,,3.936541282,False,True,16.799920119,-0.0,2.5000000000045475,-0.0,2.5000000000045475,-0.0,2.5000000000045475,-3.000000000001819,-0.4999999999972715,-3.000000000001819,-0.4999999999972715
2026-03-20,CONTROL,BID,2026-03-20 23:56:38.660507470,1774050998660507470,2146.45,2146.3,35.147,2.481431798926857,0.638932806,1.0,1,4.133,0.1175918286055709,2146.4,8.000000000001819,0.0,BOUNCE,5.601053088,22.083747336,False,False,,0.0,0.4999999999972715,0.0,0.4999999999972715,5.0,5.4999999999972715,6.000000000003638,6.5000000000009095,1.999999999998181,2.4999999999954525
2026-03-20,CONTROL,ASK,2026-03-20 23:57:30.100010853,1774051050100010853,2146.75,2147.0,74.337,4.568540085425437,0.512483513,1.0,1,5.303,0.0713372882951962,2146.9,1.000000000003638,-3.000000000001819,BREAK,59.767514287,0.495337498,False,False,,1.000000000003638,2.5000000000045475,1.000000000003638,2.5000000000045475,1.000000000003638,2.5000000000045475,1.000000000003638,2.5000000000045475,-3.000000000001819,-1.5000000000009095
2026-03-20,CONTROL,BID,2026-03-20 23:59:23.094598118,1774051163094598118,2146.95,2146.7,32.256,2.4907146442222308,0.716466698,1.0,2,1.166,0.03614831349206349,2146.7999999999997,0.0,-1.999999999998181,NONE,,4.584806256,False,True,35.323497849,0.0,1.5000000000009095,0.0,1.5000000000009095,0.0,1.5000000000009095,0.0,1.5000000000009095,,
2026-03-20,CONTROL,BID,2026-03-20 23:59:55.602275809,1774051195602275809,2146.95,2146.6,24.32,2.7384303569417856,0.526289844,1.0,3,0.976,0.04013157894736842,2146.7,0.0,-1.999999999998181,NONE,,1.347393346,False,True,2.815820158,0.0,2.5,,,,,,,,
2026-03-21,CONTROL,BID,2026-03-21 00:00:00.758834004,1774051200758834004,2146.75,2146.6,33.813,2.1489037178265016,0.654328923,1.0,1,1.863,0.05509715198296513,2146.7,3.999999999996362,-1.999999999998181,BREAK,0.662417727,1.359465196,False,False,,0.0,0.500000000001819,0.0,0.500000000001819,3.000000000001819,3.500000000003638,1.000000000003638,1.500000000005457,3.999999999996362,4.499999999998181
2026-03-21,CONTROL,ASK,2026-03-21 00:00:03.363573550,1774051203363573550,2146.75,2146.9,25.91,6.624057267033107,1.03662065,0.9570065915626897,1,5.732,0.221227325357005,2146.8,-0.0,-3.999999999996362,BREAK,2.5436643,0.305792564,False,False,,-0.0,0.500000000001819,-3.000000000001819,-2.5,-1.999999999998181,-1.499999999996362,-1.000000000003638,-0.500000000001819,-3.999999999996362,-3.499999999994543
2026-03-21,CONTROL,ASK,2026-03-21 00:00:16.993134338,1774051216993134338,2146.8500000000004,2147.1,34.341,2.012305528698251,0.578638003,0.606985751331649,2,8.261,0.240557933665298,2147.0,-0.0,-7.999999999992724,BREAK,37.606165283,2.44906011,False,True,21.841964601,-0.0,1.499999999996362,-0.0,1.499999999996362,-0.0,1.499999999996362,-0.999999999994543,0.500000000001819,-7.999999999992724,-6.499999999996362
2026-03-21,CONTROL,ASK,2026-03-21 00:02:09.892970740,1774051329892970740,2147.75,2148.1,36.543,2.6622227079007756,0.665063358,0.972225014687999,3,9.059,0.2478997345592863,2148.0,-0.0,-8.999999999996362,BREAK,17.761256696,2.442862957,False,True,17.761256696,-0.0,2.5,-0.0,2.5,-0.0,2.5,-8.999999999996362,-6.499999999996362,-3.000000000001819,-0.500000000001819
2026-03-21,CONTROL,BID,2026-03-21 00:03:08.848885875,1774051388848885875,2148.3500000000004,2148.0,48.719,5.170496152825684,1.171348559,0.9937015929687928,3,1.421,0.029167265337958496,2148.1,-1.000000000003638,-3.000000000001819,NONE,,1.365526099,False,False,0.050047292,-3.000000000001819,-0.4999999999972715,-3.000000000001819,-0.4999999999972715,-3.000000000001819,-0.4999999999972715,-2.000000000007276,0.4999999999972715,-2.000000000007276,0.4999999999972715
2026-03-21,CONTROL,BID,2026-03-21 00:03:11.397657364,1774051391397657364,2148.05,2147.8,31.291,3.2944830490629604,1.18324539,0.7973753060639434,2,1.08,0.03451471669170049,2147.9,1.999999999998181,0.0,BOUNCE,33.588223648,24.645223234,False,True,,0.0,1.5000000000009095,0.0,1.5000000000009095,0.0,1.5000000000009095,0.999999999994543,2.4999999999954525,3.000000000001819,4.5000000000027285
2026-03-21,CONTROL,ASK,2026-03-21 00:06:45.465367032,1774051605465367032,2149.05,2149.2,25.907,2.654813752113542,0.584298312,1.0,1,3.784,0.14606091017871617,2149.1,13.000000000001819,-5.0,BREAK,0.823563803,0.055444031,False,False,,-1.999999999998181,-1.5000000000009095,-5.0,-4.5000000000027285,-5.0,-4.5000000000027285,4.000000000005457,4.5000000000027285,11.000000000003638,11.50000000000091
2026-03-21,CONTROL,BID,2026-03-21 00:17:48.214872533,1774052268214872533,2150.45,2150.2,34.187,3.4895376135551697,1.019020388,1.0,2,4.135,0.12095240881036652,2150.2999999999997,-0.999999999994543,-15.999999999994543,BREAK,1.17424922,0.762979248,False,False,0.05165752,-0.999999999994543,0.5000000000063665,-6.999999999998181,-5.4999999999972715,-11.999999999998181,-10.499999999997272,-13.000000000001819,-11.50000000000091,-13.999999999996362,-12.499999999995453
2026-03-21,CONTROL,ASK,2026-03-21 00:25:21.769470168,1774052721769470168,2152.55,2152.9,83.926,7.142334368750267,1.1972682,0.9053747589721334,3,20.599,0.24544241355479826,2152.8,-0.0,-10.999999999994543,BREAK,1.072300499,0.407548968,False,True,1.072300499,-0.999999999994543,1.500000000005457,-8.999999999996362,-6.499999999996362,-8.000000000001819,-5.500000000001819,-10.0,-7.5,-5.999999999994543,-3.499999999994543
2026-03-21,CONTROL,BID,2026-03-21 00:26:24.435278174,1774052784435278174,2153.1499999999996,2153.0,26.513,2.203998503678457,0.509653733,1.0,1,3.174,0.11971485686267114,2153.1,3.000000000001819,-5.999999999994543,BOUNCE,22.975100892,3.211242821,False,False,,0.0,0.4999999999972715,-0.999999999994543,-0.4999999999972715,-0.999999999994543,-0.4999999999972715,2.000000000007276,2.5000000000045475,-1.999999999998181,-1.5000000000009095
2026-03-21,CONTROL,ASK,2026-03-21 00:32:01.715421569,1774053121715421569,2150.75,2151.0,78.671,5.307897311338259,0.612127817,1.0,2,13.884,0.17648180396842547,2150.9,-0.0,-16.99999999999818,BREAK,5.61659027,0.918276441,False,True,5.309955514,-0.0,1.5000000000009095,-0.0,1.5000000000009095,-3.999999999996362,-2.4999999999954525,-10.0,-8.49999999999909,-15.0,-13.49999999999909
2026-03-21,CONTROL,ASK,2026-03-21 00:37:05.272311499,1774053425272311499,2153.95,2154.3,40.4,2.565079365079365,0.515867028,1.0,3,6.401999999999999,0.15846534653465344,2154.2000000000003,8.999999999996362,-0.0,BOUNCE,13.967320427,4.934314725,False,True,,-0.0,2.5000000000045475,-0.0,2.5000000000045475,0.999999999994543,3.4999999999990905,5.999999999994543,8.49999999999909,8.000000000001819,10.500000000006366
2026-03-21,CONTROL,BID,2026-03-21 00:43:44.338686615,1774053824338686615,2151.8500000000004,2151.5,81.827,6.62996272889321,0.563078009,1.0,3,13.217,0.16152370244540312,2151.6,0.0,-4.000000000005457,BREAK,9.75450294,2.034285235,False,True,8.121013685,0.0,2.5000000000045475,-1.000000000003638,1.5000000000009095,-4.000000000005457,-1.5000000000009095,-4.000000000005457,-1.5000000000009095,-4.000000000005457,-1.5000000000009095
2026-03-21,CONTROL,ASK,2026-03-21 00:50:22.829070611,1774054222829070611,2151.55,2151.9,33.059,3.0523983195605,0.701716927,0.9896679405597408,3,4.282,0.12952599897153574,2151.8,-0.0,-6.999999999998181,BREAK,32.712609987,3.058472972,False,False,3.369529325,-0.0,2.5,-1.999999999998181,0.500000000001819,-3.000000000001819,-0.500000000001819,-3.000000000001819,-0.500000000001819,-6.999999999998181,-4.499999999998181
2026-03-21,CONTROL,BID,2026-03-21 01:02:53.000185795,1774054973000185795,2153.95,2153.6,50.03,4.893866771006554,1.816744183,0.9629035608696923,3,11.641000000000002,0.23268039176494107,2153.7,4.000000000005457,-3.999999999996362,BREAK,0.809540668,0.809540668,False,False,0.242108817,-3.999999999996362,-1.499999999996362,-3.999999999996362,-1.499999999996362,-0.999999999994543,1.500000000005457,-0.999999999994543,1.500000000005457,-3.999999999996362,-1.499999999996362
2026-03-21,CONTROL,BID,2026-03-21 01:03:29.958031729,1774055009958031729,2154.05,2153.9,34.324,2.17391855088986,0.82863433,0.8729427285495159,1,8.477,0.24697005011070974,2154.0,0.0,-8.000000000001819,BREAK,6.481434541,0.509156432,False,False,,0.0,0.500000000001819,-1.000000000003638,-0.500000000001819,-4.000000000005457,-3.500000000003638,-5.0,-4.499999999998181,-8.000000000001819,-7.5
2026-03-21,CONTROL,BID,2026-03-21 01:04:39.068757491,1774055079068757491,2153.1499999999996,2152.9,43.581,2.3678891605541974,0.509007817,1.0,2,5.954000000000001,0.13661916890388012,2153.0,0.0,-7.999999999992724,BREAK,2.607967617,1.688848863,False,False,1.688848863,0.0,1.499999999996362,-7.999999999992724,-6.499999999996362,-7.999999999992724,-6.499999999996362,-3.999999999996362,-2.5,-0.999999999994543,0.500000000001819
2026-03-21,CONTROL,ASK,2026-03-21 01:06:12.622096636,1774055172622096636,2154.05,2154.2,35.769,2.682138572285543,0.663939924,0.8487334390212088,1,5.571,0.15574939193156084,2154.1,-0.0,-15.0,BREAK,6.951874537,2.534811037,False,False,,-0.999999999994543,-0.4999999999972715,-0.999999999994543,-0.4999999999972715,-3.999999999996362,-3.4999999999990905,-3.999999999996362,-3.4999999999990905,-15.0,-14.500000000002728
2026-03-21,CONTROL,ASK,2026-03-21 01:07:17.516522998,1774055237516522998,2155.55,2155.8,32.718,5.137876884422111,0.617409407,1.0,2,0.523,0.0159850846628767,2155.7000000000003,1.000000000003638,-5.999999999994543,BREAK,0.092237383,0.051204999,False,False,0.092237383,-5.999999999994543,-4.4999999999936335,-5.999999999994543,-4.4999999999936335,-5.999999999994543,-4.4999999999936335,-5.999999999994543,-4.4999999999936335,-3.999999999996362,-2.4999999999954525
2026-03-21,CONTROL,ASK,2026-03-21 01:17:41.663481400,1774055861663481400,2152.8500000000004,2153.2,35.373,3.003693796968539,0.505527754,1.0,3,8.276,0.23396375766827807,2153.1,6.000000000003638,-2.999999999992724,BOUNCE,41.626757794,9.004619281,False,False,1.428222818,-0.0,2.4999999999954525,-1.999999999998181,0.4999999999972715,-2.999999999992724,-0.4999999999972715,-2.999999999992724,-0.4999999999972715,6.000000000003638,8.49999999999909
2026-03-21,CONTROL,BID,2026-03-21 01:21:19.499011279,1774056079499011279,2155.25,2155.1,35.26,2.9140495867768594,0.727598789,0.9133968487130069,1,4.937,0.14001701644923428,2155.2,0.0,-6.000000000003638,BREAK,5.634532207,5.580449587,False,False,,0.0,0.500000000001819,0.0,0.500000000001819,-3.000000000001819,-2.5,-3.000000000001819,-2.5,-3.000000000001819,-2.5
2026-03-21,CONTROL,ASK,2026-03-21 01:33:30.413410996,1774056810413410996,2149.9,2150.1,49.706,3.985886692594523,0.765897846,1.0,1,1.5,0.030177443366997948,2150.0,0.4999999999972715,-10.499999999997272,BREAK,24.297821213,0.044097861,False,False,,0.4999999999972715,1.499999999996362,-1.5000000000009095,-0.500000000001819,-1.5000000000009095,-0.500000000001819,-4.5000000000027285,-3.500000000003638,-10.499999999997272,-9.499999999998181
2026-03-21,CONTROL,BID,2026-03-21 01:42:36.125293770,1774057356125293770,2151.25,2150.9,84.85,10.144061211070596,1.58127772,0.9059687484877735,3,18.149,0.21389510901591047,2151.0,0.0,-3.000000000001819,NONE,,1.157497284,False,True,22.147576261,0.0,2.5,0.0,2.5,0.0,2.5,-3.000000000001819,-0.500000000001819,0.0,2.5
2026-03-21,CONTROL,BID,2026-03-21 01:44:58.482665843,1774057498482665843,2150.1000000000004,2149.8,47.73,9.322265625,0.575765944,1.0,1,0.511,0.010706054892101404,2149.9,-2.0000000000027285,-19.500000000007276,BREAK,0.101797115,0.101797115,False,False,,-4.500000000007276,-2.5000000000045475,-6.500000000005457,-4.5000000000027285,-9.500000000007276,-7.5000000000045475,-19.500000000007276,-17.500000000004547,-11.500000000005457,-9.500000000002728
2026-03-21,CONTROL,ASK,2026-03-21 01:47:15.909006726,1774057635909006726,2150.45,2150.7,39.505,2.340412926923191,0.830434182,0.7799472144078963,2,9.17,0.2321225161371978,2150.6,-0.0,-6.999999999998181,BREAK,31.913481905,9.648564385,False,True,22.776056153,-0.0,1.5000000000009095,-0.0,1.5000000000009095,-0.0,1.5000000000009095,-1.999999999998181,-0.4999999999972715,-6.999999999998181,-5.4999999999972715
2026-03-21,CONTROL,ASK,2026-03-21 01:50:15.483466134,1774057815483466134,2149.95,2150.3,40.691,2.0351605481644497,0.851313212,0.7674158544599211,3,6.4719999999999995,0.1590523703030154,2150.2000000000003,5.999999999994543,-5.0,BREAK,13.644960966,13.543131039,False,False,13.644960966,-0.0,2.5000000000045475,-0.0,2.5000000000045475,-0.0,2.5000000000045475,-5.0,-2.4999999999954525,5.999999999994543,8.49999999999909
2026-03-21,CONTROL,BID,2026-03-21 01:54:13.338036754,1774058053338036754,2149.05,2148.8,36.506,3.0925494514803673,0.602298888,1.0,2,2.368,0.06486604941653426,2148.9,0.0,-10.0,BREAK,11.307171655,2.412575626,False,True,4.80203112,0.0,1.5000000000009095,-1.000000000003638,0.4999999999972715,-1.000000000003638,0.4999999999972715,-5.0,-3.4999999999990905,-3.000000000001819,-1.5000000000009095
2026-03-21,CONTROL,ASK,2026-03-21 01:56:19.396705759,1774058179396705759,2148.05,2148.2,26.908,2.1666800869635234,0.616695023,1.0,1,2.48,0.09216589861751151,2148.1,-0.0,-10.0,BREAK,11.596384367,5.007668496,False,False,,-0.0,0.4999999999972715,-0.999999999994543,-0.4999999999972715,-0.999999999994543,-0.4999999999972715,-6.999999999998181,-6.5000000000009095,-10.0,-9.500000000002728
2026-03-21,CONTROL,ASK,2026-03-21 02:06:54.121156892,1774058814121156892,2148.75,2149.0,49.786,4.393786956138029,0.816531324,1.0,2,4.6259999999999994,0.09291768770337042,2148.9,-0.0,-16.99999999999818,BREAK,11.177238793,1.531785956,False,False,1.276013931,-0.0,1.5000000000009095,-1.999999999998181,-0.4999999999972715,-1.999999999998181,-0.4999999999972715,-16.99999999999818,-15.499999999997272,-5.0,-3.4999999999990905
2026-03-21,CONTROL,ASK,2026-03-21 02:07:00.546958220,1774058820546958220,2148.95,2149.1,25.607,3.3022116190599005,0.561070171,0.9031683115444039,1,0.1,0.0039051821767485456,2149.0,-0.0,-15.0,BREAK,4.751437465,0.925494281,False,False,,-0.0,0.500000000001819,-5.0,-4.499999999998181,-10.0,-9.499999999998181,-1.000000000003638,-0.500000000001819,-3.000000000001819,-2.5
2026-03-21,CONTROL,ASK,2026-03-21 02:07:02.998403831,1774058822998403831,2148.95,2149.3,27.429,3.336049622962782,0.510373304,1.0,3,2.426,0.08844653468956215,2149.2000000000003,-0.0,-15.0,BREAK,2.299991854,1.977579541,False,False,2.299991854,-0.0,2.5000000000045475,-6.999999999998181,-4.4999999999936335,-11.000000000003638,-8.49999999999909,-1.000000000003638,1.5000000000009095,-3.000000000001819,-0.4999999999972715
2026-03-21,CONTROL,ASK,2026-03-21 02:11:56.900047582,1774059116900047582,2148.6499999999996,2148.8,36.794,2.5022272093576796,0.541849841,1.0,1,7.614,0.20693591346415177,2148.7000000000003,0.999999999994543,-4.000000000005457,BREAK,42.216589494,19.765040593,False,False,,-0.0,0.5000000000063665,-0.0,0.5000000000063665,-0.0,0.5000000000063665,-1.000000000003638,-0.4999999999972715,-3.000000000001819,-2.4999999999954525
2026-03-21,CONTROL,BID,2026-03-21 02:16:42.693053176,1774059402693053176,2149.55,2149.4,26.388,2.4378031317843782,1.510063475,0.8980451361489953,1,4.698,0.17803547066848568,2149.5,3.999999999996362,0.0,BOUNCE,25.578755253,60.0,True,False,,0.0,0.500000000001819,0.0,0.500000000001819,0.0,0.500000000001819,3.000000000001819,3.500000000003638,0.999999999994543,1.499999999996362
2026-03-21,CONTROL,ASK,2026-03-21 02:21:19.330388568,1774059679330388568,2150.75,2151.1,35.283,2.9067018165341683,0.533846022,0.7935349080862871,3,1.024,0.029022475413088455,2151.0,-0.0,-8.999999999996362,BREAK,25.410231381,2.945178963,False,True,25.410231381,-0.0,2.5,-0.0,2.5,-0.0,2.5,-3.999999999996362,-1.499999999996362,-8.000000000001819,-5.500000000001819
2026-03-21,CONTROL,ASK,2026-03-21 02:23:06.083546513,1774059786083546513,2151.6499999999996,2151.9,34.863,3.398947060544019,0.529498553,1.0,2,6.8839999999999995,0.1974586237558443,2151.8,1.999999999998181,-2.000000000007276,BOUNCE,28.360576297,28.360576297,False,False,2.371617533,-0.0,1.500000000005457,-2.000000000007276,-0.500000000001819,-2.000000000007276,-0.500000000001819,1.999999999998181,3.500000000003638,1.999999999998181,3.500000000003638
2026-03-21,CONTROL,ASK,2026-03-21 02:27:12.796334776,1774060032796334776,2152.6499999999996,2152.8,35.068,3.427454429946733,0.838119091,0.8129945306304924,1,6.003,0.17118170411771416,2152.7000000000003,-0.0,-5.0,BREAK,23.99597355,22.967063091,False,False,,-0.0,0.5000000000063665,-0.0,0.5000000000063665,-0.0,0.5000000000063665,-5.0,-4.4999999999936335,-5.0,-4.4999999999936335
2026-03-21,CONTROL,ASK,2026-03-21 02:33:41.600199236,1774060421600199236,2150.8500000000004,2151.1,33.946,2.7903497595659856,1.533745464,0.9856467207129749,2,8.155000000000001,0.24023449007246808,2151.0,-0.0,-6.999999999998181,BREAK,37.106181547,6.363885743,False,True,21.742859318,-0.0,1.499999999996362,-0.0,1.499999999996362,-0.0,1.499999999996362,-1.999999999998181,-0.500000000001819,-6.999999999998181,-5.500000000001819
2026-03-21,CONTROL,ASK,2026-03-21 02:34:57.203124775,1774060497203124775,2151.95,2152.1,34.696,2.2663052353114077,0.91275195,0.9496599070536086,1,2.419,0.06971985243255707,2152.0,6.999999999998181,-0.0,BOUNCE,3.784950445,0.568099438,False,False,,-0.0,0.500000000001819,3.000000000001819,3.500000000003638,3.999999999996362,4.499999999998181,6.999999999998181,7.5,6.999999999998181,7.5
2026-03-21,CONTROL,ASK,2026-03-21 02:35:32.142021703,1774060532142021703,2151.25,2151.6,50.833,5.7042024350558265,0.516467267,0.8503737740266122,3,4.112,0.08089233372022112,2151.5,3.999999999996362,-0.0,BOUNCE,49.559226696,44.497971016,False,True,,-0.0,2.5,-0.0,2.5,-0.0,2.5,-0.0,2.5,3.000000000001819,5.500000000001819
2026-03-21,CONTROL,ASK,2026-03-21 02:38:06.366048573,1774060686366048573,2150.75,2151.0,38.473,3.8800867328929454,0.636323012,0.8748873944543122,2,4.862,0.12637434044654694,2150.9,-0.0,-6.000000000003638,BREAK,56.089561947,3.606583371,False,False,3.606583371,-0.0,1.5000000000009095,-1.999999999998181,-0.4999999999972715,-1.999999999998181,-0.4999999999972715,-1.999999999998181,-0.4999999999972715,-6.000000000003638,-4.5000000000027285
2026-03-21,CONTROL,BID,2026-03-21 02:40:42.154515861,1774060842154515861,2154.55,2154.3,46.9,3.959643716492887,0.611138666,1.0,2,6.590999999999999,0.14053304904051173,2154.4,0.0,-8.000000000001819,BREAK,12.401690034,7.546113305,False,True,9.596449135,0.0,1.5000000000009095,0.0,1.5000000000009095,-1.000000000003638,0.4999999999972715,-3.000000000001819,-1.5000000000009095,-8.000000000001819,-6.5000000000009095
2026-03-21,CONTROL,BID,2026-03-21 02:40:50.220158891,1774060850220158891,2154.55,2154.2,47.93,3.1246129274096286,0.519529725,1.0,3,3.433,0.07162528687669517,2154.2999999999997,0.0,-8.000000000001819,BREAK,4.642454569,1.120773559,False,True,2.446244851,0.0,2.5000000000045475,-4.000000000005457,-1.5000000000009095,-4.000000000005457,-1.5000000000009095,-5.0,-2.4999999999954525,-8.000000000001819,-5.4999999999972715
2026-03-21,CONTROL,BID,2026-03-21 03:00:33.944833783,1774062033944833783,2155.8500000000004,2155.5,76.218,4.561493805733438,1.607272272,0.9439157729711647,3,14.439,0.18944343855782098,2155.6,0.0,-20.0,BREAK,14.188555148,0.536602121,False,True,6.209894168,0.0,2.5000000000045475,-1.000000000003638,1.5000000000009095,-3.000000000001819,-0.4999999999972715,-9.000000000005457,-6.5000000000009095,-18.00000000000182,-15.499999999997272
2026-03-21,CONTROL,ASK,2026-03-21 03:02:57.717663719,1774062177717663719,2153.45,2153.6,25.513,2.366478063259438,0.72433257,0.9307648874604658,1,4.206,0.16485713165837024,2153.5,1.999999999998181,-4.000000000005457,BREAK,5.311927441,5.260511154,False,False,,-0.0,0.500000000001819,-0.0,0.500000000001819,-4.000000000005457,-3.500000000003638,-4.000000000005457,-3.500000000003638,1.999999999998181,2.5
2026-03-21,CONTROL,ASK,2026-03-21 03:05:59.672227439,1774062359672227439,2153.6499999999996,2154.0,54.237,5.8539665407447385,0.685433531,1.0,3,10.22,0.18843225104633368,2153.9,-0.0,-3.000000000001819,NONE,,13.112858598,False,False,2.011949728,-1.000000000003638,1.5000000000009095,-2.000000000007276,0.4999999999972715,-2.000000000007276,0.4999999999972715,-2.000000000007276,0.4999999999972715,-3.000000000001819,-0.4999999999972715
2026-03-21,CONTROL,ASK,2026-03-21 03:11:23.602141526,1774062683602141526,2156.05,2156.3,34.423,2.282767996286349,1.749003759,0.9893476609732089,2,8.513,0.24730558057112975,2156.2000000000003,4.000000000005457,-1.999999999998181,BOUNCE,45.864920517,0.342426443,False,False,0.342426443,-1.999999999998181,-0.4999999999972715,-1.999999999998181,-0.4999999999972715,-1.999999999998181,-0.4999999999972715,-1.999999999998181,-0.4999999999972715,4.000000000005457,5.5000000000063665
2026-03-21,CONTROL,ASK,2026-03-21 03:13:34.414676417,1774062814414676417,2153.75,2153.9,34.125,2.360529865458444,0.638364857,1.0,1,3.788,0.111003663003663,2153.8,-0.0,-5.0,BREAK,4.939810414,4.939810414,False,False,,-0.0,0.500000000001819,-1.999999999998181,-1.499999999996362,-3.999999999996362,-3.499999999994543,-5.0,-4.499999999998181,-5.0,-4.499999999998181
2026-03-21,CONTROL,BID,2026-03-21 03:32:35.571902853,1774063955571902853,2152.8500000000004,2152.6,30.764,2.733241526364888,0.503400322,0.9547070571798323,2,6.119,0.19890131322324794,2152.7,0.0,-3.000000000001819,BREAK,14.287106773,0.455180623,False,True,1.532795695,0.0,1.500000000005457,-2.000000000007276,-0.500000000001819,-2.000000000007276,-0.500000000001819,-3.000000000001819,-1.499999999996362,-2.000000000007276,-0.500000000001819
2026-03-21,CONTROL,ASK,2026-03-21 03:35:31.642332145,1774064131642332145,2151.8500000000004,2152.0,32.141,2.556859313472018,0.508196453,1.0,1,2.092,0.06508820509629445,2151.9,5.0,-1.999999999998181,BOUNCE,30.799863923,21.556514744,False,False,,-0.0,0.4999999999972715,-0.0,0.4999999999972715,-0.0,0.4999999999972715,1.000000000003638,1.5000000000009095,-1.999999999998181,-1.5000000000009095
2026-03-21,CONTROL,BID,2026-03-21 03:42:52.275480947,1774064572275480947,2153.05,2152.9,39.531,2.4886524599452295,0.686969897,0.7593854145256673,1,8.666,0.21922035870582582,2153.0,0.0,-4.000000000005457,BREAK,27.0408613,2.278093349,False,False,,0.0,0.500000000001819,0.0,0.500000000001819,0.0,0.500000000001819,-4.000000000005457,-3.500000000003638,-4.000000000005457,-3.500000000003638
2026-03-21,CONTROL,BID,2026-03-21 03:52:09.477224000,1774065129477224000,2153.95,2153.6,72.994,7.12310319590144,0.506455618,0.5655653799065963,3,17.963,0.24608871962079076,2153.7,0.0,-6.999999999998181,BREAK,0.683104082,0.477235499,False,False,0.632136598,-3.999999999996362,-1.499999999996362,-3.999999999996362,-1.499999999996362,-3.999999999996362,-1.499999999996362,-5.999999999994543,-3.499999999994543,-6.999999999998181,-4.499999999998181
2026-03-21,CONTROL,ASK,2026-03-21 03:53:29.837770592,1774065209837770592,2153.25,2153.4,26.747,2.8023469013568025,0.552145064,1.0,1,6.373,0.2382697124911205,2153.3,-0.0,-0.0,NONE,,60.0,True,False,,-0.0,0.500000000001819,-0.0,0.500000000001819,-0.0,0.500000000001819,-0.0,0.500000000001819,-0.0,0.500000000001819
2026-03-21,CONTROL,BID,2026-03-21 03:58:47.000126302,1774065527000126302,2153.75,2153.4,83.232,7.701674840381235,0.521837489,1.0,3,20.192,0.24259900038446752,2153.5,1.999999999998181,0.0,BOUNCE,9.125149188,6.727306408,False,True,,0.0,2.5,0.0,2.5,1.999999999998181,4.499999999998181,1.999999999998181,4.499999999998181,1.999999999998181,4.499999999998181
2026-03-21,CONTROL,ASK,2026-03-21 04:01:13.137050973,1774065673137050973,2154.95,2155.2,25.533,2.9705078238613223,0.504938655,1.0,2,3.42,0.13394430736693688,2155.1,5.999999999994543,-4.000000000005457,BREAK,5.957304564,4.383569437,False,True,5.957304564,-0.0,1.5000000000009095,-0.0,1.5000000000009095,-3.000000000001819,-1.5000000000009095,3.999999999996362,5.4999999999972715,-1.999999999998181,-0.4999999999972715
2026-03-21,CONTROL,ASK,2026-03-21 04:02:38.536431632,1774065758536431632,2155.55,2155.9,23.214,2.033907215139966,0.616880051,1.0,3,0.025,0.0010769363315240804,2155.8,3.000000000001819,-3.000000000001819,BOUNCE,22.553788011,4.374108933,False,True,11.013206327,-0.0,2.5,-0.0,2.5,-0.999999999994543,1.500000000005457,1.999999999998181,4.499999999998181,3.000000000001819,5.500000000001819
2026-03-21,CONTROL,BID,2026-03-21 04:21:48.838202965,1774066908838202965,2155.45,2155.2,48.406,3.6770101409092635,0.513065418,1.0,2,9.7,0.20038838160558609,2155.2999999999997,1.000000000003638,-3.000000000001819,BREAK,19.422513495,19.372051763,False,False,19.422513495,0.0,1.5000000000009095,0.0,1.5000000000009095,0.0,1.5000000000009095,0.0,1.5000000000009095,-0.999999999994543,0.5000000000063665
2026-03-21,CONTROL,ASK,2026-03-21 04:24:17.973390859,1774067057973390859,2156.3500000000004,2156.5,75.182,3.167558457973457,1.829240005,0.921123602367312,1,17.824,0.23707802399510522,2156.4,-0.0,-5.0,BREAK,46.659652069,0.562446228,False,False,,-0.0,0.4999999999972715,-0.0,0.4999999999972715,-0.0,0.4999999999972715,-0.0,0.4999999999972715,-5.0,-4.5000000000027285
2026-03-21,CONTROL,BID,2026-03-21 04:25:34.340173901,1774067134340173901,2157.3500000000004,2157.2,74.856,4.542233009708738,0.505463598,1.0,1,15.138,0.20222827829432513,2157.2999999999997,7.999999999992724,-2.000000000007276,BOUNCE,37.614151709,1.228444419,False,False,,0.0,0.5000000000063665,0.0,0.5000000000063665,0.0,0.5000000000063665,0.999999999994543,1.5000000000009095,-2.000000000007276,-1.5000000000009095
2026-03-21,CONTROL,BID,2026-03-21 04:30:00.893639083,1774067400893639083,2156.6499999999996,2156.3,104.977,11.91295960054471,0.822107071,1.0,3,3.4450000000000003,0.03281671223220325,2156.4,0.0,-17.999999999992724,BREAK,1.373632139,0.855118998,False,False,1.373632139,0.0,2.4999999999954525,-6.999999999998181,-4.5000000000027285,-6.999999999998181,-4.5000000000027285,-10.0,-7.5000000000045475,-17.999999999992724,-15.499999999997272
2026-03-21,CONTROL,BID,2026-03-21 04:36:09.935581158,1774067769935581158,2152.45,2152.2,29.027,2.298531100289029,0.781336781,0.8067099761939915,2,5.553,0.19130464739725084,2152.2999999999997,0.0,-5.999999999994543,BREAK,4.445045358,3.307317486,False,True,4.343124738,0.0,1.5000000000009095,-3.999999999996362,-2.4999999999954525,-5.999999999994543,-4.4999999999936335,-5.999999999994543,-4.4999999999936335,-5.999999999994543,-4.4999999999936335
2026-03-21,CONTROL,ASK,2026-03-21 04:41:37.136468949,1774068097136468949,2152.25,2152.4,26.351,2.312099675353163,1.531904709,0.7301428812306106,1,3.634,0.13790747979203824,2152.3,-0.0,-1.999999999998181,BREAK,5.254495093,0.10218231,False,False,,-1.000000000003638,-0.500000000001819,-1.999999999998181,-1.499999999996362,-1.999999999998181,-1.499999999996362,-1.999999999998181,-1.499999999996362,-1.999999999998181,-1.499999999996362
2026-03-21,CONTROL,ASK,2026-03-21 04:41:38.156568272,1774068098156568272,2152.3500000000004,2152.6,34.33,2.952483336916792,0.909434852,0.8429161311710979,2,6.756,0.19679580541800176,2152.5,-0.0,-0.999999999994543,NONE,,60.0,True,False,4.23439577,-0.0,1.499999999996362,-0.999999999994543,0.500000000001819,-0.999999999994543,0.500000000001819,-0.999999999994543,0.500000000001819,-0.999999999994543,0.500000000001819
2026-03-21,CONTROL,ASK,2026-03-21 04:50:12.320223300,1774068612320223300,2152.8500000000004,2153.0,52.89,2.8496767241379306,0.662987064,0.9671769463061499,1,3.287,0.0621478540366799,2152.9,-0.0,-0.999999999994543,NONE,,60.0,True,False,,-0.0,0.4999999999972715,-0.999999999994543,-0.4999999999972715,-0.999999999994543,-0.4999999999972715,-0.0,0.4999999999972715,-0.0,0.4999999999972715
2026-03-21,CONTROL,BID,2026-03-21 04:51:13.110015913,1774068673110015913,2152.8500000000004,2152.6,42.267,3.662175627084868,0.746880418,0.6694512105952682,2,0.2,0.00473182388151513,2152.7,0.0,-2.000000000007276,NONE,,60.0,True,False,19.766261238,0.0,1.500000000005457,0.0,1.500000000005457,0.0,1.500000000005457,-2.000000000007276,-0.500000000001819,-2.000000000007276,-0.500000000001819
2026-03-21,CONTROL,ASK,2026-03-21 05:09:49.936825632,1774069789936825632,2153.6499999999996,2154.0,64.085,6.725965575146936,0.784044531,1.0,3,11.950999999999999,0.18648669735507528,2153.9,-0.0,-0.0,NONE,,3.724962943,False,True,,-0.0,2.5000000000045475,-0.0,2.5000000000045475,-0.0,2.5000000000045475,-0.0,2.5000000000045475,-0.0,2.5000000000045475
2026-03-21,CONTROL,ASK,2026-03-21 05:14:54.610662520,1774070094610662520,2153.55,2153.8,33.887,2.5772521580408414,0.544201013,0.9525693845042512,2,6.868,0.20267359164281287,2153.7000000000003,-0.0,-15.0,BREAK,19.313832784,1.402324526,False,False,0.634697598,-0.999999999994543,0.5000000000063665,-0.999999999994543,0.5000000000063665,-0.999999999994543,0.5000000000063665,-10.999999999994543,-9.499999999993634,-13.000000000001819,-11.50000000000091
2026-03-21,CONTROL,BID,2026-03-21 05:15:18.314710894,1774070118314710894,2154.3500000000004,2154.2,110.986,7.847970584075803,0.510888347,1.0,1,11.141,0.10038203016596688,2154.2999999999997,6.999999999998181,0.0,BOUNCE,3.624158426,1.737933997,False,False,,0.0,0.5000000000063665,2.999999999992724,3.4999999999990905,6.999999999998181,7.5000000000045475,5.0,5.5000000000063665,5.999999999994543,6.5000000000009095
2026-03-21,CONTROL,ASK,2026-03-21 05:18:42.876574244,1774070322876574244,2155.75,2156.0,80.676,5.71643165875434,0.50467063,1.0,2,7.271000000000001,0.09012593584213398,2155.9,-0.0,-1.999999999998181,NONE,,60.0,True,False,6.391036872,-0.0,1.5000000000009095,-0.0,1.5000000000009095,-1.999999999998181,-0.4999999999972715,-1.999999999998181,-0.4999999999972715,-1.000000000003638,0.4999999999972715
2026-03-21,CONTROL,BID,2026-03-21 05:37:42.369283160,1774071462369283160,2156.05,2155.7,84.391,8.798060884070058,0.514618493,1.0,3,17.034,0.20184616843028283,2155.7999999999997,5.0,0.0,BOUNCE,29.209908325,24.327902177,False,True,,0.0,2.5000000000045475,0.0,2.5000000000045475,0.0,2.5000000000045475,1.999999999998181,4.5000000000027285,5.0,7.5000000000045475
2026-03-21,CONTROL,ASK,2026-03-21 05:44:43.035585101,1774071883035585101,2155.05,2155.2,125.524,7.750787280024699,0.591437072,1.0,1,17.242,0.13736018609986936,2155.1,-0.0,-3.000000000001819,BREAK,46.09661978,20.369536647,False,False,,-0.0,0.4999999999972715,-0.0,0.4999999999972715,-0.4999999999972715,0.0,-0.999999999994543,-0.4999999999972715,-3.000000000001819,-2.5000000000045475
2026-03-21,CONTROL,BID,2026-03-21 05:49:35.018943683,1774072175018943683,2154.25,2154.1,76.116,3.4419046327070473,0.538090513,0.8145729712948869,1,8.354,0.10975353407956276,2154.2,0.0,-1.999999999998181,BREAK,41.050047617,38.744561269,False,False,,0.0,0.500000000001819,0.0,0.500000000001819,0.0,0.500000000001819,-1.000000000003638,-0.500000000001819,-1.999999999998181,-1.499999999996362
2026-03-21,CONTROL,ASK,2026-03-21 05:53:04.534664079,1774072384534664079,2153.1499999999996,2153.5,49.221,4.046282214640963,0.53121219,0.6531610127395608,3,11.89,0.2415635602689909,2153.4,-0.0,-7.000000000007276,BREAK,11.253366332,2.477874611,False,True,9.570583165,-1.000000000003638,1.5000000000009095,-1.000000000003638,1.5000000000009095,-2.000000000007276,0.4999999999972715,-5.0,-2.4999999999954525,-7.000000000007276,-4.5000000000027285
2026-03-21,CONTROL,BID,2026-03-21 05:59:57.583340324,1774072797583340324,2153.6499999999996,2153.4,36.797,2.981083161177948,0.542675261,1.0,2,8.573,0.23298094953392942,2153.5,1.000000000003638,-5.0,BREAK,55.17539126,2.533134603,False,True,55.17539126,0.0,1.499999999996362,0.0,1.499999999996362,0.0,1.499999999996362,0.0,1.499999999996362,-5.0,-3.500000000003638
2026-03-21,CONTROL,BID,2026-03-21 06:01:27.028711721,1774072887028711721,2153.05,2152.7,33.318,2.1490631147805335,0.596263105,0.7548903180920443,3,8.112,0.24347199711867462,2152.7999999999997,8.000000000001819,-1.999999999998181,BOUNCE,25.602430421,17.719064277,False,False,17.286477834,0.0,2.5000000000045475,0.0,2.5000000000045475,0.0,2.5000000000045475,6.999999999998181,9.500000000002728,8.000000000001819,10.500000000006366
2026-03-21,CONTROL,ASK,2026-03-21 06:03:39.678268084,1774073019678268084,2153.8500000000004,2154.2,46.9,2.835121656339731,0.546155333,0.9085036637369976,3,4.4830000000000005,0.09558635394456291,2154.1,1.000000000003638,-5.0,BREAK,0.159340576,0.159340576,False,False,0.159340576,-3.999999999996362,-1.5000000000009095,-5.0,-2.5000000000045475,-5.0,-2.5000000000045475,-0.999999999994543,1.5000000000009095,1.000000000003638,3.4999999999990905
2026-03-21,CONTROL,ASK,2026-03-21 06:03:40.136330146,1774073020136330146,2154.25,2154.4,48.72,4.472186524692491,0.553809009,0.9908135784768355,1,1.857,0.03811576354679803,2154.3,5.0,-1.000000000003638,BOUNCE,10.114074668,1.213656117,False,False,,-1.000000000003638,-0.500000000001819,-1.000000000003638,-0.500000000001819,-1.000000000003638,-0.500000000001819,3.000000000001819,3.500000000003638,5.0,5.500000000001819
2026-03-21,CONTROL,BID,2026-03-21 06:06:08.381740507,1774073168381740507,2153.55,2153.4,35.324,2.346485983791683,1.633753941,0.9237888363263633,1,8.114,0.2297021854829578,2153.5,0.0,-1.000000000003638,NONE,,9.279531267,False,False,,0.0,0.500000000001819,0.0,0.500000000001819,0.0,0.500000000001819,-1.000000000003638,-0.500000000001819,0.0,0.500000000001819
2026-03-21,CONTROL,ASK,2026-03-21 06:11:48.929518850,1774073508929518850,2152.55,2152.8,193.569,8.357360274593614,0.506753363,0.8128858396939735,2,29.498,0.15239010378728,2152.7000000000003,-0.0,-0.0,NONE,,60.0,True,False,,-0.0,1.5000000000009095,-0.0,1.5000000000009095,-0.0,1.5000000000009095,-0.0,1.5000000000009095,-0.0,1.5000000000009095
2026-03-21,CONTROL,ASK,2026-03-21 06:22:13.198728366,1774074133198728366,2152.75,2152.9,185.842,14.542765474606778,0.642979432,1.0,1,15.088,0.08118724507915324,2152.8,-0.0,-6.000000000003638,BREAK,2.678507915,2.628060637,False,False,,-0.0,0.500000000001819,-6.000000000003638,-5.500000000001819,-6.000000000003638,-5.500000000001819,-6.000000000003638,-5.500000000001819,-5.0,-4.499999999998181
2026-03-21,CONTROL,ASK,2026-03-21 06:25:12.270046209,1774074312270046209,2154.1499999999996,2154.4,185.712,18.022417390460475,0.605623337,1.0,2,3.696,0.019901783406565007,2154.3,-0.0,-0.0,NONE,,33.752054497,False,True,,-0.0,1.500000000005457,-0.0,1.500000000005457,-0.0,1.500000000005457,-0.0,1.500000000005457,-0.0,1.500000000005457
2026-03-21,CONTROL,BID,2026-03-21 06:30:48.771229074,1774074648771229074,2155.1499999999996,2154.8,72.717,7.560118521599002,1.533789049,0.9676259945705219,3,16.067,0.2209524595349093,2154.9,0.0,-2.999999999992724,NONE,,9.346204831,False,True,20.422694242,0.0,2.4999999999954525,0.0,2.4999999999954525,0.0,2.4999999999954525,-2.999999999992724,-0.4999999999972715,-2.999999999992724,-0.4999999999972715
2026-03-21,CONTROL,ASK,2026-03-21 06:36:42.046251787,1774075002046251787,2155.05,2155.2,33.006,2.669416474584496,0.606849154,1.0,1,4.856,0.1471247651942071,2155.1,-0.0,-0.0,NONE,,60.0,True,False,,-0.0,0.4999999999972715,-0.0,0.4999999999972715,-0.0,0.4999999999972715,-0.0,0.4999999999972715,-0.0,0.4999999999972715
2026-03-21,CONTROL,ASK,2026-03-21 06:42:07.335831839,1774075327335831839,2155.55,2155.8,185.592,15.784317060724616,0.903570912,0.6462199759259183,2,2.366,0.012748394327341695,2155.7000000000003,-0.0,-5.0,BREAK,12.955801155,12.905498847,False,False,12.955801155,-0.0,1.5000000000009095,-0.0,1.5000000000009095,-0.0,1.5000000000009095,-3.000000000001819,-1.5000000000009095,-1.999999999998181,-0.4999999999972715
2026-03-21,CONTROL,ASK,2026-03-21 06:45:47.797195041,1774075547797195041,2154.95,2155.1,227.202,13.169985218676636,0.56206354,1.0,1,41.08,0.18080826753285623,2155.0,5.0,-0.0,BOUNCE,10.112480239,10.162540816,False,False,,-0.0,0.500000000001819,-0.0,0.500000000001819,-0.0,0.500000000001819,5.0,5.500000000001819,5.0,5.500000000001819
2026-03-21,CONTROL,BID,2026-03-21 06:45:47.797195041,1774075547797195041,2154.95,2154.7,26.031,3.044205356098702,0.56206354,1.0,2,5.152,0.19791786715838808,2154.7999999999997,0.0,-5.0,BREAK,10.112480239,9.242082401,False,True,10.061143036,0.0,1.5000000000009095,0.0,1.5000000000009095,0.0,1.5000000000009095,-5.0,-3.4999999999990905,-5.0,-3.4999999999990905
2026-03-21,CONTROL,ASK,2026-03-21 06:50:39.961394566,1774075839961394566,2154.95,2155.2,226.664,15.335859269282814,0.617455444,0.6598277656452244,2,11.473,0.05061677196202309,2155.1,-0.0,-0.0,NONE,,19.976961554,False,True,,-0.0,1.5000000000009095,-0.0,1.5000000000009095,-0.0,1.5000000000009095,-0.0,1.5000000000009095,-0.0,1.5000000000009095
2026-03-21,CONTROL,BID,2026-03-21 06:57:31.936655916,1774076251936655916,2154.6499999999996,2154.5,25.522,2.192988485994157,0.606633225,1.0,1,4.197,0.16444636000313456,2154.6,0.0,0.0,NONE,,60.0,True,False,,0.0,0.4999999999972715,0.0,0.4999999999972715,0.0,0.4999999999972715,0.0,0.4999999999972715,0.0,0.4999999999972715
2026-03-21,CONTROL,ASK,2026-03-21 07:05:04.518217067,1774076704518217067,2155.45,2155.6,26.321,2.3461092789018627,1.507452076,0.954597072709859,1,4.282,0.16268378860985525,2155.5,-0.0,-1.000000000003638,NONE,,22.346965895,False,False,,-0.0,0.500000000001819,-0.0,0.500000000001819,-0.0,0.500000000001819,-0.0,0.500000000001819,-1.000000000003638,-0.500000000001819
2026-03-21,CONTROL,BID,2026-03-21 07:07:11.715628476,1774076831715628476,2155.3,2154.9,81.953,18.665983373192123,0.634651381,1.0,3,7.39,0.09017363610850121,2155.0,-0.500000000001819,-0.500000000001819,NONE,,2.703668362,False,True,,-0.500000000001819,2.5,-0.500000000001819,2.5,-0.500000000001819,2.5,-0.500000000001819,2.5,-0.500000000001819,2.5
2026-03-21,CONTROL,ASK,2026-03-21 07:08:58.693836018,1774076938693836018,2155.3500000000004,2155.7,55.378,3.4677353705501113,0.533614243,1.0,3,4.757,0.08590053811983098,2155.6,-0.0,-0.0,NONE,,60.0,True,False,,-0.0,2.4999999999954525,-0.0,2.4999999999954525,-0.0,2.4999999999954525,-0.0,2.4999999999954525,-0.0,2.4999999999954525
2026-03-21,CONTROL,ASK,2026-03-21 07:09:11.435994968,1774076951435994968,2155.3500000000004,2155.6,34.305,2.09266150186055,0.900182872,0.8129446546501276,2,7.189,0.2095612884419181,2155.5,-0.0,-0.0,NONE,,42.496424413,False,True,,-0.0,1.499999999996362,-0.0,1.499999999996362,-0.0,1.499999999996362,-0.0,1.499999999996362,-0.0,1.499999999996362
2026-03-21,CONTROL,ASK,2026-03-21 07:09:50.985932645,1774076990985932645,2155.3500000000004,2155.6,48.015,2.9289940828402368,0.502618314,1.0,2,7.9559999999999995,0.16569821930646672,2155.5,-0.0,-0.0,NONE,,2.946486736,False,True,,-0.0,1.499999999996362,-0.0,1.499999999996362,-0.0,1.499999999996362,-0.0,1.499999999996362,-0.0,1.499999999996362
2026-03-21,CONTROL,ASK,2026-03-21 07:20:40.814620612,1774077640814620612,2158.1499999999996,2158.3,73.739,7.211638141809291,1.542499423,1.0,1,1.5,0.020342017114417063,2158.2000000000003,3.999999999996362,-0.0,BOUNCE,3.621122914,0.454434916,False,False,,0.999999999994543,1.5000000000009095,2.999999999992724,3.4999999999990905,2.999999999992724,3.4999999999990905,3.999999999996362,4.5000000000027285,3.999999999996362,4.5000000000027285
2026-03-21,CONTROL,ASK,2026-03-21 07:23:18.084525302,1774077798084525302,2157.3500000000004,2157.6,48.049,5.299911758217516,0.667090278,0.8938004430039078,2,6.585000000000001,0.13704759724447962,2157.5,-0.0,-2.999999999992724,BREAK,19.048303756,10.358526966,False,False,10.417393728,-0.0,1.499999999996362,-0.0,1.499999999996362,-0.0,1.499999999996362,-2.999999999992724,-1.499999999996362,-2.999999999992724,-1.499999999996362
2026-03-21,CONTROL,BID,2026-03-21 07:31:50.618908697,1774078310618908697,2158.8500000000004,2158.6,37.028,2.3326193775985886,0.539790113,1.0,2,5.823,0.15725937128659395,2158.7,0.0,-12.000000000007276,BREAK,10.61127288,1.289008995,False,True,3.107951794,0.0,1.500000000005457,-1.000000000003638,0.500000000001819,-2.000000000007276,-0.500000000001819,-11.000000000003638,-9.499999999998181,-12.000000000007276,-10.500000000001819
2026-03-21,CONTROL,ASK,2026-03-21 07:38:35.251609984,1774078715251609984,2157.75,2158.1,40.016,3.8530643685908235,0.689087067,0.9620787847408548,3,5.651,0.14121851259496201,2158.0,8.000000000001819,-0.0,BOUNCE,25.602666448,1.613974357,False,True,,-0.0,2.5,-0.0,2.5,-0.0,2.5,1.999999999998181,4.499999999998181,8.000000000001819,10.500000000001819
2026-03-21,CONTROL,ASK,2026-03-21 07:41:07.367793911,1774078867367793911,2157.55,2157.8,23.452,2.1113661940130544,0.67419053,0.9216581713184254,2,4.224,0.1801125703564728,2157.7000000000003,-0.0,-0.0,NONE,,1.671309143,False,True,,-0.0,1.5000000000009095,-0.0,1.5000000000009095,-0.0,1.5000000000009095,-0.0,1.5000000000009095,-0.0,1.5000000000009095
2026-03-21,CONTROL,BID,2026-03-21 07:51:20.235186623,1774079480235186623,2155.3500000000004,2155.0,128.591,11.082087301245314,0.550816679,0.6448693595206111,3,8.907,0.06926612282352575,2155.1,0.0,-3.000000000001819,NONE,,2.677981514,False,False,2.43172504,0.0,2.5000000000045475,-3.000000000001819,-0.4999999999972715,-3.000000000001819,-0.4999999999972715,-3.000000000001819,-0.4999999999972715,-1.000000000003638,1.5000000000009095
2026-03-21,CONTROL,ASK,2026-03-21 08:02:30.682933275,1774080150682933275,2155.1499999999996,2155.3,20.022,2.3109418282548475,1.161431432,0.7656560142071306,1,3.738,0.18669463590050944,2155.2000000000003,-0.0,-3.000000000001819,BREAK,38.469190952,38.469190952,False,False,,-0.0,0.5000000000063665,-0.0,0.5000000000063665,-0.0,0.5000000000063665,-0.0,0.5000000000063665,-3.000000000001819,-2.4999999999954525
2026-03-21,CONTROL,BID,2026-03-21 08:04:47.147023279,1774080287147023279,2154.95,2154.8,47.154,2.339220160730231,0.602316811,0.9135198718536183,1,7.425,0.15746278152436696,2154.9,4.000000000005457,-0.999999999994543,BOUNCE,53.489651645,60.0,True,False,,0.0,0.4999999999972715,-0.999999999994543,-0.4999999999972715,-0.999999999994543,-0.4999999999972715,-0.999999999994543,-0.4999999999972715,4.000000000005457,4.5000000000027285
2026-03-21,CONTROL,ASK,2026-03-21 08:08:56.160223584,1774080536160223584,2155.45,2155.7,41.12,2.782232145877736,0.561675771,1.0,2,10.206,0.24820038910505837,2155.6,-0.0,-1.000000000003638,NONE,,17.079246922,False,True,22.426309475,-0.0,1.5000000000009095,-0.0,1.5000000000009095,-0.0,1.5000000000009095,-1.000000000003638,0.4999999999972715,-1.000000000003638,0.4999999999972715
2026-03-21,CONTROL,ASK,2026-03-21 08:11:22.689324413,1774080682689324413,2156.95,2157.1,23.696,2.1231072484544398,0.534228935,1.0,1,5.892,0.2486495611073599,2157.0,6.999999999998181,-0.0,BOUNCE,7.359608223,7.359608223,False,False,,-0.0,0.500000000001819,-0.0,0.500000000001819,3.999999999996362,4.499999999998181,3.999999999996362,4.499999999998181,6.999999999998181,7.5
2026-03-21,CONTROL,ASK,2026-03-21 08:13:57.745033097,1774080837745033097,2155.95,2156.1,36.464,3.1864377157338226,0.505483136,0.9685883229940236,1,6.398,0.17546072838964458,2156.0,-0.0,-5.0,BREAK,22.246706053,0.442993791,False,False,,-0.0,0.500000000001819,-0.0,0.500000000001819,-0.0,0.500000000001819,-5.0,-4.499999999998181,-1.000000000003638,-0.500000000001819
2026-03-21,CONTROL,BID,2026-03-21 08:17:01.411677927,1774081021411677927,2154.25,2154.0,30.82,2.5968992248062017,1.786059775,1.0,2,6.670999999999999,0.21645035691109668,2154.1,0.0,-11.000000000003638,BREAK,18.019641127,0.102376732,False,False,0.256422792,-1.000000000003638,0.4999999999972715,-1.000000000003638,0.4999999999972715,-1.000000000003638,0.4999999999972715,-8.000000000001819,-6.5000000000009095,-6.000000000003638,-4.5000000000027285
2026-03-21,CONTROL,ASK,2026-03-21 08:24:01.332923622,1774081441332923622,2152.6499999999996,2153.0,82.63,4.904876383818597,0.770727869,1.0,3,18.998,0.2299164952196539,2152.9,-0.0,-3.000000000001819,NONE,,6.380920023,False,True,42.369120286,-0.0,2.5000000000045475,-0.0,2.5000000000045475,-0.0,2.5000000000045475,-0.0,2.5000000000045475,-3.000000000001819,-0.4999999999972715
2026-03-21,CONTROL,BID,2026-03-21 08:31:29.872163913,1774081889872163913,2151.3500000000004,2151.0,37.795,4.2003778617470555,0.709453393,0.6734676593477086,3,5.138,0.13594390792432862,2151.1,5.0,-2.000000000007276,BOUNCE,17.086209209,15.714997272,False,False,3.832690096,0.0,2.5000000000045475,-2.000000000007276,0.4999999999972715,-1.000000000003638,1.5000000000009095,0.0,2.5000000000045475,2.999999999992724,5.4999999999972715
2026-03-21,CONTROL,BID,2026-03-21 08:32:19.204683895,1774081939204683895,2151.25,2151.1,37.821,3.7885405188820993,0.76917697,0.7345654407723622,1,7.959,0.21043864519711272,2151.2,6.999999999998181,0.0,BOUNCE,7.179350356,30.294407535,False,False,,0.0,0.500000000001819,0.0,0.500000000001819,3.999999999996362,4.499999999998181,5.0,5.500000000001819,6.999999999998181,7.5
2026-03-21,CONTROL,ASK,2026-03-21 08:33:18.235684781,1774081998235684781,2151.95,2152.1,26.378,2.477156407005682,0.892612928,0.8035964005217724,1,5.923,0.22454317992266282,2152.0,-0.0,-6.000000000003638,BREAK,49.469880073,1.577268306,False,False,,-0.0,0.500000000001819,-0.0,0.500000000001819,-0.0,0.500000000001819,-0.0,0.500000000001819,-6.000000000003638,-5.500000000001819
2026-03-21,CONTROL,ASK,2026-03-21 08:33:23.879138032,1774082003879138032,2151.95,2152.2,31.892,2.9949758181903556,0.530575893,0.9304192680310863,2,5.710999999999999,0.17907312178602783,2152.1,-0.0,-8.000000000001819,BREAK,44.794612476,42.754555988,False,True,43.826426822,-0.0,1.5000000000009095,-0.0,1.5000000000009095,-0.0,1.5000000000009095,-0.0,1.5000000000009095,-8.000000000001819,-6.5000000000009095
2026-03-21,CONTROL,ASK,2026-03-21 08:43:18.215187815,1774082598215187815,2153.3500000000004,2153.6,38.643,2.270780079330102,0.552935999,0.89271816972076,2,8.447999999999999,0.21861656703672072,2153.5,-0.0,-3.999999999996362,BREAK,32.546382849,31.677432914,False,True,32.335922044,-0.0,1.499999999996362,-0.0,1.499999999996362,-0.0,1.499999999996362,-0.0,1.499999999996362,-1.999999999998181,-0.500000000001819
2026-03-21,CONTROL,ASK,2026-03-21 08:50:14.021248600,1774083014021248600,2153.25,2153.4,23.726,3.255935227116783,0.883318609,0.8481399637307993,1,0.8,0.03371828373935767,2153.3,-0.0,-1.999999999998181,BREAK,2.063303602,1.600834007,False,False,,-0.0,0.500000000001819,-1.999999999998181,-1.499999999996362,-1.999999999998181,-1.499999999996362,-1.999999999998181,-1.499999999996362,-1.000000000003638,-0.500000000001819
2026-03-21,CONTROL,ASK,2026-03-21 08:56:15.837528614,1774083375837528614,2154.3500000000004,2154.6,37.615,3.684674535925944,0.500175501,1.0,2,3.2,0.08507244450352253,2154.5,-0.0,-1.999999999998181,NONE,,60.0,True,False,4.036511069,-0.0,1.499999999996362,-1.999999999998181,-0.500000000001819,-1.999999999998181,-0.500000000001819,-1.999999999998181,-0.500000000001819,-1.999999999998181,-0.500000000001819
2026-03-21,CONTROL,BID,2026-03-21 09:00:20.317763625,1774083620317763625,2153.95,2153.7,36.926,2.4105493357704737,0.553200203,0.9486894439914006,2,8.629000000000001,0.2336835833829822,2153.7999999999997,5.0,0.0,BOUNCE,25.173278095,5.162928826,False,True,,0.0,1.5000000000009095,0.0,1.5000000000009095,0.0,1.5000000000009095,5.0,6.5000000000009095,5.0,6.5000000000009095
2026-03-21,CONTROL,ASK,2026-03-21 09:01:08.836140472,1774083668836140472,2154.45,2154.8,37.594,4.809569500415788,0.5473928,0.6404269986744436,3,8.397,0.22336011065595573,2154.7000000000003,-0.0,-4.000000000005457,BREAK,50.824493878,3.816484455,False,True,49.85318359,-0.0,2.5000000000045475,-0.0,2.5000000000045475,-0.0,2.5000000000045475,-1.000000000003638,1.5000000000009095,-4.000000000005457,-1.5000000000009095
2026-03-21,CONTROL,ASK,2026-03-21 09:02:48.306752878,1774083768306752878,2155.05,2155.2,25.531,2.184937954642704,0.500788089,1.0,1,0.8,0.031334456151345426,2155.1,-0.0,-18.00000000000182,BREAK,0.672948108,0.672948108,False,False,,-1.999999999998181,-1.5000000000009095,-5.999999999994543,-5.4999999999972715,-5.999999999994543,-5.4999999999972715,-6.999999999998181,-6.5000000000009095,-18.00000000000182,-17.500000000004547
2026-03-21,CONTROL,BID,2026-03-21 09:12:37.121342720,1774084357121342720,2156.75,2156.6,26.303,2.123435860175991,0.584671727,0.7901091923331535,1,2.318,0.08812682963920465,2156.7,0.0,0.0,NONE,,60.0,True,False,,0.0,0.500000000001819,0.0,0.500000000001819,0.0,0.500000000001819,0.0,0.500000000001819,0.0,0.500000000001819
2026-03-21,CONTROL,BID,2026-03-21 09:17:47.735512451,1774084667735512451,2156.3500000000004,2156.2,75.103,4.047806402931982,0.517492952,1.0,1,12.14,0.1616446746468184,2156.2999999999997,0.999999999994543,-10.0,BREAK,40.787910837,40.787910837,False,False,,0.0,0.5000000000063665,0.0,0.5000000000063665,0.0,0.5000000000063665,0.0,0.5000000000063665,-8.000000000001819,-7.4999999999954525
2026-03-21,CONTROL,BID,2026-03-21 09:21:48.642327090,1774084908642327090,2155.8500000000004,2155.6,26.53,3.059624034136778,0.535465314,1.0,2,0.2,0.007538635506973238,2155.7,0.0,-3.000000000001819,BREAK,21.132392965,11.224387565,False,True,21.132392965,0.0,1.500000000005457,0.0,1.500000000005457,0.0,1.500000000005457,-3.000000000001819,-1.499999999996362,0.0,1.500000000005457
2026-03-21,CONTROL,ASK,2026-03-21 09:25:56.705371410,1774085156705371410,2156.05,2156.4,56.771,4.0717948717948715,0.560471271,0.8380771741643828,3,12.936,0.22786281728347219,2156.3,-0.0,-0.0,NONE,,60.0,True,False,,-0.0,2.5,-0.0,2.5,-0.0,2.5,-0.0,2.5,-0.0,2.5
2026-03-21,CONTROL,ASK,2026-03-21 09:30:36.007642415,1774085436007642415,2154.95,2155.3,76.647,4.289503875535161,0.524676406,1.0,3,14.647,0.19109684658238416,2155.2000000000003,-0.0,-4.000000000005457,BREAK,20.565660015,16.283356937,False,True,20.565660015,-0.0,2.5000000000045475,-0.0,2.5000000000045475,-0.0,2.5000000000045475,-4.000000000005457,-1.5000000000009095,-4.000000000005457,-1.5000000000009095
2026-03-21,CONTROL,ASK,2026-03-21 09:45:03.152005033,1774086303152005033,2157.75,2158.0,35.474,2.586982680036463,0.571285741,1.0,2,2.618,0.07380052996560862,2157.9,1.999999999998181,-0.0,BOUNCE,9.595079311,6.238029681,False,True,,-0.0,1.5000000000009095,-0.0,1.5000000000009095,1.999999999998181,3.4999999999990905,1.999999999998181,3.4999999999990905,1.000000000003638,2.5000000000045475
2026-03-21,CONTROL,ASK,2026-03-21 09:47:36.044862458,1774086456044862458,2157.55,2157.7,35.58,2.3979780960404375,0.969968554,1.0,1,4.796,0.1347948285553682,2157.6,-0.0,-3.000000000001819,BREAK,22.003578036,21.85002976,False,False,,-0.0,0.4999999999972715,-0.0,0.4999999999972715,-0.0,0.4999999999972715,-1.999999999998181,-1.5000000000009095,-3.000000000001819,-2.5000000000045475
2026-03-21,CONTROL,ASK,2026-03-21 10:02:26.481271530,1774087346481271530,2157.55,2157.9,41.503,3.5119949227840066,0.537422929,1.0,3,8.487,0.204491241596993,2157.8,-0.0,-0.0,NONE,,13.526127208,False,True,,-0.0,2.5,-0.0,2.5,-0.0,2.5,-0.0,2.5,-0.0,2.5
2026-03-21,CONTROL,BID,2026-03-21 10:03:39.479165507,1774087419479165507,2157.55,2157.4,35.539,2.194374980704517,0.540414756,0.9249329675964658,1,5.575,0.15686991755536173,2157.5,0.0,-4.000000000005457,BREAK,33.39804022,1.478241637,False,False,,0.0,0.500000000001819,0.0,0.500000000001819,0.0,0.500000000001819,0.0,0.500000000001819,-4.000000000005457,-3.500000000003638
2026-03-21,CONTROL,BID,2026-03-21 10:12:28.753293903,1774087948753293903,2157.3500000000004,2157.0,24.193,2.0031463465121093,0.506451868,0.71277093206417,3,0.187,0.007729508535526805,2157.1,0.0,-11.000000000003638,BREAK,31.950345103,31.899958125,False,False,31.950345103,0.0,2.5000000000045475,0.0,2.5000000000045475,0.0,2.5000000000045475,-1.000000000003638,1.5000000000009095,-11.000000000003638,-8.49999999999909
2026-03-21,CONTROL,BID,2026-03-21 10:18:00.936438724,1774088280936438724,2155.8500000000004,2155.6,46.8,2.5571674452913697,0.573153386,0.6645705587788328,2,1.202,0.025683760683760683,2155.7,0.0,-12.000000000007276,BREAK,7.553909076,7.553909076,False,False,0.818174437,-2.000000000007276,-0.500000000001819,-2.000000000007276,-0.500000000001819,-5.0,-3.499999999994543,-12.000000000007276,-10.500000000001819,-12.000000000007276,-10.500000000001819
2026-03-21,CONTROL,BID,2026-03-21 10:26:04.773142406,1774088764773142406,2154.45,2154.3,35.149,2.51873880329631,1.124299918,0.729683270331787,1,6.304,0.1793507638908646,2154.4,0.0,-0.999999999994543,NONE,,60.0,True,False,,0.0,0.4999999999972715,0.0,0.4999999999972715,-0.999999999994543,-0.4999999999972715,0.0,0.4999999999972715,-0.999999999994543,-0.4999999999972715
2026-03-21,CONTROL,BID,2026-03-21 10:33:12.925491287,1774089192925491287,2155.55,2155.2,27.835,2.017248251621553,0.562633022,1.0,3,1.552,0.05575714029100054,2155.2999999999997,1.999999999998181,0.0,BOUNCE,41.764155966,60.0,True,False,,0.0,2.5000000000045475,0.0,2.5000000000045475,0.0,2.5000000000045475,0.0,2.5000000000045475,1.999999999998181,4.5000000000027285
2026-03-21,CONTROL,BID,2026-03-21 10:47:35.635619541,1774090055635619541,2154.1499999999996,2153.8,58.811,2.2955113192818115,0.600876499,0.9899307062098962,3,5.848000000000001,0.09943718011936543,2153.9,0.0,-2.999999999992724,NONE,,53.952087509,False,False,53.705644686,0.0,2.4999999999954525,0.0,2.4999999999954525,0.0,2.4999999999954525,0.0,2.4999999999954525,-2.999999999992724,-0.4999999999972715
2026-03-21,CONTROL,BID,2026-03-21 10:50:50.986484455,1774090250986484455,2153.45,2153.1,52.021,10.317532725109084,0.822869378,1.0,3,8.877,0.17064262509371217,2153.2,1.000000000003638,-0.999999999994543,NONE,,0.756304592,False,True,,0.0,2.5,0.0,2.5,0.0,2.5,-0.999999999994543,1.500000000005457,1.000000000003638,3.500000000003638
2026-03-21,CONTROL,BID,2026-03-21 10:53:11.066951768,1774090391066951768,2153.45,2153.3,25.725,2.5128205128205128,0.794664352,1.0,1,1.672,0.06499514091350825,2153.4,1.000000000003638,0.0,NONE,,60.0,True,False,,0.0,0.4999999999972715,0.0,0.4999999999972715,0.0,0.4999999999972715,0.0,0.4999999999972715,1.000000000003638,1.5000000000009095
2026-03-21,CONTROL,ASK,2026-03-21 10:56:05.488191174,1774090565488191174,2153.8500000000004,2154.1,54.117,3.5458655484209145,1.951700369,0.8468218320042752,2,11.068,0.20451983665022083,2154.0,-0.0,-0.999999999994543,NONE,,0.051191484,False,True,51.079834371,-0.0,1.499999999996362,-0.0,1.499999999996362,-0.0,1.499999999996362,-0.0,1.499999999996362,-0.999999999994543,0.500000000001819
2026-03-21,CONTROL,ASK,2026-03-21 11:04:13.654502180,1774091053654502180,2154.05,2154.2,52.963,2.746188945348958,0.555197667,1.0,1,10.899,0.20578517077960085,2154.1,-0.0,-0.999999999994543,NONE,,60.0,True,False,,-0.0,0.4999999999972715,-0.0,0.4999999999972715,-0.0,0.4999999999972715,-0.0,0.4999999999972715,-0.999999999994543,-0.4999999999972715
2026-03-21,CONTROL,BID,2026-03-21 11:08:37.097622438,1774091317097622438,2153.55,2153.3,46.9,4.146222870529991,0.818056206,0.8469019046840407,2,0.108,0.002302771855010661,2153.4,0.0,-1.999999999998181,NONE,,60.0,True,False,17.124304269,0.0,1.5000000000009095,0.0,1.5000000000009095,0.0,1.5000000000009095,-1.999999999998181,-0.4999999999972715,-1.999999999998181,-0.4999999999972715
2026-03-21,CONTROL,ASK,2026-03-21 11:17:39.105172205,1774091859105172205,2154.1499999999996,2154.3,59.74,3.3396690518783547,0.533885492,1.0,1,6.282,0.10515567458988952,2154.2000000000003,-0.0,-6.000000000003638,BREAK,46.006437911,33.49449294,False,False,,-0.0,0.5000000000063665,-0.0,0.5000000000063665,-0.0,0.5000000000063665,-0.0,0.5000000000063665,-6.000000000003638,-5.4999999999972715
2026-03-21,CONTROL,ASK,2026-03-21 11:25:53.910735482,1774092353910735482,2155.75,2156.1,51.362,4.29448160535117,0.682821623,0.8605339919061116,3,7.441,0.14487364199213426,2156.0,1.000000000003638,-0.0,NONE,,0.099868312,False,True,,-0.0,2.5,-0.0,2.5,1.000000000003638,3.500000000003638,1.000000000003638,3.500000000003638,1.000000000003638,3.500000000003638
2026-03-21,CONTROL,ASK,2026-03-21 11:38:44.121271620,1774093124121271620,2155.95,2156.3,34.873,2.3001022326286975,1.107270612,1.0,3,7.4670000000000005,0.21411980615375795,2156.2000000000003,-0.0,-1.999999999998181,NONE,,17.001462385,False,True,34.100936578,-0.0,2.5000000000045475,-0.0,2.5000000000045475,-0.0,2.5000000000045475,-1.000000000003638,1.5000000000009095,-1.999999999998181,0.5000000000063665
2026-03-21,CONTROL,ASK,2026-03-21 11:57:15.591204781,1774094235591204781,2156.6499999999996,2157.0,27.955,2.0376107000984,0.644099548,1.0,3,4.596,0.1644070828116616,2156.9,-0.0,-9.000000000005457,BREAK,8.700330409,8.597584487,False,False,8.700330409,-0.0,2.5000000000045475,-0.0,2.5000000000045475,-9.000000000005457,-6.5000000000009095,-6.000000000003638,-3.4999999999990905,-6.000000000003638,-3.4999999999990905
2026-03-21,CONTROL,BID,2026-03-21 11:57:45.235905539,1774094265235905539,2157.25,2157.1,38.024,2.0629899899628352,0.696158371,0.7871837498884288,1,4.914,0.1292341678939617,2157.2,0.0,0.0,NONE,,7.883414742,False,False,,0.0,0.500000000001819,0.0,0.500000000001819,0.0,0.500000000001819,0.0,0.500000000001819,0.0,0.500000000001819
2026-03-21,CONTROL,ASK,2026-03-21 12:29:15.316634053,1774096155316634053,2158.75,2159.0,35.866,2.7715014295649487,0.506982881,1.0,2,8.960999999999999,0.24984665142474763,2158.9,-0.0,-5.0,BREAK,36.983072724,18.434118222,False,False,0.410105688,-1.000000000003638,0.4999999999972715,-1.000000000003638,0.4999999999972715,-1.999999999998181,-0.4999999999972715,-1.999999999998181,-0.4999999999972715,-5.0,-3.4999999999990905
2026-03-21,CONTROL,ASK,2026-03-21 12:29:56.569621448,1774096196569621448,2159.05,2159.2,26.271,2.038803306041675,0.847536147,0.7279778062374489,1,4.232,0.1610901754786647,2159.1,-0.0,-1.999999999998181,BREAK,2.139758605,0.826124386,False,False,,-0.0,0.4999999999972715,-1.999999999998181,-1.5000000000009095,-1.999999999998181,-1.5000000000009095,-1.999999999998181,-1.5000000000009095,-1.999999999998181,-1.5000000000009095
2026-03-21,CONTROL,BID,2026-03-21 12:29:58.709380053,1774096198709380053,2159.25,2159.0,82.557,7.434553559367823,1.313634219,1.0,2,17.216,0.2085347093523263,2159.1,0.0,0.0,NONE,,25.721096395,False,True,,0.0,1.5000000000009095,0.0,1.5000000000009095,0.0,1.5000000000009095,0.0,1.5000000000009095,0.0,1.5000000000009095
2026-03-21,CONTROL,BID,2026-03-21 12:34:24.119425706,1774096464119425706,2157.75,2157.6,34.047,2.1022506251736592,0.601517601,1.0,1,6.491,0.19064822157605663,2157.7,0.0,-3.000000000001819,BREAK,12.927614324,0.319096103,False,False,,-1.000000000003638,-0.500000000001819,-1.000000000003638,-0.500000000001819,-1.000000000003638,-0.500000000001819,-3.000000000001819,-2.5,-3.000000000001819,-2.5
2026-03-21,CONTROL,BID,2026-03-21 12:37:36.637004833,1774096656637004833,2157.95,2157.6,56.04,4.811332904056664,0.713380628,1.0,3,13.604000000000001,0.24275517487508924,2157.7,1.999999999998181,-1.999999999998181,BOUNCE,33.285601655,0.652651814,False,True,8.933784742,-0.999999999994543,1.500000000005457,-0.999999999994543,1.500000000005457,-1.999999999998181,0.500000000001819,1.000000000003638,3.500000000003638,1.999999999998181,4.499999999998181
2026-03-21,CONTROL,ASK,2026-03-21 12:51:21.535835969,1774097481535835969,2157.8500000000004,2158.1,43.482,2.2367283950617285,0.53472357,0.883759401142538,2,6.229,0.1432546800975116,2158.0,10.0,-0.0,BOUNCE,15.666232139,13.115264102,False,True,,-0.0,1.499999999996362,-0.0,1.499999999996362,-0.0,1.499999999996362,6.000000000003638,7.5,10.0,11.499999999996362
2026-03-21,CONTROL,ASK,2026-03-21 12:52:43.045854980,1774097563045854980,2156.95,2157.3,37.022,2.409815791186617,0.524266102,1.0,3,8.838,0.23872292150613147,2157.2000000000003,-0.0,-5.0,BREAK,9.671904866,2.667906734,False,False,2.728791232,-0.0,2.5000000000045475,-3.000000000001819,-0.4999999999972715,-5.0,-2.4999999999954525,-1.999999999998181,0.5000000000063665,-1.999999999998181,0.5000000000063665
2026-03-21,CONTROL,BID,2026-03-21 13:20:08.155280204,1774099208155280204,2159.45,2159.2,47.309,3.716923318667504,0.59195339,0.772943462660126,2,7.366,0.15569976114481388,2159.2999999999997,0.0,-20.999999999994543,BREAK,2.757173384,2.350089169,False,False,2.401190615,0.0,1.5000000000009095,-3.000000000001819,-1.5000000000009095,-3.999999999996362,-2.4999999999954525,-8.000000000001819,-6.5000000000009095,-20.999999999994543,-19.499999999993634
2026-03-21,CONTROL,BID,2026-03-21 13:21:30.679268136,1774099290679268136,2157.05,2156.9,56.761,3.3187744840086535,0.50498424,0.924286769820777,1,7.45,0.13125209210549496,2157.0,0.0,-6.999999999998181,BREAK,39.994200205,35.601071894,False,False,,0.0,0.500000000001819,0.0,0.500000000001819,0.0,0.500000000001819,-1.000000000003638,-0.500000000001819,-6.999999999998181,-6.499999999996362
2026-03-21,CONTROL,ASK,2026-03-21 13:24:58.451186594,1774099498451186594,2156.25,2156.4,60.317,3.4152652737670572,0.613545925,1.0,1,13.073,0.2167382330023045,2156.3,-0.0,-6.999999999998181,BREAK,4.030979332,3.885123533,False,False,,-1.000000000003638,-0.500000000001819,-3.999999999996362,-3.499999999994543,-5.0,-4.499999999998181,-5.0,-4.499999999998181,-6.999999999998181,-6.499999999996362
2026-03-21,CONTROL,ASK,2026-03-21 13:29:09.126179566,1774099749126179566,2157.05,2157.4,44.135,3.0762528751655394,0.844767142,1.0,3,6.835000000000001,0.15486575280389717,2157.3,9.000000000005457,-0.0,BOUNCE,34.632388181,15.906955418,False,True,,-0.0,2.5,-0.0,2.5,-0.0,2.5,1.000000000003638,3.500000000003638,9.000000000005457,11.500000000005457
2026-03-21,CONTROL,BID,2026-03-21 13:36:02.116981369,1774100162116981369,2157.45,2157.1,60.33,7.836082608130926,0.534869154,1.0,3,9.509,0.15761644289739765,2157.2,0.0,-8.999999999996362,BREAK,4.209062633,3.803139143,False,False,4.209062633,0.0,2.5,-3.999999999996362,-1.499999999996362,-3.999999999996362,-1.499999999996362,-5.0,-2.5,-8.999999999996362,-6.499999999996362
2026-03-21,CONTROL,BID,2026-03-21 13:47:29.870530692,1774100849870530692,2155.55,2155.4,46.8,2.1812080536912752,0.507885318,1.0,1,4.561,0.09745726495726496,2155.5,0.999999999994543,0.0,NONE,,60.0,True,False,,0.0,0.500000000001819,0.0,0.500000000001819,0.0,0.500000000001819,0.0,0.500000000001819,0.999999999994543,1.499999999996362
2026-03-21,CONTROL,ASK,2026-03-21 13:49:10.024287110,1774100950024287110,2155.95,2156.3,56.48,3.6306367113425253,1.257597555,0.9290096942022124,3,7.729000000000001,0.13684490084985837,2156.2000000000003,-0.0,-1.000000000003638,NONE,,0.596305228,False,True,,-0.0,2.5000000000045475,-0.0,2.5000000000045475,-0.0,2.5000000000045475,-1.000000000003638,1.5000000000009095,-1.000000000003638,1.5000000000009095
2026-03-21,CONTROL,BID,2026-03-21 13:50:45.908196099,1774101045908196099,2156.05,2155.9,25.798,2.5070942662779396,0.505727083,1.0,1,5.652,0.21908675091092333,2156.0,1.999999999998181,0.0,BOUNCE,13.810495744,13.810495744,False,False,,0.0,0.500000000001819,0.0,0.500000000001819,0.0,0.500000000001819,1.999999999998181,2.5,1.999999999998181,2.5
2026-03-21,CONTROL,ASK,2026-03-21 13:51:39.007752206,1774101099007752206,2156.25,2156.5,44.865,3.3662214885954387,0.972082225,0.8461359181832586,2,10.626999999999999,0.23686615401760835,2156.4,1.000000000003638,-1.999999999998181,NONE,,22.114938726,False,True,37.384314348,-0.0,1.5000000000009095,-0.0,1.5000000000009095,-0.0,1.5000000000009095,1.000000000003638,2.5000000000045475,-1.999999999998181,-0.4999999999972715
2026-03-21,CONTROL,BID,2026-03-21 13:59:11.272344581,1774101551272344581,2156.05,2155.8,40.956,2.684847094300043,0.511972528,0.8171105891838009,2,9.363,0.22861119249926748,2155.9,6.999999999998181,0.0,BOUNCE,51.42682053,25.234297015,False,True,,0.0,1.5000000000009095,0.0,1.5000000000009095,0.0,1.5000000000009095,0.0,1.5000000000009095,5.999999999994543,7.4999999999954525
2026-03-21,CONTROL,ASK,2026-03-21 14:11:22.235254029,1774102282235254029,2159.75,2160.1,26.714,2.639984188160885,0.518107632,1.0,3,0.127,0.004754061540765142,2160.0,-0.0,-51.99999999999818,BREAK,4.901181142,2.081962734,False,True,4.901181142,-0.0,2.5,-6.000000000003638,-3.500000000003638,-6.000000000003638,-3.500000000003638,-8.999999999996362,-6.499999999996362,-36.00000000000364,-33.50000000000364
2026-03-21,CONTROL,BID,2026-03-21 14:12:08.719286136,1774102328719286136,2163.05,2162.7,46.7,13.996703132024578,0.505929375,1.0,3,9.216,0.19734475374732333,2162.7999999999997,53.00000000000182,-5.0,BREAK,2.463437913,0.205480214,False,False,0.466226906,-3.000000000001819,-0.4999999999972715,0.0,2.5000000000045475,5.0,7.5000000000045475,48.00000000000182,50.50000000000637,38.99999999999636,41.50000000000091
2026-03-21,CONTROL,BID,2026-03-21 14:12:14.797524315,1774102334797524315,2163.1499999999996,2163.0,69.815,5.067136013935259,1.065055638,1.0,1,16.523,0.23666833774976725,2163.1,52.000000000007276,0.0,BOUNCE,2.046435325,0.771600173,False,False,,0.0,0.4999999999972715,4.000000000005457,4.5000000000027285,8.000000000001819,8.49999999999909,43.00000000000182,43.49999999999909,35.0,35.49999999999727
2026-03-21,CONTROL,ASK,2026-03-21 14:19:00.408621334,1774102740408621334,2162.1499999999996,2162.3,34.944,2.716945923881352,0.766536959,0.8418117279587037,1,0.508,0.014537545787545786,2162.2000000000003,-0.0,-29.000000000005457,BREAK,8.30844784,7.22675065,False,False,,-0.0,0.5000000000063665,-0.0,0.5000000000063665,-4.000000000005457,-3.4999999999990905,-10.0,-9.499999999993634,-24.000000000005457,-23.49999999999909
2026-03-21,CONTROL,BID,2026-03-21 14:19:19.288552232,1774102759288552232,2163.05,2162.7,51.011,4.0741983147637875,0.766386573,1.0,3,3.396,0.06657387622277547,2162.7999999999997,20.0,-3.000000000001819,BOUNCE,17.864033805,2.703096069,False,False,1.73343425,-1.000000000003638,1.5000000000009095,-3.000000000001819,-0.4999999999972715,0.999999999994543,3.4999999999990905,18.00000000000182,20.500000000006366,3.000000000001819,5.5000000000063665
2026-03-21,CONTROL,BID,2026-03-21 14:24:40.978469318,1774103080978469318,2162.75,2162.5,35.804,4.270515267175573,0.561104189,0.8910649248423272,2,5.068,0.14154843034297843,2162.6,0.0,-11.000000000003638,BREAK,48.435719162,5.204396779,False,True,48.435719162,0.0,1.5000000000009095,0.0,1.5000000000009095,0.0,1.5000000000009095,0.0,1.5000000000009095,-11.000000000003638,-9.500000000002728
2026-03-21,CONTROL,BID,2026-03-21 14:24:56.637347571,1774103096637347571,2162.75,2162.6,25.938,2.330144185419755,0.655079004,1.0,1,2.913,0.1123062687948184,2162.7,0.0,-11.000000000003638,BREAK,32.776840909,7.558806162,False,False,,0.0,0.500000000001819,0.0,0.500000000001819,0.0,0.500000000001819,0.0,0.500000000001819,-11.000000000003638,-10.500000000001819
2026-03-21,CONTROL,ASK,2026-03-21 14:30:23.935164095,1774103423935164095,2162.3500000000004,2162.6,34.692,3.201107266435986,0.693198091,1.0,2,3.457,0.09964833390983512,2162.5,-0.0,-3.999999999996362,BREAK,4.335514246,0.447086353,False,True,2.48111535,-0.0,1.499999999996362,-3.999999999996362,-2.5,-0.0,1.499999999996362,-0.0,1.499999999996362,-0.0,1.499999999996362
2026-03-21,CONTROL,ASK,2026-03-21 14:33:44.040734087,1774103624040734087,2162.1499999999996,2162.3,23.124,2.0130582397492818,0.529385702,0.9766149615427279,1,0.194,0.00838955198062619,2162.2000000000003,-0.0,-22.000000000007276,BREAK,0.853798631,0.184628559,False,False,,-4.000000000005457,-3.4999999999990905,-4.000000000005457,-3.4999999999990905,-8.000000000001819,-7.4999999999954525,-10.0,-9.499999999993634,-22.000000000007276,-21.50000000000091
2026-03-21,CONTROL,ASK,2026-03-21 14:33:53.320682461,1774103633320682461,2162.75,2163.1,49.278,5.494870651204282,1.889381056,1.0,3,12.127,0.24609359146069243,2163.0,-0.0,-16.000000000003638,BREAK,20.009893399,15.823860336,False,False,0.501819282,-1.999999999998181,0.500000000001819,-1.999999999998181,0.500000000001819,-1.999999999998181,0.500000000001819,-13.000000000001819,-10.500000000001819,-16.000000000003638,-13.500000000003638
2026-03-21,CONTROL,BID,2026-03-21 14:36:00.107479911,1774103760107479911,2164.25,2163.9,27.792,3.3758882477983603,0.629332895,1.0,3,1.216,0.04375359815774323,2164.0,0.0,-10.0,BREAK,0.934114903,0.883066939,False,False,0.883066939,-6.000000000003638,-3.500000000003638,-6.000000000003638,-3.500000000003638,-6.000000000003638,-3.500000000003638,-8.999999999996362,-6.499999999996362,-10.0,-7.5
2026-03-21,CONTROL,BID,2026-03-21 14:44:34.039372145,1774104274039372145,2161.55,2161.4,35.257,2.6402815741191445,0.503934678,0.8273398025606803,1,0.608,0.01724480245057719,2161.5,0.0,-1.999999999998181,BREAK,8.748051963,1.917980962,False,False,,0.0,0.500000000001819,0.0,0.500000000001819,-1.999999999998181,-1.499999999996362,0.0,0.500000000001819,0.0,0.500000000001819
2026-03-21,CONTROL,BID,2026-03-21 14:52:06.242675801,1774104726242675801,2156.45,2156.2,35.316,2.7669526383828886,0.577225636,1.0,2,0.047,0.001330841544908823,2156.2999999999997,0.0,-30.0,BREAK,8.726520204,5.039190652,False,True,8.122188038,0.0,1.5000000000009095,0.0,1.5000000000009095,-3.999999999996362,-2.4999999999954525,-28.999999999996362,-27.499999999995453,-25.0,-23.49999999999909
2026-03-21,CONTROL,ASK,2026-03-21 14:56:42.769773278,1774105002769773278,2151.8500000000004,2152.1,49.223,4.163325721052186,0.555079357,0.8322679706498255,2,11.853,0.24080206407573695,2152.0,5.0,-5.999999999994543,BREAK,14.090813847,10.36612166,False,False,10.315173302,-0.0,1.499999999996362,-0.0,1.499999999996362,1.000000000003638,2.5,-3.999999999996362,-2.5,5.0,6.499999999996362
2026-03-21,CONTROL,BID,2026-03-21 14:57:54.057173198,1774105074057173198,2151.25,2150.9,26.118,2.5523306948109057,0.521132011,1.0,3,5.763,0.2206524236158971,2151.0,1.000000000003638,-1.000000000003638,NONE,,25.364980563,False,True,,0.0,2.5,0.0,2.5,0.0,2.5,-1.000000000003638,1.499999999996362,1.000000000003638,3.500000000003638
2026-03-21,CONTROL,BID,2026-03-21 14:58:12.558105494,1774105092558105494,2151.25,2151.1,31.269,2.3634027436604814,1.90941779,0.9362839020160172,1,7.054,0.22559084076881258,2151.2,3.999999999996362,-1.000000000003638,BOUNCE,50.052680733,0.077131881,False,False,,-1.000000000003638,-0.500000000001819,-1.000000000003638,-0.500000000001819,-1.000000000003638,-0.500000000001819,1.000000000003638,1.500000000005457,3.999999999996362,4.499999999998181
2026-03-21,CONTROL,ASK,2026-03-21 14:59:21.023300554,1774105161023300554,2151.8500000000004,2152.2,78.255,4.191146935168572,1.116083255,1.0,3,19.428,0.24826528656315894,2152.1,-0.0,-5.999999999994543,BREAK,14.759211559,6.69684116,False,True,9.55409303,-0.0,2.4999999999954525,-0.0,2.4999999999954525,-1.999999999998181,0.4999999999972715,-5.999999999994543,-3.4999999999990905,-3.999999999996362,-1.5000000000009095
2026-03-21,CONTROL,ASK,2026-03-21 15:06:56.336347922,1774105616336347922,2151.55,2151.7,38.172,2.341553183658447,0.530681081,0.9610885525425392,1,6.802,0.17819344021796082,2151.6,-0.0,-15.0,BREAK,21.711383362,7.104715946,False,False,,-0.0,0.4999999999972715,-0.0,0.4999999999972715,-0.999999999994543,-0.4999999999972715,-5.0,-4.5000000000027285,-15.0,-14.500000000002728
2026-03-21,CONTROL,BID,2026-03-21 15:13:38.886423556,1774106018886423556,2153.25,2152.9,34.161,3.0341060484945377,0.617511261,1.0,3,3.503,0.10254383653874301,2153.0,1.000000000003638,-6.000000000003638,BREAK,0.417834827,0.366866155,False,False,0.417834827,-3.999999999996362,-1.499999999996362,-3.999999999996362,-1.499999999996362,-6.000000000003638,-3.500000000003638,-6.000000000003638,-3.500000000003638,1.000000000003638,3.500000000003638
2026-03-21,CONTROL,ASK,2026-03-21 15:20:01.069657102,1774106401069657102,2148.05,2148.2,58.689,7.123748255143533,0.612683712,1.0,1,3.351,0.05709758217042376,2148.1,-0.999999999994543,-20.999999999994543,BREAK,0.101242053,0.050638907,False,False,,-1.999999999998181,-1.5000000000009095,-8.000000000001819,-7.5000000000045475,-8.000000000001819,-7.5000000000045475,-10.999999999994543,-10.499999999997272,-15.0,-14.500000000002728
2026-03-21,CONTROL,ASK,2026-03-21 15:22:53.084618859,1774106573084618859,2149.55,2149.9,34.112,2.472959257648253,0.681085634,0.7846455252057188,3,7.266,0.21300422138836772,2149.8,-0.0,-15.0,BREAK,16.099191152,6.239166688,False,False,6.195459677,-0.0,2.5,-0.0,2.5,-3.000000000001819,-0.500000000001819,-5.999999999994543,-3.499999999994543,-10.999999999994543,-8.499999999994543
2026-03-21,CONTROL,ASK,2026-03-21 15:25:24.065985696,1774106724065985696,2152.1499999999996,2152.4,25.872,3.1413307430791644,0.669903746,0.8835816242771092,2,4.9830000000000005,0.19260204081632656,2152.3,5.0,-0.0,BOUNCE,41.262727575,4.087248925,False,True,,-0.0,1.500000000005457,-0.0,1.500000000005457,-0.0,1.500000000005457,0.999999999994543,2.5,5.0,6.500000000005457
2026-03-21,CONTROL,ASK,2026-03-21 15:30:09.937479763,1774107009937479763,2152.6499999999996,2153.0,32.409,2.0490626876995544,0.555005334,0.6254256450083054,3,6.335999999999999,0.1955012496528742,2152.9,0.999999999994543,-0.0,NONE,,0.720472694,False,True,,-0.0,2.5000000000045475,-0.0,2.5000000000045475,-0.0,2.5000000000045475,-0.0,2.5000000000045475,-0.0,2.5000000000045475
2026-03-21,CONTROL,BID,2026-03-21 15:39:11.974007558,1774107551974007558,2154.75,2154.5,76.21,6.4519133084998295,0.711800082,1.0,2,7.572,0.09935703975856187,2154.6,0.0,-21.000000000003638,BREAK,36.446602594,0.096931913,False,True,35.888477792,0.0,1.5000000000009095,0.0,1.5000000000009095,0.0,1.5000000000009095,0.0,1.5000000000009095,-13.999999999996362,-12.499999999995453
2026-03-21,CONTROL,ASK,2026-03-21 15:40:30.390688374,1774107630390688374,2153.95,2154.1,35.544,2.210104150474118,0.594848806,1.0,1,6.902,0.19418185910420888,2154.0,-0.0,-6.000000000003638,BREAK,35.652888511,0.489850524,False,False,,-1.000000000003638,-0.500000000001819,-1.000000000003638,-0.500000000001819,-1.000000000003638,-0.500000000001819,-1.000000000003638,-0.500000000001819,-6.000000000003638,-5.500000000001819
2026-03-21,CONTROL,ASK,2026-03-21 15:48:42.735684486,1774108122735684486,2154.55,2154.9,26.548,2.1638275328062595,0.598689362,0.7561177226997395,3,2.319,0.08735121289739341,2154.8,-0.0,-10.0,BREAK,17.227946849,5.377656068,False,False,5.747817118,-0.0,2.5,-0.0,2.5,-3.000000000001819,-0.500000000001819,-5.0,-2.5,-10.0,-7.5
2026-03-21,CONTROL,ASK,2026-03-21 15:48:48.727722088,1774108128727722088,2154.8500000000004,2155.1,51.587,5.082713434159318,0.550012689,1.0,2,0.267,0.005175722565762692,2155.0,-0.0,-6.999999999998181,BREAK,29.305606598,2.154570598,False,True,11.235909247,-0.0,1.499999999996362,-0.0,1.499999999996362,-0.0,1.499999999996362,-2.999999999992724,-1.499999999996362,-6.999999999998181,-5.500000000001819
2026-03-21,CONTROL,BID,2026-03-21 15:51:11.283024933,1774108271283024933,2154.45,2154.1,59.814,3.687896911030273,0.543449689,1.0,3,8.698,0.14541746079513157,2154.2,0.0,-1.999999999998181,NONE,,7.244290814,False,False,3.767040824,0.0,2.5,-1.999999999998181,0.500000000001819,-1.999999999998181,0.500000000001819,-1.999999999998181,0.500000000001819,-1.999999999998181,0.500000000001819
2026-03-21,CONTROL,BID,2026-03-21 15:51:35.766574319,1774108295766574319,2154.25,2154.1,31.191,2.325083861349236,0.594005091,0.9186775959804021,1,5.138,0.16472700458465583,2154.2,6.000000000003638,0.0,BOUNCE,49.279562144,51.629966781,False,False,,0.0,0.500000000001819,0.0,0.500000000001819,0.0,0.500000000001819,0.0,0.500000000001819,6.000000000003638,6.500000000005457
2026-03-21,CONTROL,BID,2026-03-21 16:09:59.492165482,1774109399492165482,2154.05,2153.9,27.018,2.2749126426135646,1.888917553,0.9921923341881296,1,6.08,0.2250351617440225,2154.0,0.0,-6.000000000003638,BREAK,0.650748364,0.091674156,False,False,,-1.999999999998181,-1.499999999996362,-1.999999999998181,-1.499999999996362,-1.999999999998181,-1.499999999996362,-1.999999999998181,-1.499999999996362,-6.000000000003638,-5.500000000001819
2026-03-21,CONTROL,BID,2026-03-21 16:15:20.046391177,1774109720046391177,2152.3500000000004,2152.1,25.541,2.7948788094326202,0.533346518,0.5608235676153791,2,2.415,0.09455385458674288,2152.2,15.0,-3.000000000001819,BREAK,6.707034826,1.396532201,False,True,6.707034826,0.0,1.500000000005457,0.0,1.500000000005457,-3.000000000001819,-1.499999999996362,0.0,1.500000000005457,15.0,16.500000000005457
2026-03-21,CONTROL,ASK,2026-03-21 16:16:49.145198926,1774109809145198926,2154.05,2154.2,35.034,2.304489393191909,1.274347272,1.0,1,5.732,0.16361249072329737,2154.1,34.00000000000546,-3.999999999996362,BREAK,21.821234944,21.770325049,False,False,,-0.0,0.4999999999972715,-0.0,0.4999999999972715,-0.0,0.4999999999972715,-3.999999999996362,-3.4999999999990905,25.0,25.49999999999727
2026-03-21,CONTROL,ASK,2026-03-21 16:17:43.621934460,1774109863621934460,2151.25,2151.6,75.992,8.362715967866183,0.502477085,1.0,3,18.795,0.2473286661753869,2151.5,1.999999999998181,-13.000000000001819,BREAK,5.773739486,0.414666712,False,True,4.498001616,-1.000000000003638,1.499999999996362,-3.000000000001819,-0.500000000001819,-6.000000000003638,-3.500000000003638,-1.000000000003638,1.499999999996362,-13.000000000001819,-10.500000000001819
2026-03-21,CONTROL,ASK,2026-03-21 16:23:18.135306452,1774110198135306452,2151.8500000000004,2152.1,38.887,3.081134616908327,0.503748454,0.7624658635676924,2,6.414999999999999,0.16496515545040757,2152.0,8.000000000001819,-0.0,BOUNCE,11.982237359,27.342528744,False,True,,-0.0,1.499999999996362,-0.0,1.499999999996362,-0.0,1.499999999996362,4.000000000005457,5.500000000001819,8.000000000001819,9.499999999998181
2026-03-21,CONTROL,BID,2026-03-21 16:24:50.662526354,1774110290662526354,2151.05,2150.7,31.247,2.111640479810779,0.816170509,0.7439518609217477,3,5.08,0.1625756072582968,2150.7999999999997,6.999999999998181,-1.000000000003638,BOUNCE,14.035769497,17.081474946,False,True,,0.0,2.5000000000045475,-1.000000000003638,1.5000000000009095,-1.000000000003638,1.5000000000009095,6.999999999998181,9.500000000002728,3.999999999996362,6.5000000000009095
2026-03-21,CONTROL,ASK,2026-03-21 16:39:33.434602338,1774111173434602338,2150.25,2150.6,51.165,5.5394359335246035,1.077228655,0.7297110092193008,3,5.461,0.10673311834261703,2150.5,11.999999999998181,-3.000000000001819,BOUNCE,23.478700987,0.328003756,False,False,0.047510005,-3.000000000001819,-0.500000000001819,-3.000000000001819,-0.500000000001819,-3.000000000001819,-0.500000000001819,10.0,12.5,6.999999999998181,9.499999999998181
2026-03-21,CONTROL,ASK,2026-03-21 16:40:41.824560115,1774111241824560115,2149.25,2149.4,67.109,5.663445715009072,0.562283043,1.0,1,7.516,0.11199690056475288,2149.3,18.00000000000182,-0.0,BOUNCE,0.761778461,0.66376257,False,False,,1.999999999998181,2.5,1.999999999998181,2.5,3.999999999996362,4.499999999998181,10.0,10.500000000001819,16.000000000003638,16.500000000005457
2026-03-21,CONTROL,BID,2026-03-21 16:49:19.852384827,1774111759852384827,2150.45,2150.3,26.397,2.3183734410679784,1.520766405,0.7678925922880312,1,1.86,0.07046255256279123,2150.4,0.0,-5.0,BREAK,41.795197238,0.904169814,False,False,,0.0,0.4999999999972715,0.0,0.4999999999972715,0.0,0.4999999999972715,-0.999999999994543,-0.4999999999972715,-3.999999999996362,-3.4999999999990905
2026-03-21,CONTROL,BID,2026-03-21 16:51:50.043228407,1774111910043228407,2149.75,2149.5,26.605,2.216621537179754,0.628821172,1.0,2,5.09,0.19131742153730502,2149.6,0.0,0.0,NONE,,9.858400119,False,True,,0.0,1.5000000000009095,0.0,1.5000000000009095,0.0,1.5000000000009095,0.0,1.5000000000009095,0.0,1.5000000000009095
2026-03-21,CONTROL,BID,2026-03-21 16:52:25.602333938,1774111945602333938,2149.75,2149.4,36.273,2.4453433107493177,0.544021366,1.0,3,6.382999999999999,0.1759711079866567,2149.5,0.0,-6.999999999998181,BREAK,58.522344296,27.391184421,False,True,31.619927362,0.0,2.5,0.0,2.5,0.0,2.5,-1.000000000003638,1.499999999996362,-6.999999999998181,-4.499999999998181
2026-03-21,CONTROL,BID,2026-03-21 16:55:25.692761893,1774112125692761893,2148.75,2148.4,32.517,2.0942904067239883,1.629971797,0.881480355454273,3,1.245,0.03828766491373743,2148.5,0.0,-41.99999999999818,BREAK,13.215174824,2.654350079,False,True,13.165445398,0.0,2.5,0.0,2.5,0.0,2.5,-3.999999999996362,-1.499999999996362,-40.0,-37.5
2026-03-21,CONTROL,ASK,2026-03-21 17:04:08.634799729,1774112648634799729,2147.6499999999996,2148.0,88.885,3.7202829398962,1.297042699,0.9871754800263518,3,22.034,0.24789334533385832,2147.9,-0.0,-10.0,BREAK,10.212584251,0.337918559,False,True,10.212584251,-0.0,2.5000000000045475,-0.0,2.5000000000045475,-1.000000000003638,1.5000000000009095,-7.000000000007276,-4.5000000000027285,-10.0,-7.4999999999954525
2026-03-21,CONTROL,BID,2026-03-21 17:06:20.694799946,1774112780694799946,2148.1499999999996,2147.9,34.098,4.059044104517588,0.525942718,1.0,2,3.047,0.0893600797700745,2148.0,0.0,-2.999999999992724,BREAK,48.835835626,1.540702755,False,True,7.181469224,0.0,1.499999999996362,0.0,1.499999999996362,-1.999999999998181,-0.500000000001819,-1.999999999998181,-0.500000000001819,-2.999999999992724,-1.499999999996362
2026-03-21,CONTROL,ASK,2026-03-21 17:09:38.670988594,1774112978670988594,2143.3500000000004,2143.5,32.974,2.081560507543715,1.735405071,1.0,1,4.978,0.15096742888336265,2143.4,-0.0,-12.999999999992724,BREAK,0.664210218,0.04394552,False,False,,-1.999999999998181,-1.5000000000009095,-1.999999999998181,-1.5000000000009095,-2.999999999992724,-2.4999999999954525,-8.999999999996362,-8.49999999999909,-2.999999999992724,-2.4999999999954525
2026-03-21,CONTROL,ASK,2026-03-21 17:12:30.223547564,1774113150223547564,2143.95,2144.2,38.211,2.920548782818053,0.781511593,1.0,2,5.655,0.1479940331318207,2144.1,-1.000000000003638,-8.000000000001819,BREAK,1.582847292,1.429740699,False,False,0.053714833,-1.000000000003638,0.4999999999972715,-3.000000000001819,-1.5000000000009095,-3.000000000001819,-1.5000000000009095,-8.000000000001819,-6.5000000000009095,-6.000000000003638,-4.5000000000027285
2026-03-21,CONTROL,BID,2026-03-21 17:15:02.270520806,1774113302270520806,2144.25,2144.1,36.17,2.4838621068534543,0.535028629,1.0,1,7.069,0.19543820846004975,2144.2,3.999999999996362,0.0,BOUNCE,0.406346106,8.27286507,False,False,,3.000000000001819,3.500000000003638,3.000000000001819,3.500000000003638,0.0,0.500000000001819,0.0,0.500000000001819,3.999999999996362,4.499999999998181
2026-03-21,CONTROL,ASK,2026-03-21 17:22:45.519671930,1774113765519671930,2147.8500000000004,2148.0,96.19,4.741343191620455,0.756971761,0.8322792400706214,1,13.615,0.14154277991475206,2147.9,5.0,-0.0,BOUNCE,0.345864193,18.108974784,False,False,,2.000000000007276,2.5000000000045475,2.000000000007276,2.5000000000045475,2.000000000007276,2.5000000000045475,5.0,5.4999999999972715,4.000000000005457,4.5000000000027285
2026-03-21,CONTROL,BID,2026-03-21 17:26:11.985200486,1774113971985200486,2148.25,2147.9,28.804,2.163843293392931,0.558569765,0.8357845129694766,3,4.511,0.15661019302874601,2148.0,0.0,-5.0,BREAK,11.380268859,6.42706518,False,True,11.380268859,0.0,2.5,0.0,2.5,0.0,2.5,-3.999999999996362,-1.499999999996362,-1.999999999998181,0.500000000001819
2026-03-21,CONTROL,BID,2026-03-21 17:34:26.914437047,1774114466914437047,2148.95,2148.8,35.623,2.1099298131311635,0.833089539,0.7649983923276703,1,7.375,0.20702916654970105,2148.9,1.999999999998181,-0.999999999994543,BOUNCE,52.805751909,4.888446303,False,False,,0.0,0.4999999999972715,0.0,0.4999999999972715,-0.999999999994543,-0.4999999999972715,-0.999999999994543,-0.4999999999972715,1.999999999998181,2.4999999999954525
2026-03-21,CONTROL,BID,2026-03-21 17:44:22.418538814,1774115062418538814,2150.45,2150.1,47.0,3.047001620745543,0.533180684,1.0,3,10.094000000000001,0.21476595744680854,2150.2,0.0,-3.000000000001819,NONE,,60.0,True,False,33.695272822,0.0,2.5,0.0,2.5,-0.999999999994543,1.500000000005457,-0.999999999994543,1.500000000005457,-3.000000000001819,-0.500000000001819
2026-03-21,CONTROL,BID,2026-03-21 17:44:53.744877373,1774115093744877373,2150.3500000000004,2150.1,53.325,2.9740658114891247,0.901489014,0.8266414392488648,2,2.019,0.03786216596343179,2150.2,2.999999999992724,-2.000000000007276,BOUNCE,36.459826585,60.0,True,False,2.368934263,0.0,1.500000000005457,-2.000000000007276,-0.500000000001819,-2.000000000007276,-0.500000000001819,-2.000000000007276,-0.500000000001819,0.0,1.500000000005457
2026-03-21,CONTROL,BID,2026-03-21 17:47:33.685067433,1774115253685067433,2150.25,2150.1,46.528,2.2475666014540003,0.755881701,0.8013518229091248,1,1.885,0.040513239339752406,2150.2,0.0,-6.999999999998181,BREAK,12.760970685,12.708381676,False,False,,0.0,0.500000000001819,0.0,0.500000000001819,-1.000000000003638,-0.500000000001819,-6.000000000003638,-5.500000000001819,-6.999999999998181,-6.499999999996362
2026-03-21,CONTROL,BID,2026-03-21 17:57:03.160931165,1774115823160931165,2148.45,2148.3,37.206,2.61921858500528,0.524961145,1.0,1,5.354,0.14390152126001182,2148.4,4.000000000005457,0.0,BOUNCE,9.848550854,60.0,True,False,,0.0,0.4999999999972715,1.000000000003638,1.5000000000009095,1.999999999998181,2.4999999999954525,3.000000000001819,3.4999999999990905,4.000000000005457,4.5000000000027285
2026-03-21,CONTROL,ASK,2026-03-21 18:01:01.797336556,1774116061797336556,2148.6499999999996,2149.0,130.242,7.1956906077348055,1.785524042,1.0,3,24.046,0.18462554321954516,2148.9,-0.0,-10.0,BREAK,46.252098752,8.642192507,False,True,19.307371208,-0.0,2.5000000000045475,-0.0,2.5000000000045475,-1.000000000003638,1.5000000000009095,-3.000000000001819,-0.4999999999972715,-10.0,-7.4999999999954525
2026-03-21,CONTROL,BID,2026-03-21 18:11:21.496219954,1774116681496219954,2148.95,2148.6,38.989,4.047441087926917,0.529579227,1.0,3,9.583,0.24578727333350434,2148.7,0.0,0.0,NONE,,0.874364619,False,True,,0.0,2.5,0.0,2.5,0.0,2.5,0.0,2.5,0.0,2.5
2026-03-21,CONTROL,ASK,2026-03-21 18:12:34.729810483,1774116754729810483,2149.3500000000004,2149.6,50.015,3.0850604490500864,0.530479028,1.0,2,11.39,0.22773168049585124,2149.5,-0.0,-1.999999999998181,NONE,,5.418436465,False,False,0.364466005,-0.999999999994543,0.500000000001819,-1.999999999998181,-0.500000000001819,-1.999999999998181,-0.500000000001819,-1.999999999998181,-0.500000000001819,-1.999999999998181,-0.500000000001819
2026-03-21,CONTROL,BID,2026-03-21 18:24:50.885610666,1774117490885610666,2152.45,2152.1,30.721,2.249551495624794,1.240736269,1.0,3,0.96,0.031248982780508444,2152.2,0.0,-11.999999999998181,BREAK,4.032367222,1.055730669,False,False,1.328103673,-0.999999999994543,1.500000000005457,-3.999999999996362,-1.499999999996362,-3.999999999996362,-1.499999999996362,-5.0,-2.5,-10.0,-7.5
2026-03-21,CONTROL,BID,2026-03-21 18:29:26.329931935,1774117766329931935,2151.95,2151.6,110.687,9.186405510830774,0.769771542,0.9446203156728286,3,14.721,0.13299664820620308,2151.7,0.0,-1.999999999998181,NONE,,4.908366143,False,True,20.066755441,0.0,2.5,0.0,2.5,0.0,2.5,-1.999999999998181,0.500000000001819,-1.999999999998181,0.500000000001819
2026-03-21,CONTROL,ASK,2026-03-21 18:33:14.817771943,1774117994817771943,2152.05,2152.4,35.377,3.1279398762157387,0.58176587,1.0,3,8.68,0.24535715295248323,2152.3,-0.0,-18.999999999996362,BREAK,19.69459705,7.544144198,False,False,7.497874068,-0.0,2.5,-0.0,2.5,-1.999999999998181,0.500000000001819,-5.0,-2.5,-15.999999999994543,-13.499999999994543
2026-03-21,CONTROL,BID,2026-03-21 18:34:23.957993253,1774118063957993253,2153.25,2153.0,24.256,2.201188801669767,0.501380903,1.0,2,4.954,0.2042381266490765,2153.1,1.000000000003638,-3.999999999996362,BREAK,27.934656389,5.836092732,False,True,27.579571121,0.0,1.5000000000009095,0.0,1.5000000000009095,0.0,1.5000000000009095,-3.000000000001819,-1.5000000000009095,1.000000000003638,2.5000000000045475
2026-03-21,CONTROL,BID,2026-03-21 18:37:38.718765476,1774118258718765476,2153.45,2153.1,83.463,9.76689485694225,0.502335629,0.9183674546803846,3,19.62,0.23507422450666765,2153.2,0.0,0.0,NONE,,34.718066741,False,True,,0.0,2.5,0.0,2.5,0.0,2.5,0.0,2.5,0.0,2.5
2026-03-21,CONTROL,ASK,2026-03-21 18:43:00.903665809,1774118580903665809,2155.45,2155.6,47.1,3.0607271663904863,0.740647674,0.918166643698931,1,0.2,0.004246284501061571,2155.5,3.999999999996362,-1.000000000003638,BOUNCE,30.136974537,60.0,True,False,,-0.0,0.500000000001819,-1.000000000003638,-0.500000000001819,-1.000000000003638,-0.500000000001819,-1.000000000003638,-0.500000000001819,3.999999999996362,4.499999999998181
2026-03-21,CONTROL,BID,2026-03-21 18:51:26.574633596,1774119086574633596,2152.95,2152.8,37.029,2.630367607884923,0.502086978,0.776244899942416,1,2.322,0.06270760755083853,2152.9,-0.999999999994543,-15.0,BREAK,1.077567403,1.028910571,False,False,,-0.999999999994543,-0.4999999999972715,-5.0,-4.5000000000027285,-3.999999999996362,-3.4999999999990905,-8.999999999996362,-8.49999999999909,-15.0,-14.500000000002728
2026-03-21,CONTROL,ASK,2026-03-21 18:54:51.525656054,1774119291525656054,2151.25,2151.6,83.886,7.620111731843576,0.590069103,1.0,3,17.27,0.2058746393915552,2151.5,-0.0,-6.999999999998181,BREAK,24.153637632,2.920665261,False,True,4.402252203,-0.0,2.5,-1.999999999998181,0.500000000001819,-1.999999999998181,0.500000000001819,-6.000000000003638,-3.500000000003638,-6.999999999998181,-4.499999999998181
2026-03-21,CONTROL,ASK,2026-03-21 18:56:13.277448303,1774119373277448303,2152.05,2152.3,42.04,3.0799662991318364,0.601779461,0.7516462214385878,2,6.004,0.14281636536631778,2152.2000000000003,-0.0,-1.999999999998181,NONE,,21.810647767,False,False,3.540110145,-0.0,1.5000000000009095,-0.999999999994543,0.5000000000063665,-0.999999999994543,0.5000000000063665,-1.999999999998181,-0.4999999999972715,-0.0,1.5000000000009095
2026-03-21,CONTROL,BID,2026-03-21 18:56:57.296289252,1774119417296289252,2152.05,2151.8,35.163,3.5309534568459098,1.36046279,1.0,2,6.628,0.18849358700907207,2151.9,0.0,0.0,NONE,,14.796758409,False,True,,0.0,1.5000000000009095,0.0,1.5000000000009095,0.0,1.5000000000009095,0.0,1.5000000000009095,0.0,1.5000000000009095
2026-03-21,CONTROL,ASK,2026-03-21 19:10:51.230031176,1774120251230031176,2152.05,2152.2,25.845,2.0294464075382805,0.555848353,0.8280856073706852,1,2.613,0.10110272780034824,2152.1,-0.0,-0.0,NONE,,60.0,True,False,,-0.0,0.4999999999972715,-0.0,0.4999999999972715,-0.0,0.4999999999972715,-0.0,0.4999999999972715,-0.0,0.4999999999972715
2026-03-21,CONTROL,ASK,2026-03-21 19:13:30.652070382,1774120410652070382,2152.1499999999996,2152.4,36.367,2.882609384908053,0.528567958,1.0,2,5.446,0.14975114801880826,2152.3,-0.0,-2.000000000007276,NONE,,60.0,True,False,0.953932924,-1.000000000003638,0.500000000001819,-2.000000000007276,-0.500000000001819,-2.000000000007276,-0.500000000001819,-2.000000000007276,-0.500000000001819,-2.000000000007276,-0.500000000001819
2026-03-21,CONTROL,BID,2026-03-21 19:16:20.426248538,1774120580426248538,2151.8500000000004,2151.5,51.933,3.0603730221868646,0.560143304,1.0,3,7.528,0.1449560010012901,2151.6,-1.000000000003638,-4.000000000005457,BREAK,33.289362692,7.468211746,False,True,22.101363711,-1.000000000003638,1.5000000000009095,-1.000000000003638,1.5000000000009095,-1.000000000003638,1.5000000000009095,-3.000000000001819,-0.4999999999972715,-4.000000000005457,-1.5000000000009095
2026-03-21,CONTROL,ASK,2026-03-21 19:16:53.715611230,1774120613715611230,2151.45,2151.6,64.271,3.4042744776079874,0.840408991,0.975476307106762,1,11.92,0.1854646730251591,2151.5,-0.0,-4.000000000005457,BREAK,41.135981681,19.135452779,False,False,,-0.0,0.500000000001819,-0.0,0.500000000001819,-0.0,0.500000000001819,-0.0,0.500000000001819,-4.000000000005457,-3.500000000003638
2026-03-21,CONTROL,BID,2026-03-21 19:18:56.464150668,1774120736464150668,2152.3500000000004,2152.1,35.529,2.1202482544608228,0.537181082,0.8083505870744718,2,4.305,0.12116862281516505,2152.2,0.0,0.0,NONE,,39.084610805,False,True,,0.0,1.500000000005457,0.0,1.500000000005457,0.0,1.500000000005457,0.0,1.500000000005457,0.0,1.500000000005457
2026-03-21,CONTROL,BID,2026-03-21 19:30:17.306931063,1774121417306931063,2152.6499999999996,2152.5,27.658,2.6357268785438603,0.717049352,0.8861580367204627,1,4.18,0.15113167980331185,2152.6,0.0,0.0,NONE,,60.0,True,False,,0.0,0.4999999999972715,0.0,0.4999999999972715,0.0,0.4999999999972715,0.0,0.4999999999972715,0.0,0.4999999999972715
2026-03-21,CONTROL,BID,2026-03-21 19:37:34.490734100,1774121854490734100,2150.75,2150.5,27.866,2.652262884880788,0.574570122,0.6412911616730395,2,6.548,0.23498169812674946,2150.6,0.0,-11.000000000003638,BREAK,13.235558475,7.728460044,False,False,7.728460044,0.0,1.5000000000009095,0.0,1.5000000000009095,-1.999999999998181,-0.4999999999972715,-5.0,-3.4999999999990905,-8.999999999996362,-7.4999999999954525
2026-03-21,CONTROL,ASK,2026-03-21 19:52:40.337918970,1774122760337918970,2150.75,2151.0,28.234,2.08092570754717,0.516821891,0.9319736051969981,2,4.9399999999999995,0.17496635262449525,2150.9,-0.0,-0.0,NONE,,42.027544343,False,True,,-0.0,1.5000000000009095,-0.0,1.5000000000009095,-0.0,1.5000000000009095,-0.0,1.5000000000009095,-0.0,1.5000000000009095
2026-03-21,CONTROL,ASK,2026-03-21 19:56:25.345144404,1774122985345144404,2150.95,2151.3,36.472,3.4320127975910424,0.90822294,0.878536985643635,3,8.642999999999999,0.23697631059442856,2151.2000000000003,-0.0,-16.99999999999818,BREAK,10.326037092,10.274672813,False,False,10.326037092,-0.0,2.5000000000045475,-0.0,2.5000000000045475,-1.000000000003638,1.5000000000009095,-14.000000000005457,-11.50000000000091,-16.99999999999818,-14.499999999993634
2026-03-21,CONTROL,BID,2026-03-21 20:01:48.349231575,1774123308349231575,2152.6499999999996,2152.3,80.69,4.628843506195502,0.507614613,1.0,3,19.84,0.24587929111414053,2152.4,2.000000000007276,0.0,BOUNCE,53.805536002,11.291606727,False,True,,0.0,2.4999999999954525,0.0,2.4999999999954525,0.0,2.4999999999954525,0.0,2.4999999999954525,2.000000000007276,4.5000000000027285
2026-03-21,CONTROL,BID,2026-03-21 20:08:11.607727084,1774123691607727084,2151.25,2150.9,79.973,4.230256545887331,0.510800483,0.8739678208174286,3,9.633,0.12045315293911694,2151.0,1.000000000003638,-1.999999999998181,NONE,,60.0,True,False,7.761654012,0.0,2.5,0.0,2.5,-1.999999999998181,0.500000000001819,-1.999999999998181,0.500000000001819,1.000000000003638,3.500000000003638
2026-03-21,CONTROL,BID,2026-03-21 20:11:34.285836010,1774123894285836010,2152.1499999999996,2152.0,46.9,2.711296103595791,0.727637399,0.8832893002521438,1,7.7,0.16417910447761194,2152.1,0.0,0.0,NONE,,14.91295943,False,False,,0.0,0.4999999999972715,0.0,0.4999999999972715,0.0,0.4999999999972715,0.0,0.4999999999972715,0.0,0.4999999999972715
2026-03-21,CONTROL,ASK,2026-03-21 20:13:41.476996459,1774124021476996459,2153.25,2153.4,70.379,3.741076411960133,0.662689503,0.9675695179979333,1,0.4,0.00568351354807542,2153.3,1.000000000003638,-0.0,NONE,,60.0,True,False,,-0.0,0.500000000001819,-0.0,0.500000000001819,-0.0,0.500000000001819,-0.0,0.500000000001819,1.000000000003638,1.500000000005457
2026-03-21,CONTROL,BID,2026-03-21 20:16:49.272247613,1774124209272247613,2152.6499999999996,2152.4,75.041,2.9704502721425032,0.697744906,0.732769095988212,2,12.303,0.16395037379565838,2152.5,0.0,-16.99999999999818,BREAK,8.214510835,0.104798634,False,True,1.839462098,0.0,1.499999999996362,-0.999999999994543,0.500000000001819,-3.999999999996362,-2.5,-16.99999999999818,-15.500000000001819,-16.99999999999818,-15.500000000001819
2026-03-21,CONTROL,BID,2026-03-21 20:27:34.398715853,1774124854398715853,2154.3500000000004,2154.0,31.189,2.390877730931391,0.751849154,0.7844809811410655,3,5.27,0.1689698291064157,2154.1,0.0,-3.000000000001819,NONE,,3.812883998,False,True,4.382989036,0.0,2.5000000000045475,-3.000000000001819,-0.4999999999972715,-3.000000000001819,-0.4999999999972715,-3.000000000001819,-0.4999999999972715,-3.000000000001819,-0.4999999999972715
2026-03-21,CONTROL,BID,2026-03-21 20:38:07.838081275,1774125487838081275,2154.45,2154.1,79.071,8.183285899094436,0.733030826,0.8761541046024168,3,3.4730000000000003,0.04392255061906388,2154.2,19.000000000005457,-3.000000000001819,BOUNCE,35.504193288,35.555680767,False,False,28.564214536,0.0,2.5,0.0,2.5,0.0,2.5,-3.000000000001819,-0.500000000001819,15.0,17.5
2026-03-21,CONTROL,ASK,2026-03-21 20:38:39.327304605,1774125519327304605,2154.1499999999996,2154.4,35.598,2.6485621814664633,0.989108765,0.7566745715775757,2,0.9950000000000001,0.02795100848362268,2154.3,-0.0,-22.000000000007276,BREAK,4.014969958,3.964282493,False,False,3.75871321,-0.0,1.500000000005457,-14.000000000005457,-12.5,-17.000000000007276,-15.500000000001819,-18.00000000000182,-16.499999999996362,-17.000000000007276,-15.500000000001819
2026-03-21,CONTROL,BID,2026-03-21 20:40:52.718261508,1774125652718261508,2156.55,2156.3,46.8,6.460073158948167,0.564560213,0.7503900491832923,2,2.643,0.05647435897435897,2156.4,0.0,-8.000000000001819,BREAK,8.24835567,7.344585439,False,False,7.404413682,0.0,1.5000000000009095,0.0,1.5000000000009095,-3.000000000001819,-1.5000000000009095,-8.000000000001819,-6.5000000000009095,-8.000000000001819,-6.5000000000009095
2026-03-21,CONTROL,BID,2026-03-21 20:42:02.254174499,1774125722254174499,2155.75,2155.4,54.928,3.1438628623758693,0.618820137,0.8370241949641015,3,12.233,0.22270972909991263,2155.5,0.0,0.0,NONE,,60.0,True,False,,0.0,2.5,0.0,2.5,0.0,2.5,0.0,2.5,0.0,2.5
2026-03-21,CONTROL,BID,2026-03-21 20:42:59.340770616,1774125779340770616,2155.75,2155.5,42.897,2.893850979863055,0.509070915,1.0,2,9.885,0.23043569480383244,2155.6,0.0,-1.999999999998181,NONE,,26.353734298,False,False,26.502976473,0.0,1.5000000000009095,0.0,1.5000000000009095,0.0,1.5000000000009095,-1.000000000003638,0.4999999999972715,-1.999999999998181,-0.4999999999972715
2026-03-21,CONTROL,BID,2026-03-21 20:52:50.900205862,1774126370900205862,2155.45,2155.3,33.391,2.449547005098485,0.759995767,1.0,1,3.177,0.09514539846066306,2155.4,0.0,-0.999999999994543,NONE,,60.0,True,False,,0.0,0.4999999999972715,0.0,0.4999999999972715,0.0,0.4999999999972715,0.0,0.4999999999972715,-0.999999999994543,-0.4999999999972715
2026-03-21,CONTROL,ASK,2026-03-21 20:58:31.732919379,1774126711732919379,2155.75,2156.1,50.529,3.685020420070012,0.696514777,0.929383231161512,3,9.81,0.19414593599715016,2156.0,-0.0,-6.999999999998181,BREAK,22.66040293,14.12928822,False,False,9.542541713,-0.0,2.5,-0.0,2.5,-3.000000000001819,-0.500000000001819,-6.999999999998181,-4.499999999998181,-3.000000000001819,-0.500000000001819
2026-03-21,CONTROL,ASK,2026-03-21 21:00:03.257608414,1774126803257608414,2156.1499999999996,2156.3,26.306,4.80343284944764,0.86196222,1.0,1,2.828,0.10750399148483235,2156.2000000000003,5.0,-3.000000000001819,BREAK,3.817598201,3.767121486,False,False,,-0.0,0.5000000000063665,-3.000000000001819,-2.4999999999954525,-3.000000000001819,-2.4999999999954525,3.999999999996362,4.5000000000027285,5.0,5.5000000000063665
2026-03-21,CONTROL,BID,2026-03-21 21:02:34.721874459,1774126954721874459,2155.3500000000004,2155.0,36.572,2.73599162115658,0.617189566,0.7131826480034823,3,2.8760000000000003,0.07863939625943345,2155.1,0.0,-8.000000000001819,BREAK,12.947737547,2.351310788,False,False,2.351310788,0.0,2.5000000000045475,-2.000000000007276,0.4999999999972715,-3.000000000001819,-0.4999999999972715,-7.000000000007276,-4.5000000000027285,-6.000000000003638,-3.4999999999990905
2026-03-21,CONTROL,BID,2026-03-21 21:10:43.366209367,1774127443366209367,2156.6499999999996,2156.3,79.449,4.963546059413363,0.929515043,0.6895382498936061,3,18.667,0.23495575778172165,2156.4,0.0,-3.999999999996362,BREAK,43.291728781,1.297593789,False,True,4.307977646,0.0,2.4999999999954525,-1.999999999998181,0.4999999999972715,-1.999999999998181,0.4999999999972715,-2.999999999992724,-0.4999999999972715,-3.999999999996362,-1.5000000000009095
2026-03-21,CONTROL,BID,2026-03-21 21:17:10.481314006,1774127830481314006,2153.8500000000004,2153.6,73.737,3.9143729263437295,0.527694504,0.7440469647188139,2,5.042,0.06837815479338731,2153.7,10.0,0.0,BOUNCE,7.755691825,60.0,True,False,,0.0,1.500000000005457,0.0,1.500000000005457,5.0,6.500000000005457,10.0,11.500000000005457,10.0,11.500000000005457
2026-03-21,CONTROL,ASK,2026-03-21 21:18:39.941627181,1774127919941627181,2154.75,2154.9,58.605,2.4452882147998247,1.539638163,0.9656897079654942,1,13.952,0.23806842419588772,2154.8,1.000000000003638,-0.0,NONE,,60.0,True,False,,-0.0,0.500000000001819,-0.0,0.500000000001819,1.000000000003638,1.500000000005457,1.000000000003638,1.500000000005457,1.000000000003638,1.500000000005457
2026-03-21,CONTROL,BID,2026-03-21 21:25:08.554057834,1774128308554057834,2154.3500000000004,2154.2,54.571,2.754372239747634,0.535734277,1.0,1,2.136,0.03914166865184805,2154.2999999999997,2.999999999992724,-2.000000000007276,BREAK,7.961148552,7.909202737,False,False,,0.0,0.5000000000063665,0.0,0.5000000000063665,-2.000000000007276,-1.5000000000009095,2.999999999992724,3.4999999999990905,1.999999999998181,2.5000000000045475
2026-03-21,CONTROL,BID,2026-03-21 21:30:40.337411106,1774128640337411106,2154.1499999999996,2153.9,37.919,3.52538118259576,0.885474476,0.5646690148073789,2,3.7720000000000002,0.09947519713072604,2154.0,0.0,-2.999999999992724,BREAK,46.005997792,45.598367594,False,False,45.598367594,0.0,1.499999999996362,0.0,1.499999999996362,0.0,1.499999999996362,0.0,1.499999999996362,-2.999999999992724,-1.499999999996362
2026-03-21,CONTROL,BID,2026-03-21 21:31:20.114206097,1774128680114206097,2154.1499999999996,2153.9,37.919,2.996957123098202,0.575289657,1.0,2,3.707,0.09776101690445424,2154.0,1.000000000003638,-2.999999999992724,BREAK,6.229202801,5.821572603,False,False,5.821572603,0.0,1.499999999996362,0.0,1.499999999996362,-2.999999999992724,-1.499999999996362,-2.999999999992724,-1.499999999996362,1.000000000003638,2.5
2026-03-21,CONTROL,ASK,2026-03-21 21:37:24.922023924,1774129044922023924,2154.75,2155.1,89.435,5.479078600747411,0.585374903,0.9248586217574825,3,14.859,0.16614300888913736,2155.0,-0.0,-3.000000000001819,NONE,,60.0,True,False,35.347548101,-0.0,2.5,-0.0,2.5,-0.0,2.5,-0.0,2.5,-3.000000000001819,-0.500000000001819
2026-03-21,CONTROL,ASK,2026-03-21 21:46:57.520255446,1774129617520255446,2154.8500000000004,2155.1,25.813,4.085628363406141,0.837370868,0.6654143597457942,2,4.931,0.19102777670166196,2155.0,-0.0,-0.0,NONE,,2.897998917,False,True,,-0.0,1.499999999996362,-0.0,1.499999999996362,-0.0,1.499999999996362,-0.0,1.499999999996362,-0.0,1.499999999996362
2026-03-21,CONTROL,BID,2026-03-21 21:52:16.670315041,1774129936670315041,2155.25,2154.9,89.963,7.688816717234306,0.807848494,0.998926603185572,3,13.900000000000002,0.15450796438535846,2155.0,0.0,-28.00000000000182,BREAK,1.536311897,0.689190228,False,True,1.536311897,0.0,2.5,-6.000000000003638,-3.500000000003638,-6.999999999998181,-4.499999999998181,-13.999999999996362,-11.499999999996362,-23.999999999996362,-21.499999999996362
2026-03-21,CONTROL,ASK,2026-03-21 21:54:18.799165552,1774130058799165552,2153.95,2154.3,33.428,2.482676668275836,0.988817738,0.9186238546218313,3,7.042,0.2106617207131746,2154.2000000000003,0.999999999994543,-1.999999999998181,NONE,,0.053676795,False,True,1.07725749,-1.000000000003638,1.5000000000009095,-1.999999999998181,0.5000000000063665,0.999999999994543,3.4999999999990905,-0.0,2.5000000000045475,-0.0,2.5000000000045475
2026-03-21,CONTROL,ASK,2026-03-21 22:01:04.336026244,1774130464336026244,2150.95,2151.1,36.859,2.901826484018265,0.575610279,1.0,1,3.058,0.08296481185056566,2151.0,-0.0,-8.000000000001819,BREAK,26.119450492,15.911505969,False,False,,-0.0,0.500000000001819,-0.0,0.500000000001819,-0.0,0.500000000001819,-3.000000000001819,-2.5,-8.000000000001819,-7.5
2026-03-21,CONTROL,BID,2026-03-21 22:02:30.045894297,1774130550045894297,2150.95,2150.7,40.584,3.3746881756194913,0.556165957,1.0,2,6.676,0.1644983244628425,2150.7999999999997,0.0,-6.999999999998181,BREAK,30.537803604,2.048206781,False,False,2.457579749,0.0,1.5000000000009095,-1.999999999998181,-0.4999999999972715,-1.999999999998181,-0.4999999999972715,-1.999999999998181,-0.4999999999972715,-6.999999999998181,-5.4999999999972715
2026-03-21,CONTROL,BID,2026-03-21 22:17:14.768174858,1774131434768174858,2152.3500000000004,2152.0,45.005,2.2579835938087953,0.519978949,0.9212742610470563,3,9.533000000000001,0.21182090878791246,2152.1,0.0,-2.000000000007276,NONE,,4.941870491,False,True,20.555471365,0.0,2.5000000000045475,-1.000000000003638,1.5000000000009095,-1.000000000003638,1.5000000000009095,-2.000000000007276,0.4999999999972715,-2.000000000007276,0.4999999999972715
2026-03-21,CONTROL,BID,2026-03-21 22:23:29.635170492,1774131809635170492,2151.25,2151.0,50.088,4.504114023650016,0.514216007,0.9741050943207997,2,11.851,0.2366035777032423,2151.1,0.0,0.0,NONE,,60.0,True,False,,0.0,1.5000000000009095,0.0,1.5000000000009095,0.0,1.5000000000009095,0.0,1.5000000000009095,0.0,1.5000000000009095
2026-03-21,CONTROL,ASK,2026-03-21 22:33:24.984449265,1774132404984449265,2151.6499999999996,2151.9,56.679,3.4326984223117227,0.597571427,0.9610720343226853,2,12.469999999999999,0.22001093879567385,2151.8,-0.0,-12.000000000007276,BREAK,19.20739766,19.159546465,False,False,14.005170358,-0.0,1.500000000005457,-0.0,1.500000000005457,-0.0,1.500000000005457,-6.000000000003638,-4.499999999998181,-12.000000000007276,-10.500000000001819
2026-03-21,CONTROL,ASK,2026-03-21 22:33:51.999187995,1774132431999187995,2152.25,2152.4,35.893,2.068581966976918,0.559684291,1.0,1,3.842,0.10704036998857716,2152.3,-0.0,-6.000000000003638,BREAK,6.989805801,6.33760072,False,False,,-0.0,0.500000000001819,-0.0,0.500000000001819,-1.999999999998181,-1.499999999996362,-6.000000000003638,-5.500000000001819,-1.999999999998181,-1.499999999996362
2026-03-21,CONTROL,BID,2026-03-21 22:43:34.732796234,1774133014732796234,2152.95,2152.8,36.72,2.5301453868945085,0.511425688,0.9488348970065813,1,4.18,0.11383442265795207,2152.9,0.0,-6.999999999998181,BREAK,11.486421585,8.369199033,False,False,,0.0,0.4999999999972715,0.0,0.4999999999972715,0.0,0.4999999999972715,-3.000000000001819,-2.5000000000045475,-6.999999999998181,-6.5000000000009095
2026-03-21,CONTROL,BID,2026-03-21 22:45:22.373874415,1774133122373874415,2151.75,2151.5,63.141,3.796584691239252,0.689180403,0.780930567174006,2,7.755000000000001,0.122820354444814,2151.6,0.0,-6.000000000003638,BREAK,41.152732888,40.030897214,False,True,41.152732888,0.0,1.5000000000009095,0.0,1.5000000000009095,0.0,1.5000000000009095,0.0,1.5000000000009095,-6.000000000003638,-4.5000000000027285
2026-03-21,CONTROL,ASK,2026-03-21 22:47:40.925638750,1774133260925638750,2150.6499999999996,2150.8,47.0,2.1567547723935387,1.289247674,1.0,1,11.322,0.24089361702127657,2150.7000000000003,-0.0,-4.000000000005457,BREAK,0.202928143,0.050195936,False,False,,-4.000000000005457,-3.4999999999990905,-4.000000000005457,-3.4999999999990905,-4.000000000005457,-3.4999999999990905,-4.000000000005457,-3.4999999999990905,-4.000000000005457,-3.4999999999990905
2026-03-21,CONTROL,ASK,2026-03-21 22:47:40.975834686,1774133260975834686,2150.6499999999996,2151.0,50.124,3.3489677290038085,1.33944361,1.0,3,11.322000000000001,0.22587981805123294,2150.9,-0.0,-4.000000000005457,BREAK,0.20464009,0.1024067,False,False,0.152732207,-4.000000000005457,-1.5000000000009095,-4.000000000005457,-1.5000000000009095,-4.000000000005457,-1.5000000000009095,-4.000000000005457,-1.5000000000009095,-4.000000000005457,-1.5000000000009095
2026-03-21,CONTROL,ASK,2026-03-21 22:52:47.928483809,1774133567928483809,2149.75,2150.0,47.8,5.097851010504986,0.610439645,1.0,2,10.775,0.22541841004184102,2149.9,-0.0,-0.0,NONE,,60.0,True,False,,-0.0,1.5000000000009095,-0.0,1.5000000000009095,-0.0,1.5000000000009095,-0.0,1.5000000000009095,-0.0,1.5000000000009095
2026-03-21,CONTROL,ASK,2026-03-21 22:53:40.403735533,1774133620403735533,2149.75,2150.0,73.375,3.2847613931417317,1.063145416,0.7830972672885983,2,16.852,0.2296695059625213,2149.9,-0.0,-3.999999999996362,BREAK,25.05333538,24.904252582,False,False,24.954970689,-0.0,1.5000000000009095,-0.0,1.5000000000009095,-0.0,1.5000000000009095,-3.999999999996362,-2.4999999999954525,-3.999999999996362,-2.4999999999954525
2026-03-21,CONTROL,BID,2026-03-21 23:02:12.105825560,1774134132105825560,2149.05,2148.7,29.546,4.854349790520003,1.786660811,0.9410594807074436,3,2.677,0.09060448114804034,2148.7999999999997,-1.000000000003638,-11.999999999998181,BREAK,21.4898881,1.065571435,False,False,1.021623369,-3.000000000001819,-0.4999999999972715,-3.000000000001819,-0.4999999999972715,-3.000000000001819,-0.4999999999972715,-6.000000000003638,-3.4999999999990905,-11.999999999998181,-9.499999999993634
2026-03-21,CONTROL,ASK,2026-03-21 23:02:49.516593721,1774134169516593721,2148.3500000000004,2148.5,87.383,3.6577228966094597,0.819964324,1.0,1,11.457,0.13111245894510376,2148.4,6.000000000003638,1.000000000003638,BOUNCE,20.520027061,0.045587593,False,False,,1.000000000003638,1.5000000000009095,1.000000000003638,1.5000000000009095,1.000000000003638,1.5000000000009095,6.000000000003638,6.5000000000009095,6.000000000003638,6.5000000000009095
2026-03-21,CONTROL,ASK,2026-03-21 23:14:16.047547710,1774134856047547710,2146.6499999999996,2147.0,76.634,5.71064495696561,1.700045576,0.9541124925700227,3,10.346,0.1350053501056972,2146.9,1.999999999998181,-2.000000000007276,BOUNCE,50.716104301,0.088026659,False,True,2.645927941,-0.0,2.5000000000045475,-2.000000000007276,0.4999999999972715,-1.000000000003638,1.5000000000009095,0.999999999994543,3.4999999999990905,1.999999999998181,4.5000000000027285
2026-03-21,CONTROL,BID,2026-03-21 23:14:37.073184855,1774134877073184855,2146.55,2146.3,33.109,3.181722083413416,0.527214599,1.0,2,6.109,0.1845117641728835,2146.4,0.0,-1.000000000003638,NONE,,27.097480836,False,True,29.690467156,0.0,1.5000000000009095,0.0,1.5000000000009095,0.0,1.5000000000009095,-1.000000000003638,0.4999999999972715,-1.000000000003638,0.4999999999972715
2026-03-21,CONTROL,BID,2026-03-21 23:19:43.081323318,1774135183081323318,2146.8500000000004,2146.5,37.287,5.863196792200644,0.560709584,1.0,3,6.931000000000001,0.18588247914822864,2146.6,6.999999999998181,-2.000000000007276,BOUNCE,22.305263081,2.347188989,False,True,5.410271114,-1.000000000003638,1.5000000000009095,-1.000000000003638,1.5000000000009095,-1.000000000003638,1.5000000000009095,0.999999999994543,3.4999999999990905,6.999999999998181,9.500000000002728
2026-03-21,CONTROL,ASK,2026-03-21 23:26:28.401627974,1774135588401627974,2144.95,2145.2,47.9,4.2423168895580545,0.559264359,1.0,2,2.06,0.043006263048016705,2145.1,-0.0,-5.0,BREAK,41.505665873,0.342978017,False,True,33.844759155,-0.0,1.5000000000009095,-0.0,1.5000000000009095,-0.0,1.5000000000009095,-0.0,1.5000000000009095,-5.0,-3.4999999999990905
2026-03-21,CONTROL,BID,2026-03-21 23:29:12.814685415,1774135752814685415,2144.8500000000004,2144.7,49.722,6.919287503478987,1.275387006,1.0,1,4.272,0.0859177024254857,2144.7999999999997,0.0,-3.000000000001819,BREAK,10.306956463,9.662876142,False,False,,0.0,0.5000000000063665,0.0,0.5000000000063665,0.0,0.5000000000063665,-3.000000000001819,-2.4999999999954525,-3.000000000001819,-2.4999999999954525
2026-03-21,CONTROL,ASK,2026-03-21 23:34:07.662750266,1774136047662750266,2145.1499999999996,2145.5,52.184,5.098334228909188,1.97933387,0.8777121603037087,3,12.224,0.23424804537789362,2145.4,0.999999999994543,-1.000000000003638,NONE,,16.088818579,False,True,,-0.0,2.5000000000045475,-1.000000000003638,1.5000000000009095,-1.000000000003638,1.5000000000009095,0.999999999994543,3.4999999999990905,0.999999999994543,3.4999999999990905
2026-03-21,CONTROL,ASK,2026-03-21 23:36:54.226348991,1774136214226348991,2145.45,2145.6,34.426,2.300280636108513,0.50506834,1.0,1,1.864,0.05414512287224772,2145.5,-0.0,-10.0,BREAK,3.933437463,0.056623503,False,False,,-1.000000000003638,-0.500000000001819,-1.999999999998181,-1.499999999996362,-1.999999999998181,-1.499999999996362,-10.0,-9.499999999998181,-3.000000000001819,-2.5
2026-03-21,CONTROL,BID,2026-03-21 23:41:58.681607680,1774136518681607680,2147.75,2147.5,37.408,2.247469133948151,0.964039833,0.763705301168816,2,4.367,0.11673973481608212,2147.6,0.0,-3.999999999996362,BREAK,4.997975221,2.958065425,False,False,3.008169848,0.0,1.5000000000009095,-3.000000000001819,-1.5000000000009095,-3.000000000001819,-1.5000000000009095,-3.000000000001819,-1.5000000000009095,-1.999999999998181,-0.4999999999972715
2026-03-21,CONTROL,ASK,2026-03-21 23:47:06.732297580,1774136826732297580,2136.75,2136.9,23.321,2.4762157570609475,0.53176069,1.0,1,1.33,0.05703014450495262,2136.8,75.0,-0.0,BOUNCE,0.518129831,1.486529394,False,False,,13.000000000001819,13.500000000003638,21.000000000003638,21.500000000005457,30.0,30.50000000000182,43.99999999999636,44.49999999999818,73.99999999999636,74.49999999999818
2026-03-21,CONTROL,BID,2026-03-21 23:47:41.939544940,1774136861939544940,2129.25,2128.9,36.778,5.80873410724157,1.68218685,0.8740016556424751,3,7.991,0.21727663276959053,2129.0,25.0,-15.0,BOUNCE,0.510522166,0.510522166,False,True,26.432611844,3.000000000001819,5.500000000001819,5.0,7.5,13.000000000001819,15.500000000001819,-3.000000000001819,-0.500000000001819,10.0,12.5
2026-03-21,CONTROL,ASK,2026-03-21 23:48:13.272293462,1774136893272293462,2129.55,2129.9,48.607,5.437024608501119,0.7661398,1.0,3,11.432,0.23519246199107124,2129.8,19.000000000005457,-10.0,BOUNCE,0.867956446,0.252139551,False,True,11.682558502,5.0,7.5,9.000000000005457,11.500000000005457,4.000000000005457,6.500000000005457,1.000000000003638,3.500000000003638,16.99999999999818,19.49999999999818
2026-03-21,CONTROL,BID,2026-03-21 23:49:25.279064133,1774136965279064133,2127.75,2127.6,27.193,2.0700338750808815,1.071752945,0.9566578508445339,1,2.865,0.10535799654322804,2127.7,3.000000000001819,-85.0,BREAK,2.243261302,0.203247436,False,False,,0.0,0.500000000001819,-1.000000000003638,-0.500000000001819,-3.000000000001819,-2.5,-51.99999999999818,-51.49999999999636,-40.0,-39.49999999999818
2026-03-21,CONTROL,ASK,2026-03-21 23:50:18.915255334,1774137018915255334,2122.25,2122.5,176.091,22.601848286484405,0.726137154,1.0,2,35.041999999999994,0.19899938100186831,2122.4,48.99999999999636,-18.999999999996362,BREAK,4.108770934,0.249688922,False,True,1.123391072,-0.0,1.5000000000009095,-8.000000000001819,-6.5000000000009095,-18.999999999996362,-17.499999999995453,-18.00000000000182,-16.50000000000091,48.99999999999636,50.49999999999727
2026-03-21,CONTROL,ASK,2026-03-21 23:51:46.937388290,1774137106937388290,2110.6499999999996,2110.8,56.4,15.862747855435241,0.509873142,0.9897350878701511,1,3.558,0.06308510638297872,2110.7000000000003,212.99999999999272,-2.000000000007276,BREAK,0.152927981,0.050614429,False,False,,6.999999999998181,7.5000000000045475,25.999999999994543,26.50000000000091,16.99999999999818,17.500000000004547,95.99999999999454,96.50000000000091,98.99999999999636,99.50000000000273
2026-03-21,CONTROL,BID,2026-03-21 23:51:54.119693260,1774137114119693260,2109.55,2109.3,34.826,6.064606007836309,1.164027018,0.8162687637891237,2,7.297,0.2095273646126457,2109.4,0.0,-201.99999999999818,BREAK,0.21306756,0.21306756,False,False,0.21306756,-3.000000000001819,-1.5000000000009095,-8.000000000001819,-6.5000000000009095,-48.00000000000182,-46.50000000000091,-154.00000000000546,-152.50000000000455,-70.0,-68.49999999999909
2026-03-21,CONTROL,ASK,2026-03-21 23:52:01.680390044,1774137121680390044,2106.55,2106.9,64.984,16.510162601626014,0.968904403,1.0,3,14.763,0.22717899790717716,2106.8,171.99999999999818,-3.999999999996362,BREAK,0.561733096,0.051150702,False,False,0.453861328,13.500000000003638,16.000000000003638,34.00000000000546,36.50000000000546,51.99999999999818,54.49999999999818,140.50000000000182,143.00000000000182,28.00000000000182,30.50000000000182
2026-03-21,CONTROL,ASK,2026-03-21 23:52:09.537425542,1774137129537425542,2103.45,2103.8,46.4,24.826110219368648,0.773174514,0.9938229146026921,2,11.444,0.24663793103448278,2103.7000000000003,140.99999999999454,-43.00000000000182,BOUNCE,0.25162916,0.510213602,False,False,0.100914716,15.0,17.500000000004547,95.0,97.50000000000455,20.999999999994543,23.49999999999909,50.99999999999454,53.49999999999909,-28.00000000000182,-25.49999999999727
2026-03-21,CONTROL,BID,2026-03-21 23:52:22.151629520,1774137142151629520,2095.95,2095.6,27.052,8.051190476190476,0.560875069,0.8093420033971951,3,3.502,0.12945438414904628,2095.7,126.00000000000364,-65.99999999999454,BOUNCE,0.102011041,0.050798674,False,True,1.172856712,1.999999999998181,4.499999999998181,-30.0,-27.5,-23.00000000000182,-20.50000000000182,63.00000000000182,65.50000000000182,88.00000000000182,90.50000000000182
2026-03-21,CONTROL,ASK,2026-03-21 23:52:38.936029708,1774137158936029708,2098.05,2098.4,34.99,32.65515632291181,0.71402754,0.9118330127714682,3,6.8389999999999995,0.1954558445270077,2098.3,44.00000000000546,-105.0,BREAK,0.663324843,0.504605715,False,False,0.504605715,-10.0,-7.5,-13.999999999996362,-11.499999999996362,-25.0,-22.5,-85.99999999999454,-83.49999999999454,-65.99999999999454,-63.49999999999454
2026-03-21,CONTROL,ASK,2026-03-21 23:53:12.919480435,1774137192919480435,2108.1499999999996,2108.5,35.157,5.809633975047508,1.377427351,1.0,3,2.231,0.06345820178058424,2108.4,100.99999999999454,-4.000000000005457,BREAK,0.764601518,1.527279526,False,False,0.047419668,2.999999999992724,5.4999999999972715,6.999999999998181,9.500000000002728,37.999999999992724,40.49999999999727,20.999999999994543,23.49999999999909,85.0,87.50000000000455
2026-03-21,CONTROL,ASK,2026-03-21 23:53:21.745825983,1774137201745825983,2104.6499999999996,2104.9,11.1,2.6022740593130935,1.225709366,1.0,2,1.044,0.09405405405405406,2104.8,70.99999999999454,-16.000000000003638,BOUNCE,1.021910609,1.429434953,False,False,0.052498056,2.999999999992724,4.499999999998181,25.999999999994543,27.5,2.999999999992724,4.499999999998181,53.99999999999636,55.50000000000182,65.99999999999454,67.5
2026-03-21,CONTROL,ASK,2026-03-21 23:53:38.418565585,1774137218418565585,2104.6499999999996,2104.8,47.515,3.1120644485197797,0.549362977,0.7484681043586233,1,7.674,0.16150689256024414,2104.7000000000003,135.99999999999454,-16.000000000003638,BREAK,2.050759516,0.110528149,False,False,,-0.0,0.5000000000063665,-5.0,-4.4999999999936335,35.99999999999454,36.50000000000091,41.99999999999818,42.50000000000455,135.0,135.50000000000637
2026-03-21,CONTROL,BID,2026-03-21 23:53:53.179214696,1774137233179214696,2098.55,2098.2,56.021,11.34143131895941,0.667120939,1.0,3,12.86,0.22955677335284982,2098.2999999999997,20.999999999994543,-116.99999999999818,BREAK,2.44355728,0.152524904,False,True,2.143242232,-1.000000000003638,1.5000000000009095,10.0,12.500000000004547,0.999999999994543,3.4999999999990905,-11.000000000003638,-8.49999999999909,-89.00000000000546,-86.50000000000091
2026-03-21,CONTROL,BID,2026-03-21 23:53:59.814925655,1774137239814925655,2099.95,2099.7,51.311,6.97065616084771,0.510230415,1.0,2,11.595,0.22597493714797998,2099.7999999999997,6.999999999998181,-130.99999999999454,BREAK,0.306975527,0.306975527,False,False,0.306975527,-10.999999999994543,-9.499999999993634,1.000000000003638,2.5000000000045475,5.0,6.5000000000009095,-45.0,-43.49999999999909,-101.99999999999818,-100.49999999999727
2026-03-21,CONTROL,ASK,2026-03-21 23:54:37.978617092,1774137277978617092,2091.1499999999996,2091.4,28.102,5.425620233613283,0.610953153,0.659604783151025,2,1.551,0.05519180129528147,2091.3,110.99999999999454,-7.000000000007276,BREAK,0.563769109,0.510581674,False,False,0.563769109,-3.000000000001819,-1.499999999996362,31.99999999999818,33.50000000000364,35.99999999999454,37.5,80.0,81.50000000000546,-2.000000000007276,-0.500000000001819
2026-03-21,CONTROL,ASK,2026-03-21 23:54:38.591755478,1774137278591755478,2091.6499999999996,2092.0,10.2,3.588390501319261,1.224091539,0.8387430443631226,3,1.905,0.18676470588235294,2091.9,115.99999999999454,-2.000000000007276,BOUNCE,0.409947286,0.866623416,False,False,0.254243919,11.999999999998181,14.500000000002728,45.0,47.50000000000455,43.99999999999636,46.50000000000091,88.99999999999636,91.50000000000091,7.999999999992724,10.499999999997272
2026-03-21,CONTROL,BID,2026-03-21 23:54:46.144290327,1774137286144290327,2088.55,2088.2,25.682,9.61692566935031,0.764908209,1.0,3,3.446,0.13417958102951485,2088.2999999999997,28.00000000000182,-85.0,BREAK,0.204088348,0.204088348,False,False,0.204088348,-16.99999999999818,-14.499999999993634,-11.000000000003638,-8.49999999999909,23.00000000000182,25.500000000006366,-31.000000000003638,-28.49999999999909,16.99999999999818,19.50000000000273
2026-03-21,CONTROL,BID,2026-03-21 23:55:29.850597822,1774137329850597822,2087.8500000000004,2087.5,12.867,2.69607124148769,1.310349354,0.8868115983365455,3,1.124,0.08735524986399316,2087.6,35.0,-30.0,BREAK,0.325889604,0.224131296,False,False,0.274792359,0.0,2.5000000000045475,-1.000000000003638,1.5000000000009095,22.999999999992724,25.49999999999727,10.0,12.500000000004547,-30.0,-27.499999999995453
2026-03-21,CONTROL,ASK,2026-03-21 23:55:45.898766726,1774137345898766726,2090.75,2091.1,51.183,12.789355322338832,0.624073566,0.8182248629322653,3,7.707,0.15057734013246585,2091.0,116.00000000000364,-0.0,BOUNCE,0.207613696,0.207613696,False,True,,5.0,7.5,13.000000000001819,15.500000000001819,28.999999999996362,31.499999999996362,41.00000000000364,43.50000000000364,101.99999999999818,104.49999999999818
2026-03-21,CONTROL,ASK,2026-03-21 23:55:57.070552993,1774137357070552993,2087.75,2087.9,27.422,2.8775906395928437,1.428682765,0.9237448580826129,1,4.208,0.15345343155130917,2087.8,96.99999999999818,-18.999999999996362,BREAK,0.308646408,0.258174468,False,False,,-8.000000000001819,-7.5,5.0,5.500000000001819,-0.0,0.500000000001819,11.000000000003638,11.500000000005457,71.99999999999818,72.5
2026-03-21,CONTROL,BID,2026-03-21 23:56:49.471026098,1774137409471026098,2079.6499999999996,2079.4,19.48,6.694158075601375,1.276730312,1.0,2,2.528,0.1297741273100616,2079.5,45.0,-83.99999999999636,BREAK,0.051465606,0.051465606,False,False,0.051465606,-15.0,-13.500000000003638,4.000000000005457,5.500000000001819,-0.999999999994543,0.500000000001819,13.000000000001819,14.499999999998181,-80.0,-78.50000000000364
2026-03-21,CONTROL,ASK,2026-03-21 23:56:53.813664683,1774137413813664683,2079.55,2079.7,12.976,2.7363981442429357,1.23025828,0.8656265869635115,1,1.643,0.12661837237977805,2079.6,93.00000000000182,-45.99999999999454,BREAK,0.254652836,0.254652836,False,False,,-16.99999999999818,-16.50000000000091,-3.999999999996362,-3.4999999999990905,11.000000000003638,11.50000000000091,-5.0,-4.5000000000027285,69.00000000000546,69.50000000000273
2026-03-21,CONTROL,BID,2026-03-21 23:57:06.719579455,1774137426719579455,2077.6499999999996,2077.5,24.747,3.386520697913103,0.560989412,0.8063801942130059,1,5.775,0.23336161959025337,2077.6,65.0,-73.99999999999636,BOUNCE,0.045773468,0.150880167,False,False,,0.0,0.4999999999972715,9.500000000002728,10.0,42.000000000007276,42.50000000000455,26.000000000003638,26.50000000000091,-31.99999999999818,-31.50000000000091
2026-03-21,CONTROL,ASK,2026-03-21 23:57:13.508373719,1774137433508373719,2080.1499999999996,2080.4,39.442,6.815621219975808,0.611608343,1.0,2,8.892,0.22544495715227422,2080.3,98.99999999999636,-40.0,BREAK,0.408331388,0.408331388,False,False,0.101652893,-16.000000000003638,-14.499999999998181,-13.000000000001819,-11.499999999996362,0.999999999994543,2.5,72.99999999999272,74.49999999999818,37.999999999992724,39.49999999999818
2026-03-21,CONTROL,BID,2026-03-21 23:57:50.498673319,1774137470498673319,2070.25,2069.9,25.363,5.397531389657374,1.126926576,0.9465106509299325,3,2.176,0.08579426723967985,2070.0,95.0,2.5,BOUNCE,0.049458771,0.049458771,False,True,,13.000000000001819,15.500000000001819,26.99999999999818,29.49999999999818,36.99999999999818,39.49999999999818,26.000000000003638,28.500000000003638,48.99999999999636,51.49999999999636
2026-03-21,CONTROL,ASK,2026-03-21 23:58:01.687797723,1774137481687797723,2075.5,2075.9,10.2,5.0122850122850116,0.560204126,0.6236327934507215,3,2.408,0.23607843137254902,2075.8,33.50000000000364,-42.5,BOUNCE,1.071760481,0.35784411,False,False,0.051915908,0.500000000001819,3.500000000003638,10.500000000001819,13.500000000003638,-14.499999999998181,-11.499999999996362,16.499999999996362,19.49999999999818,-16.499999999996362,-13.499999999994543
2026-03-21,CONTROL,ASK,2026-03-21 23:58:05.714151697,1774137485714151697,2073.75,2073.9,11.007,5.60295240519216,0.659675981,0.926599125336352,1,1.582,0.143726719360407,2073.8,16.000000000003638,-60.0,BREAK,0.669021867,0.614861748,False,False,,-6.999999999998181,-6.499999999996362,-30.0,-29.49999999999818,-11.999999999998181,-11.499999999996362,-13.000000000001819,-12.5,-35.0,-34.49999999999818
2026-03-21,CONTROL,BID,2026-03-21 23:58:57.258043584,1774137537258043584,2077.1499999999996,2076.9,59.646,3.5383520199323724,1.275426914,0.8532190187104677,2,14.725999999999999,0.24688998424035138,2077.0,90.0,-12.999999999992724,BREAK,1.124518735,1.073269877,False,False,1.124518735,0.0,1.499999999996362,1.000000000003638,2.5,-3.999999999996362,-2.5,76.00000000000364,77.5,,
2026-03-21,CONTROL,ASK,2026-03-21 23:59:36.544580042,1774137576544580042,2083.6499999999996,2083.8,13.125,2.0056540342298286,0.719243525,0.9180503029206971,1,3.226,0.2457904761904762,2083.7000000000003,-0.0,-25.0,BREAK,0.765490987,0.049532138,False,False,,-2.000000000007276,-1.5000000000009095,-18.00000000000182,-17.499999999995453,-10.0,-9.499999999993634,,,,
2026-03-21,CONTROL,BID,2026-03-21 23:59:42.516257994,1774137582516257994,2085.05,2084.7,14.84,2.0544057589811033,0.510868308,1.0,3,1.054,0.07102425876010782,2084.7999999999997,0.999999999994543,-11.999999999998181,BREAK,1.530520213,3.466385219,False,False,1.479288008,0.0,2.5000000000045475,-3.000000000001819,-0.4999999999972715,-4.000000000005457,-1.5000000000009095,,,,
2026-03-21,CONTROL,ASK,2026-03-21 23:59:51.957279094,1774137591957279094,2084.45,2084.7,11.054,2.3652508826361403,0.912201989,0.8349485620338852,2,0.075,0.006784874253663832,2084.6,1.999999999998181,-4.000000000005457,BREAK,0.203881842,4.306874283,True,False,0.203881842,-0.0,1.5000000000009095,,,,,,,,
2026-03-21,CONTROL,ASK,2026-03-21 23:59:55.376937354,1774137595376937354,2084.6499999999996,2085.0,62.4,8.13029315960912,0.517614447,1.0,3,11.354999999999999,0.18197115384615384,2084.9,-0.0,-0.0,NONE,,0.887216023,True,False,,,,,,,,,,,
