date,eventType,side,timestamp,timestampNs,signalMid,wallPrice,wallVolume,wallRatio,wallAgeSeconds,presenceShare,distanceTicks,thinVolume,thinVolumeRatio,targetPrice,maxFavorableTicks60s,maxAdverseTicks60s,firstOutcome,firstOutcomeSeconds,wallLifetimeSeconds,wallLifetimeCensored,removedBeforeContact,contactSeconds,midMove1sTicks,entryMarkout1sTicks,midMove5sTicks,entryMarkout5sTicks,midMove10sTicks,entryMarkout10sTicks,midMove30sTicks,entryMarkout30sTicks,midMove60sTicks,entryMarkout60sTicks
2026-03-19,WALL,ASK,2026-03-19 00:00:47.746899251,1773878447746899251,2203.05,2203.4,38.728,4.591889969172397,16.21150006,1.0,3,8.11,0.20940921297252632,2203.3,14.000000000005457,-8.000000000001819,BREAK,1.940065017,0.036145295,False,True,1.227712091,-0.999999999994543,1.500000000005457,-3.999999999996362,-1.499999999996362,-1.999999999998181,0.500000000001819,14.000000000005457,16.500000000005457,-3.999999999996362,-1.499999999996362
2026-03-19,WALL,ASK,2026-03-19 00:03:02.806845751,1773878582806845751,2202.45,2202.8,43.914,6.635038150638362,14.816798125,0.9985620487759733,3,9.48,0.21587648585872388,2202.7000000000003,-0.0,-19.000000000005457,BREAK,23.018743542,0.100948029,False,True,2.497868755,-0.0,2.5000000000045475,-1.999999999998181,0.5000000000063665,-1.999999999998181,0.5000000000063665,-3.000000000001819,-0.4999999999972715,-19.000000000005457,-16.50000000000091
2026-03-19,WALL,ASK,2026-03-19 00:06:35.575194415,1773878795575194415,2203.1499999999996,2203.4,60.31,5.7033429476571,10.464861966,0.9855001505521053,2,12.087,0.20041452495440223,2203.3,6.999999999998181,-12.000000000007276,BOUNCE,6.982350259,3.519339234,False,False,1.021506474,-1.000000000003638,0.500000000001819,-1.000000000003638,0.500000000001819,5.0,6.500000000005457,-1.000000000003638,0.500000000001819,-12.000000000007276,-10.500000000001819
2026-03-19,WALL,BID,2026-03-19 00:08:11.385726733,1773878891385726733,2205.95,2205.6,46.267,4.449819668189469,10.413706529,0.9927368588898324,3,10.904,0.235675535478851,2205.7,0.0,-21.99999999999818,BREAK,14.452946564,7.865090867,False,True,12.971538815,0.0,2.5,0.0,2.5,0.0,2.5,-6.999999999998181,-4.499999999998181,-21.99999999999818,-19.49999999999818
2026-03-19,WALL,ASK,2026-03-19 00:08:39.869922446,1773878919869922446,2205.25,2205.6,58.44,6.936498516320474,14.031249149,0.995982765297556,3,13.433,0.2298596851471595,2205.5,26.99999999999818,-3.999999999996362,BREAK,4.949522255,4.134311625,False,True,4.949522255,-0.0,2.5,-3.999999999996362,-1.499999999996362,-3.000000000001819,-0.500000000001819,13.999999999996362,16.499999999996362,26.99999999999818,29.49999999999818
2026-03-19,WALL,BID,2026-03-19 00:08:47.885626811,1773878927885626811,2205.55,2205.2,52.737,6.010599498518349,22.046953514,0.9874497641216372,3,12.236,0.23201926541138101,2205.2999999999997,0.0,-31.99999999999818,BREAK,10.724859354,1.121998169,False,True,5.817550822,0.0,2.5000000000045475,0.0,2.5000000000045475,-1.999999999998181,0.5000000000063665,-25.0,-22.499999999995453,-31.99999999999818,-29.499999999993634
2026-03-19,WALL,ASK,2026-03-19 00:13:45.612713860,1773879225612713860,2199.1499999999996,2199.4,47.546,4.729298254339285,16.94720968,1.0,2,3.0730000000000004,0.06463214571152148,2199.3,-0.0,-21.000000000003638,BREAK,2.029501349,2.029501349,False,False,1.323368905,-0.0,1.500000000005457,-3.000000000001819,-1.499999999996362,-3.000000000001819,-1.499999999996362,-9.000000000005457,-7.5,-20.0,-18.499999999994543
2026-03-19,WALL,BID,2026-03-19 00:15:55.861339095,1773879355861339095,2201.45,2201.2,48.171,8.24351843929152,11.945831128,0.9894085988120624,2,3.224,0.06692823483008449,2201.2999999999997,0.0,-18.00000000000182,BREAK,5.464552666,0.301522477,False,True,5.363814769,0.0,1.5000000000009095,0.0,1.5000000000009095,-10.0,-8.49999999999909,-16.99999999999818,-15.499999999997272,-18.00000000000182,-16.50000000000091
2026-03-19,WALL,ASK,2026-03-19 00:16:37.214771548,1773879397214771548,2199.75,2200.0,65.113,4.552083333333333,10.074236769,0.9974855623725315,2,13.947999999999999,0.2142122156865756,2199.9,11.999999999998181,-8.999999999996362,BREAK,9.291164524,2.807660954,False,True,8.268876394,-0.0,1.5000000000009095,-0.0,1.5000000000009095,-5.0,-3.4999999999990905,-3.999999999996362,-2.4999999999954525,11.999999999998181,13.49999999999909
2026-03-19,WALL,ASK,2026-03-19 00:16:46.545543822,1773879406545543822,2200.1499999999996,2200.3,26.443,3.800646784045994,10.409148429,0.9690806975041935,1,0.8,0.030253753356275764,2200.2000000000003,15.999999999994543,-5.0,BOUNCE,2.304152759,12.569133054,False,False,,-1.000000000003638,-0.4999999999972715,5.0,5.5000000000063665,5.0,5.5000000000063665,2.999999999992724,3.4999999999990905,15.999999999994543,16.50000000000091
2026-03-19,WALL,ASK,2026-03-19 00:17:50.683851636,1773879470683851636,2198.55,2198.7,25.003,2.665138837072963,11.342269389,0.9918281715218393,1,0.886,0.035435747710274766,2198.6,1.000000000003638,-13.000000000001819,BREAK,15.262673708,11.589737161,False,False,,-0.999999999994543,-0.4999999999972715,-0.0,0.4999999999972715,1.000000000003638,1.5000000000009095,-8.999999999996362,-8.49999999999909,-10.999999999994543,-10.499999999997272
2026-03-19,WALL,ASK,2026-03-19 00:18:43.362308281,1773879523362308281,2199.3500000000004,2199.7,76.436,8.780196427545805,16.677310846,0.9974376190865178,3,18.793,0.24586582238735671,2199.6,1.000000000003638,-7.999999999992724,BREAK,37.730197969,0.512458571,False,False,0.616483085,-2.999999999992724,-0.4999999999972715,-2.999999999992724,-0.4999999999972715,-0.0,2.4999999999954525,1.000000000003638,3.4999999999990905,-5.999999999994543,-3.4999999999990905
2026-03-19,WALL,BID,2026-03-19 00:18:54.692218268,1773879534692218268,2199.3500000000004,2199.2,33.118,3.849811101424005,10.713426902,0.9814642345706462,1,5.57,0.16818648469110453,2199.2999999999997,7.999999999992724,-1.000000000003638,BOUNCE,26.244553215,4.651326263,False,False,,0.0,0.5000000000063665,-1.000000000003638,-0.4999999999972715,-1.000000000003638,-0.4999999999972715,7.999999999992724,8.49999999999909,1.999999999998181,2.5000000000045475
2026-03-19,WALL,ASK,2026-03-19 00:21:00.555641996,1773879660555641996,2197.8500000000004,2198.0,12.947,3.361547449045826,10.081979053,1.0,1,0.455,0.0351432764346953,2197.9,-0.0,-23.999999999996362,BREAK,0.049104263,0.049104263,False,False,,-1.999999999998181,-1.5000000000009095,-5.0,-4.5000000000027285,-10.0,-9.500000000002728,-23.999999999996362,-23.49999999999909,-5.999999999994543,-5.4999999999972715
2026-03-19,WALL,ASK,2026-03-19 00:23:28.542081832,1773879808542081832,2197.25,2197.4,70.209,4.914187723104921,10.063645271,0.9897119283110709,1,16.071,0.22890227748579242,2197.3,3.999999999996362,-3.000000000001819,BREAK,1.097222269,0.766121147,False,False,,-1.000000000003638,-0.500000000001819,-3.000000000001819,-2.5,-3.000000000001819,-2.5,3.999999999996362,4.499999999998181,-0.0,0.500000000001819
2026-03-19,WALL,ASK,2026-03-19 00:24:13.206660813,1773879853206660813,2196.8500000000004,2197.1,61.346,4.962465620449766,30.82617987,0.9827203848077721,2,0.891,0.014524174355296189,2197.0,2.000000000007276,-5.999999999994543,BREAK,1.632927169,1.582242205,False,False,1.632927169,-0.0,1.499999999996362,-3.999999999996362,-2.5,-3.999999999996362,-2.5,-5.999999999994543,-4.499999999998181,2.000000000007276,3.500000000003638
2026-03-19,WALL,ASK,2026-03-19 00:26:13.450742707,1773879973450742707,2197.45,2197.7,19.449,2.735443037974684,12.758347497,0.9893065314272025,2,3.075,0.15810581520900818,2197.6,-0.0,-26.000000000003638,BREAK,1.070632832,0.152423487,False,False,0.102523239,-1.999999999998181,-0.4999999999972715,-4.000000000005457,-2.5000000000045475,-4.000000000005457,-2.5000000000045475,-18.00000000000182,-16.50000000000091,-11.000000000003638,-9.500000000002728
2026-03-19,WALL,BID,2026-03-19 00:27:39.456058014,1773880059456058014,2198.45,2198.2,25.808,2.993793863464996,14.953014819,0.9901101745173092,2,5.731999999999999,0.222101673899566,2198.2999999999997,18.00000000000182,-0.999999999994543,BOUNCE,34.73115533,18.648702132,False,False,0.454969727,-0.999999999994543,0.5000000000063665,-0.999999999994543,0.5000000000063665,-0.999999999994543,0.5000000000063665,1.000000000003638,2.5000000000045475,18.00000000000182,19.50000000000273
2026-03-19,WALL,ASK,2026-03-19 00:28:30.880112603,1773880110880112603,2199.75,2199.9,79.811,8.22242826971617,10.51556548,0.9869235713227664,1,10.527,0.13189911165127613,2199.8,-0.0,-31.000000000003638,BREAK,2.857866842,0.098594813,False,False,,-1.000000000003638,-0.500000000001819,-3.999999999996362,-3.499999999994543,-5.0,-4.499999999998181,-26.000000000003638,-25.50000000000182,-31.000000000003638,-30.50000000000182
2026-03-19,WALL,ASK,2026-03-19 00:30:31.121744622,1773880231121744622,2202.95,2203.3,51.168,3.707691750298902,10.379528506,1.0,3,0.088,0.0017198248905565979,2203.2000000000003,8.000000000001819,-13.000000000001819,BREAK,7.449388644,7.397460814,False,False,0.102518436,-3.000000000001819,-0.4999999999972715,-3.000000000001819,-0.4999999999972715,-6.999999999998181,-4.4999999999936335,-1.999999999998181,0.5000000000063665,8.000000000001819,10.500000000006366
2026-03-19,WALL,ASK,2026-03-19 00:37:24.552116812,1773880644552116812,2196.05,2196.2,35.235,4.024557395773844,10.044361521,0.9896605073619791,1,8.715,0.2473392933163048,2196.1,8.000000000001819,-5.999999999994543,BOUNCE,1.650783895,3.030012075,False,False,,1.000000000003638,1.5000000000009095,6.000000000003638,6.5000000000009095,4.000000000005457,4.5000000000027285,-5.999999999994543,-5.4999999999972715,6.999999999998181,7.4999999999954525
2026-03-19,WALL,BID,2026-03-19 00:42:54.219061265,1773880974219061265,2193.25,2193.1,39.548,3.688318955467475,11.496745163,0.9900489409499839,1,9.506,0.24036613735207848,2193.2,3.999999999996362,-6.000000000003638,BREAK,9.752562609,2.555412516,False,False,,0.0,0.500000000001819,0.0,0.500000000001819,-1.999999999998181,-1.499999999996362,3.000000000001819,3.500000000003638,-5.0,-4.499999999998181
2026-03-19,WALL,BID,2026-03-19 00:45:11.661367599,1773881111661367599,2192.3500000000004,2192.1,35.534,6.34875826335537,10.010116531,1.0,2,4.438000000000001,0.12489446727078293,2192.2,6.999999999998181,-5.0,BREAK,13.473647469,8.260512921,False,False,0.508192632,-1.000000000003638,0.500000000001819,-1.000000000003638,0.500000000001819,0.0,1.500000000005457,0.999999999994543,2.5,3.999999999996362,5.500000000001819
2026-03-19,WALL,ASK,2026-03-19 00:47:49.673701969,1773881269673701969,2192.95,2193.2,48.04,2.3325483722172318,11.698182047,0.9671553245233917,2,8.559000000000001,0.17816402997502084,2193.1,-0.0,-28.00000000000182,BREAK,0.825739022,0.825739022,False,False,0.825739022,-4.000000000005457,-2.5000000000045475,-11.999999999998181,-10.499999999997272,-18.00000000000182,-16.50000000000091,-25.0,-23.49999999999909,-21.99999999999818,-20.49999999999727
2026-03-19,WALL,ASK,2026-03-19 00:47:50.499440991,1773881270499440991,2193.3500000000004,2193.6,58.687,6.596268405080364,12.860681183,0.9701242113436505,2,12.448,0.21210830337212672,2193.5,-0.0,-23.999999999996362,BREAK,0.918216455,0.098426189,False,False,0.510101514,-2.999999999992724,-1.499999999996362,-11.999999999998181,-10.500000000001819,-13.999999999996362,-12.5,-18.999999999996362,-17.5,-15.0,-13.500000000003638
2026-03-19,WALL,ASK,2026-03-19 00:47:51.518481696,1773881271518481696,2193.6499999999996,2193.9,19.459,2.0363122645458347,13.879721888,0.9723176735023641,2,0.455,0.023382496531168098,2193.8,-0.0,-21.000000000003638,BREAK,0.863821187,0.460257698,False,False,0.460257698,-3.000000000001819,-1.499999999996362,-9.000000000005457,-7.5,-19.000000000005457,-17.5,-16.000000000003638,-14.499999999998181,-12.000000000007276,-10.500000000001819
2026-03-19,WALL,BID,2026-03-19 00:48:47.153602567,1773881327153602567,2195.1499999999996,2195.0,35.425,5.021973348454777,18.26972342,0.9972556066751885,1,1.461,0.04124206069160198,2195.1,0.0,-16.99999999999818,BREAK,3.118558169,0.03750898,False,False,,0.0,0.4999999999972715,-3.999999999996362,-3.4999999999990905,-1.999999999998181,-1.5000000000009095,-12.999999999992724,-12.499999999995453,-16.99999999999818,-16.50000000000091
2026-03-19,WALL,BID,2026-03-19 00:50:39.979195242,1773881439979195242,2193.55,2193.2,102.598,11.996258403975446,13.842909897,0.9963975279496107,3,14.24,0.13879412854051737,2193.2999999999997,6.999999999998181,-6.000000000003638,BOUNCE,2.55328277,0.209128723,False,True,38.691481797,0.0,2.5000000000045475,6.999999999998181,9.500000000002728,0.0,2.5000000000045475,1.999999999998181,4.5000000000027285,-1.999999999998181,0.5000000000063665
2026-03-19,WALL,ASK,2026-03-19 00:53:48.015871225,1773881628015871225,2194.25,2194.5,35.929,2.872940988325604,13.06560315,0.9927288826310326,2,1.479,0.041164518912299254,2194.4,1.000000000003638,-15.0,BREAK,5.206666654,4.128891301,False,False,0.101665745,-1.999999999998181,-0.4999999999972715,-1.999999999998181,-0.4999999999972715,-3.999999999996362,-2.4999999999954525,-1.000000000003638,0.4999999999972715,-11.999999999998181,-10.499999999997272
2026-03-19,WALL,ASK,2026-03-19 00:54:21.054892268,1773881661054892268,2194.3500000000004,2194.5,25.528,2.135519491383637,10.063135453,0.9789792058361951,1,1.015,0.03976026324036352,2194.4,15.0,-13.999999999996362,BREAK,0.510039621,0.510039621,False,False,,-1.999999999998181,-1.5000000000009095,-1.999999999998181,-1.5000000000009095,-3.999999999996362,-3.4999999999990905,2.000000000007276,2.5000000000045475,13.000000000001819,13.49999999999909
2026-03-19,WALL,BID,2026-03-19 00:54:21.515613615,1773881661515613615,2194.45,2194.3,55.535,5.159087742115286,13.07570914,0.9838222847621403,1,12.49,0.22490321418925005,2194.4,13.000000000001819,-15.999999999994543,BOUNCE,5.001049674,0.102135864,False,False,,1.000000000003638,1.5000000000009095,1.999999999998181,2.4999999999954525,3.000000000001819,3.4999999999990905,-3.000000000001819,-2.5000000000045475,-13.999999999996362,-13.49999999999909
2026-03-19,WALL,ASK,2026-03-19 00:55:24.099700897,1773881724099700897,2192.95,2193.1,37.903,4.792388418257681,11.343842717,0.9783993909195524,1,7.029,0.1854470622378176,2193.0,10.0,-15.0,BREAK,3.471030036,2.44249192,False,False,,-0.0,0.500000000001819,-4.000000000005457,-3.500000000003638,-8.000000000001819,-7.5,-9.000000000005457,-8.500000000003638,10.0,10.500000000001819
2026-03-19,WALL,BID,2026-03-19 00:55:46.437145521,1773881746437145521,2194.45,2194.3,33.332,4.2412520676930905,10.396314349,1.0,1,6.883,0.20649825993039722,2194.4,0.0,-25.0,BREAK,1.082019316,0.163021133,False,False,,-0.999999999994543,-0.4999999999972715,-5.999999999994543,-5.4999999999972715,-5.0,-4.5000000000027285,-10.0,-9.500000000002728,-15.999999999994543,-15.499999999997272
2026-03-19,WALL,BID,2026-03-19 00:56:05.250628955,1773881765250628955,2193.8500000000004,2193.6,34.974,4.166299362677943,10.303456954,1.0,2,6.936999999999999,0.1983473437410648,2193.7,0.0,-19.000000000005457,BREAK,1.056104339,0.188493518,False,False,0.188493518,-2.000000000007276,-0.500000000001819,-4.000000000005457,-2.5,-4.000000000005457,-2.5,-6.000000000003638,-4.499999999998181,-10.0,-8.499999999994543
2026-03-19,WALL,BID,2026-03-19 00:56:29.893107743,1773881789893107743,2192.25,2191.9,111.361,30.505684152855775,10.363493341,0.999226933743634,3,25.145000000000003,0.22579718213737307,2192.0,10.0,-1.000000000003638,BOUNCE,4.952646424,0.916070095,False,True,,0.0,2.5,5.0,7.5,8.999999999996362,11.499999999996362,6.000000000003638,8.500000000003638,6.999999999998181,9.499999999998181
2026-03-19,WALL,BID,2026-03-19 00:57:09.094038816,1773881829094038816,2192.75,2192.5,12.38,2.1238634414136217,10.414282664,1.0,2,1.346,0.10872374798061389,2192.6,5.0,-6.000000000003638,BREAK,0.311449883,0.311449883,False,False,0.104532268,-6.000000000003638,-4.5000000000027285,-1.999999999998181,-0.4999999999972715,-1.999999999998181,-0.4999999999972715,3.999999999996362,5.4999999999972715,-5.0,-3.4999999999990905
2026-03-19,WALL,ASK,2026-03-19 01:12:39.999721674,1773882759999721674,2191.25,2191.6,46.1,4.692589576547231,13.177304156,0.982039982518561,3,7.195,0.15607375271149676,2191.5,13.999999999996362,-6.000000000003638,BREAK,0.152202438,0.050378491,False,False,0.050378491,-3.999999999996362,-1.499999999996362,-3.999999999996362,-1.499999999996362,-1.999999999998181,0.500000000001819,5.0,7.5,10.0,12.5
2026-03-19,WALL,BID,2026-03-19 01:13:25.331778623,1773882805331778623,2190.3500000000004,2190.2,35.712,3.7234907725993116,12.048737841,0.9886084531997247,1,8.813,0.24677979390681004,2190.2999999999997,2.999999999992724,-5.0,BREAK,1.530792485,1.377580511,False,False,,0.0,0.5000000000063665,-5.0,-4.4999999999936335,-5.0,-4.4999999999936335,0.0,0.5000000000063665,2.999999999992724,3.4999999999990905
2026-03-19,WALL,ASK,2026-03-19 01:13:35.950567598,1773882815950567598,2190.05,2190.4,85.048,7.214182712698277,23.07272358,0.9872138001403648,3,4.1530000000000005,0.0488312482362901,2190.3,-0.0,-5.999999999994543,BREAK,29.246802025,0.398440717,False,False,0.254309685,-0.999999999994543,1.500000000005457,-3.000000000001819,-0.500000000001819,-3.000000000001819,-0.500000000001819,-5.0,-2.5,-3.000000000001819,-0.500000000001819
2026-03-19,WALL,ASK,2026-03-19 01:22:36.980598624,1773883356980598624,2192.1499999999996,2192.3,58.373,2.8591790752351094,10.922244814,0.9870205983830093,1,14.059,0.24084765216795437,2192.2000000000003,38.99999999999636,-0.0,BOUNCE,0.452917185,0.866659452,False,False,,5.999999999994543,6.5000000000009095,8.999999999996362,9.500000000002728,8.999999999996362,9.500000000002728,17.999999999992724,18.49999999999909,36.99999999999818,37.50000000000455
2026-03-19,WALL,ASK,2026-03-19 01:26:22.335133894,1773883582335133894,2190.05,2190.3,35.856,3.216938812129912,10.094473345,0.97878433894661,2,4.795,0.13372936189201248,2190.2000000000003,-0.0,-10.0,BREAK,1.351462055,1.351462055,False,False,1.249016102,-0.0,1.5000000000009095,-3.999999999996362,-2.4999999999954525,-5.0,-3.4999999999990905,-3.000000000001819,-1.5000000000009095,-10.999999999994543,-9.499999999993634
2026-03-19,WALL,ASK,2026-03-19 01:26:38.536935308,1773883598536935308,2190.55,2190.7,35.924,2.3044454422990572,11.994093769,0.9871295994534425,1,7.32,0.20376350072375016,2190.6,3.000000000001819,-13.999999999996362,BOUNCE,7.408756814,34.516634476,False,False,,-0.0,0.4999999999972715,-0.0,0.4999999999972715,1.999999999998181,2.4999999999954525,1.999999999998181,2.4999999999954525,-13.999999999996362,-13.49999999999909
2026-03-19,WALL,ASK,2026-03-19 01:27:47.316795454,1773883667316795454,2191.95,2192.2,35.93,2.6610872463338766,11.909481892,1.0,2,1.003,0.027915391038129695,2192.1,3.999999999996362,-5.0,BREAK,6.789628998,1.525521909,False,True,6.789628998,-0.0,1.5000000000009095,-0.0,1.5000000000009095,-5.0,-3.4999999999990905,0.999999999994543,2.4999999999954525,1.999999999998181,3.4999999999990905
2026-03-19,WALL,BID,2026-03-19 01:28:30.391516132,1773883710391516132,2191.55,2191.2,51.948,7.932809040238221,13.067444289,0.9978697767991686,3,7.27,0.13994763994763995,2191.2999999999997,13.999999999996362,0.0,BOUNCE,1.052018475,27.313281021,False,True,,0.999999999994543,3.4999999999990905,1.999999999998181,4.5000000000027285,1.999999999998181,4.5000000000027285,8.999999999996362,11.50000000000091,11.999999999998181,14.500000000002728
2026-03-19,WALL,ASK,2026-03-19 01:29:00.310192779,1773883740310192779,2192.3500000000004,2192.5,37.362,3.3695887445887442,10.670547146,0.9741180778060169,1,2.625,0.07025855146940742,2192.4,-0.999999999994543,-5.999999999994543,BREAK,8.782353328,0.146899496,False,False,,-0.999999999994543,-0.4999999999972715,-0.999999999994543,-0.4999999999972715,-5.999999999994543,-5.4999999999972715,-3.999999999996362,-3.4999999999990905,-5.0,-4.5000000000027285
2026-03-19,WALL,ASK,2026-03-19 01:32:37.232695128,1773883957232695128,2192.25,2192.4,116.793,12.859124690338565,22.788736583,1.0,1,7.277,0.06230681633317065,2192.3,13.999999999996362,-6.999999999998181,BOUNCE,0.050851644,0.15193609,False,False,,8.000000000001819,8.500000000003638,3.000000000001819,3.500000000003638,11.000000000003638,11.500000000005457,-1.999999999998181,-1.499999999996362,-1.000000000003638,-0.500000000001819
2026-03-19,WALL,ASK,2026-03-19 01:33:49.049348912,1773884029049348912,2192.3500000000004,2192.5,27.421,3.4263401224540795,22.208793691,0.9871059958057944,1,2.995,0.1092228583932023,2192.4,-0.0,-36.99999999999818,BREAK,0.103317334,0.051552767,False,False,,-3.999999999996362,-3.4999999999990905,-2.999999999992724,-2.4999999999954525,-6.999999999998181,-6.5000000000009095,-10.999999999994543,-10.499999999997272,-36.99999999999818,-36.50000000000091
2026-03-19,WALL,BID,2026-03-19 01:36:39.777987158,1773884199777987158,2195.25,2195.1,36.376,4.284065481097633,13.267378834,0.9842727488518476,1,6.069,0.1668407741367935,2195.2,28.999999999996362,0.0,BOUNCE,3.174220467,3.683853227,False,False,,1.000000000003638,1.500000000005457,5.0,5.500000000001819,5.0,5.500000000001819,8.000000000001819,8.500000000003638,28.999999999996362,29.49999999999818
2026-03-19,WALL,ASK,2026-03-19 01:36:59.033636814,1773884219033636814,2195.95,2196.3,40.818,2.5775448345541805,15.571796429,1.0,3,4.531,0.11100494879709932,2196.2000000000003,3.999999999996362,-26.000000000003638,BREAK,0.204025431,0.050317192,False,False,0.204025431,-4.000000000005457,-1.5000000000009095,3.999999999996362,6.5000000000009095,-1.000000000003638,1.5000000000009095,-11.000000000003638,-8.49999999999909,-21.000000000003638,-18.49999999999909
2026-03-19,WALL,ASK,2026-03-19 01:41:52.076361091,1773884512076361091,2197.6499999999996,2198.0,12.829,2.98452948703036,21.477081537,0.9928379404932182,3,1.6,0.12471743705666849,2197.9,-0.0,-39.00000000000546,BREAK,8.147222783,0.887959767,False,True,7.786918631,-1.000000000003638,1.5000000000009095,-1.000000000003638,1.5000000000009095,-9.000000000005457,-6.5000000000009095,-14.000000000005457,-11.50000000000091,-34.00000000000546,-31.50000000000091
2026-03-19,WALL,ASK,2026-03-19 01:51:01.310335692,1773885061310335692,2199.05,2199.3,72.921,5.597896595401681,10.409518522,1.0,2,10.331,0.14167386623880637,2199.2000000000003,18.00000000000182,-0.0,BOUNCE,21.292206088,5.153116253,False,True,,-0.0,1.5000000000009095,-0.0,1.5000000000009095,1.000000000003638,2.5000000000045475,6.000000000003638,7.5000000000045475,18.00000000000182,19.50000000000273
2026-03-19,WALL,ASK,2026-03-19 01:53:18.267840943,1773885198267840943,2199.6499999999996,2200.0,94.598,7.724492712203486,14.039732137,1.0,3,9.48,0.10021353516987674,2199.9,1.999999999998181,-6.000000000003638,BREAK,2.193143875,0.38844979,False,True,2.193143875,-1.000000000003638,1.5000000000009095,-5.0,-2.4999999999954525,-5.0,-2.4999999999954525,0.999999999994543,3.4999999999990905,-1.000000000003638,1.5000000000009095
2026-03-19,WALL,ASK,2026-03-19 01:54:33.786622826,1773885273786622826,2200.05,2200.4,91.021,11.103507166819153,14.752745279,0.9900109025667398,3,5.686,0.062469100537238656,2200.3,1.000000000003638,-5.0,BREAK,27.715108381,0.472872032,False,True,27.461043441,-0.999999999994543,1.500000000005457,-0.999999999994543,1.500000000005457,1.000000000003638,3.500000000003638,-5.0,-2.5,-0.999999999994543,1.500000000005457
2026-03-19,WALL,ASK,2026-03-19 01:56:08.343720847,1773885368343720847,2200.25,2200.6,39.16,4.005728314238953,16.75013841,0.9731180831478276,3,9.269,0.2366956077630235,2200.5,3.999999999996362,-11.999999999998181,BREAK,11.590698766,5.409282625,False,True,11.590698766,-1.000000000003638,1.499999999996362,-1.000000000003638,1.499999999996362,-1.000000000003638,1.499999999996362,-0.0,2.5,3.999999999996362,6.499999999996362
2026-03-19,WALL,ASK,2026-03-19 01:57:37.467357346,1773885457467357346,2199.8500000000004,2200.2,39.626,2.0573713039640715,11.337007314,0.9523429712943026,3,5.0,0.12617978095190027,2200.1,15.0,-10.0,BREAK,3.472206984,2.398448593,False,True,3.472206984,-0.0,2.4999999999954525,-10.0,-7.5000000000045475,-3.999999999996362,-1.5000000000009095,8.000000000001819,10.499999999997272,14.000000000005457,16.50000000000091
2026-03-19,WALL,BID,2026-03-19 01:58:43.837323046,1773885523837323046,2198.25,2197.9,51.207,3.392989663397827,13.382871584,0.9985537592676941,3,9.457,0.18468178178764624,2198.0,0.0,-13.999999999996362,BREAK,9.189685759,1.709654222,False,True,9.085014808,-1.000000000003638,1.499999999996362,-1.000000000003638,1.499999999996362,-5.0,-2.5,-3.999999999996362,-1.499999999996362,-13.999999999996362,-11.499999999996362
2026-03-19,WALL,ASK,2026-03-19 01:59:06.456829787,1773885546456829787,2198.0,2198.2,48.774,7.9793865030674835,14.042249856,0.9817321950093066,1,1.255,0.02573092221265428,2198.1,11.499999999996362,-1.499999999996362,BOUNCE,17.460018549,5.156803118,False,False,,-1.499999999996362,-0.4999999999972715,1.499999999996362,2.4999999999954525,1.499999999996362,2.4999999999954525,4.499999999998181,5.4999999999972715,7.5,8.49999999999909
2026-03-19,WALL,ASK,2026-03-19 02:03:36.139459961,1773885816139459961,2193.95,2194.3,39.215,4.890565567126022,13.477041844,0.9840584695449581,3,8.158999999999999,0.20805814101746775,2194.2000000000003,-1.000000000003638,-8.000000000001819,BREAK,3.876483697,0.764848885,False,True,3.77516175,-1.000000000003638,1.5000000000009095,-6.999999999998181,-4.4999999999936335,-4.000000000005457,-1.5000000000009095,-1.000000000003638,1.5000000000009095,-8.000000000001819,-5.4999999999972715
2026-03-19,WALL,ASK,2026-03-19 02:06:26.794744557,1773885986794744557,2192.95,2193.1,38.97,3.573098610920093,17.610251063,0.9706857406999365,1,7.532,0.19327687965101362,2193.0,0.999999999994543,-36.00000000000364,BREAK,0.100226261,0.050885029,False,False,,-6.999999999998181,-6.499999999996362,-5.0,-4.499999999998181,-4.000000000005457,-3.500000000003638,-11.000000000003638,-10.500000000001819,-35.0,-34.49999999999818
2026-03-19,WALL,ASK,2026-03-19 02:12:59.912189520,1773886379912189520,2200.05,2200.2,22.713,2.3682811115166054,10.028924428,0.978099887821789,1,0.524,0.023070488266631446,2200.1,4.000000000005457,-5.0,BREAK,0.088597567,0.045084712,False,False,,-1.999999999998181,-1.5000000000009095,-1.999999999998181,-1.5000000000009095,-5.0,-4.5000000000027285,4.000000000005457,4.5000000000027285,1.000000000003638,1.5000000000009095
2026-03-19,WALL,BID,2026-03-19 02:14:44.867571438,1773886484867571438,2200.55,2200.2,24.985,3.5685210312075983,17.003347429,0.9946760920825739,3,1.414,0.05659395637382429,2200.2999999999997,8.999999999996362,-15.0,BREAK,0.10212482,0.051216591,False,False,0.051216591,-4.000000000005457,-1.5000000000009095,-5.0,-2.4999999999954525,-1.999999999998181,0.5000000000063665,-15.0,-12.499999999995453,-1.999999999998181,0.5000000000063665
2026-03-19,WALL,ASK,2026-03-19 02:16:59.531165938,1773886619531165938,2200.1499999999996,2200.4,34.898,3.161193894651026,14.507010066,0.9977664631200649,2,6.475,0.18554071866582608,2200.3,-0.0,-18.00000000000182,BREAK,0.612383038,0.612383038,False,False,0.436214573,-6.000000000003638,-4.499999999998181,-9.000000000005457,-7.5,-11.000000000003638,-9.499999999998181,-13.000000000001819,-11.499999999996362,-17.000000000007276,-15.500000000001819
2026-03-19,WALL,BID,2026-03-19 02:17:26.544165862,1773886646544165862,2201.75,2201.6,32.98,5.246162411516742,11.082113554,0.9905835032738557,1,0.96,0.029108550636749546,2201.7,8.999999999996362,-5.0,BREAK,1.175201735,1.07343108,False,False,,0.0,0.500000000001819,1.000000000003638,1.500000000005457,1.999999999998181,2.5,0.0,0.500000000001819,-5.0,-4.499999999998181
2026-03-19,WALL,BID,2026-03-19 02:19:57.764859569,1773886797764859569,2200.3500000000004,2200.2,33.08,3.8205231853092334,14.81751467,0.9787581904246564,1,3.277,0.09906287787182588,2200.2999999999997,22.999999999992724,-1.000000000003638,BOUNCE,3.368558564,0.90099337,False,False,,-1.000000000003638,-0.4999999999972715,2.999999999992724,3.4999999999990905,2.999999999992724,3.4999999999990905,12.999999999992724,13.49999999999909,20.999999999994543,21.50000000000091
2026-03-19,WALL,ASK,2026-03-19 02:23:43.664275385,1773887023664275385,2200.25,2200.5,38.76,2.427126710291493,25.393618867,0.9724143374495422,2,5.908,0.15242518059855523,2200.4,-0.0,-15.0,BREAK,1.584457246,1.535435777,False,False,1.535435777,-0.0,1.5000000000009095,-3.999999999996362,-2.4999999999954525,-6.999999999998181,-5.4999999999972715,-8.000000000001819,-6.5000000000009095,-6.999999999998181,-5.4999999999972715
2026-03-19,WALL,BID,2026-03-19 02:26:10.703170385,1773887170703170385,2200.05,2199.8,25.418,2.131399102762987,15.724062792,0.9963557468729294,2,3.199,0.12585569281611456,2199.9,11.999999999998181,-1.999999999998181,BOUNCE,10.769426314,0.964383305,False,False,0.050071874,-1.000000000003638,0.4999999999972715,-1.999999999998181,-0.4999999999972715,-1.999999999998181,-0.4999999999972715,8.000000000001819,9.500000000002728,3.000000000001819,4.5000000000027285
2026-03-19,WALL,ASK,2026-03-19 02:27:39.399347368,1773887259399347368,2199.8500000000004,2200.0,25.449,2.248939554612938,10.092618877,0.9798774223543882,1,6.255,0.24578568902510903,2199.9,1.000000000003638,-10.0,BREAK,59.256009269,28.418661914,False,False,,-0.0,0.4999999999972715,-0.0,0.4999999999972715,-0.0,0.4999999999972715,1.000000000003638,1.5000000000009095,-10.0,-9.500000000002728
2026-03-19,WALL,BID,2026-03-19 02:29:08.269021249,1773887348269021249,2200.8500000000004,2200.7,36.735,3.290339916700255,10.015456261,0.9870259535248546,1,2.271,0.06182115149040424,2200.7999999999997,15.999999999994543,0.0,BOUNCE,13.169478516,9.363310856,False,False,,0.0,0.5000000000063665,0.0,0.5000000000063665,0.999999999994543,1.5000000000009095,1.999999999998181,2.5000000000045475,11.999999999998181,12.500000000004547
2026-03-19,WALL,ASK,2026-03-19 02:29:15.392807968,1773887355392807968,2200.8500000000004,2201.0,25.629,2.4747972190034764,17.612049159,0.9799712588344814,1,5.906,0.23044207733426975,2200.9,-0.0,-15.999999999994543,BREAK,6.045691797,5.740514274,False,False,,-0.0,0.4999999999972715,-0.999999999994543,-0.4999999999972715,-1.999999999998181,-1.5000000000009095,-10.0,-9.500000000002728,-8.999999999996362,-8.49999999999909
2026-03-19,WALL,ASK,2026-03-19 02:29:38.379455312,1773887378379455312,2201.05,2201.2,33.322,3.374892388717274,15.742211801,0.9935344907509417,1,7.723,0.2317688013924734,2201.1,-0.0,-13.999999999996362,BREAK,2.60887243,1.282407322,False,False,,-0.0,0.4999999999972715,-8.000000000001819,-7.5000000000045475,-8.000000000001819,-7.5000000000045475,-10.0,-9.500000000002728,-8.999999999996362,-8.49999999999909
2026-03-19,WALL,BID,2026-03-19 02:29:59.877479478,1773887399877479478,2201.95,2201.8,60.855,4.849003984063745,17.460590839,0.9791435883036329,1,11.433,0.18787281242297266,2201.9,6.999999999998181,-8.000000000001819,BOUNCE,0.204015962,3.062858488,False,False,,5.0,5.4999999999972715,1.000000000003638,1.5000000000009095,1.000000000003638,1.5000000000009095,-5.999999999994543,-5.4999999999972715,6.999999999998181,7.4999999999954525
2026-03-19,WALL,ASK,2026-03-19 02:30:00.081495440,1773887400081495440,2202.25,2202.5,54.621,6.268548803580651,14.753738317,0.9855550563917461,2,8.46,0.1548854836052068,2202.4,11.000000000003638,-3.999999999996362,BOUNCE,1.788060752,0.2550448,False,False,0.153130115,-1.999999999998181,-0.4999999999972715,1.999999999998181,3.4999999999990905,1.999999999998181,3.4999999999990905,8.999999999996362,10.499999999997272,-3.999999999996362,-2.4999999999954525
2026-03-19,WALL,BID,2026-03-19 02:34:26.770392621,1773887666770392621,2202.55,2202.4,112.743,8.895613066119616,12.968945566,1.0,1,10.126,0.08981488872923374,2202.5,13.000000000001819,0.999999999994543,BOUNCE,1.686298709,0.102523199,False,False,,0.999999999994543,1.499999999996362,3.999999999996362,4.499999999998181,3.999999999996362,4.499999999998181,10.0,10.500000000001819,6.999999999998181,7.5
2026-03-19,WALL,ASK,2026-03-19 02:36:02.735477242,1773887762735477242,2203.75,2204.1,54.099,4.620884048686739,10.410251328,0.9854438377878133,3,13.22,0.24436680899831792,2204.0,8.000000000001819,-3.999999999996362,BREAK,8.11640278,4.24109054,False,False,4.24109054,-0.0,2.5,-1.999999999998181,0.500000000001819,-3.999999999996362,-1.499999999996362,3.000000000001819,5.500000000001819,8.000000000001819,10.500000000001819
2026-03-19,WALL,BID,2026-03-19 02:36:27.092152769,1773887787092152769,2203.75,2203.6,38.339,3.406699840056868,10.008722094,1.0,1,3.809,0.09935053079110046,2203.7,0.0,-8.000000000001819,BREAK,1.261947847,0.206047205,False,False,,-1.000000000003638,-0.500000000001819,-3.000000000001819,-2.5,-3.000000000001819,-2.5,-6.999999999998181,-6.499999999996362,-3.999999999996362,-3.499999999994543
2026-03-19,WALL,BID,2026-03-19 02:36:28.304829075,1773887788304829075,2203.6499999999996,2203.3,35.43,3.909732950783491,14.487857445,1.0,3,1.816,0.051255997742026535,2203.4,-0.999999999994543,-6.999999999998181,BREAK,10.377953926,1.134940562,False,False,0.931008447,-1.999999999998181,0.4999999999972715,-1.999999999998181,0.4999999999972715,-1.999999999998181,0.4999999999972715,-5.999999999994543,-3.4999999999990905,-2.999999999992724,-0.4999999999972715
2026-03-19,WALL,BID,2026-03-19 02:37:28.740031965,1773887848740031965,2203.3500000000004,2203.2,24.964,2.112639106334363,24.025361961,0.9760326032159379,1,1.85,0.07410671366768147,2203.2999999999997,5.0,0.0,BOUNCE,8.751958885,18.349847483,False,False,,0.0,0.5000000000063665,0.0,0.5000000000063665,2.999999999992724,3.4999999999990905,2.999999999992724,3.4999999999990905,0.999999999994543,1.5000000000009095
2026-03-19,WALL,BID,2026-03-19 02:38:01.027832282,1773887881027832282,2203.45,2203.2,36.721,2.925043810737613,12.000401053,0.9926613452657914,2,4.991,0.13591677786552653,2203.2999999999997,4.000000000005457,-1.999999999998181,BOUNCE,2.546623276,17.239414834,False,True,45.115572541,0.0,1.5000000000009095,1.999999999998181,3.4999999999990905,4.000000000005457,5.5000000000063665,0.0,1.5000000000009095,-0.999999999994543,0.5000000000063665
2026-03-19,WALL,BID,2026-03-19 02:38:44.242007733,1773887924242007733,2203.55,2203.3,34.964,3.731085263045566,10.042012237,0.9756159935657326,2,6.834,0.19545818556229264,2203.4,0.999999999994543,-3.000000000001819,BREAK,4.152155963,1.90139709,False,False,1.90139709,0.0,1.5000000000009095,-3.000000000001819,-1.5000000000009095,-3.000000000001819,-1.5000000000009095,-1.999999999998181,-0.4999999999972715,-1.999999999998181,-0.4999999999972715
2026-03-19,WALL,ASK,2026-03-19 02:39:18.927357317,1773887958927357317,2203.55,2203.8,29.51,3.76739435720669,19.202954315,0.9930099002060767,2,3.3129999999999997,0.11226702812605895,2203.7000000000003,1.999999999998181,-0.999999999994543,BOUNCE,12.562737805,2.130427492,False,False,0.052698836,-0.999999999994543,0.5000000000063665,-0.999999999994543,0.5000000000063665,-0.999999999994543,0.5000000000063665,1.999999999998181,3.4999999999990905,-0.999999999994543,0.5000000000063665
2026-03-19,WALL,ASK,2026-03-19 02:43:02.489849362,1773888182489849362,2204.95,2205.1,70.489,11.661675903714123,25.432681143,0.9864257017551993,1,0.674,0.009561775596192314,2205.0,5.999999999994543,-0.0,BOUNCE,44.105819141,0.099025668,False,False,,-0.0,0.500000000001819,-0.0,0.500000000001819,-0.0,0.500000000001819,0.999999999994543,1.499999999996362,5.999999999994543,6.499999999996362
2026-03-19,WALL,BID,2026-03-19 02:45:12.202622480,1773888312202622480,2204.05,2203.9,36.741,3.600999705968833,10.310551333,1.0,1,5.456,0.14849895212432979,2204.0,3.000000000001819,-5.0,BREAK,5.616982879,5.514762178,False,False,,0.0,0.500000000001819,0.0,0.500000000001819,0.0,0.500000000001819,1.999999999998181,2.5,-5.0,-4.499999999998181
2026-03-19,WALL,ASK,2026-03-19 02:47:07.518363326,1773888427518363326,2203.3500000000004,2203.7,71.959,4.671600610250917,10.051528274,0.9699405635875745,3,3.8200000000000003,0.053085784960880504,2203.6,15.0,-1.999999999998181,BOUNCE,27.473091512,0.155438113,False,True,1.490344291,-0.999999999994543,1.5000000000009095,-1.999999999998181,0.4999999999972715,-1.999999999998181,0.4999999999972715,2.000000000007276,4.5000000000027285,15.0,17.499999999995453
2026-03-19,WALL,BID,2026-03-19 02:50:24.360528098,1773888624360528098,2199.3500000000004,2199.2,25.857,2.629614563205532,11.322876032,0.9952020907191365,1,0.876,0.033878640213481845,2199.2999999999997,10.0,-12.000000000007276,BREAK,1.228404029,0.478098479,False,False,,-1.000000000003638,-0.4999999999972715,-1.000000000003638,-0.4999999999972715,6.999999999998181,7.5000000000045475,10.0,10.500000000006366,-10.0,-9.499999999993634
2026-03-19,WALL,ASK,2026-03-19 02:55:43.178708221,1773888943178708221,2198.55,2198.8,26.237,2.045371272656402,28.039436596,0.9954211642748088,2,0.8,0.030491290925029543,2198.7000000000003,11.999999999998181,-0.0,BOUNCE,6.939984565,0.696329709,False,True,,-0.0,1.5000000000009095,-0.0,1.5000000000009095,1.999999999998181,3.4999999999990905,1.999999999998181,3.4999999999990905,11.999999999998181,13.49999999999909
2026-03-19,WALL,ASK,2026-03-19 02:57:27.609481420,1773889047609481420,2197.55,2197.7,34.813,3.1191649493772964,11.168143529,0.9770103250076165,1,8.693,0.24970556975842356,2197.6,1.000000000003638,-1.999999999998181,BREAK,2.509720276,1.486261433,False,False,,-0.0,0.4999999999972715,-1.999999999998181,-1.5000000000009095,-1.999999999998181,-1.5000000000009095,-1.999999999998181,-1.5000000000009095,1.000000000003638,1.5000000000009095
2026-03-19,WALL,ASK,2026-03-19 02:59:17.904876523,1773889157904876523,2196.4,2196.7,58.563,3.662820151984239,11.287865363,0.9998909948019018,2,3.231,0.05517135392654064,2196.6,-0.4999999999972715,-15.499999999997272,BREAK,18.997792501,7.696659369,False,True,9.249332805,-0.4999999999972715,1.5000000000009095,-0.4999999999972715,1.5000000000009095,-1.5000000000009095,0.4999999999972715,-5.4999999999972715,-3.4999999999990905,-15.499999999997272,-13.49999999999909
2026-03-19,WALL,ASK,2026-03-19 03:04:11.697857722,1773889451697857722,2198.25,2198.6,63.523,5.0666400797607185,10.261451937,0.9990163254613508,3,15.802,0.24876029154794324,2198.5,-0.0,-35.0,BREAK,17.505534366,1.393180906,False,False,1.477523836,-0.0,2.5,-1.999999999998181,0.500000000001819,-1.999999999998181,0.500000000001819,-31.000000000003638,-28.500000000003638,-28.00000000000182,-25.50000000000182
2026-03-19,WALL,BID,2026-03-19 03:04:59.927803928,1773889499927803928,2201.05,2200.7,52.525,2.6309857743939093,25.215368402,0.9754463350632271,3,12.575,0.23940980485483102,2200.7999999999997,0.0,0.0,NONE,,60.0,True,False,,0.0,2.5000000000045475,0.0,2.5000000000045475,0.0,2.5000000000045475,0.0,2.5000000000045475,0.0,2.5000000000045475
2026-03-19,WALL,BID,2026-03-19 03:06:05.680697634,1773889565680697634,2200.8500000000004,2200.6,48.172,5.0397028822514,40.744852374,0.9771080458842161,2,5.698,0.11828448061114342,2200.7,10.999999999994543,-1.000000000003638,BOUNCE,3.112090982,2.487591856,False,False,0.152579265,-1.000000000003638,0.500000000001819,2.999999999992724,4.499999999998181,10.999999999994543,12.5,5.999999999994543,7.5,0.0,1.500000000005457
2026-03-19,WALL,ASK,2026-03-19 03:07:21.076597156,1773889641076597156,2200.3500000000004,2200.6,43.53,10.07638888888889,11.234019402,0.9933485221694831,2,6.035,0.13864001837813003,2200.5,2.000000000007276,-10.0,BOUNCE,0.050800319,3.515894384,False,True,15.983732513,2.000000000007276,3.500000000003638,2.000000000007276,3.500000000003638,2.000000000007276,3.500000000003638,-2.999999999992724,-1.499999999996362,-10.0,-8.500000000003638
2026-03-19,WALL,BID,2026-03-19 03:13:02.511612119,1773889982511612119,2206.8500000000004,2206.5,28.924,2.725080082909365,11.698054784,0.9917597058844481,3,6.564,0.22693956575853963,2206.6,0.0,-9.000000000005457,BREAK,5.206981432,4.382330299,False,True,5.206981432,0.0,2.5000000000045475,-1.000000000003638,1.5000000000009095,-2.000000000007276,0.4999999999972715,-3.000000000001819,-0.4999999999972715,-9.000000000005457,-6.5000000000009095
2026-03-19,WALL,BID,2026-03-19 03:13:41.579284914,1773890021579284914,2206.25,2206.0,51.451,5.415609704752381,10.541945072,0.9823886370369053,2,12.408000000000001,0.24116149345979673,2206.1,0.0,-3.000000000001819,BREAK,11.150131365,1.49795126,False,True,11.150131365,0.0,1.5000000000009095,0.0,1.5000000000009095,0.0,1.5000000000009095,-3.000000000001819,-1.5000000000009095,-1.000000000003638,0.4999999999972715
2026-03-19,WALL,BID,2026-03-19 03:14:57.775600134,1773890097775600134,2206.05,2205.8,99.219,9.32377954235775,31.911490809,0.990682883642774,2,24.007,0.24195970529838037,2205.9,3.999999999996362,-6.000000000003638,BREAK,18.224685732,2.962271429,False,False,3.065405427,0.0,1.5000000000009095,-1.999999999998181,-0.4999999999972715,-1.000000000003638,0.4999999999972715,-6.000000000003638,-4.5000000000027285,3.999999999996362,5.4999999999972715
2026-03-19,WALL,ASK,2026-03-19 03:15:29.581561877,1773890129581561877,2205.45,2205.8,28.962,3.296568208980707,11.438833737,0.9953174528774952,3,4.1,0.14156480906014776,2205.7000000000003,-0.0,-25.0,BREAK,0.30691322,0.050388667,False,False,0.30691322,-5.0,-2.4999999999954525,-5.0,-2.4999999999954525,-5.0,-2.4999999999954525,-10.0,-7.4999999999954525,-16.000000000003638,-13.49999999999909
2026-03-19,WALL,ASK,2026-03-19 03:16:56.317909142,1773890216317909142,2207.8500000000004,2208.0,113.221,9.54726368159204,10.032141325,1.0,1,13.357,0.1179728142305756,2207.9,-0.0,-81.99999999999818,BREAK,10.115682269,10.115682269,False,False,,-0.0,0.4999999999972715,-0.0,0.4999999999972715,-0.0,0.4999999999972715,-17.999999999992724,-17.499999999995453,-81.99999999999818,-81.50000000000091
2026-03-19,WALL,ASK,2026-03-19 03:17:10.973665628,1773890230973665628,2208.8500000000004,2209.0,135.104,5.788269568570327,35.838305772,0.9966066223728964,1,22.399,0.16579079819990525,2208.9,-0.0,-71.99999999999818,BREAK,15.05801969,15.05801969,False,False,,-0.0,0.4999999999972715,-0.0,0.4999999999972715,-0.999999999994543,-0.4999999999972715,-65.99999999999454,-65.49999999999727,-57.999999999992724,-57.49999999999545
2026-03-19,WALL,ASK,2026-03-19 03:17:27.765163444,1773890247765163444,2210.75,2211.0,100.09,26.884233145312923,10.156187357,0.9999899961475277,2,2.44,0.024378059746228392,2210.9,-1.999999999998181,-76.99999999999818,BREAK,0.102723019,0.102723019,False,False,0.052201244,-18.00000000000182,-16.50000000000091,-40.0,-38.49999999999909,-48.00000000000182,-46.50000000000091,-53.00000000000182,-51.50000000000091,-65.0,-63.49999999999909
2026-03-19,WALL,BID,2026-03-19 03:21:52.867639289,1773890512867639289,2222.3500000000004,2222.1,47.65,14.112246409003406,12.83190665,1.0,2,6.029,0.12652675760755508,2222.2,73.99999999999636,-2.000000000007276,BOUNCE,16.747834814,0.199994598,False,False,0.151586961,-2.000000000007276,-0.500000000001819,-1.000000000003638,0.500000000001819,0.999999999994543,2.5,10.999999999994543,12.5,47.999999999992724,49.49999999999818
2026-03-19,WALL,BID,2026-03-19 03:26:51.107427953,1773890811107427953,2228.05,2227.7,36.958,5.287267525035765,11.014165064,0.9804568220333328,3,8.14,0.22025001352887064,2227.7999999999997,28.00000000000182,-10.0,BREAK,2.416278616,0.377271111,False,False,0.428265783,-3.000000000001819,-0.4999999999972715,-8.000000000001819,-5.4999999999972715,-6.000000000003638,-3.4999999999990905,11.999999999998181,14.500000000002728,20.999999999994543,23.49999999999909
2026-03-19,WALL,ASK,2026-03-19 03:33:33.753344712,1773891213753344712,2220.8500000000004,2221.0,61.618,5.680125368731564,11.147545137,0.998187593972332,1,12.971,0.21050667012885846,2220.9,8.000000000001819,-15.0,BREAK,5.815752908,2.090751607,False,False,,-0.0,0.4999999999972715,-0.999999999994543,-0.4999999999972715,2.000000000007276,2.5000000000045475,-7.999999999992724,-7.4999999999954525,8.000000000001819,8.49999999999909
2026-03-19,WALL,BID,2026-03-19 03:35:06.818561272,1773891306818561272,2219.8500000000004,2219.6,49.103,6.7287427201096275,15.071553224,0.9962343814763812,2,10.65,0.2168910249882899,2219.7,0.0,-48.00000000000182,BREAK,0.153883159,0.153883159,False,False,0.103173369,-15.0,-13.499999999994543,-10.0,-8.499999999994543,-9.000000000005457,-7.5,-47.000000000007276,-45.50000000000182,-32.000000000007276,-30.50000000000182
2026-03-19,WALL,ASK,2026-03-19 03:42:38.988454210,1773891758988454210,2210.6499999999996,2210.9,31.659,8.222049084534476,10.722860316,1.0,2,1.749,0.05524495404150479,2210.8,-0.0,-11.000000000003638,BREAK,6.48335104,6.43210298,False,False,1.684685928,-0.0,1.500000000005457,-2.000000000007276,-0.500000000001819,-6.000000000003638,-4.499999999998181,-5.0,-3.499999999994543,-11.000000000003638,-9.499999999998181
2026-03-19,WALL,ASK,2026-03-19 03:43:03.392662976,1773891783392662976,2211.45,2211.6,31.523,3.763266280666149,25.741833604,0.9924882762053923,1,7.243,0.22976874028487138,2211.5,5.999999999994543,-3.000000000001819,BOUNCE,1.070374901,10.823959296,False,False,,0.999999999994543,1.499999999996362,3.000000000001819,3.500000000003638,3.000000000001819,3.500000000003638,-3.000000000001819,-2.5,5.999999999994543,6.499999999996362
2026-03-19,WALL,ASK,2026-03-19 03:43:19.166417634,1773891799166417634,2211.3500000000004,2211.5,34.348,4.697162393162393,10.667718168,0.9708401893356057,1,0.521,0.015168277628974032,2211.4,5.0,-3.999999999996362,BREAK,3.827327123,0.453303149,False,False,,-0.0,0.4999999999972715,-1.999999999998181,-1.5000000000009095,-2.999999999992724,-2.4999999999954525,-0.0,0.4999999999972715,5.0,5.4999999999972715
2026-03-19,WALL,ASK,2026-03-19 03:54:30.782470253,1773892470782470253,2214.45,2214.6,25.292,2.512491928674316,10.830305936,0.9963711302125492,1,0.777,0.030721176656650324,2214.5,11.999999999998181,-0.0,BOUNCE,30.073521721,25.789378425,False,False,,-0.0,0.500000000001819,-0.0,0.500000000001819,-0.0,0.500000000001819,0.999999999994543,1.499999999996362,10.0,10.500000000001819
2026-03-19,WALL,ASK,2026-03-19 04:15:43.135035133,1773893743135035133,2201.6499999999996,2201.9,15.603,2.047234796299941,12.356540463,0.9999997448314916,2,2.0540000000000003,0.13164135102223934,2201.8,20.999999999994543,-1.000000000003638,BOUNCE,26.708591525,0.04041856,False,False,0.04041856,-1.000000000003638,0.500000000001819,-1.000000000003638,0.500000000001819,-1.000000000003638,0.500000000001819,15.999999999994543,17.5,15.0,16.500000000005457
2026-03-19,WALL,ASK,2026-03-19 04:17:46.378118703,1773893866378118703,2202.25,2202.6,16.356,2.2634929421533356,10.128557246,1.0,3,0.072,0.004402054292002934,2202.5,18.999999999996362,-3.999999999996362,BREAK,2.822832426,1.832076296,False,True,2.822832426,-0.0,2.5,-1.999999999998181,0.500000000001819,-0.0,2.5,10.0,12.5,13.999999999996362,16.499999999996362
2026-03-19,WALL,ASK,2026-03-19 04:19:01.947461923,1773893941947461923,2200.55,2200.9,12.073,2.1831826401446652,13.579821028,0.9987936382986033,3,0.9950000000000001,0.08241530688312765,2200.8,21.000000000003638,-6.999999999998181,BREAK,0.153046053,0.05069596,False,False,0.05069596,-3.999999999996362,-1.499999999996362,-0.999999999994543,1.500000000005457,-0.999999999994543,1.500000000005457,3.000000000001819,5.500000000001819,10.0,12.5
2026-03-19,WALL,BID,2026-03-19 04:19:04.498820068,1773893944498820068,2200.8500000000004,2200.5,45.9,5.648188026825816,13.628048919,0.9987979074556183,3,1.913,0.04167755991285403,2200.6,3.999999999996362,-24.000000000005457,BOUNCE,9.548145263,0.051700904,False,False,0.051700904,-2.000000000007276,0.4999999999972715,-2.000000000007276,0.4999999999972715,1.999999999998181,4.5000000000027285,-8.000000000001819,-5.4999999999972715,-17.000000000007276,-14.500000000002728
2026-03-19,WALL,ASK,2026-03-19 04:29:30.928786509,1773894570928786509,2193.8500000000004,2194.1,49.53,4.6040156162855554,16.895003073,0.9978541955367894,2,4.56,0.09206541490006057,2194.0,3.000000000001819,-21.99999999999818,BREAK,14.495134683,0.248314307,False,True,0.969532278,-0.999999999994543,0.500000000001819,-0.0,1.499999999996362,-0.0,1.499999999996362,-5.0,-3.500000000003638,-21.99999999999818,-20.50000000000182
2026-03-19,WALL,ASK,2026-03-19 04:37:14.220152356,1773895034220152356,2194.95,2195.2,41.722,6.839672131147542,10.742858357,1.0,2,9.501,0.22772158573414503,2195.1,-1.000000000003638,-21.99999999999818,BREAK,0.257562091,0.053293282,False,False,0.053293282,-4.000000000005457,-2.5000000000045475,-11.000000000003638,-9.500000000002728,-11.000000000003638,-9.500000000002728,-11.000000000003638,-9.500000000002728,-16.99999999999818,-15.499999999997272
2026-03-19,WALL,BID,2026-03-19 04:44:53.245961162,1773895493245961162,2194.75,2194.4,32.587,3.241197533320072,17.860287679,0.9925225804085437,3,2.924,0.08972903304998925,2194.5,0.0,-18.999999999996362,BREAK,7.068444375,7.017654655,False,False,7.068444375,0.0,2.5,0.0,2.5,-3.999999999996362,-1.499999999996362,-6.000000000003638,-3.500000000003638,-16.99999999999818,-14.499999999998181
2026-03-19,WALL,BID,2026-03-19 04:47:14.046088248,1773895634046088248,2193.1499999999996,2192.8,18.007,2.2531281281281283,10.092420799,0.9921231231254372,3,1.383,0.07680346531904259,2192.9,0.0,-20.999999999994543,BREAK,0.320635157,0.269391104,False,False,0.320635157,-5.0,-2.5000000000045475,-5.999999999994543,-3.4999999999990905,-13.999999999996362,-11.50000000000091,-12.999999999992724,-10.499999999997272,-3.999999999996362,-1.5000000000009095
2026-03-19,WALL,BID,2026-03-19 04:58:42.047184471,1773896322047184471,2194.95,2194.7,50.545,3.052695153253813,13.837139615,0.9720735402148358,2,9.448,0.18692254426748442,2194.7999999999997,0.0,-13.000000000001819,BREAK,1.529716269,0.405125749,False,False,0.601996586,-0.999999999994543,0.5000000000063665,-5.999999999994543,-4.4999999999936335,-5.999999999994543,-4.4999999999936335,-5.999999999994543,-4.4999999999936335,-13.000000000001819,-11.50000000000091
2026-03-19,WALL,BID,2026-03-19 04:59:15.258801492,1773896355258801492,2194.1499999999996,2193.8,30.903,3.3426717144402374,31.631695986,0.9970801024061158,3,4.835,0.15645730188007637,2193.9,5.0,-5.999999999994543,BREAK,18.243625079,2.318038186,False,False,0.991272099,-1.999999999998181,0.4999999999972715,-1.999999999998181,0.4999999999972715,-2.999999999992724,-0.4999999999972715,-5.0,-2.5000000000045475,-5.999999999994543,-3.4999999999990905
2026-03-19,WALL,ASK,2026-03-19 05:10:57.098631330,1773897057098631330,2194.6499999999996,2194.9,27.299,2.321343537414966,20.885385522,0.9727299686950925,2,4.034,0.1477709806220008,2194.8,23.999999999996362,-1.000000000003638,BOUNCE,10.465015327,13.120656671,False,False,0.047254491,-1.000000000003638,0.500000000001819,-1.000000000003638,0.500000000001819,-1.000000000003638,0.500000000001819,13.999999999996362,15.500000000001819,23.999999999996362,25.50000000000182
2026-03-19,WALL,BID,2026-03-19 05:11:25.941220860,1773897085941220860,2193.75,2193.6,36.45,3.7552155771905427,10.928061247,0.9443806857170701,1,0.757,0.020768175582990395,2193.7,0.0,-21.000000000003638,BREAK,0.964345426,0.411904123,False,False,,-5.0,-4.499999999998181,-6.999999999998181,-6.499999999996362,-8.999999999996362,-8.499999999994543,-15.0,-14.499999999998181,-15.0,-14.499999999998181
2026-03-19,WALL,BID,2026-03-19 05:11:26.390012076,1773897086390012076,2193.75,2193.4,35.296,9.897924845765564,10.914264672,0.9458811426375495,3,1.911,0.0541421124206709,2193.5,0.0,-21.000000000003638,BREAK,0.51555421,0.420593574,False,False,0.51555421,-5.0,-2.5,-6.999999999998181,-4.499999999998181,-10.0,-7.5,-15.0,-12.5,-15.0,-12.5
2026-03-19,WALL,BID,2026-03-19 05:11:26.905566286,1773897086905566286,2193.25,2193.1,14.488,2.263926869286663,10.518598296,0.9498249403439335,1,1.255,0.0866234124792932,2193.2,0.0,-16.000000000003638,BREAK,3.376220867,3.376220867,False,False,,0.0,0.500000000001819,-1.999999999998181,-1.499999999996362,-5.0,-4.499999999998181,-10.0,-9.499999999998181,-10.0,-9.499999999998181
2026-03-19,WALL,ASK,2026-03-19 05:12:52.893364552,1773897172893364552,2192.55,2192.9,59.393,7.271425073457394,10.698252832,0.971541405238683,3,12.719999999999999,0.21416665263583248,2192.8,-0.0,-13.000000000001819,BREAK,13.750156778,5.119267195,False,False,5.119267195,-0.999999999994543,1.500000000005457,-0.999999999994543,1.500000000005457,-3.000000000001819,-0.500000000001819,-10.0,-7.5,-6.999999999998181,-4.499999999998181
2026-03-19,WALL,ASK,2026-03-19 05:13:20.174552741,1773897200174552741,2193.55,2193.9,35.809,3.063478484044828,12.459299466,0.9831682305596491,3,3.648,0.10187383060124551,2193.8,4.000000000005457,-3.000000000001819,BOUNCE,24.718956803,27.311898854,False,False,5.669943367,-0.0,2.5,-0.999999999994543,1.500000000005457,-3.000000000001819,-0.500000000001819,3.000000000001819,5.500000000001819,-1.999999999998181,0.500000000001819
2026-03-19,WALL,BID,2026-03-19 05:19:47.117270730,1773897587117270730,2198.3500000000004,2198.2,22.768,2.039686450167973,10.081122637,0.9955760718715677,1,1.309,0.05749297259311314,2198.2999999999997,0.0,-9.000000000005457,BREAK,2.481317879,1.052594596,False,False,,0.0,0.5000000000063665,-6.000000000003638,-5.4999999999972715,-6.000000000003638,-5.4999999999972715,-5.0,-4.4999999999936335,-4.000000000005457,-3.4999999999990905
2026-03-19,WALL,ASK,2026-03-19 05:20:28.775901102,1773897628775901102,2197.95,2198.2,36.51,2.946731234866828,15.039494964,0.9643975620669651,2,7.0729999999999995,0.19372774582306218,2198.1,3.999999999996362,-0.0,BOUNCE,35.711708291,5.137024087,False,True,,-0.0,1.5000000000009095,-0.0,1.5000000000009095,-0.0,1.5000000000009095,-0.0,1.5000000000009095,1.999999999998181,3.4999999999990905
2026-03-19,WALL,ASK,2026-03-19 05:24:19.886892641,1773897859886892641,2195.55,2195.9,12.176,2.6070013917139496,10.619115976,0.9979294809426987,3,1.847,0.15169185282522996,2195.8,5.0,-3.000000000001819,BOUNCE,14.866783114,25.788701421,False,False,0.304928206,-3.000000000001819,-0.500000000001819,-3.000000000001819,-0.500000000001819,-0.0,2.5,3.000000000001819,5.500000000001819,5.0,7.5
2026-03-19,WALL,BID,2026-03-19 05:24:59.564620719,1773897899564620719,2195.25,2194.9,80.733,5.295008854200827,12.404451539,0.9962535695468768,3,16.563,0.20515774218720967,2195.0,1.999999999998181,-8.999999999996362,BOUNCE,2.448899482,0.148004061,False,True,0.703814075,-1.999999999998181,0.500000000001819,1.999999999998181,4.499999999998181,1.999999999998181,4.499999999998181,-1.000000000003638,1.499999999996362,-8.999999999996362,-6.499999999996362
2026-03-19,WALL,BID,2026-03-19 05:26:59.783579135,1773898019783579135,2195.25,2194.9,66.271,4.456541474731852,11.348027249,0.9894228233360493,3,1.824,0.027523351088711505,2195.0,3.999999999996362,-3.000000000001819,BOUNCE,11.231974662,0.35686878,False,False,0.45848186,-3.000000000001819,-0.500000000001819,-3.000000000001819,-0.500000000001819,1.000000000003638,3.500000000003638,3.999999999996362,6.499999999996362,-1.000000000003638,1.499999999996362
2026-03-19,WALL,ASK,2026-03-19 05:27:20.704584262,1773898040704584262,2195.6499999999996,2196.0,25.335,2.4253302699597934,13.72170367,0.9648968645159497,3,4.621,0.18239589500690745,2195.9,5.999999999994543,-0.0,BOUNCE,28.64709879,0.367944836,False,True,,-0.0,2.5000000000045475,-0.0,2.5000000000045475,-0.0,2.5000000000045475,2.999999999992724,5.4999999999972715,5.999999999994543,8.49999999999909
2026-03-19,WALL,ASK,2026-03-19 05:30:36.478856199,1773898236478856199,2189.6499999999996,2189.9,21.807,2.2222561907673493,10.51599767,0.9792540170846196,2,0.6,0.027514100976750586,2189.8,23.999999999996362,-6.000000000003638,BREAK,16.58372213,10.411895494,False,False,1.378495904,-0.0,1.500000000005457,-2.000000000007276,-0.500000000001819,-1.000000000003638,0.500000000001819,-0.0,1.500000000005457,13.999999999996362,15.500000000001819
2026-03-19,WALL,BID,2026-03-19 05:33:32.478077806,1773898412478077806,2189.6499999999996,2189.3,49.577,4.076385462917283,15.768732777,0.9980660520771535,3,3.267,0.0658974927889949,2189.4,0.0,-27.999999999992724,BREAK,1.479218374,0.024499245,False,False,0.357546879,-2.999999999992724,-0.4999999999972715,-3.999999999996362,-1.5000000000009095,-3.999999999996362,-1.5000000000009095,-15.0,-12.500000000004547,-25.999999999994543,-23.49999999999909
2026-03-19,WALL,BID,2026-03-19 05:34:50.819481407,1773898490819481407,2187.55,2187.3,40.316,3.91056792278966,15.520295723,0.9811234593574245,2,5.888999999999999,0.1460710387935311,2187.4,13.000000000001819,-10.0,BREAK,2.754489966,0.048238418,False,False,0.354160254,-1.000000000003638,0.4999999999972715,-6.000000000003638,-4.5000000000027285,-6.000000000003638,-4.5000000000027285,-6.999999999998181,-5.4999999999972715,10.0,11.50000000000091
2026-03-19,WALL,ASK,2026-03-19 05:38:04.134743837,1773898684134743837,2187.45,2187.6,37.509,4.349878232633654,13.627458993,0.9989355196733704,1,8.673,0.23122450611853154,2187.5,6.999999999998181,-11.999999999998181,BREAK,3.164981514,1.016804742,False,False,,-0.0,0.500000000001819,-6.999999999998181,-6.499999999996362,-6.999999999998181,-6.499999999996362,6.999999999998181,7.5,-11.999999999998181,-11.499999999996362
2026-03-19,WALL,ASK,2026-03-19 05:39:51.122649411,1773898791122649411,2189.55,2189.9,36.038,3.0118256654548494,14.283791854,0.9830893261068938,3,3.832,0.10633220489483323,2189.8,-0.0,-33.99999999999636,BREAK,11.13583934,0.060489756,False,True,11.13583934,-0.0,2.5,-0.0,2.5,-0.0,2.5,-5.999999999994543,-3.499999999994543,-33.99999999999636,-31.499999999996362
2026-03-19,WALL,BID,2026-03-19 05:42:29.725159138,1773898949725159138,2193.6499999999996,2193.4,46.408,5.15100727010378,11.903715301,0.9887023960503573,2,4.231,0.09116962592656438,2193.5,0.0,-13.999999999996362,BREAK,10.270343138,2.246313107,False,True,6.110787308,0.0,1.499999999996362,0.0,1.499999999996362,-1.999999999998181,-0.500000000001819,-8.999999999996362,-7.5,-13.999999999996362,-12.5
2026-03-19,WALL,ASK,2026-03-19 05:44:04.697515659,1773899044697515659,2192.05,2192.4,48.448,3.321768940692492,24.864934596,0.991747498823785,3,5.259,0.10854937252311758,2192.3,16.000000000003638,-1.999999999998181,BOUNCE,19.249108794,0.692956436,False,True,4.845359354,-0.999999999994543,1.500000000005457,-1.999999999998181,0.500000000001819,-0.999999999994543,1.500000000005457,6.000000000003638,8.500000000003638,11.999999999998181,14.499999999998181
2026-03-19,WALL,ASK,2026-03-19 05:48:16.145546155,1773899296145546155,2190.1499999999996,2190.4,42.119,9.867400726250438,13.98653182,0.9898027444662117,2,2.282,0.054179823832474654,2190.3,-2.000000000007276,-16.000000000003638,BREAK,10.461076481,0.051273661,False,False,0.051273661,-2.000000000007276,-0.500000000001819,-2.000000000007276,-0.500000000001819,-2.000000000007276,-0.500000000001819,-14.000000000005457,-12.5,-13.000000000001819,-11.499999999996362
2026-03-19,WALL,BID,2026-03-19 05:53:33.860568538,1773899613860568538,2190.25,2190.1,11.483,2.872904678508882,13.526752636,0.9815608587876301,1,0.958,0.08342767569450492,2190.2,6.999999999998181,-13.000000000001819,BREAK,3.77610279,0.199798869,False,False,,0.0,0.500000000001819,-3.999999999996362,-3.499999999994543,-5.0,-4.499999999998181,3.999999999996362,4.499999999998181,1.999999999998181,2.5
2026-03-19,WALL,BID,2026-03-19 05:54:46.853945259,1773899686853945259,2190.1499999999996,2190.0,38.058,2.062261237096643,19.091374377,0.9978863882608361,1,7.779,0.20439854958221662,2190.1,10.0,0.0,BOUNCE,7.00063295,0.518032754,False,False,,0.0,0.4999999999972715,1.000000000003638,1.5000000000009095,6.000000000003638,6.5000000000009095,10.0,10.499999999997272,5.0,5.4999999999972715
2026-03-19,WALL,BID,2026-03-19 05:55:43.631181438,1773899743631181438,2190.95,2190.8,35.331,3.2168806337066376,11.178457843,0.9826259018258392,1,4.695,0.13288613398998048,2190.9,0.0,-13.999999999996362,BREAK,1.169160868,1.071339217,False,False,,0.0,0.4999999999972715,-3.999999999996362,-3.4999999999990905,-3.999999999996362,-3.4999999999990905,-8.999999999996362,-8.49999999999909,-13.999999999996362,-13.49999999999909
2026-03-19,WALL,BID,2026-03-19 05:59:00.907339173,1773899940907339173,2189.95,2189.7,36.386,2.4084726129405927,10.028454389,0.9658718644245509,2,4.104,0.11279063376023744,2189.7999999999997,0.0,-15.0,BREAK,8.847670726,7.77409595,False,False,7.824549507,0.0,1.5000000000009095,0.0,1.5000000000009095,-3.999999999996362,-2.4999999999954525,-10.0,-8.49999999999909,-6.999999999998181,-5.4999999999972715
2026-03-19,WALL,BID,2026-03-19 05:59:30.325644282,1773899970325644282,2189.2,2188.9,54.897,5.109311740890689,11.69867425,0.9775337419964488,2,2.726,0.04965662968832541,2189.0,5.500000000001819,-8.499999999994543,BREAK,4.083239532,0.709457372,False,False,0.051432192,-2.5,-0.500000000001819,-4.499999999998181,-2.5,-7.5,-5.500000000001819,0.500000000001819,2.5,0.500000000001819,2.5
2026-03-19,WALL,ASK,2026-03-19 05:59:48.191854093,1773899988191854093,2188.6499999999996,2189.0,59.918,6.882379967838273,12.710472483,0.9828768827208356,3,9.52,0.1588838078707567,2188.9,2.999999999992724,-11.000000000003638,BREAK,8.118749364,0.451704007,False,True,8.067486714,-1.000000000003638,1.5000000000009095,-1.000000000003638,1.5000000000009095,-6.000000000003638,-3.4999999999990905,2.999999999992724,5.4999999999972715,-11.000000000003638,-8.49999999999909
2026-03-19,WALL,ASK,2026-03-19 06:04:47.652538402,1773900287652538402,2185.1499999999996,2185.3,36.71,3.631237944507641,10.14840051,0.9978795490995063,1,4.848,0.13206210841732496,2185.2000000000003,30.0,-5.0,BREAK,4.712843818,3.18113579,False,False,,-0.0,0.5000000000063665,-5.0,-4.4999999999936335,0.999999999994543,1.5000000000009095,1.999999999998181,2.5000000000045475,27.999999999992724,28.49999999999909
2026-03-19,WALL,BID,2026-03-19 06:09:18.026657640,1773900558026657640,2189.95,2189.6,52.667,5.111564031639735,18.380464583,0.9906995678902422,3,1.3090000000000002,0.024854273074221053,2189.7,-0.999999999994543,-20.0,BREAK,1.118823599,0.050374888,False,False,0.145645788,-3.000000000001819,-0.500000000001819,-5.999999999994543,-3.499999999994543,-5.999999999994543,-3.499999999994543,-13.000000000001819,-10.500000000001819,-18.999999999996362,-16.499999999996362
2026-03-19,WALL,BID,2026-03-19 06:12:52.810241564,1773900772810241564,2189.95,2189.6,48.383,4.10582145281738,15.664666121,0.9829306097599142,3,11.194,0.2313622553376186,2189.7,30.0,0.0,BOUNCE,2.806783222,4.237035771,False,True,,0.0,2.5,6.000000000003638,8.500000000003638,1.999999999998181,4.499999999998181,11.999999999998181,14.499999999998181,25.0,27.5
2026-03-19,WALL,BID,2026-03-19 06:14:28.852327920,1773900868852327920,2193.05,2192.9,46.501,4.461383478844862,30.047221651,0.990047200953435,1,1.294,0.027827358551429003,2193.0,-1.000000000003638,-23.00000000000182,BREAK,0.100685026,0.100685026,False,False,,-1.999999999998181,-1.499999999996362,-6.999999999998181,-6.499999999996362,-8.000000000001819,-7.5,-16.99999999999818,-16.499999999996362,-15.0,-14.499999999998181
2026-03-19,WALL,BID,2026-03-19 06:19:19.637470386,1773901159637470386,2193.75,2193.6,41.583,2.3717667189505205,10.029394089,0.9979452779682272,1,7.101,0.17076689993506963,2193.7,0.0,-21.99999999999818,BREAK,2.271711485,2.219899141,False,False,,0.0,0.500000000001819,-3.999999999996362,-3.499999999994543,-1.999999999998181,-1.499999999996362,-16.000000000003638,-15.500000000001819,-21.000000000003638,-20.50000000000182
2026-03-19,WALL,BID,2026-03-19 06:19:37.014471274,1773901177014471274,2193.35,2193.0,76.681,8.11267456622937,11.635841727,0.9790114552320431,2,4.063,0.05298574614311237,2193.1,-0.9999999999990905,-20.99999999999909,BREAK,6.626094771,0.04245634,False,True,0.71354035,-2.0000000000027285,0.4999999999972715,-2.9999999999972715,-0.4999999999972715,-12.000000000002728,-9.500000000002728,-14.999999999995453,-12.499999999995453,-19.999999999995453,-17.499999999995453
2026-03-19,WALL,BID,2026-03-19 06:29:43.468364085,1773901783468364085,2188.6499999999996,2188.5,25.444,3.0933073977265817,11.095151209,0.9826542386512148,1,5.158,0.2027196981606666,2188.6,0.0,-25.0,BREAK,3.931119427,2.554169955,False,False,,0.0,0.4999999999972715,-10.0,-9.500000000002728,-10.999999999994543,-10.499999999997272,-20.999999999994543,-20.49999999999727,-23.999999999996362,-23.49999999999909
2026-03-19,WALL,ASK,2026-03-19 06:48:26.921270300,1773902906921270300,2185.3500000000004,2185.6,19.404,2.0035105833763556,12.956465458,0.9869822620569827,2,2.009,0.10353535353535354,2185.5,18.00000000000182,-1.999999999998181,BOUNCE,17.822480234,0.87098563,False,False,0.87098563,-0.999999999994543,0.500000000001819,-0.999999999994543,0.500000000001819,-1.999999999998181,-0.500000000001819,9.000000000005457,10.500000000001819,12.000000000007276,13.500000000003638
2026-03-19,WALL,ASK,2026-03-19 06:55:31.758722380,1773903331758722380,2178.95,2179.3,57.421,5.981354166666667,13.435999946,0.9980109248208239,3,4.056,0.07063617840163007,2179.2000000000003,5.999999999994543,-19.000000000005457,BOUNCE,7.909377473,0.093997107,False,True,21.173859607,-0.0,2.5000000000045475,0.999999999994543,3.4999999999990905,3.999999999996362,6.5000000000009095,-10.0,-7.4999999999954525,0.999999999994543,3.4999999999990905
2026-03-19,WALL,BID,2026-03-19 06:57:31.876615342,1773903451876615342,2179.3500000000004,2179.1,26.104,2.562858966177409,10.000526637,1.0,2,0.962,0.036852589641434265,2179.2,-2.000000000007276,-14.000000000005457,BREAK,0.102021716,0.050159279,False,False,0.050159279,-4.000000000005457,-2.5,-5.0,-3.499999999994543,-5.0,-3.499999999994543,-4.000000000005457,-2.5,-8.000000000001819,-6.499999999996362
2026-03-19,WALL,ASK,2026-03-19 06:58:40.302151421,1773903520302151421,2178.75,2178.9,35.639,4.215637568015141,14.50350399,0.9734820510088334,1,1.258,0.03529840904626953,2178.8,-0.0,-15.0,BREAK,0.563360366,0.461178439,False,False,,-1.999999999998181,-1.499999999996362,-3.999999999996362,-3.499999999994543,-8.000000000001819,-7.5,-15.0,-14.499999999998181,-13.000000000001819,-12.5
2026-03-19,WALL,ASK,2026-03-19 07:25:13.512621178,1773905113512621178,2145.75,2146.1,54.25,6.495839070825601,10.669674169,0.9951929542376262,3,9.922,0.18289400921658988,2146.0,-0.0,-113.99999999999636,BREAK,1.117148257,0.919990828,False,False,0.970709947,-1.999999999998181,0.500000000001819,-8.000000000001819,-5.500000000001819,-21.99999999999818,-19.49999999999818,-31.000000000003638,-28.500000000003638,-113.00000000000182,-110.50000000000182
2026-03-19,WALL,ASK,2026-03-19 07:39:30.180316023,1773905970180316023,2169.75,2170.1,23.031,2.5367331203877077,11.51959755,0.9861104654650023,3,1.156,0.05019321783682862,2170.0,-1.000000000003638,-55.0,BREAK,1.12207834,0.558236155,False,False,0.10228707,-3.000000000001819,-0.500000000001819,-15.0,-12.5,-18.999999999996362,-16.499999999996362,-25.0,-22.5,-15.0,-12.5
2026-03-19,WALL,ASK,2026-03-19 07:45:02.684661577,1773906302684661577,2168.1499999999996,2168.3,51.041,4.5611009338278,10.105916588,1.0,1,2.023,0.039634803393350446,2168.2000000000003,20.0,-3.000000000001819,BOUNCE,2.399225496,0.101465332,False,False,,0.999999999994543,1.5000000000009095,3.999999999996362,4.5000000000027285,3.999999999996362,4.5000000000027285,2.999999999992724,3.4999999999990905,20.0,20.500000000006366
2026-03-19,WALL,BID,2026-03-19 07:45:39.384066847,1773906339384066847,2167.55,2167.3,23.608,3.327179198083292,13.829723025,0.9958783936672513,2,1.347,0.05705692985428668,2167.4,8.999999999996362,-33.00000000000182,BREAK,1.887663099,1.676647903,False,False,0.051549981,-1.999999999998181,-0.4999999999972715,-5.0,-3.4999999999990905,8.999999999996362,10.499999999997272,-30.0,-28.49999999999909,-20.0,-18.49999999999909
2026-03-19,WALL,BID,2026-03-19 07:59:59.013180352,1773907199013180352,2166.3500000000004,2166.2,25.35,3.439153439153439,10.003781729,0.9897570558039112,1,0.461,0.018185404339250495,2166.2999999999997,40.0,-4.000000000005457,BOUNCE,6.026630313,7.7108932,False,False,,0.0,0.5000000000063665,0.0,0.5000000000063665,3.999999999996362,4.5000000000027285,35.99999999999454,36.50000000000091,20.999999999994543,21.50000000000091
2026-03-19,WALL,BID,2026-03-19 08:07:08.862908210,1773907628862908210,2161.55,2161.4,27.422,2.360709366391185,10.094094646,0.9899922849405786,1,5.281,0.19258259791408358,2161.5,51.99999999999818,0.0,BOUNCE,5.545907113,5.596732859,False,False,,0.0,0.500000000001819,0.0,0.500000000001819,8.000000000001819,8.500000000003638,23.999999999996362,24.49999999999818,45.0,45.50000000000182
2026-03-19,WALL,BID,2026-03-19 08:08:58.312882084,1773907738312882084,2164.1499999999996,2164.0,25.441,2.6419855651903004,13.0079422,1.0,1,0.835,0.032821036908926536,2164.1,0.0,-12.999999999992724,BREAK,0.306059025,0.249339387,False,False,,-3.999999999996362,-3.4999999999990905,-3.999999999996362,-3.4999999999990905,-8.999999999996362,-8.49999999999909,-6.999999999998181,-6.5000000000009095,0.0,0.4999999999972715
2026-03-19,WALL,ASK,2026-03-19 08:09:11.474614714,1773907751474614714,2163.55,2163.8,33.906,3.401996688907841,11.018750702,0.9934910138236468,2,1.386,0.04087772075738807,2163.7000000000003,1.999999999998181,-13.999999999996362,BREAK,0.050772688,0.050772688,False,False,0.050772688,-3.000000000001819,-1.5000000000009095,-5.0,-3.4999999999990905,-0.0,1.5000000000009095,-1.999999999998181,-0.4999999999972715,-6.999999999998181,-5.4999999999972715
2026-03-19,WALL,ASK,2026-03-19 08:22:49.534274570,1773908569534274570,2166.05,2166.3,34.636,3.1985962968093458,10.362132263,1.0,2,1.786,0.05156484582515301,2166.2000000000003,9.000000000005457,-10.0,BOUNCE,1.836272907,12.707315924,False,False,12.809344545,-0.0,1.5000000000009095,1.999999999998181,3.4999999999990905,1.999999999998181,3.4999999999990905,-6.999999999998181,-5.4999999999972715,9.000000000005457,10.500000000006366
2026-03-19,WALL,BID,2026-03-19 08:26:15.984862935,1773908775984862935,2162.05,2161.9,34.654,5.947652964901743,12.887723084,1.0,1,6.013,0.17351532290644656,2162.0,0.0,-33.00000000000182,BREAK,4.71512087,0.2019723,False,False,,-1.000000000003638,-0.500000000001819,-6.000000000003638,-5.500000000001819,-11.000000000003638,-10.500000000001819,-29.000000000005457,-28.500000000003638,-31.99999999999818,-31.499999999996362
2026-03-19,WALL,ASK,2026-03-19 08:29:32.069752208,1773908972069752208,2159.5,2159.9,104.678,10.452121817274088,11.12608944,1.0,3,10.196,0.09740346586675327,2159.8,12.5,-3.500000000003638,BOUNCE,9.644458354,0.968795708,False,True,7.55105291,-0.500000000001819,2.5,0.500000000001819,3.500000000003638,2.5,5.500000000001819,8.500000000003638,11.500000000005457,6.499999999996362,9.499999999998181
2026-03-19,WALL,BID,2026-03-19 08:30:00.848210997,1773909000848210997,2158.75,2158.5,36.905,5.4081184056271985,12.036091587,0.9656664604940082,2,5.095,0.138057173824685,2158.6,15.0,-5.0,BOUNCE,3.166962243,0.111164085,False,False,0.111164085,-1.000000000003638,0.4999999999972715,1.999999999998181,3.4999999999990905,-3.999999999996362,-2.4999999999954525,1.000000000003638,2.5000000000045475,10.0,11.50000000000091
2026-03-19,WALL,ASK,2026-03-19 08:30:05.642845592,1773909005642845592,2158.95,2159.3,60.685,4.295066883714346,23.92863503,0.9683028575575211,3,12.539000000000001,0.2066243717557881,2159.2000000000003,6.999999999998181,-14.000000000005457,BOUNCE,1.794875716,1.896837935,False,True,27.200695157,-0.0,2.5000000000045475,5.999999999994543,8.49999999999909,6.999999999998181,9.500000000002728,-3.000000000001819,-0.4999999999972715,-15.0,-12.499999999995453
2026-03-19,WALL,ASK,2026-03-19 08:36:20.130942308,1773909380130942308,2159.3500000000004,2159.5,34.133,2.7614578698272725,10.157967248,1.0,1,7.92,0.2320335159523042,2159.4,13.000000000001819,-15.0,BREAK,0.512519716,0.408834779,False,False,,-1.999999999998181,-1.5000000000009095,-5.0,-4.5000000000027285,-1.999999999998181,-1.5000000000009095,1.000000000003638,1.5000000000009095,-10.0,-9.500000000002728
2026-03-19,WALL,ASK,2026-03-19 08:40:04.557347505,1773909604557347505,2158.3500000000004,2158.6,24.321,2.806647048641163,10.312337717,0.9986027087751165,2,0.926,0.03807409234817647,2158.5,7.000000000007276,-62.999999999992724,BREAK,0.051200328,0.051200328,False,False,0.051200328,-7.999999999992724,-6.499999999996362,-15.999999999994543,-14.499999999998181,-15.0,-13.500000000003638,-0.999999999994543,0.500000000001819,-62.49999999999545,-60.99999999999909
2026-03-19,WALL,ASK,2026-03-19 08:43:29.385545108,1773909809385545108,2159.8500000000004,2160.2,49.606,9.412010245707238,12.660553889,0.9792187120479307,3,10.357,0.20878522759343626,2160.1,5.0,-8.999999999996362,BOUNCE,16.080183496,0.055568578,False,True,20.420861602,-0.999999999994543,1.5000000000009095,-0.999999999994543,1.5000000000009095,-0.0,2.4999999999954525,-0.999999999994543,1.5000000000009095,-5.0,-2.5000000000045475
2026-03-19,WALL,ASK,2026-03-19 08:44:39.860994036,1773909879860994036,2160.55,2160.7,31.751,2.9924131756279158,11.311702493,0.9796843418448983,1,7.279,0.2292526219646625,2160.6,9.000000000005457,-3.000000000001819,BOUNCE,20.824405569,9.228261972,False,False,,-0.0,0.4999999999972715,-0.0,0.4999999999972715,-0.0,0.4999999999972715,9.000000000005457,9.500000000002728,-0.999999999994543,-0.4999999999972715
2026-03-19,WALL,BID,2026-03-19 08:54:57.435140445,1773910497435140445,2161.95,2161.8,34.63,5.311349693251534,13.532907045,0.9965566206251881,1,5.551,0.16029454230436038,2161.9,3.000000000001819,-13.999999999996362,BREAK,0.357250252,0.285542428,False,False,,-1.999999999998181,-1.5000000000009095,1.999999999998181,2.4999999999954525,-3.000000000001819,-2.5000000000045475,1.999999999998181,2.4999999999954525,-10.999999999994543,-10.499999999997272
2026-03-19,WALL,BID,2026-03-19 08:57:21.179704705,1773910641179704705,2160.55,2160.2,56.903,7.136067218459995,13.681256639,0.9929857892785634,3,9.695,0.17037766022881043,2160.2999999999997,0.0,-13.000000000001819,BREAK,3.781031037,1.074334011,False,False,0.410093047,-1.999999999998181,0.5000000000063665,-6.000000000003638,-3.4999999999990905,-1.000000000003638,1.5000000000009095,0.0,2.5000000000045475,-13.000000000001819,-10.499999999997272
2026-03-19,WALL,BID,2026-03-19 09:13:48.036970543,1773911628036970543,2160.95,2160.6,15.803,2.335648832397281,10.968462087,0.9921959236107081,3,2.541,0.16079225463519584,2160.7,30.0,0.0,BOUNCE,12.477665205,2.555680017,False,True,,0.0,2.5,0.0,2.5,0.0,2.5,21.000000000003638,23.500000000003638,30.0,32.5
2026-03-19,WALL,ASK,2026-03-19 09:28:48.574161322,1773912528574161322,2175.55,2175.7,34.074,3.1005960234769554,13.784997282,0.9961327092120931,1,3.632,0.10659153606855667,2175.6,1.999999999998181,-30.0,BREAK,1.734077186,0.558089158,False,False,,-0.999999999994543,-0.4999999999972715,-1.999999999998181,-1.5000000000009095,1.999999999998181,2.4999999999954525,-15.999999999994543,-15.499999999997272,-25.0,-24.50000000000273
2026-03-19,WALL,ASK,2026-03-19 09:38:20.177101112,1773913100177101112,2178.6499999999996,2179.0,71.629,10.120664076298128,10.30854567,1.0,3,10.663,0.14886428681120775,2178.9,-0.0,-58.00000000000182,BREAK,0.152332177,0.152332177,False,False,0.100886816,-6.000000000003638,-3.4999999999990905,-14.000000000005457,-11.50000000000091,-15.0,-12.499999999995453,-17.000000000007276,-14.500000000002728,-47.000000000007276,-44.50000000000273
2026-03-19,WALL,ASK,2026-03-19 09:43:00.032964459,1773913380032964459,2183.45,2183.7,35.292,3.633480901884073,10.389737503,0.9769772668528987,2,8.578999999999999,0.24308625184177712,2183.6,5.0,-16.000000000003638,BOUNCE,2.372078862,0.989198454,False,True,22.582998201,-0.0,1.5000000000009095,5.0,6.5000000000009095,5.0,6.5000000000009095,-14.000000000005457,-12.500000000004547,-9.000000000005457,-7.5000000000045475
2026-03-19,WALL,ASK,2026-03-19 09:45:19.676522575,1773913519676522575,2183.6499999999996,2183.9,47.637,4.665719882468168,13.269164793,0.9942584482001315,2,10.466,0.2197031719041921,2183.8,21.99999999999818,-9.000000000005457,BREAK,0.56029307,0.051162969,False,False,0.051162969,-3.000000000001819,-1.499999999996362,-3.000000000001819,-1.499999999996362,-8.000000000001819,-6.499999999996362,15.0,16.500000000005457,3.999999999996362,5.500000000001819
2026-03-19,WALL,BID,2026-03-19 09:57:14.298694660,1773914234298694660,2189.1499999999996,2189.0,35.216,4.285749056833394,10.043110238,1.0,1,1.702,0.04833030440708769,2189.1,16.000000000003638,-7.999999999992724,BREAK,7.098668361,7.048687589,False,False,,-0.999999999994543,-0.4999999999972715,-0.999999999994543,-0.4999999999972715,0.0,0.4999999999972715,11.000000000003638,11.50000000000091,-6.999999999998181,-6.5000000000009095
2026-03-19,WALL,BID,2026-03-19 09:59:56.228477162,1773914396228477162,2188.95,2188.7,14.27,2.359457671957672,14.18782619,0.9878674976212124,2,1.325,0.09285213735108619,2188.7999999999997,29.000000000005457,-6.999999999998181,BREAK,1.42840255,0.139069882,False,False,0.858123821,-0.999999999994543,0.5000000000063665,0.0,1.5000000000009095,-3.000000000001819,-1.5000000000009095,-1.999999999998181,-0.4999999999972715,-0.999999999994543,0.5000000000063665
2026-03-19,WALL,ASK,2026-03-19 10:02:05.678408297,1773914525678408297,2186.6499999999996,2186.9,39.344,2.9832050650187663,13.221094142,0.9842494427644626,2,9.048,0.22997153314355429,2186.8,5.999999999994543,-2.000000000007276,BOUNCE,1.07168527,2.601280178,False,True,15.664289404,0.999999999994543,2.5,3.999999999996362,5.500000000001819,2.999999999992724,4.499999999998181,2.999999999992724,4.499999999998181,2.999999999992724,4.499999999998181
2026-03-19,WALL,ASK,2026-03-19 10:03:37.803656163,1773914617803656163,2185.75,2185.9,32.77,4.149151683970626,14.965961176,1.0,1,7.546,0.2302715898687824,2185.8,11.999999999998181,-0.0,BOUNCE,23.803039136,23.803039136,False,False,,-0.0,0.500000000001819,-0.0,0.500000000001819,-0.0,0.500000000001819,3.999999999996362,4.499999999998181,-0.0,0.500000000001819
2026-03-19,WALL,ASK,2026-03-19 10:04:56.164301021,1773914696164301021,2185.1499999999996,2185.5,43.995,5.3918745021141,10.45979856,1.0,3,6.047000000000001,0.13744743720877375,2185.4,-0.0,-6.000000000003638,BREAK,8.325078627,3.827869347,False,True,8.223822068,-0.0,2.5000000000045475,-1.000000000003638,1.5000000000009095,-5.0,-2.4999999999954525,-3.000000000001819,-0.4999999999972715,-5.0,-2.4999999999954525
2026-03-19,WALL,BID,2026-03-19 10:09:16.479949289,1773914956479949289,2186.45,2186.1,49.126,8.473652436394996,12.664466185,1.0,3,4.8469999999999995,0.09866465822578675,2186.2,-0.9999999999990905,-21.99999999999818,BREAK,0.408607181,0.25372106,False,False,0.051355158,-5.0,-2.5,-5.999999999994543,-3.499999999994543,-10.0,-7.5,-13.000000000001819,-10.500000000001819,-15.999999999994543,-13.499999999994543
2026-03-19,WALL,BID,2026-03-19 10:12:43.995470757,1773915163995470757,2185.25,2185.1,59.262,6.568610064287298,13.793157829,0.99088464283823,1,5.643,0.09522122101852788,2185.2,1.999999999998181,-21.000000000003638,BOUNCE,0.203748289,0.460564728,False,False,,1.000000000003638,1.500000000005457,-5.0,-4.499999999998181,-10.0,-9.499999999998181,-11.000000000003638,-10.500000000001819,-21.000000000003638,-20.50000000000182
2026-03-19,WALL,ASK,2026-03-19 10:14:20.083858129,1773915260083858129,2184.3500000000004,2184.7,31.889,2.2770538041343853,19.756672741,0.9922617360724546,3,1.457,0.045689736272695916,2184.6,4.000000000005457,-5.999999999994543,BOUNCE,10.978362172,0.043701501,False,True,41.748208275,-0.0,2.4999999999954525,-0.0,2.4999999999954525,1.000000000003638,3.4999999999990905,4.000000000005457,6.5000000000009095,-6.999999999998181,-4.5000000000027285
2026-03-19,WALL,ASK,2026-03-19 10:14:49.934923717,1773915289934923717,2183.95,2184.1,25.978,2.1763498512964436,11.475255494,1.0,1,2.024,0.07791207945184386,2184.0,-0.0,-19.000000000005457,BREAK,11.847410156,11.129640279,False,False,,-0.0,0.500000000001819,-0.0,0.500000000001819,-0.0,0.500000000001819,-10.0,-9.499999999998181,-4.000000000005457,-3.500000000003638
2026-03-19,WALL,ASK,2026-03-19 10:16:05.480279395,1773915365480279395,2184.3500000000004,2184.5,35.137,4.024856815578465,20.67872753,0.9932603510154187,1,4.507,0.1282693457039588,2184.4,-0.0,-20.0,BREAK,1.571676943,0.049936091,False,False,,-0.999999999994543,-0.4999999999972715,-3.999999999996362,-3.4999999999990905,-10.0,-9.500000000002728,-10.999999999994543,-10.499999999997272,-12.999999999992724,-12.499999999995453
2026-03-19,WALL,BID,2026-03-19 10:18:41.617812554,1773915521617812554,2185.75,2185.6,22.866,2.1674960898620785,10.343678451,0.9687256096047026,1,0.437,0.019111344354062802,2185.7,1.000000000003638,-16.99999999999818,BREAK,31.924832366,11.249819146,False,False,,0.0,0.500000000001819,1.000000000003638,1.500000000005457,1.000000000003638,1.500000000005457,0.0,0.500000000001819,-16.000000000003638,-15.500000000001819
2026-03-19,WALL,ASK,2026-03-19 10:19:59.676897458,1773915599676897458,2184.25,2184.6,31.935,3.2748807875711425,16.334353518,0.9924076575260026,3,1.2570000000000001,0.03936120244246125,2184.5,23.999999999996362,-3.999999999996362,BREAK,8.522623153,0.051172906,False,False,0.051172906,-1.999999999998181,0.500000000001819,-1.999999999998181,0.500000000001819,-3.999999999996362,-1.499999999996362,5.0,7.5,23.999999999996362,26.499999999996362
2026-03-19,WALL,BID,2026-03-19 10:23:21.295879584,1773915801295879584,2185.55,2185.3,35.032,3.654114947324502,10.044097131,0.9424052194582466,2,0.833,0.023778259876684176,2185.4,0.0,-20.0,BREAK,27.844043193,4.746751625,False,True,13.292810828,0.0,1.5000000000009095,0.0,1.5000000000009095,0.0,1.5000000000009095,-5.0,-3.4999999999990905,-19.000000000005457,-17.500000000004547
2026-03-19,WALL,ASK,2026-03-19 10:28:20.183573680,1773916100183573680,2183.45,2183.6,122.605,7.141900157278499,20.059852299,0.991465042690841,1,26.881,0.2192488071448962,2183.5,15.0,1.999999999998181,BOUNCE,0.050943494,0.458550215,False,False,,5.999999999994543,6.499999999996362,1.999999999998181,2.5,1.999999999998181,2.5,11.999999999998181,12.5,8.999999999996362,9.499999999998181
2026-03-19,WALL,BID,2026-03-19 10:28:41.623330291,1773916121623330291,2183.25,2182.9,48.07,5.684384792762963,15.072825504,0.9836015308520353,3,8.896,0.1850634491366757,2183.0,0.0,-13.000000000001819,BREAK,0.356974323,0.356974323,False,False,0.20540316,-8.999999999996362,-6.499999999996362,-11.999999999998181,-9.499999999998181,-10.0,-7.5,-8.000000000001819,-5.500000000001819,-11.999999999998181,-9.499999999998181
2026-03-19,WALL,ASK,2026-03-19 10:29:00.519569437,1773916140519569437,2182.45,2182.8,29.543,2.0448520505277727,14.719239952,0.9930180040317886,3,3.4220000000000006,0.11583116135802053,2182.7000000000003,6.999999999998181,-1.999999999998181,BOUNCE,38.428717128,15.925488455,False,False,0.141524221,-1.999999999998181,0.5000000000063665,-1.000000000003638,1.5000000000009095,-0.0,2.5000000000045475,-1.000000000003638,1.5000000000009095,3.999999999996362,6.5000000000009095
2026-03-19,WALL,ASK,2026-03-19 10:31:39.099808417,1773916299099808417,2180.25,2180.4,31.795,3.2147009756837375,13.377567918,1.0,1,0.458,0.014404780625884572,2180.3,1.999999999998181,-6.999999999998181,BREAK,1.122589108,0.043706287,False,False,,-0.0,0.500000000001819,-5.0,-4.499999999998181,-3.999999999996362,-3.499999999994543,-5.0,-4.499999999998181,-1.999999999998181,-1.499999999996362
2026-03-19,WALL,ASK,2026-03-19 10:32:50.947974773,1773916370947974773,2180.75,2181.0,55.397,5.6067000657861445,14.73768394,0.9475118249821823,2,12.35,0.22293626008628625,2180.9,11.999999999998181,-3.000000000001819,BREAK,4.66260063,0.697689962,False,False,1.143376294,-0.500000000001819,0.9999999999990905,-3.000000000001819,-1.5000000000009095,-3.000000000001819,-1.5000000000009095,-1.999999999998181,-0.4999999999972715,11.000000000003638,12.500000000004547
2026-03-19,WALL,BID,2026-03-19 10:34:45.256624954,1773916485256624954,2179.3500000000004,2179.2,34.531,4.640639698965193,10.123671501,0.985235253733269,1,2.848,0.08247661521531377,2179.2999999999997,8.999999999996362,-8.000000000001819,BREAK,0.604239068,0.445572072,False,False,,-5.0,-4.4999999999936335,-6.000000000003638,-5.4999999999972715,-5.0,-4.4999999999936335,5.999999999994543,6.5000000000009095,-8.000000000001819,-7.4999999999954525
2026-03-19,WALL,ASK,2026-03-19 10:35:00.211481380,1773916500211481380,2178.8500000000004,2179.2,34.183,3.265475735575086,14.350617358,0.9887490783865133,3,1.315,0.03846941462130299,2179.1,7.000000000007276,-13.999999999996362,BREAK,0.511396992,0.052129008,False,False,0.052129008,-10.0,-7.5000000000045475,-13.999999999996362,-11.50000000000091,-10.0,-7.5000000000045475,-6.999999999998181,-4.5000000000027285,7.000000000007276,9.500000000002728
2026-03-19,WALL,BID,2026-03-19 10:35:20.935838661,1773916520935838661,2179.8500000000004,2179.7,34.53,2.9003401789089076,10.660777713,0.9967994375346189,1,6.353,0.18398494063133505,2179.7999999999997,0.0,-18.00000000000182,BREAK,0.448901255,0.203505064,False,False,,-2.000000000007276,-1.5000000000009095,-3.000000000001819,-2.4999999999954525,-3.000000000001819,-2.4999999999954525,-15.0,-14.499999999993634,-18.00000000000182,-17.499999999995453
2026-03-19,WALL,BID,2026-03-19 10:37:14.872833816,1773916634872833816,2176.25,2176.1,26.022,2.48503079787996,10.224259163,0.9799667132127058,1,2.698,0.10368150026900315,2176.2,21.000000000003638,0.0,BOUNCE,11.536824407,13.474571084,False,False,,0.0,0.500000000001819,1.000000000003638,1.500000000005457,1.000000000003638,1.500000000005457,21.000000000003638,21.500000000005457,13.000000000001819,13.500000000003638
2026-03-19,WALL,ASK,2026-03-19 10:39:05.581988840,1773916745581988840,2177.95,2178.3,39.137,5.652776774752654,19.023899447,0.9965869980452279,3,6.445,0.16467792625903876,2178.2000000000003,10.0,-0.0,BOUNCE,8.389802694,8.433217149,False,True,,-0.0,2.5000000000045475,-0.0,2.5000000000045475,3.000000000001819,5.5000000000063665,8.000000000001819,10.500000000006366,-0.0,2.5000000000045475
2026-03-19,WALL,ASK,2026-03-19 10:44:30.152545389,1773917070152545389,2177.05,2177.2,39.833,2.1767261400584714,10.078298694,0.9972445878175319,1,9.64,0.24201039339241334,2177.1,-0.0,-8.999999999996362,BREAK,0.612894104,0.49812182,False,False,,-1.999999999998181,-1.5000000000009095,-1.999999999998181,-1.5000000000009095,-0.0,0.4999999999972715,-8.999999999996362,-8.49999999999909,-6.999999999998181,-6.5000000000009095
2026-03-19,WALL,ASK,2026-03-19 10:48:25.720297901,1773917305720297901,2176.8500000000004,2177.2,23.795,2.4663142620232175,10.567089225,0.9663634780182335,3,0.092,0.0038663584786719895,2177.1,-0.0,-7.999999999992724,BREAK,18.316266936,0.047139383,False,False,0.099511201,-2.999999999992724,-0.4999999999972715,-2.999999999992724,-0.4999999999972715,-1.999999999998181,0.4999999999972715,-5.0,-2.5000000000045475,-6.999999999998181,-4.5000000000027285
2026-03-19,WALL,ASK,2026-03-19 10:48:25.819809102,1773917305819809102,2177.1499999999996,2177.4,27.806,2.375565997436993,30.516820286,0.9819096803065926,2,3.189,0.1146874775228368,2177.3,0.999999999994543,-5.0,BREAK,20.759664584,16.826260645,False,True,18.216755735,-0.0,1.500000000005457,-0.0,1.500000000005457,0.999999999994543,2.5,-2.000000000007276,-0.500000000001819,-4.000000000005457,-2.5
2026-03-19,WALL,ASK,2026-03-19 10:50:13.203434124,1773917413203434124,2176.3500000000004,2176.5,60.511,5.299150538576058,11.136335431,1.0,1,11.617,0.1919816231759515,2176.4,17.000000000007276,1.500000000005457,BOUNCE,0.088841011,5.153991152,False,False,,2.000000000007276,2.5000000000045475,2.000000000007276,2.5000000000045475,9.000000000005457,9.500000000002728,11.000000000003638,11.50000000000091,9.000000000005457,9.500000000002728
2026-03-19,WALL,ASK,2026-03-19 10:51:32.543587552,1773917492543587552,2175.1499999999996,2175.5,52.662,5.946476964769648,10.099842687,0.9689701125341894,3,9.705,0.18428848125783298,2175.4,12.999999999992724,-11.000000000003638,BREAK,5.466784376,5.414352419,False,False,0.415002983,-3.000000000001819,-0.4999999999972715,-3.000000000001819,-0.4999999999972715,-5.0,-2.4999999999954525,-1.000000000003638,1.5000000000009095,11.999999999998181,14.500000000002728
2026-03-19,WALL,BID,2026-03-19 10:59:21.732941206,1773917961732941206,2172.75,2172.6,35.104,4.118012786673705,10.875333308,1.0,1,5.983,0.17043641750227895,2172.7,3.999999999996362,-13.000000000001819,BOUNCE,12.046520058,15.107690719,False,False,,0.0,0.500000000001819,0.0,0.500000000001819,0.0,0.500000000001819,-3.999999999996362,-3.499999999994543,-1.000000000003638,-0.500000000001819
2026-03-19,WALL,ASK,2026-03-19 10:59:35.819149372,1773917975819149372,2173.1499999999996,2173.3,38.589,2.988962472406181,14.186848334,0.9991533769363549,1,3.56,0.09225426935136957,2173.2000000000003,16.99999999999818,-0.0,BOUNCE,0.817332993,1.021482553,False,False,,2.999999999992724,3.4999999999990905,5.0,5.5000000000063665,6.999999999998181,7.5000000000045475,13.999999999996362,14.500000000002728,-0.0,0.5000000000063665
2026-03-19,WALL,ASK,2026-03-19 11:01:15.710464539,1773918075710464539,2172.75,2173.0,26.906,3.5836441129461907,12.366934443,0.9977348786694785,2,6.121,0.2274957258604029,2172.9,-0.0,-21.99999999999818,BREAK,13.93342477,12.14524279,False,False,12.14524279,-0.0,1.5000000000009095,-0.0,1.5000000000009095,-0.0,1.5000000000009095,-11.999999999998181,-10.499999999997272,-21.99999999999818,-20.49999999999727
2026-03-19,WALL,ASK,2026-03-19 11:01:28.009345261,1773918088009345261,2172.95,2173.3,81.48,11.27360774818402,33.071723908,0.9972033086252989,3,14.025,0.1721281296023564,2173.2000000000003,-0.0,-28.00000000000182,BREAK,2.800786793,0.271695988,False,True,1.634544048,-0.0,2.5000000000045475,-8.000000000001819,-5.4999999999972715,-10.0,-7.4999999999954525,-8.000000000001819,-5.4999999999972715,-28.00000000000182,-25.49999999999727
2026-03-19,WALL,ASK,2026-03-19 11:04:21.831151998,1773918261831151998,2173.75,2174.0,31.384,3.4189225992701124,16.024251708,0.9821238108824145,2,2.0759999999999996,0.06614835585011469,2173.9,16.99999999999818,-1.000000000003638,BOUNCE,16.334077094,11.630638371,False,False,0.458755231,-1.000000000003638,0.4999999999972715,-1.000000000003638,0.4999999999972715,-1.000000000003638,0.4999999999972715,10.0,11.50000000000091,16.99999999999818,18.49999999999909
2026-03-19,WALL,ASK,2026-03-19 11:08:00.216500100,1773918480216500100,2171.45,2171.6,31.889,2.4449129801426053,19.75605023,0.9882138546779753,1,3.508,0.11000658534290822,2171.5,15.999999999994543,-0.0,BOUNCE,15.202500435,0.04475837,False,False,,-0.0,0.500000000001819,-0.0,0.500000000001819,-0.0,0.500000000001819,15.0,15.500000000001819,13.999999999996362,14.499999999998181
2026-03-19,WALL,ASK,2026-03-19 11:09:47.580644340,1773918587580644340,2170.95,2171.2,49.446,5.2835390286904955,11.835252949,0.9745614096042249,2,11.262,0.2277636209197913,2171.1,11.999999999998181,-1.999999999998181,BOUNCE,11.697735522,0.297922892,False,False,0.297922892,-1.000000000003638,0.4999999999972715,-1.000000000003638,0.4999999999972715,-1.999999999998181,-0.4999999999972715,11.999999999998181,13.49999999999909,8.999999999996362,10.499999999997272
2026-03-19,WALL,ASK,2026-03-19 11:10:28.921417760,1773918628921417760,2169.75,2169.9,34.362,3.463213061882685,10.062989072,0.9640229340000619,1,8.2,0.23863570222920666,2169.8,16.99999999999818,-6.999999999998181,BREAK,1.18726571,1.085088986,False,False,,-1.000000000003638,-0.500000000001819,-6.999999999998181,-6.499999999996362,-6.999999999998181,-6.499999999996362,-3.999999999996362,-3.499999999994543,8.000000000001819,8.500000000003638
2026-03-19,WALL,ASK,2026-03-19 11:10:30.108683470,1773918630108683470,2170.1499999999996,2170.3,46.5,4.08683424151872,16.798899133,0.9937133878140537,1,5.989,0.12879569892473117,2170.2000000000003,20.999999999994543,-3.000000000001819,BREAK,0.51180959,0.255891901,False,False,,-2.000000000007276,-1.5000000000009095,-3.000000000001819,-2.4999999999954525,-3.000000000001819,-2.4999999999954525,-0.0,0.5000000000063665,15.0,15.500000000006366
2026-03-19,WALL,ASK,2026-03-19 11:13:56.434586548,1773918836434586548,2171.45,2171.7,35.07,4.402736802460611,10.415077505,0.9768220595685332,2,7.276,0.20747077274023382,2171.6,15.0,-0.0,BOUNCE,7.654192766,7.654192766,False,True,,-0.0,1.5000000000009095,-0.0,1.5000000000009095,5.999999999994543,7.4999999999954525,6.999999999998181,8.49999999999909,13.000000000001819,14.500000000002728
2026-03-19,WALL,ASK,2026-03-19 11:14:58.165230875,1773918898165230875,2170.1499999999996,2170.3,34.961,2.3296461651229428,10.013211976,1.0,1,8.148,0.23305969508881325,2170.2000000000003,5.0,-3.000000000001819,BOUNCE,2.547082608,4.026562148,False,False,,-0.0,0.5000000000063665,1.999999999998181,2.5000000000045475,1.999999999998181,2.5000000000045475,-3.000000000001819,-2.4999999999954525,5.0,5.5000000000063665
2026-03-19,WALL,BID,2026-03-19 11:16:26.373839023,1773918986373839023,2170.25,2170.1,33.328,3.5122773738012434,10.513525919,1.0,1,2.411,0.07234157465194431,2170.2,16.99999999999818,-1.000000000003638,BOUNCE,3.165153327,0.409210594,False,False,,-1.000000000003638,-0.500000000001819,3.999999999996362,4.499999999998181,3.999999999996362,4.499999999998181,13.000000000001819,13.500000000003638,13.000000000001819,13.500000000003638
2026-03-19,WALL,BID,2026-03-19 11:22:26.277519514,1773919346277519514,2174.45,2174.1,35.407,3.5522447955856524,12.552923291,1.0,3,0.815,0.02301804727878668,2174.2,0.0,-10.0,BREAK,3.065206453,0.792476571,False,False,0.767095171,-1.999999999998181,0.500000000001819,-3.999999999996362,-1.499999999996362,-5.0,-2.5,-5.999999999994543,-3.499999999994543,-8.999999999996362,-6.499999999996362
2026-03-19,WALL,ASK,2026-03-19 11:25:45.156627885,1773919545156627885,2173.3500000000004,2173.7,32.96,2.0060253796293477,10.928298747,0.9612582641816756,3,0.813,0.024666262135922327,2173.6,-0.0,-10.0,BREAK,4.903873821,3.985843541,False,True,4.692720955,-0.0,2.4999999999954525,-3.999999999996362,-1.5000000000009095,-5.999999999994543,-3.4999999999990905,-1.999999999998181,0.4999999999972715,-6.999999999998181,-4.5000000000027285
2026-03-19,WALL,ASK,2026-03-19 11:27:36.715194140,1773919656715194140,2174.05,2174.4,53.468,4.026811266757042,16.104545927,1.0,3,10.448,0.19540659833919352,2174.3,6.000000000003638,-3.999999999996362,BOUNCE,8.435353682,0.258234497,False,True,45.52535512,-0.0,2.5,-0.0,2.5,6.000000000003638,8.500000000003638,5.0,7.5,-3.999999999996362,-1.499999999996362
2026-03-19,WALL,BID,2026-03-19 11:30:12.672531100,1773919812672531100,2174.75,2174.4,33.998,3.2563574541449163,26.318561997,0.9920888064088101,3,2.0789999999999997,0.06115065592093652,2174.5,26.99999999999818,-1.999999999998181,BOUNCE,6.146160044,5.630888466,False,False,0.224853907,-1.999999999998181,0.500000000001819,0.0,2.5,8.999999999996362,11.499999999996362,3.000000000001819,5.500000000001819,16.99999999999818,19.49999999999818
2026-03-19,WALL,BID,2026-03-19 11:31:24.416384448,1773919884416384448,2176.05,2175.9,26.165,3.02049062049062,11.08925642,0.9997447846011662,1,5.629,0.21513472195681252,2176.0,13.000000000001819,-4.000000000005457,BOUNCE,6.127564109,7.093585616,False,False,,0.0,0.500000000001819,0.0,0.500000000001819,6.999999999998181,7.5,5.999999999994543,6.499999999996362,-1.999999999998181,-1.499999999996362
2026-03-19,WALL,ASK,2026-03-19 11:39:11.875499655,1773920351875499655,2168.3500000000004,2168.6,168.037,17.7929902583651,10.768983883,0.991776980078892,2,23.625,0.14059403583734534,2168.5,15.0,-0.0,BOUNCE,1.734365163,2.285473814,False,True,,-0.0,1.499999999996362,6.000000000003638,7.5,8.000000000001819,9.499999999998181,6.000000000003638,7.5,7.000000000007276,8.500000000003638
2026-03-19,WALL,BID,2026-03-19 11:39:16.009952483,1773920356009952483,2167.95,2167.7,68.182,4.129114307342922,14.622182777,0.9837060201863458,2,8.042,0.11794901880261652,2167.7999999999997,0.0,-10.999999999994543,BREAK,2.605682553,0.665332082,False,False,0.665332082,-1.999999999998181,-0.4999999999972715,-3.999999999996362,-2.4999999999954525,-5.0,-3.4999999999990905,-1.999999999998181,-0.4999999999972715,-5.0,-3.4999999999990905
2026-03-19,WALL,BID,2026-03-19 11:43:46.045821080,1773920626045821080,2167.05,2166.7,49.396,5.537668161434977,19.243486504,0.9979444427083534,3,8.52,0.17248360191108592,2166.7999999999997,8.000000000001819,-5.0,BREAK,4.8488009,0.301607574,False,True,3.828758267,0.0,2.5000000000045475,-5.0,-2.4999999999954525,-5.0,-2.4999999999954525,-4.000000000005457,-1.5000000000009095,3.999999999996362,6.5000000000009095
2026-03-19,WALL,ASK,2026-03-19 11:44:23.460788424,1773920663460788424,2166.95,2167.2,57.936,4.767414112322568,37.998370113,0.997609336328641,2,4.075,0.0703362330847832,2167.1,-0.0,-13.000000000001819,BREAK,3.573861989,0.408538592,False,False,0.099075229,-1.000000000003638,0.4999999999972715,-3.000000000001819,-1.5000000000009095,-6.999999999998181,-5.4999999999972715,-5.0,-3.4999999999990905,-9.000000000005457,-7.5000000000045475
2026-03-19,WALL,BID,2026-03-19 11:46:19.882512292,1773920779882512292,2167.55,2167.4,35.914,3.755319705128875,12.655127715,1.0,1,5.536,0.15414601548142784,2167.5,13.999999999996362,-4.000000000005457,BREAK,1.840505411,1.786242826,False,False,,0.0,0.500000000001819,3.999999999996362,4.499999999998181,5.0,5.500000000001819,-1.999999999998181,-1.499999999996362,13.999999999996362,14.499999999998181
2026-03-19,WALL,BID,2026-03-19 11:49:00.221193589,1773920940221193589,2169.3500000000004,2169.2,34.924,2.445058984142542,10.070354553,0.9316167352027491,1,7.979,0.22846752949261254,2169.2999999999997,0.0,-15.0,BREAK,5.062407204,1.99877187,False,False,,0.0,0.5000000000063665,0.0,0.5000000000063665,-4.000000000005457,-3.4999999999990905,-10.0,-9.499999999993634,-15.0,-14.499999999993634
2026-03-19,WALL,ASK,2026-03-19 11:51:15.605981331,1773921075605981331,2168.8500000000004,2169.0,37.094,3.057533794922519,10.232480504,1.0,1,2.713,0.07313851296705666,2168.9,7.000000000007276,-5.999999999994543,BREAK,14.291927383,9.287591651,False,False,,-0.0,0.4999999999972715,-0.999999999994543,-0.4999999999972715,-0.999999999994543,-0.4999999999972715,-5.999999999994543,-5.4999999999972715,6.000000000003638,6.5000000000009095
2026-03-19,WALL,ASK,2026-03-19 11:52:49.326013891,1773921169326013891,2168.45,2168.7,41.863,2.877379888652141,10.009612793,1.0,2,5.889,0.14067314812603016,2168.6,3.999999999996362,-1.999999999998181,BOUNCE,46.251087962,26.036125091,False,False,6.222597897,-0.0,1.5000000000009095,-0.0,1.5000000000009095,-1.000000000003638,0.4999999999972715,-1.999999999998181,-0.4999999999972715,-0.0,1.5000000000009095
2026-03-19,WALL,ASK,2026-03-19 11:55:57.663622630,1773921357663622630,2166.05,2166.2,35.067,4.065032168318553,10.033419025,0.9793756748836671,1,8.047,0.22947500499044687,2166.1,3.000000000001819,-5.0,BREAK,15.387400009,15.234130147,False,False,,-0.0,0.4999999999972715,-0.0,0.4999999999972715,-0.0,0.4999999999972715,-3.000000000001819,-2.5000000000045475,-5.0,-4.5000000000027285
2026-03-19,WALL,BID,2026-03-19 11:57:34.089377363,1773921454089377363,2166.1499999999996,2165.8,125.538,12.318516337945248,22.615874613,0.9990897451302562,3,17.808999999999997,0.14186142841211424,2165.9,8.000000000001819,-1.999999999998181,BOUNCE,29.918262299,1.916727709,False,True,13.731460353,0.0,2.4999999999954525,1.000000000003638,3.4999999999990905,1.000000000003638,3.4999999999990905,2.000000000007276,4.5000000000027285,4.000000000005457,6.5000000000009095
2026-03-19,WALL,ASK,2026-03-19 11:58:04.469622709,1773921484469622709,2166.75,2166.9,25.387,2.592891430905934,11.085040856,0.993455311988252,1,4.091,0.1611454681529917,2166.8,3.000000000001819,-1.999999999998181,BREAK,8.012886963,8.012886963,False,False,,-0.0,0.500000000001819,-0.0,0.500000000001819,-1.999999999998181,-1.499999999996362,1.999999999998181,2.5,3.000000000001819,3.500000000003638
2026-03-19,WALL,ASK,2026-03-19 12:13:51.181155622,1773922431181155622,2162.45,2162.7,34.83,2.6300687155478366,12.83386296,0.9791120859062064,2,5.886,0.16899224806201552,2162.6,10.999999999994543,-6.000000000003638,BREAK,1.98783576,0.509139728,False,False,0.509139728,-1.999999999998181,-0.4999999999972715,-3.000000000001819,-1.5000000000009095,-4.000000000005457,-2.5000000000045475,5.0,6.5000000000009095,10.999999999994543,12.499999999995453
2026-03-19,WALL,ASK,2026-03-19 12:15:09.205278174,1773922509205278174,2161.75,2161.9,35.53,3.7530368648991232,13.611443872,0.9934766687623307,1,8.683,0.24438502673796791,2161.8,23.00000000000182,-3.999999999996362,BOUNCE,0.426287333,0.931575656,False,False,,5.0,5.500000000001819,6.000000000003638,6.500000000005457,1.000000000003638,1.500000000005457,-3.000000000001819,-2.5,23.00000000000182,23.500000000003638
2026-03-19,WALL,BID,2026-03-19 12:17:39.095135799,1773922659095135799,2156.1499999999996,2155.8,42.123,4.271892906039247,15.17258398,0.9889326620817294,3,5.27,0.12510979749780404,2155.9,22.000000000007276,-1.999999999998181,BOUNCE,6.120238892,6.120238892,False,False,2.859230669,-0.999999999994543,1.5000000000009095,-1.999999999998181,0.4999999999972715,13.000000000001819,15.499999999997272,20.0,22.499999999995453,17.000000000007276,19.50000000000273
2026-03-19,WALL,BID,2026-03-19 12:24:51.025649176,1773923091025649176,2159.1499999999996,2158.8,27.617,2.123894485887872,12.503296373,0.9966415047082561,3,5.720000000000001,0.20711880363544197,2158.9,5.0,-6.999999999998181,BOUNCE,15.267223003,0.051214551,False,True,28.807481696,-0.999999999994543,1.5000000000009095,-0.999999999994543,1.5000000000009095,0.0,2.4999999999954525,-1.999999999998181,0.4999999999972715,-1.999999999998181,0.4999999999972715
2026-03-19,WALL,ASK,2026-03-19 12:45:59.337798132,1773924359337798132,2153.25,2153.4,43.862,3.5379713651945957,17.186410772,0.9990441326453826,1,9.712,0.22142173179517577,2153.3,18.999999999996362,-0.0,BOUNCE,1.891730999,2.449426652,False,False,,1.000000000003638,1.500000000005457,8.000000000001819,8.500000000003638,11.999999999998181,12.5,8.999999999996362,9.499999999998181,8.000000000001819,8.500000000003638
2026-03-19,WALL,BID,2026-03-19 12:50:32.229384413,1773924632229384413,2146.3500000000004,2146.0,120.649,13.189286690352555,17.558496617,0.9938460259236898,3,21.895,0.18147684605757197,2146.1,0.0,-121.00000000000364,BREAK,4.593175198,2.291801065,False,True,4.542267386,0.0,2.5000000000045475,-9.000000000005457,-6.5000000000009095,-22.000000000007276,-19.50000000000273,-65.0,-62.49999999999545,-121.00000000000364,-118.49999999999909
2026-03-19,WALL,BID,2026-03-19 12:59:50.584414904,1773925190584414904,2131.3500000000004,2131.0,43.952,8.845240491044477,10.00391763,0.9939480349359894,3,5.615,0.12775300327630143,2131.1,7.999999999992724,-22.000000000007276,BOUNCE,6.118313221,12.756487161,False,False,0.040927648,-2.000000000007276,0.4999999999972715,0.0,2.5000000000045475,5.999999999994543,8.49999999999909,-1.000000000003638,1.5000000000009095,-17.000000000007276,-14.500000000002728
2026-03-19,WALL,ASK,2026-03-19 13:18:55.165355740,1773926335165355740,2126.6499999999996,2126.9,37.951,6.089698331193839,13.405808475,1.0,2,5.465,0.14400147558694104,2126.8,15.0,-6.000000000003638,BOUNCE,4.243190809,4.293552071,False,True,5.109669308,-0.0,1.500000000005457,0.999999999994543,2.5,-3.000000000001819,-1.499999999996362,2.999999999992724,4.499999999998181,5.999999999994543,7.5
2026-03-19,WALL,ASK,2026-03-19 13:21:01.008296454,1773926461008296454,2130.75,2131.1,26.265,2.6375778268728665,15.31134524,1.0,3,2.069,0.07877403388539882,2131.0,-1.000000000003638,-21.99999999999818,BREAK,5.151949983,0.100461745,False,True,3.469334963,-1.000000000003638,1.499999999996362,-3.000000000001819,-0.500000000001819,-6.999999999998181,-4.499999999998181,-8.999999999996362,-6.499999999996362,-3.000000000001819,-0.500000000001819
2026-03-19,WALL,ASK,2026-03-19 13:25:44.434724569,1773926744434724569,2126.95,2127.2,35.043,3.3247628083491465,12.958899729,0.9880615562096075,2,0.758,0.021630568159118797,2127.1,-1.999999999998181,-25.0,BREAK,0.101916233,0.101916233,False,False,0.048698641,-5.0,-3.4999999999990905,-5.0,-3.4999999999990905,-8.000000000001819,-6.5000000000009095,-16.000000000003638,-14.500000000002728,-8.000000000001819,-6.5000000000009095
2026-03-19,WALL,ASK,2026-03-19 13:27:24.921992816,1773926844921992816,2127.75,2128.0,33.838,3.110253228549106,12.659313234,1.0,2,0.62,0.018322595898102725,2127.9,1.000000000003638,-16.99999999999818,BREAK,5.009022656,2.967637262,False,False,0.262551349,-1.999999999998181,-0.4999999999972715,-6.999999999998181,-5.4999999999972715,-5.0,-3.4999999999990905,-8.000000000001819,-6.5000000000009095,-15.0,-13.49999999999909
2026-03-19,WALL,ASK,2026-03-19 13:42:00.844303822,1773927720844303822,2127.8500000000004,2128.1,50.0,10.07252215954875,14.895640892,0.9946240693783772,2,0.184,0.00368,2128.0,10.0,-111.99999999999818,BOUNCE,0.509033881,1.173126894,False,False,0.101733832,10.0,11.499999999996362,-11.999999999998181,-10.500000000001819,-53.99999999999636,-52.5,-105.0,-103.50000000000364,-72.99999999999272,-71.49999999999636
2026-03-19,WALL,ASK,2026-03-19 13:59:37.261279772,1773928777261279772,2136.3500000000004,2136.6,30.849,2.3204332618752117,11.078062111,0.9997482253690173,2,0.8,0.025932769295601156,2136.5,-0.0,-65.99999999999454,BREAK,10.068431533,8.995363717,False,False,0.67327655,-0.999999999994543,0.500000000001819,-0.999999999994543,0.500000000001819,-1.999999999998181,-0.500000000001819,-15.0,-13.500000000003638,-31.99999999999818,-30.50000000000182
2026-03-19,WALL,BID,2026-03-19 14:26:49.678604135,1773930409678604135,2120.3500000000004,2120.2,35.261,4.739700248672626,10.256070395,0.9888965478380962,1,4.29,0.12166416153824337,2120.2999999999997,5.0,-9.000000000005457,BREAK,0.56205824,0.101933853,False,False,,-5.0,-4.4999999999936335,-4.000000000005457,-3.4999999999990905,-4.000000000005457,-3.4999999999990905,2.999999999992724,3.4999999999990905,-3.000000000001819,-2.4999999999954525
2026-03-19,WALL,BID,2026-03-19 14:27:48.992116731,1773930468992116731,2120.45,2120.3,35.804,4.145900880037055,11.52362019,1.0,1,7.285,0.20346888615797118,2120.4,0.0,-73.99999999999636,BREAK,0.337115819,0.234140382,False,False,,-6.999999999998181,-6.5000000000009095,-11.999999999998181,-11.50000000000091,-15.999999999994543,-15.499999999997272,-15.999999999994543,-15.499999999997272,-73.99999999999636,-73.49999999999909
2026-03-19,WALL,ASK,2026-03-19 14:30:43.788595592,1773930643788595592,2109.1499999999996,2109.4,48.796,7.630336200156372,10.968234561,0.9182294538823002,2,12.029,0.2465161078776949,2109.3,1.999999999998181,-25.0,BREAK,2.501926978,1.218893675,False,False,0.100380621,-1.000000000003638,0.500000000001819,-7.000000000007276,-5.500000000001819,-21.000000000003638,-19.49999999999818,-12.000000000007276,-10.500000000001819,-4.000000000005457,-2.5
2026-03-19,WALL,ASK,2026-03-19 14:36:20.823872752,1773930980823872752,2113.55,2113.7,55.063,4.518916700861715,10.004185572,0.984929504464414,1,9.435,0.17134918184624884,2113.6,64.00000000000546,-0.999999999994543,BOUNCE,1.887982452,28.268947116,False,False,,1.000000000003638,1.5000000000009095,4.000000000005457,4.5000000000027285,-0.999999999994543,-0.4999999999972715,21.000000000003638,21.50000000000091,63.00000000000182,63.49999999999909
2026-03-19,WALL,BID,2026-03-19 14:39:53.940488290,1773931193940488290,2107.6499999999996,2107.3,71.756,6.522976228353257,12.695660784,1.0,3,12.195,0.16995094486872178,2107.4,47.000000000007276,-8.999999999996362,BOUNCE,2.056195828,0.37195159,False,True,7.668224547,0.0,2.4999999999954525,3.000000000001819,5.4999999999972715,-8.999999999996362,-6.5000000000009095,3.000000000001819,5.4999999999972715,47.000000000007276,49.50000000000273
2026-03-19,WALL,ASK,2026-03-19 14:41:01.919341290,1773931261919341290,2113.3500000000004,2113.7,42.678,7.75258855585831,10.866906606,1.0,3,1.204,0.02821125638502273,2113.6,11.000000000003638,-20.999999999994543,BREAK,0.356986971,0.255232837,False,False,0.051469459,-11.999999999998181,-9.500000000002728,-7.999999999992724,-5.4999999999972715,-3.999999999996362,-1.5000000000009095,4.000000000005457,6.5000000000009095,11.000000000003638,13.49999999999909
2026-03-19,WALL,ASK,2026-03-19 14:49:03.562344730,1773931743562344730,2114.3500000000004,2114.6,36.993,4.803973767937148,18.583910849,1.0,2,8.522,0.23036790744194846,2114.5,3.000000000001819,-32.999999999992724,BREAK,0.871034504,0.04584823,False,False,0.514110347,-2.999999999992724,-1.499999999996362,-8.999999999996362,-7.5,-1.999999999998181,-0.500000000001819,-1.999999999998181,-0.500000000001819,-32.999999999992724,-31.499999999996362
2026-03-19,WALL,ASK,2026-03-19 14:56:17.646032013,1773932177646032013,2121.05,2121.2,46.23,4.671348456525034,10.104938462,1.0,1,9.949,0.21520657581656935,2121.1,3.000000000001819,-15.999999999994543,BREAK,4.079078679,0.096147915,False,False,,-0.999999999994543,-0.4999999999972715,-3.999999999996362,-3.4999999999990905,3.000000000001819,3.4999999999990905,-13.999999999996362,-13.49999999999909,-15.999999999994543,-15.499999999997272
2026-03-19,WALL,ASK,2026-03-19 15:10:58.635106078,1773933058635106078,2128.3500000000004,2128.6,35.579,5.114129653586316,10.202990382,1.0,2,5.683,0.15972905365524606,2128.5,19.000000000005457,-2.999999999992724,BREAK,0.153523062,0.051596176,False,False,0.051596176,-2.999999999992724,-1.499999999996362,11.000000000003638,12.5,6.000000000003638,7.5,18.00000000000182,19.49999999999818,16.000000000003638,17.5
2026-03-19,WALL,ASK,2026-03-19 15:22:33.559294360,1773933753559294360,2116.8500000000004,2117.2,42.474,2.485676664228237,10.003105464,1.0,3,9.838000000000001,0.23162405236144468,2117.1,27.000000000007276,-8.999999999996362,BREAK,1.275373291,0.145188992,False,True,0.866727535,-2.999999999992724,-0.4999999999972715,-0.999999999994543,1.5000000000009095,-0.999999999994543,1.5000000000009095,1.000000000003638,3.4999999999990905,25.0,27.499999999995453
2026-03-19,WALL,BID,2026-03-19 15:28:31.683722542,1773934111683722542,2113.95,2113.7,10.3,6.311274509803923,12.705517593,0.9862166059180081,2,1.792,0.17398058252427184,2113.7999999999997,-1.999999999998181,-28.00000000000182,BREAK,0.102042781,0.102042781,False,False,0.050912319,-3.999999999996362,-2.4999999999954525,-8.000000000001819,-6.5000000000009095,-8.000000000001819,-6.5000000000009095,-28.00000000000182,-26.50000000000091,-15.0,-13.49999999999909
2026-03-19,WALL,ASK,2026-03-19 15:36:28.257808648,1773934588257808648,2112.45,2112.7,57.184,8.885712065884547,15.662377544,1.0,2,13.859,0.24235800223838838,2112.6,28.999999999996362,-5.0,BREAK,5.219908405,7.872356218,False,False,1.797739904,-0.0,1.5000000000009095,-0.0,1.5000000000009095,11.999999999998181,13.49999999999909,8.000000000001819,9.500000000002728,15.999999999994543,17.499999999995453
2026-03-19,WALL,ASK,2026-03-19 16:01:53.756961795,1773936113756961795,2118.25,2118.5,40.601,4.749210433968885,11.279598874,0.9988288228023382,2,9.087,0.22381222137385778,2118.4,16.99999999999818,-10.0,BREAK,8.680486303,2.600379232,False,False,2.965817351,-0.0,1.5000000000009095,-1.000000000003638,0.4999999999972715,-1.000000000003638,0.4999999999972715,6.999999999998181,8.49999999999909,-6.000000000003638,-4.5000000000027285
2026-03-19,WALL,ASK,2026-03-19 16:12:00.470334695,1773936720470334695,2114.95,2115.1,26.01,2.0960593117898303,10.205856577,0.9648876914645672,1,0.992,0.03813917723952326,2115.0,15.999999999994543,-5.0,BREAK,0.614321516,0.614321516,False,False,,-5.0,-4.499999999998181,5.0,5.500000000001819,8.999999999996362,9.499999999998181,15.999999999994543,16.499999999996362,3.000000000001819,3.500000000003638
2026-03-19,WALL,ASK,2026-03-19 16:29:20.703766099,1773937760703766099,2112.45,2112.8,53.543,5.699398584278034,10.051515162,1.0,3,12.193000000000001,0.22772351194367146,2112.7000000000003,5.0,-24.000000000005457,BREAK,0.104281523,0.05276315,False,False,0.104281523,-5.0,-2.4999999999954525,-15.0,-12.499999999995453,-24.000000000005457,-21.50000000000091,1.999999999998181,4.5000000000027285,3.999999999996362,6.5000000000009095
2026-03-19,WALL,ASK,2026-03-19 16:44:33.572210599,1773938673572210599,2117.3500000000004,2117.5,34.216,3.8839888756456102,21.612608245,0.9880452346578866,1,7.15,0.20896656534954408,2117.4,19.000000000005457,-5.0,BREAK,3.880466061,0.867411939,False,False,,-0.999999999994543,-0.4999999999972715,-1.999999999998181,-1.5000000000009095,-0.0,0.4999999999972715,-0.0,0.4999999999972715,15.0,15.499999999997272
2026-03-19,WALL,ASK,2026-03-19 16:53:25.639046056,1773939205639046056,2109.45,2109.6,26.372,2.0201463097016354,10.410225471,1.0,1,5.165,0.19585166085241923,2109.5,-0.0,-19.000000000005457,BREAK,6.901089912,5.312419838,False,False,,-0.0,0.500000000001819,-0.0,0.500000000001819,-3.000000000001819,-2.5,-19.000000000005457,-18.500000000003638,-16.000000000003638,-15.500000000001819
2026-03-19,WALL,ASK,2026-03-19 16:56:44.266137953,1773939404266137953,2112.3500000000004,2112.6,26.545,2.8219847977462393,10.97636653,0.9851278165179858,2,4.672,0.17600301375023542,2112.5,-0.0,-43.99999999999636,BREAK,0.250515339,0.202625661,False,False,0.202625661,-3.999999999996362,-2.5,-11.999999999998181,-10.500000000001819,-15.0,-13.500000000003638,-35.0,-33.50000000000364,-33.99999999999636,-32.5
2026-03-19,WALL,ASK,2026-03-19 16:57:30.913502895,1773939450913502895,2115.8500000000004,2116.2,36.929,4.05167590103681,14.392881249,0.9920134398379764,3,2.224,0.06022367245254407,2116.1,24.000000000005457,-0.999999999994543,BOUNCE,9.040697857,0.614459908,False,True,,-0.0,2.4999999999954525,-0.0,2.4999999999954525,2.000000000007276,4.5000000000027285,11.000000000003638,13.49999999999909,24.000000000005457,26.50000000000091
2026-03-19,WALL,ASK,2026-03-19 16:57:51.691546351,1773939471691546351,2115.75,2116.1,33.833,2.82471300354832,12.657558029,1.0,3,3.664,0.10829663346436912,2116.0,23.999999999996362,-1.999999999998181,BOUNCE,3.987194148,4.037581692,False,False,0.158026549,1.000000000003638,3.500000000003638,3.999999999996362,6.499999999996362,16.000000000003638,18.500000000003638,20.0,22.5,11.999999999998181,14.499999999998181
2026-03-19,WALL,BID,2026-03-19 17:00:21.304563957,1773939621304563957,2115.55,2115.4,42.008,3.169577847361075,14.282016333,0.9748232055183157,1,6.923,0.1648019424871453,2115.5,10.0,-13.000000000001819,BREAK,4.653011154,4.653011154,False,False,,0.0,0.500000000001819,-1.999999999998181,-1.499999999996362,0.999999999994543,1.499999999996362,5.0,5.500000000001819,-10.0,-9.499999999998181
2026-03-19,WALL,BID,2026-03-19 17:01:14.957747529,1773939674957747529,2114.6499999999996,2114.4,42.533,2.078328854141217,10.201193758,0.9740183381192866,2,4.3580000000000005,0.10246161803775893,2114.5,10.0,-11.999999999998181,BREAK,0.768139214,0.71750305,False,False,0.768139214,-3.999999999996362,-2.5,-3.999999999996362,-2.5,1.000000000003638,2.5,10.0,11.499999999996362,-7.999999999992724,-6.499999999996362
2026-03-19,WALL,ASK,2026-03-19 17:02:34.500055347,1773939754500055347,2114.45,2114.7,82.935,5.190736973869504,15.158217343,1.0,2,20.131,0.24273226020377403,2114.6,41.99999999999818,-0.0,BOUNCE,1.122199176,1.173282832,False,True,,-0.0,1.5000000000009095,25.999999999994543,27.499999999995453,35.99999999999454,37.49999999999545,40.99999999999454,42.49999999999545,36.99999999999818,38.49999999999909
2026-03-19,WALL,ASK,2026-03-19 17:05:01.133113352,1773939901133113352,2111.45,2111.6,76.59,4.402989364759989,11.180807811,1.0,1,17.406,0.22726204465334898,2111.5,23.00000000000182,-8.000000000001819,BREAK,0.460685015,0.202157761,False,False,,-3.000000000001819,-2.5,-3.000000000001819,-2.5,-3.000000000001819,-2.5,3.000000000001819,3.500000000003638,20.999999999994543,21.499999999996362
2026-03-19,WALL,ASK,2026-03-19 17:05:02.052753372,1773939902052753372,2111.75,2112.1,130.231,15.539764930493407,17.76501334,0.9994656349636043,3,10.893,0.08364367930830602,2112.0,26.000000000003638,-5.0,BOUNCE,5.102466978,0.087651323,False,False,0.255054645,-1.999999999998181,0.500000000001819,-0.0,2.5,-1.999999999998181,0.500000000001819,6.000000000003638,8.500000000003638,23.00000000000182,25.50000000000182
2026-03-19,WALL,ASK,2026-03-19 17:06:20.815195099,1773939980815195099,2109.6499999999996,2110.0,78.249,6.093921576262606,10.672564381,1.0,3,12.876,0.16455162366292223,2109.9,5.0,-19.000000000005457,BOUNCE,0.765801657,0.459608677,False,True,13.323526047,2.999999999992724,5.4999999999972715,3.999999999996362,6.5000000000009095,5.0,7.5000000000045475,-10.0,-7.4999999999954525,-14.000000000005457,-11.50000000000091
2026-03-19,WALL,ASK,2026-03-19 17:07:11.102520251,1773940031102520251,2111.55,2111.8,74.149,6.6954715788523185,10.054908789,0.9975133817198468,2,7.945,0.10714911866646887,2111.7000000000003,21.99999999999818,-0.0,BOUNCE,3.063656786,0.082790486,False,True,,-0.0,1.5000000000009095,5.0,6.5000000000009095,3.000000000001819,4.5000000000027285,13.000000000001819,14.500000000002728,11.999999999998181,13.49999999999909
2026-03-19,WALL,ASK,2026-03-19 17:28:20.939179505,1773941300939179505,2127.45,2127.8,108.123,9.187101707876625,10.459085998,1.0,1,14.444,0.133588598170602,2127.7000000000003,23.00000000000182,-3.000000000001819,BOUNCE,28.733330682,0.559608011,False,False,,-0.0,2.5000000000045475,-3.000000000001819,-0.4999999999972715,-1.999999999998181,0.5000000000063665,10.0,12.500000000004547,23.00000000000182,25.500000000006366
2026-03-19,WALL,BID,2026-03-19 17:38:54.773794525,1773941934773794525,2117.3500000000004,2117.2,71.826,7.0063893088816265,11.403344365,1.0,1,3.861,0.053754907693592854,2117.2999999999997,11.999999999998181,-25.0,BREAK,6.385510369,4.85060518,False,False,,0.0,0.5000000000063665,0.999999999994543,1.5000000000009095,-8.000000000001819,-7.4999999999954525,-8.000000000001819,-7.4999999999954525,11.999999999998181,12.500000000004547
2026-03-19,WALL,ASK,2026-03-19 17:43:49.880218490,1773942229880218490,2117.3500000000004,2117.5,44.08,3.2945924735602974,17.375272059,1.0,1,1.085,0.024614337568058076,2117.4,-0.0,-16.99999999999818,BREAK,7.355147709,5.408299227,False,False,,-0.0,0.4999999999972715,-0.0,0.4999999999972715,-7.999999999992724,-7.4999999999954525,-13.999999999996362,-13.49999999999909,-5.999999999994543,-5.4999999999972715
2026-03-19,WALL,ASK,2026-03-19 17:49:07.002261917,1773942547002261917,2121.95,2122.1,44.906,3.8585667640488057,10.047678548,1.0,1,10.109,0.22511468400659154,2122.0,6.999999999998181,-4.000000000005457,BOUNCE,11.179064607,0.510549073,False,False,,-0.0,0.500000000001819,-0.0,0.500000000001819,0.999999999994543,1.499999999996362,3.999999999996362,4.499999999998181,-1.000000000003638,-0.500000000001819
2026-03-19,WALL,ASK,2026-03-19 18:06:29.163747310,1773943589163747310,2125.95,2126.3,80.121,7.253394894079305,33.581963553,0.9943840274645539,3,18.757,0.2341084110283197,2126.2000000000003,30.0,-4.000000000005457,BREAK,3.057691418,0.203178421,False,False,0.305478435,-3.000000000001819,-0.4999999999972715,3.999999999996362,6.5000000000009095,6.999999999998181,9.500000000002728,15.0,17.500000000004547,20.999999999994543,23.49999999999909
2026-03-19,WALL,BID,2026-03-19 18:10:57.908407957,1773943857908407957,2126.05,2125.9,61.974,6.005523523426522,12.252868093,1.0,1,7.851,0.12668215703359473,2126.0,6.999999999998181,-21.99999999999818,BOUNCE,2.347268195,2.347268195,False,False,,0.999999999994543,1.499999999996362,3.999999999996362,4.499999999998181,1.999999999998181,2.5,-5.0,-4.499999999998181,-13.000000000001819,-12.5
2026-03-19,WALL,BID,2026-03-19 18:11:57.679194186,1773943917679194186,2124.75,2124.6,26.723,2.522227465785748,17.30429207,0.9973996587194682,1,3.216,0.12034576956180071,2124.7,28.00000000000182,0.0,BOUNCE,7.856781508,8.423142346,False,False,,0.0,0.500000000001819,1.000000000003638,1.500000000005457,0.0,0.500000000001819,8.000000000001819,8.500000000003638,26.000000000003638,26.500000000005457
2026-03-19,WALL,ASK,2026-03-19 18:22:55.367902426,1773944575367902426,2123.1499999999996,2123.5,118.775,9.475090742291892,14.900687358,0.999701977506587,3,27.146,0.22854977899389603,2123.4,10.999999999994543,-4.000000000005457,BOUNCE,13.10699781,0.261819178,False,True,41.148634166,-0.0,2.5000000000045475,-0.0,2.5000000000045475,-0.0,2.5000000000045475,1.999999999998181,4.5000000000027285,10.999999999994543,13.49999999999909
2026-03-19,WALL,BID,2026-03-19 18:35:25.589028474,1773945325589028474,2117.25,2117.0,30.991,4.470070676474831,10.202115919,0.9970238693383738,2,1.432,0.04620696331192927,2117.1,0.0,-16.000000000003638,BREAK,15.86154347,15.75892926,False,False,0.953847423,-1.000000000003638,0.4999999999972715,-1.000000000003638,0.4999999999972715,-1.000000000003638,0.4999999999972715,-8.000000000001819,-6.5000000000009095,-13.000000000001819,-11.50000000000091
2026-03-19,WALL,ASK,2026-03-19 18:36:34.892301131,1773945394892301131,2116.1499999999996,2116.5,41.087,5.315609030338315,23.949719582,0.9696502180949836,3,8.077,0.1965828607588775,2116.4,10.999999999994543,-8.000000000001819,BREAK,4.648249892,0.400906945,False,False,0.510484443,-2.000000000007276,0.4999999999972715,-6.000000000003638,-3.4999999999990905,-4.000000000005457,-1.5000000000009095,6.999999999998181,9.500000000002728,-0.0,2.5000000000045475
2026-03-19,WALL,ASK,2026-03-19 18:38:54.769526393,1773945534769526393,2118.45,2118.8,102.139,7.796870229007633,11.592610524,0.9986634448756885,3,23.217000000000002,0.22730788435367494,2118.7000000000003,15.0,-1.000000000003638,BOUNCE,19.606182321,1.635412238,False,True,,-0.0,2.5000000000045475,-1.000000000003638,1.5000000000009095,-0.0,2.5000000000045475,8.000000000001819,10.500000000006366,13.000000000001819,15.500000000006366
2026-03-19,WALL,BID,2026-03-19 18:39:33.157633660,1773945573157633660,2117.6499999999996,2117.5,26.873,2.0981417863835103,10.790742859,0.9991357523646093,1,5.597,0.20827596472295615,2117.6,2.000000000007276,-10.999999999994543,BREAK,2.499937058,2.448432893,False,False,,0.0,0.4999999999972715,-6.999999999998181,-6.5000000000009095,-0.999999999994543,-0.4999999999972715,-10.999999999994543,-10.499999999997272,-5.0,-4.5000000000027285
2026-03-19,WALL,BID,2026-03-19 18:40:01.690696103,1773945601690696103,2116.8500000000004,2116.6,26.508,2.0758026624902115,12.149984082,0.9848139210920162,2,1.272,0.04798551380715256,2116.7,2.999999999992724,-15.0,BREAK,0.10147866,0.050369988,False,False,0.050369988,-3.000000000001819,-1.499999999996362,1.999999999998181,3.500000000003638,1.999999999998181,3.500000000003638,1.999999999998181,3.500000000003638,-14.000000000005457,-12.5
2026-03-19,WALL,ASK,2026-03-19 18:51:33.637847800,1773946293637847800,2115.6499999999996,2115.8,39.706,5.9748702129260405,10.100199548,1.0,1,5.449,0.13723366745580012,2115.7000000000003,-0.0,-23.00000000000182,BREAK,14.243780576,5.976762567,False,False,,-0.0,0.5000000000063665,-0.0,0.5000000000063665,-1.000000000003638,-0.4999999999972715,-10.0,-9.499999999993634,-23.00000000000182,-22.499999999995453
2026-03-19,WALL,BID,2026-03-19 18:55:01.185990979,1773946501185990979,2119.3500000000004,2119.2,16.491,2.4246122178931118,11.6754389,0.9999878280378821,1,3.349,0.20308046813413377,2119.2999999999997,17.999999999992724,-4.000000000005457,BREAK,7.109206753,3.025565901,False,False,,0.0,0.5000000000063665,-1.000000000003638,-0.4999999999972715,-3.000000000001819,-2.4999999999954525,2.999999999992724,3.4999999999990905,17.999999999992724,18.49999999999909
2026-03-19,WALL,BID,2026-03-19 19:44:31.947924056,1773949471947924056,2146.1499999999996,2146.0,25.088,2.0596855629900253,10.307178827,0.9912609616547987,1,5.591,0.22285554846938777,2146.1,3.000000000001819,-22.999999999992724,BREAK,1.076676658,0.973759675,False,False,,-0.999999999994543,-0.4999999999972715,-0.999999999994543,-0.4999999999972715,-0.999999999994543,-0.4999999999972715,-11.999999999998181,-11.50000000000091,-12.999999999992724,-12.499999999995453
2026-03-19,WALL,ASK,2026-03-19 20:03:31.972828506,1773950611972828506,2141.6499999999996,2142.0,39.926,4.645258871436883,12.304273964,0.9746538064811899,3,5.981000000000001,0.14980213394780345,2141.9,-0.0,-17.000000000007276,BREAK,2.184072026,0.55947438,False,True,2.074622029,-1.000000000003638,1.5000000000009095,-7.000000000007276,-4.5000000000027285,-16.000000000003638,-13.49999999999909,-2.000000000007276,0.4999999999972715,-4.000000000005457,-1.5000000000009095
2026-03-19,WALL,BID,2026-03-19 20:04:57.666438521,1773950697666438521,2142.75,2142.6,23.353,3.420933128250202,10.870522105,1.0,1,0.96,0.041108208795443836,2142.7,-1.000000000003638,-13.999999999996362,BREAK,0.101869978,0.049724153,False,False,,-1.999999999998181,-1.499999999996362,-6.999999999998181,-6.499999999996362,-6.999999999998181,-6.499999999996362,-8.999999999996362,-8.499999999994543,-13.999999999996362,-13.499999999994543
2026-03-19,WALL,BID,2026-03-19 20:08:01.738839078,1773950881738839078,2143.05,2142.7,27.249,2.789904781406778,28.441125388,0.9951344132796381,3,4.943,0.18140115233586554,2142.7999999999997,21.99999999999818,-3.000000000001819,BOUNCE,15.065016575,0.308871547,False,False,0.359408265,-3.000000000001819,-0.4999999999972715,-3.000000000001819,-0.4999999999972715,-3.000000000001819,-0.4999999999972715,11.999999999998181,14.500000000002728,15.999999999994543,18.49999999999909
2026-03-19,WALL,BID,2026-03-19 20:11:17.539077358,1773951077539077358,2141.05,2140.8,55.324,6.502203678674266,15.975711172,0.9865757688849635,2,9.324000000000002,0.16853445159424485,2140.9,5.0,-4.000000000005457,BREAK,0.209561083,0.056054627,False,False,0.107875313,-4.000000000005457,-2.5000000000045475,-4.000000000005457,-2.5000000000045475,-4.000000000005457,-2.5000000000045475,0.999999999994543,2.4999999999954525,5.0,6.5000000000009095
2026-03-19,WALL,ASK,2026-03-19 20:13:44.293805286,1773951224293805286,2142.1499999999996,2142.5,37.812,2.156434457783227,42.983641837,0.9908159999448862,3,2.901,0.0767216756585211,2142.4,-0.0,-20.0,BREAK,7.762541386,6.945239086,False,True,7.762541386,-0.0,2.5000000000045475,-0.0,2.5000000000045475,-7.000000000007276,-4.5000000000027285,-13.000000000001819,-10.499999999997272,-20.0,-17.499999999995453
2026-03-19,WALL,ASK,2026-03-19 20:19:08.851679667,1773951548851679667,2143.95,2144.3,42.643,2.4971744795479163,15.062393779,0.9915230587598888,3,9.102,0.21344652111718218,2144.2000000000003,-1.000000000003638,-36.00000000000364,BREAK,0.304824367,0.050290667,False,False,0.304824367,-5.0,-2.4999999999954525,-9.000000000005457,-6.5000000000009095,-10.0,-7.4999999999954525,-20.0,-17.499999999995453,-28.00000000000182,-25.49999999999727
2026-03-19,WALL,ASK,2026-03-19 20:21:03.851413275,1773951663851413275,2147.3500000000004,2147.6,48.067,21.730108499095845,10.114059439,0.9883518013997703,2,0.8,0.016643435205026317,2147.5,12.000000000007276,-5.0,BREAK,0.305769341,0.10186527,False,False,0.051289252,-5.0,-3.500000000003638,-5.0,-3.500000000003638,4.000000000005457,5.500000000001819,3.000000000001819,4.499999999998181,12.000000000007276,13.500000000003638
2026-03-19,WALL,ASK,2026-03-19 20:26:13.553864295,1773951973553864295,2143.55,2143.7,50.189,4.994675822262029,10.934716573,0.974298039265695,1,4.718,0.09400466237621789,2143.6,-0.0,-10.0,BREAK,18.123474746,0.614476316,False,False,,-0.0,0.4999999999972715,-0.0,0.4999999999972715,-0.0,0.4999999999972715,-1.999999999998181,-1.5000000000009095,-10.0,-9.500000000002728
2026-03-19,WALL,ASK,2026-03-19 20:26:31.627641348,1773951991627641348,2143.6499999999996,2144.0,26.818,3.0645640498228772,18.258039112,0.9926879966582909,3,4.111000000000001,0.15329256469535388,2143.9,-1.000000000003638,-14.000000000005457,BREAK,29.196039433,0.321915741,False,True,29.094391084,-1.000000000003638,1.5000000000009095,-1.000000000003638,1.5000000000009095,-1.000000000003638,1.5000000000009095,-6.000000000003638,-3.4999999999990905,-14.000000000005457,-11.50000000000091
2026-03-19,WALL,BID,2026-03-19 20:26:31.627641348,1773951991627641348,2143.6499999999996,2143.5,45.092,2.6849266128792166,17.459300737,0.9923534828220767,1,7.563,0.16772376474762707,2143.6,14.000000000005457,1.000000000003638,BOUNCE,29.094391084,20.309510624,False,False,,1.000000000003638,1.5000000000009095,1.000000000003638,1.5000000000009095,1.000000000003638,1.5000000000009095,6.000000000003638,6.5000000000009095,14.000000000005457,14.500000000002728
2026-03-19,WALL,BID,2026-03-19 20:27:59.779685532,1773952079779685532,2144.3500000000004,2144.0,11.205,2.5823922562802486,13.533114625,1.0,3,2.154,0.19223560910307896,2144.1,0.0,-27.000000000007276,BREAK,1.479928487,0.449216838,False,True,1.479928487,0.0,2.5000000000045475,-8.000000000001819,-5.4999999999972715,-9.000000000005457,-6.5000000000009095,-9.000000000005457,-6.5000000000009095,-27.000000000007276,-24.50000000000273
2026-03-19,WALL,BID,2026-03-19 20:29:05.984218107,1773952145984218107,2140.05,2139.7,39.337,5.768311459784442,10.462875856,0.9998136749372897,3,7.0089999999999995,0.1781783054122073,2139.7999999999997,10.0,-3.000000000001819,BOUNCE,11.487694366,11.280962191,False,False,1.481790813,0.0,2.5000000000045475,-3.000000000001819,-0.4999999999972715,-1.999999999998181,0.5000000000063665,5.0,7.5000000000045475,6.999999999998181,9.500000000002728
2026-03-19,WALL,ASK,2026-03-19 20:30:17.493701355,1773952217493701355,2140.25,2140.6,87.317,5.977750393646882,10.559272775,1.0,3,20.517,0.2349714259537089,2140.5,-0.0,-18.999999999996362,BREAK,7.413574757,0.56610798,False,True,6.64651639,-0.0,2.5,-1.000000000003638,1.499999999996362,-6.000000000003638,-3.500000000003638,-8.999999999996362,-6.499999999996362,-18.999999999996362,-16.499999999996362
2026-03-19,WALL,ASK,2026-03-19 20:35:17.155543626,1773952517155543626,2143.25,2143.4,36.095,3.3031342942118505,14.394828441,0.999894659251674,1,1.554,0.04305305443967309,2143.3,-1.000000000003638,-11.000000000003638,BREAK,9.941803817,0.095260435,False,False,,-1.000000000003638,-0.500000000001819,-1.000000000003638,-0.500000000001819,-3.999999999996362,-3.499999999994543,-11.000000000003638,-10.500000000001819,-11.000000000003638,-10.500000000001819
2026-03-19,WALL,ASK,2026-03-19 20:37:29.357295373,1773952649357295373,2145.25,2145.4,35.724,2.1721999270339287,10.011750093,0.9798116424079224,1,5.351,0.1497872578658605,2145.3,-0.0,-21.000000000003638,BREAK,6.888889293,6.787302619,False,False,,-0.0,0.500000000001819,-0.0,0.500000000001819,-11.999999999998181,-11.499999999996362,-13.000000000001819,-12.5,-21.000000000003638,-20.50000000000182
2026-03-19,WALL,BID,2026-03-19 20:41:16.058464674,1773952876058464674,2151.45,2151.1,16.256,2.186856796932804,13.725916597,0.986850694106691,3,3.674,0.22600885826771652,2151.2,-0.999999999994543,-26.99999999999818,BREAK,0.148698307,0.051286791,False,False,0.051286791,-3.999999999996362,-1.499999999996362,-3.999999999996362,-1.499999999996362,-1.999999999998181,0.500000000001819,-5.999999999994543,-3.499999999994543,-26.99999999999818,-24.49999999999818
2026-03-19,WALL,ASK,2026-03-19 20:42:39.228101061,1773952959228101061,2146.75,2147.1,53.808,4.838631356503754,12.053854896,1.0,3,12.205,0.22682500743383885,2147.0,3.999999999996362,-18.00000000000182,BREAK,1.330703452,0.200232011,False,True,1.330703452,-0.0,2.5,-6.999999999998181,-4.499999999998181,3.000000000001819,5.500000000001819,3.999999999996362,6.499999999996362,-18.00000000000182,-15.500000000001819
2026-03-19,WALL,BID,2026-03-19 20:44:00.937790791,1773953040937790791,2148.8500000000004,2148.6,36.053,4.04385620548483,10.025534543,0.9745983227220726,2,2.791,0.07741380745014285,2148.7,3.999999999996362,-9.000000000005457,BOUNCE,8.252787365,8.252787365,False,True,12.490257524,0.0,1.500000000005457,0.0,1.500000000005457,3.999999999996362,5.500000000001819,-6.000000000003638,-4.499999999998181,-9.000000000005457,-7.5
2026-03-19,WALL,BID,2026-03-19 20:45:06.384227403,1773953106384227403,2147.8500000000004,2147.5,50.722,3.8246116724475945,11.89565586,0.979206531954935,3,11.489,0.2265092070501952,2147.6,0.0,-13.000000000001819,BREAK,22.820394213,4.379465601,False,True,22.769481907,-1.000000000003638,1.5000000000009095,-1.000000000003638,1.5000000000009095,-1.000000000003638,1.5000000000009095,-9.000000000005457,-6.5000000000009095,-2.000000000007276,0.4999999999972715
2026-03-19,WALL,BID,2026-03-19 20:46:38.961334464,1773953198961334464,2148.6499999999996,2148.3,58.778,5.80065133721504,18.025925612,0.9943902624377479,3,13.831,0.2353091292660519,2148.4,4.000000000005457,0.0,BOUNCE,29.348791415,0.582995242,False,True,,0.0,2.4999999999954525,0.0,2.4999999999954525,0.0,2.4999999999954525,4.000000000005457,6.5000000000009095,4.000000000005457,6.5000000000009095
2026-03-19,WALL,BID,2026-03-19 20:47:42.577657843,1773953262577657843,2149.05,2148.7,49.907,4.2693870567603405,34.267531964,0.9916305647777232,3,10.125,0.20287735187448655,2148.7999999999997,0.0,-53.00000000000182,BREAK,3.676163859,1.377058505,False,True,2.198838792,0.0,2.5000000000045475,-5.0,-2.4999999999954525,-10.0,-7.4999999999954525,-41.00000000000364,-38.49999999999909,-44.00000000000546,-41.50000000000091
2026-03-19,WALL,ASK,2026-03-19 20:52:10.557662763,1773953530557662763,2145.3500000000004,2145.5,26.382,3.0557711241095733,10.01018806,1.0,1,5.66,0.21454021681449473,2145.4,9.000000000005457,-2.999999999992724,BREAK,9.09489935,25.84124171,False,False,,-0.0,0.4999999999972715,-0.999999999994543,-0.4999999999972715,-0.999999999994543,-0.4999999999972715,-0.0,0.4999999999972715,2.000000000007276,2.5000000000045475
2026-03-19,WALL,ASK,2026-03-19 20:52:19.652562113,1773953539652562113,2145.6499999999996,2145.9,59.935,4.742818706971591,32.482991577,0.9951776975766323,2,8.469999999999999,0.14131976307666635,2145.8,11.999999999998181,-0.0,BOUNCE,0.459828897,15.420577814,False,True,,1.999999999998181,3.500000000003638,1.999999999998181,3.500000000003638,1.999999999998181,3.500000000003638,11.999999999998181,13.500000000003638,5.0,6.500000000005457
2026-03-19,WALL,ASK,2026-03-19 20:53:37.667636887,1773953617667636887,2145.45,2145.6,47.612,3.0955074442493986,46.411165843,0.9887942351898829,1,5.058,0.10623372259094345,2145.5,-0.0,-8.000000000001819,BREAK,7.14830295,0.654701531,False,False,,-1.000000000003638,-0.500000000001819,-1.000000000003638,-0.500000000001819,-6.000000000003638,-5.500000000001819,-6.000000000003638,-5.500000000001819,-8.000000000001819,-7.5
2026-03-19,WALL,BID,2026-03-19 20:54:13.817174154,1773953653817174154,2146.05,2145.9,34.057,3.146143187066975,11.714808587,0.9944970920761319,1,3.398,0.09977390844760255,2146.0,8.999999999996362,-1.000000000003638,BOUNCE,18.328229824,0.050428884,False,False,,0.0,0.500000000001819,-1.000000000003638,-0.500000000001819,-1.000000000003638,-0.500000000001819,5.0,5.500000000001819,5.0,5.500000000001819
2026-03-19,WALL,BID,2026-03-19 20:55:11.346636179,1773953711346636179,2146.75,2146.6,23.82,2.87109021876695,10.718446858,0.9286428722246132,1,0.465,0.01952141057934509,2146.7,3.999999999996362,-3.999999999996362,BREAK,0.150639207,0.050773735,False,False,,-1.999999999998181,-1.499999999996362,-3.000000000001819,-2.5,-3.999999999996362,-3.499999999994543,-1.999999999998181,-1.499999999996362,3.999999999996362,4.499999999998181
2026-03-19,WALL,ASK,2026-03-19 20:56:10.875680470,1773953770875680470,2147.1499999999996,2147.5,41.949,4.690970086664803,10.057540013,0.9845667462620713,3,5.505,0.13123078023314025,2147.4,13.999999999996362,-6.000000000003638,BREAK,1.131622898,0.869070808,False,False,1.131622898,-0.0,2.5000000000045475,-6.000000000003638,-3.4999999999990905,-3.000000000001819,-0.4999999999972715,-3.000000000001819,-0.4999999999972715,13.999999999996362,16.50000000000091
2026-03-19,WALL,BID,2026-03-19 21:00:56.039686510,1773954056039686510,2147.45,2147.3,24.259,5.045549084858569,15.169900438,0.9860461599029514,1,0.931,0.03837750937796282,2147.4,10.0,-3.000000000001819,BREAK,0.152458634,0.041623709,False,False,,-3.000000000001819,-2.5000000000045475,-3.000000000001819,-2.5000000000045475,-3.000000000001819,-2.5000000000045475,3.000000000001819,3.4999999999990905,10.0,10.499999999997272
2026-03-19,WALL,BID,2026-03-19 21:02:26.390616548,1773954146390616548,2147.6499999999996,2147.5,63.037,5.971109216633513,13.44987925,0.9992044530065205,1,10.971,0.17404064279708742,2147.6,20.0,1.000000000003638,BOUNCE,3.572123442,1.045706122,False,False,,1.000000000003638,1.5000000000009095,9.000000000005457,9.500000000002728,10.0,10.499999999997272,16.000000000003638,16.50000000000091,18.00000000000182,18.49999999999909
2026-03-19,WALL,BID,2026-03-19 21:06:55.914234552,1773954415914234552,2148.95,2148.7,52.322,6.151187397131436,13.65390558,0.9919105362672356,2,12.661999999999999,0.24200145254386296,2148.7999999999997,1.999999999998181,-10.999999999994543,BOUNCE,7.498254156,4.321198773,False,True,8.419037628,0.0,1.5000000000009095,0.0,1.5000000000009095,-5.999999999994543,-4.4999999999936335,-10.999999999994543,-9.499999999993634,-8.999999999996362,-7.4999999999954525
2026-03-19,WALL,ASK,2026-03-19 21:08:01.757209580,1773954481757209580,2148.05,2148.4,51.839,4.599325703131931,13.286237337,0.9720796705198884,3,8.401,0.16205945330735547,2148.3,-0.0,-25.999999999994543,BREAK,7.045400158,0.838736179,False,True,5.972202918,-0.0,2.5,-0.0,2.5,-8.000000000001819,-5.500000000001819,-18.00000000000182,-15.500000000001819,-25.999999999994543,-23.499999999994543
2026-03-19,WALL,BID,2026-03-19 21:20:01.137758981,1773955201137758981,2150.55,2150.2,38.198,2.8740829916105484,12.887100348,0.9807389828357687,3,9.439,0.24710717838630294,2150.2999999999997,0.0,-21.000000000003638,BREAK,1.383954856,1.332713179,False,False,0.313205972,-1.999999999998181,0.5000000000063665,-5.0,-2.4999999999954525,-5.0,-2.4999999999954525,-19.000000000005457,-16.50000000000091,-11.000000000003638,-8.49999999999909
2026-03-19,WALL,BID,2026-03-19 21:22:51.508499217,1773955371508499217,2150.05,2149.9,73.135,14.192703279642926,10.059027778,0.9425030291431411,1,9.231,0.12621863676762152,2150.0,0.0,-40.0,BREAK,2.963197679,0.152748528,False,False,,-1.000000000003638,-0.500000000001819,-1.999999999998181,-1.499999999996362,-1.999999999998181,-1.499999999996362,-19.000000000005457,-18.500000000003638,-30.0,-29.49999999999818
2026-03-19,WALL,ASK,2026-03-19 21:35:43.740560064,1773956143740560064,2149.6499999999996,2150.0,51.447,3.944565842438183,10.048300428,0.9595498824987958,3,12.453,0.24205493031663652,2149.9,-0.0,-7.000000000007276,BREAK,28.335619791,5.387865832,False,True,24.167151223,-0.0,2.5000000000045475,-1.000000000003638,1.5000000000009095,-1.000000000003638,1.5000000000009095,-4.000000000005457,-1.5000000000009095,-7.000000000007276,-4.5000000000027285
2026-03-19,WALL,BID,2026-03-19 21:36:55.907607166,1773956215907607166,2150.45,2150.3,107.256,9.542348754448398,11.758315788,0.9605509838004701,1,18.752,0.17483404191840082,2150.4,3.000000000001819,-20.999999999994543,BOUNCE,1.783221001,1.271498237,False,False,,1.000000000003638,1.5000000000009095,0.0,0.4999999999972715,-5.999999999994543,-5.4999999999972715,-11.999999999998181,-11.50000000000091,-20.999999999994543,-20.49999999999727
2026-03-19,WALL,BID,2026-03-19 21:37:29.748740090,1773956249748740090,2149.05,2148.8,98.082,9.783740648379052,12.0486411,0.9897119126571046,2,10.408000000000001,0.10611529128688242,2148.9,0.0,-6.999999999998181,BREAK,8.576868896,7.456877792,False,True,8.576868896,0.0,1.5000000000009095,0.0,1.5000000000009095,-3.000000000001819,-1.5000000000009095,-6.999999999998181,-5.4999999999972715,-3.000000000001819,-1.5000000000009095
2026-03-19,WALL,BID,2026-03-19 21:39:14.413773354,1773956354413773354,2150.45,2150.2,49.325,4.379189417143872,12.101386923,0.9713935653654663,2,9.425,0.1910795742524075,2150.2999999999997,0.0,-23.00000000000182,BREAK,2.449763079,0.05170546,False,False,0.102120913,-1.999999999998181,-0.4999999999972715,-5.999999999994543,-4.4999999999936335,-5.999999999994543,-4.4999999999936335,-10.999999999994543,-9.499999999993634,-23.00000000000182,-21.50000000000091
2026-03-19,WALL,ASK,2026-03-19 21:41:45.985400029,1773956505985400029,2150.85,2151.3,25.384,2.7419929786659463,12.516134144,0.9785472536558969,3,1.045,0.04116766467065868,2151.2000000000003,7.9999999999972715,-4.0000000000009095,BOUNCE,4.136835424,6.481739987,False,False,0.508412582,-4.0000000000009095,-0.4999999999972715,2.0000000000027285,5.5000000000063665,2.0000000000027285,5.5000000000063665,2.0000000000027285,5.5000000000063665,7.9999999999972715,11.50000000000091
2026-03-19,WALL,ASK,2026-03-19 21:43:50.584556830,1773956630584556830,2149.95,2150.1,49.966,3.6544889376485648,23.385671145,0.9951182841282531,1,11.145,0.22305167513909457,2150.0,16.99999999999818,-0.0,BOUNCE,0.970464824,0.048778196,False,False,,5.0,5.500000000001819,8.999999999996362,9.499999999998181,5.999999999994543,6.499999999996362,8.999999999996362,9.499999999998181,8.999999999996362,9.499999999998181
2026-03-19,WALL,BID,2026-03-19 21:43:50.662029280,1773956630662029280,2149.95,2149.6,72.004,7.333876553269506,23.463143595,0.9951344029610624,3,17.622999999999998,0.2447502916504638,2149.7,0.0,-16.99999999999818,BREAK,0.892992374,0.892992374,False,False,0.892992374,-5.0,-2.5,-8.999999999996362,-6.499999999996362,-5.999999999994543,-3.499999999994543,-8.999999999996362,-6.499999999996362,-8.999999999996362,-6.499999999996362
2026-03-19,WALL,BID,2026-03-19 21:52:22.076465968,1773957142076465968,2148.55,2148.2,44.15,2.9633855757291,15.439911369,0.9799270692303156,3,9.333,0.2113929784824462,2148.2999999999997,0.0,-21.000000000003638,BREAK,6.503527591,6.453820578,False,False,6.453820578,0.0,2.5000000000045475,-1.000000000003638,1.5000000000009095,-11.000000000003638,-8.49999999999909,-21.000000000003638,-18.49999999999909,-13.000000000001819,-10.499999999997272
2026-03-19,WALL,BID,2026-03-19 21:59:26.624021349,1773957566624021349,2151.25,2151.0,36.365,3.0364896459585844,10.055584544,0.9640485680948594,2,4.329000000000001,0.11904303588615428,2151.1,0.0,-15.0,BREAK,7.227557795,0.647402204,False,True,6.681499518,0.0,1.5000000000009095,0.0,1.5000000000009095,-3.999999999996362,-2.4999999999954525,-8.999999999996362,-7.4999999999954525,-10.0,-8.49999999999909
2026-03-19,WALL,BID,2026-03-19 21:59:34.429675974,1773957574429675974,2150.95,2150.8,27.036,2.2715509998319607,36.602428832,0.9861069841475814,1,3.223,0.11921142180795975,2150.9,0.0,-11.999999999998181,BREAK,3.572932265,3.572932265,False,False,,-0.999999999994543,-0.4999999999972715,-5.999999999994543,-5.4999999999972715,-5.999999999994543,-5.4999999999972715,-6.999999999998181,-6.5000000000009095,-10.999999999994543,-10.499999999997272
2026-03-19,WALL,BID,2026-03-19 22:10:27.609008433,1773958227609008433,2149.6499999999996,2149.4,26.51,2.041979587906798,10.221733524,0.9962664181265933,2,4.652,0.17548095058468502,2149.5,0.0,-5.999999999994543,BREAK,0.613680126,0.561814522,False,False,0.561814522,-3.999999999996362,-2.5,-5.999999999994543,-4.499999999998181,-5.0,-3.500000000003638,-2.999999999992724,-1.499999999996362,-0.999999999994543,0.500000000001819
2026-03-19,WALL,BID,2026-03-19 22:11:59.018467846,1773958319018467846,2149.45,2149.3,31.066,2.966294280530889,10.111150932,0.9585254841095473,1,2.326,0.07487285134874139,2149.4,9.000000000005457,0.0,BOUNCE,20.473587484,25.78578129,False,False,,0.0,0.4999999999972715,0.0,0.4999999999972715,0.0,0.4999999999972715,9.000000000005457,9.500000000002728,0.0,0.4999999999972715
2026-03-19,WALL,ASK,2026-03-19 22:13:44.836759712,1773958424836759712,2149.75,2150.0,26.634,2.095845136921624,11.075143773,0.9787953767631871,2,4.94,0.18547720958173763,2149.9,-0.0,-23.999999999996362,BREAK,0.917163777,0.10206347,False,False,0.10206347,-3.999999999996362,-2.4999999999954525,-10.0,-8.49999999999909,-11.999999999998181,-10.499999999997272,-20.0,-18.49999999999909,-21.000000000003638,-19.50000000000273
2026-03-19,WALL,ASK,2026-03-19 22:14:01.152625930,1773958441152625930,2150.95,2151.3,71.846,5.373471448337759,10.054064987,0.9974994253535752,3,17.12,0.2382874481529939,2151.2000000000003,5.0,-11.999999999998181,BREAK,2.214141298,0.93923087,False,False,1.439349605,-0.0,2.5000000000045475,-8.000000000001819,-5.4999999999972715,-8.000000000001819,-5.4999999999972715,-9.000000000005457,-6.5000000000009095,3.000000000001819,5.5000000000063665
2026-03-19,WALL,ASK,2026-03-19 22:15:21.225935245,1773958521225935245,2150.95,2151.2,55.698,8.122201968647467,19.752209902,0.9926525511464261,2,12.245999999999999,0.2198642680168049,2151.1,3.999999999996362,-6.999999999998181,BREAK,10.564753403,5.808908095,False,True,10.564753403,-0.0,1.5000000000009095,-0.0,1.5000000000009095,-0.0,1.5000000000009095,-6.000000000003638,-4.5000000000027285,3.000000000001819,4.5000000000027285
2026-03-19,WALL,ASK,2026-03-19 22:17:54.378268395,1773958674378268395,2147.6499999999996,2148.0,50.127,4.854680160767034,11.796698207,1.0,3,1.953,0.03896103896103896,2147.9,-3.000000000001819,-18.00000000000182,BREAK,5.969937912,0.358369327,False,False,0.050611229,-3.000000000001819,-0.4999999999972715,-3.000000000001819,-0.4999999999972715,-6.000000000003638,-3.4999999999990905,-6.000000000003638,-3.4999999999990905,-18.00000000000182,-15.499999999997272
2026-03-19,WALL,BID,2026-03-19 22:23:11.402233715,1773958991402233715,2149.45,2149.1,48.966,5.6412442396313365,37.000261437,0.9874583725904175,3,3.751,0.07660417432504187,2149.2,0.0,-13.999999999996362,BREAK,0.714210265,0.041114309,False,True,0.663567757,-5.999999999994543,-3.499999999994543,-8.000000000001819,-5.500000000001819,-8.000000000001819,-5.500000000001819,-13.000000000001819,-10.500000000001819,-10.0,-7.5
2026-03-19,WALL,BID,2026-03-19 22:23:12.065801472,1773958992065801472,2149.1499999999996,2148.8,51.326,4.859726364626237,42.663531902,0.9879591682849886,3,5.364,0.10450843627011651,2148.9,-0.999999999994543,-10.999999999994543,BREAK,0.758821562,0.758821562,False,False,0.152932658,-3.999999999996362,-1.5000000000009095,-5.0,-2.5000000000045475,-5.0,-2.5000000000045475,-10.0,-7.5000000000045475,-6.999999999998181,-4.5000000000027285
2026-03-19,WALL,BID,2026-03-19 22:28:53.350584097,1773959333350584097,2151.8500000000004,2151.7,28.772,2.485809322216942,26.186384561,0.9842916928054045,1,4.993,0.17353677186153207,2151.7999999999997,0.0,0.0,NONE,,43.536638642,False,False,,0.0,0.5000000000063665,0.0,0.5000000000063665,0.0,0.5000000000063665,0.0,0.5000000000063665,0.0,0.5000000000063665
2026-03-19,WALL,BID,2026-03-19 22:37:45.043338316,1773959865043338316,2135.45,2135.2,33.192,3.3774612058000506,13.781773493,0.9895780878220823,2,1.564,0.04711978790069896,2135.2999999999997,15.0,-1.999999999998181,BOUNCE,50.65047755,2.76118188,False,True,15.169195992,0.0,1.5000000000009095,0.0,1.5000000000009095,0.0,1.5000000000009095,-0.999999999994543,0.5000000000063665,15.0,16.50000000000091
2026-03-19,WALL,ASK,2026-03-19 22:44:40.337555098,1773960280337555098,2138.05,2138.2,37.728,2.5606081172797612,10.022262629,0.990669785709923,1,4.652,0.12330364715860899,2138.1,-0.0,-20.999999999994543,BREAK,5.804883693,5.704040425,False,False,,-0.0,0.4999999999972715,-0.0,0.4999999999972715,-5.0,-4.5000000000027285,-5.999999999994543,-5.4999999999972715,-18.00000000000182,-17.500000000004547
2026-03-19,WALL,ASK,2026-03-19 22:49:53.364752879,1773960593364752879,2138.25,2138.6,51.455,4.5464987850673735,20.711477491,0.920846110920267,3,10.135000000000002,0.19696822466232633,2138.5,-0.0,-41.00000000000364,BREAK,0.985001364,0.985001364,False,False,0.985001364,-3.999999999996362,-1.499999999996362,-8.999999999996362,-6.499999999996362,-13.000000000001819,-10.500000000001819,-16.000000000003638,-13.500000000003638,-36.99999999999818,-34.49999999999818
2026-03-19,WALL,BID,2026-03-19 22:50:09.650337285,1773960609650337285,2139.55,2139.4,35.739,3.4160772318868284,10.257499266,0.9701922883861701,1,5.009,0.14015501273119005,2139.5,28.00000000000182,0.0,BOUNCE,6.176971718,9.962128976,False,False,,0.0,0.500000000001819,0.0,0.500000000001819,3.000000000001819,3.500000000003638,3.000000000001819,3.500000000003638,16.99999999999818,17.5
2026-03-19,WALL,BID,2026-03-19 22:51:45.236827521,1773960705236827521,2140.8500000000004,2140.7,26.717,2.0825473536518824,10.039126796,0.9839096957053713,1,3.916,0.14657334281543588,2140.7999999999997,2.999999999992724,-5.0,BOUNCE,1.139802784,3.232271502,False,False,,0.999999999994543,1.5000000000009095,0.0,0.5000000000063665,0.0,0.5000000000063665,-3.000000000001819,-2.4999999999954525,-5.0,-4.4999999999936335
2026-03-19,WALL,ASK,2026-03-19 22:53:43.311578715,1773960823311578715,2140.05,2140.2,74.589,6.389053064371065,31.448916486,0.9845999329987855,1,9.086,0.12181420852940783,2140.1,5.0,-15.0,BOUNCE,0.050477067,0.993796875,False,False,,4.000000000005457,4.5000000000027285,5.0,5.4999999999972715,1.999999999998181,2.4999999999954525,-8.000000000001819,-7.5000000000045475,-15.0,-14.500000000002728
2026-03-19,WALL,BID,2026-03-19 22:53:43.413631414,1773960823413631414,2139.75,2139.6,47.714,7.563446144091305,31.601044271,0.9879974217703915,1,0.467,0.00978748375738777,2139.7,18.00000000000182,-1.999999999998181,BREAK,4.33681035,0.891744176,False,False,,-1.000000000003638,-0.500000000001819,-1.999999999998181,-1.499999999996362,1.000000000003638,1.500000000005457,11.000000000003638,11.500000000005457,18.00000000000182,18.500000000003638
2026-03-19,WALL,ASK,2026-03-19 22:54:26.604200332,1773960866604200332,2141.1499999999996,2141.4,34.232,3.6084962841933277,17.050411472,0.9583266521064988,2,0.8,0.023369946249123627,2141.3,2.999999999992724,-5.0,BREAK,9.800922408,9.69937318,False,False,0.103795609,-2.000000000007276,-0.500000000001819,-2.000000000007276,-0.500000000001819,-3.000000000001819,-1.499999999996362,-5.0,-3.499999999994543,2.999999999992724,4.499999999998181
2026-03-19,WALL,BID,2026-03-19 22:57:01.432044174,1773961021432044174,2138.3500000000004,2138.2,47.738,3.832222846592277,14.39346458,0.9757925991992124,1,11.559,0.24213414889605764,2138.2999999999997,2.999999999992724,-7.000000000007276,BREAK,6.58317736,6.428777066,False,False,,0.0,0.5000000000063665,0.0,0.5000000000063665,-5.0,-4.4999999999936335,-2.000000000007276,-1.5000000000009095,2.999999999992724,3.4999999999990905
2026-03-19,WALL,ASK,2026-03-19 22:57:55.186356746,1773961075186356746,2138.6499999999996,2138.8,38.302,2.7769158268687018,11.150428079,0.9624215995088883,1,5.562,0.14521434912015038,2138.7000000000003,3.999999999996362,-4.000000000005457,BREAK,8.374201907,8.374201907,False,False,,-0.0,0.5000000000063665,-0.0,0.5000000000063665,-0.0,0.5000000000063665,3.999999999996362,4.5000000000027285,-0.0,0.5000000000063665
2026-03-19,WALL,ASK,2026-03-19 22:59:26.372973162,1773961166372973162,2139.25,2139.4,36.208,3.272891620717708,10.037593834,0.9842798023500898,1,8.615,0.23793084401237297,2139.3,-0.0,-41.00000000000364,BREAK,8.474245119,8.372594133,False,False,,-0.0,0.500000000001819,-0.0,0.500000000001819,-3.999999999996362,-3.499999999994543,-8.999999999996362,-8.499999999994543,-28.999999999996362,-28.499999999994543
2026-03-19,WALL,ASK,2026-03-19 22:59:39.948521416,1773961179948521416,2139.75,2140.1,50.719,6.8006167873424515,23.613142088,0.9827132691837974,3,10.190999999999999,0.20093061771722626,2140.0,-0.0,-36.00000000000364,BREAK,11.739760773,1.114290089,False,True,11.618383766,-1.000000000003638,1.499999999996362,-1.000000000003638,1.499999999996362,-1.000000000003638,1.499999999996362,-36.00000000000364,-33.50000000000364,-21.99999999999818,-19.49999999999818
2026-03-19,WALL,BID,2026-03-19 23:01:17.022754338,1773961277022754338,2142.3500000000004,2142.0,50.446,5.426635111876076,13.625814885,0.9785695464480839,3,3.516,0.06969829124212029,2142.1,10.999999999994543,-8.000000000001819,BREAK,13.120902623,0.337443593,False,False,0.051240106,-2.000000000007276,0.4999999999972715,-1.000000000003638,1.5000000000009095,-1.000000000003638,1.5000000000009095,-5.0,-2.4999999999954525,10.999999999994543,13.49999999999909
2026-03-19,WALL,BID,2026-03-19 23:10:39.530395031,1773961839530395031,2145.8500000000004,2145.5,60.052,5.564234422052351,16.039315311,0.9839522818144566,3,12.416,0.20675414640644776,2145.6,1.999999999998181,-11.000000000003638,BREAK,1.685990548,1.584172684,False,False,1.532913185,0.0,2.5000000000045475,-7.000000000007276,-4.5000000000027285,-10.0,-7.4999999999954525,0.999999999994543,3.4999999999990905,0.0,2.5000000000045475
2026-03-19,WALL,ASK,2026-03-19 23:12:32.312704093,1773961952312704093,2145.75,2146.1,54.839,4.19018147086915,11.797512472,0.9904227657933685,3,12.128,0.22115647623041995,2146.0,-0.0,-16.000000000003638,BREAK,7.353007855,3.878215045,False,False,3.878215045,-0.0,2.5,-3.000000000001819,-0.500000000001819,-6.000000000003638,-3.500000000003638,-13.000000000001819,-10.500000000001819,-11.000000000003638,-8.500000000003638
2026-03-19,WALL,BID,2026-03-19 23:15:45.073009607,1773962145073009607,2143.25,2143.0,38.763,6.7000259268861795,10.007484184,0.9477344615906315,2,9.268,0.23909398137399068,2143.1,13.999999999996362,-8.000000000001819,BREAK,3.728314518,0.760434506,False,True,2.908408773,0.0,1.5000000000009095,-8.000000000001819,-6.5000000000009095,-3.000000000001819,-1.5000000000009095,8.000000000001819,9.500000000002728,1.000000000003638,2.5000000000045475
2026-03-19,WALL,BID,2026-03-19 23:17:19.876506296,1773962239876506296,2143.5,2143.1,49.433,12.108511941212493,17.259960515,0.9801989590472711,3,0.9790000000000001,0.019804583982359965,2143.2,5.500000000001819,-7.5,BREAK,4.338257852,0.050961292,False,False,0.050961292,-2.5,0.500000000001819,-4.499999999998181,-1.499999999996362,-7.5,-4.499999999998181,2.5,5.500000000001819,-0.500000000001819,2.5
2026-03-19,WALL,ASK,2026-03-19 23:20:20.288808194,1773962420288808194,2140.3500000000004,2140.7,26.453,3.083100233100233,13.978656009,0.920718913085316,3,5.895,0.22284807016217442,2140.6,14.000000000005457,-5.999999999994543,BREAK,2.766527197,0.055044551,False,False,0.109423737,-2.999999999992724,-0.4999999999972715,-5.999999999994543,-3.4999999999990905,-5.999999999994543,-3.4999999999990905,7.000000000007276,9.500000000002728,6.000000000003638,8.49999999999909
2026-03-19,WALL,BID,2026-03-19 23:21:02.260317223,1773962462260317223,2139.6499999999996,2139.5,33.289,4.276593011305241,13.122404508,0.9771902391960618,1,7.55,0.22680164618943194,2139.6,6.000000000003638,-6.999999999998181,BREAK,6.737839876,6.278893406,False,False,,0.0,0.4999999999972715,0.0,0.4999999999972715,-5.999999999994543,-5.4999999999972715,3.000000000001819,3.4999999999990905,-1.999999999998181,-1.5000000000009095
2026-03-19,WALL,BID,2026-03-19 23:22:03.064702127,1773962523064702127,2139.25,2139.0,33.358,3.304080824088748,28.326338466,0.9787513457582082,2,6.116,0.18334432519935248,2139.1,0.0,-15.0,BREAK,3.623588143,0.088776578,False,True,0.804344204,-1.999999999998181,-0.4999999999972715,-8.999999999996362,-7.4999999999954525,-15.0,-13.49999999999909,-10.0,-8.49999999999909,-8.999999999996362,-7.4999999999954525
2026-03-19,WALL,ASK,2026-03-19 23:24:41.998435873,1773962681998435873,2137.45,2137.7,39.416,2.0712014923412414,10.33605844,0.977577287866031,2,9.601,0.24358128678709157,2137.6,-0.0,-23.00000000000182,BREAK,3.544187764,3.442980844,False,False,3.392064612,-0.0,1.5000000000009095,-4.000000000005457,-2.5000000000045475,-5.0,-3.4999999999990905,-20.0,-18.49999999999909,-20.0,-18.49999999999909
2026-03-19,WALL,BID,2026-03-19 23:30:57.062067556,1773963057062067556,2143.3500000000004,2143.0,78.025,10.370148856990962,17.581343771,0.9767449937658124,3,17.084,0.21895546299263055,2143.1,0.0,-35.0,BREAK,0.314681565,0.038648499,False,False,0.263275311,-8.000000000001819,-5.4999999999972715,-6.000000000003638,-3.4999999999990905,-15.0,-12.499999999995453,-20.0,-17.499999999995453,-27.000000000007276,-24.50000000000273
2026-03-19,WALL,BID,2026-03-19 23:34:21.397238843,1773963261397238843,2139.05,2138.8,53.037,5.801783077175518,17.829478896,0.9924201761146076,2,12.578999999999999,0.23717404830589964,2138.9,0.0,-31.99999999999818,BREAK,13.369510797,0.341230262,False,True,11.992287356,0.0,1.5000000000009095,0.0,1.5000000000009095,0.0,1.5000000000009095,-10.0,-8.49999999999909,-21.99999999999818,-20.49999999999727
2026-03-19,WALL,BID,2026-03-19 23:34:49.224107308,1773963289224107308,2138.45,2138.3,34.451,5.509956017592963,14.376510172,0.9720253189968667,1,0.923,0.02679167513279731,2138.4,0.0,-25.999999999994543,BREAK,1.581685422,1.581685422,False,False,,-0.999999999994543,-0.4999999999972715,-13.000000000001819,-12.500000000004547,-18.999999999996362,-18.49999999999909,-15.999999999994543,-15.499999999997272,-20.0,-19.50000000000273
2026-03-19,WALL,ASK,2026-03-19 23:36:55.257811800,1773963415257811800,2136.55,2136.7,36.61,3.982377896225389,13.783437911,0.9963795134913203,1,5.243,0.14321223709369027,2136.6,21.000000000003638,-0.0,BOUNCE,5.822794402,0.488434558,False,False,,-0.0,0.4999999999972715,-0.0,0.4999999999972715,18.00000000000182,18.49999999999909,11.999999999998181,12.499999999995453,13.000000000001819,13.49999999999909
2026-03-19,WALL,BID,2026-03-19 23:38:15.185155558,1773963495185155558,2135.45,2135.3,24.195,2.846638037531619,10.734162936,0.9952554767145189,1,0.819,0.03384996900185989,2135.4,15.0,-13.000000000001819,BREAK,0.051121543,0.051121543,False,False,,-5.0,-4.5000000000027285,-5.0,-4.5000000000027285,-10.0,-9.500000000002728,-8.000000000001819,-7.5000000000045475,11.000000000003638,11.50000000000091
2026-03-19,WALL,BID,2026-03-19 23:41:27.007752583,1773963687007752583,2134.3500000000004,2134.0,40.493,5.092818513394542,10.631972315,0.9917155522615749,3,8.454,0.20877682562418196,2134.1,6.999999999998181,-4.000000000005457,BREAK,0.20487987,0.051924389,False,False,0.051924389,-4.000000000005457,-1.5000000000009095,-4.000000000005457,-1.5000000000009095,0.0,2.5000000000045475,6.999999999998181,9.500000000002728,5.999999999994543,8.49999999999909
2026-03-19,WALL,BID,2026-03-19 23:42:56.879443157,1773963776879443157,2132.75,2132.6,23.881,2.0244998304510005,11.587193146,0.9752989026424571,1,1.623,0.06796197814161886,2132.7,10.0,-1.000000000003638,BOUNCE,5.411349512,15.065126786,False,False,,-1.000000000003638,-0.500000000001819,1.000000000003638,1.500000000005457,6.000000000003638,6.500000000005457,6.000000000003638,6.500000000005457,6.000000000003638,6.500000000005457
2026-03-19,WALL,BID,2026-03-19 23:48:25.953594775,1773964105953594775,2136.05,2135.8,25.746,2.4443178581600677,31.715966211,0.983883262814717,2,6.108,0.23724073642507573,2135.9,11.999999999998181,-1.999999999998181,BOUNCE,13.280893563,13.629238247,False,False,0.102276088,-1.000000000003638,0.4999999999972715,-1.000000000003638,0.4999999999972715,-1.000000000003638,0.4999999999972715,6.999999999998181,8.49999999999909,11.999999999998181,13.49999999999909
2026-03-19,WALL,ASK,2026-03-19 23:50:22.769941439,1773964222769941439,2136.55,2136.7,34.557,3.1045728146617555,10.169311051,0.9712267976136666,1,7.98,0.2309228231617328,2136.6,6.999999999998181,-0.999999999994543,BOUNCE,19.99965682,26.582703553,False,False,,-0.0,0.4999999999972715,-0.0,0.4999999999972715,-0.999999999994543,-0.4999999999972715,5.0,5.4999999999972715,6.999999999998181,7.4999999999954525
2026-03-19,WALL,BID,2026-03-19 23:51:49.228258123,1773964309228258123,2135.6,2135.2,13.037,2.133540626789952,19.751261378,0.9974711345243178,3,2.477,0.189997698857099,2135.2999999999997,10.499999999997272,-4.5000000000027285,BREAK,0.103424972,0.103424972,False,False,0.103424972,-4.5000000000027285,-1.5000000000009095,0.4999999999972715,3.4999999999990905,0.4999999999972715,3.4999999999990905,8.49999999999909,11.50000000000091,8.49999999999909,11.50000000000091
2026-03-19,WALL,ASK,2026-03-19 23:52:03.113088734,1773964323113088734,2136.05,2136.2,37.84,2.52207818175759,12.554651353,0.994460263846086,1,7.561,0.19981501057082451,2136.1,-0.999999999994543,-5.999999999994543,BREAK,0.102468167,0.102468167,False,False,,-3.999999999996362,-3.4999999999990905,-3.999999999996362,-3.4999999999990905,-3.999999999996362,-3.4999999999990905,-3.999999999996362,-3.4999999999990905,-5.0,-4.5000000000027285
2026-03-19,WALL,BID,2026-03-19 23:54:00.145272516,1773964440145272516,2137.3500000000004,2137.0,36.25,5.531817488173356,14.03937866,0.9494608034882934,3,1.4020000000000001,0.03867586206896552,2137.1,5.999999999994543,-2.000000000007276,BOUNCE,16.682582369,1.166948051,False,False,0.356740331,-2.000000000007276,0.4999999999972715,-2.000000000007276,0.4999999999972715,0.999999999994543,3.4999999999990905,1.999999999998181,4.5000000000027285,5.0,7.5000000000045475
2026-03-19,WALL,BID,2026-03-19 23:55:00.338373445,1773964500338373445,2137.75,2137.4,20.14,2.8312363815280803,14.140758293,0.9817530632619802,3,3.766,0.18699106256206555,2137.5,16.000000000003638,-1.999999999998181,BOUNCE,15.925306452,15.925306452,False,False,0.154617713,-1.999999999998181,0.500000000001819,-1.999999999998181,0.500000000001819,-1.999999999998181,0.500000000001819,16.000000000003638,18.500000000003638,3.999999999996362,6.499999999996362
2026-03-19,WALL,BID,2026-03-19 23:57:06.952433965,1773964626952433965,2139.3500000000004,2139.1,26.653,7.592365759863266,27.729268302,0.9927123501493393,2,3.7640000000000002,0.14122237646793984,2139.2,-1.000000000003638,-12.000000000007276,BREAK,0.357844735,0.048032882,False,False,0.048032882,-3.000000000001819,-1.499999999996362,-4.000000000005457,-2.5,-5.0,-3.499999999994543,-10.0,-8.499999999994543,-11.000000000003638,-9.499999999998181
2026-03-19,WALL,BID,2026-03-19 23:57:25.572542258,1773964645572542258,2138.8500000000004,2138.6,26.319,2.1655490188011686,10.194812372,0.9923109047876845,2,6.393,0.24290436566738857,2138.7,0.0,-7.000000000007276,BREAK,4.455974892,0.120440459,False,False,0.222911473,-1.000000000003638,0.500000000001819,-4.000000000005457,-2.5,-5.0,-3.499999999994543,-7.000000000007276,-5.500000000001819,-6.000000000003638,-4.499999999998181
2026-03-19,WALL,BID,2026-03-19 23:57:25.740434206,1773964645740434206,2138.8500000000004,2138.5,44.398,4.923264581947216,13.064853832,0.9837767457083327,3,8.73,0.19663047885039867,2138.6,-1.000000000003638,-7.000000000007276,BREAK,4.339828212,3.623019822,False,False,3.623019822,-1.000000000003638,1.5000000000009095,-4.000000000005457,-1.5000000000009095,-5.0,-2.4999999999954525,-7.000000000007276,-4.5000000000027285,-6.000000000003638,-3.4999999999990905
2026-03-19,WALL,BID,2026-03-19 23:57:29.418363542,1773964649418363542,2138.6499999999996,2138.3,49.863,5.037429913623277,19.554207036,0.9891606729124948,3,8.732,0.17511982832962317,2138.4,0.0,-6.999999999998181,BREAK,17.251145258,0.661898876,False,False,0.661898876,-1.999999999998181,0.4999999999972715,-2.999999999992724,-0.4999999999972715,-2.999999999992724,-0.4999999999972715,-3.999999999996362,-1.5000000000009095,-6.999999999998181,-4.5000000000027285
2026-03-19,WALL,ASK,2026-03-19 23:58:08.172605535,1773964688172605535,2138.25,2138.4,36.334,2.677523949889462,12.562680253,0.9785746204170305,1,8.964,0.24671106952166014,2138.3,8.999999999996362,-1.000000000003638,BOUNCE,19.027515778,7.381699249,False,False,,-0.0,0.500000000001819,-0.0,0.500000000001819,-0.0,0.500000000001819,1.999999999998181,2.5,8.999999999996362,9.499999999998181
2026-03-20,WALL,BID,2026-03-20 00:00:49.116463190,1773964849116463190,2138.6499999999996,2138.4,49.538,5.77601585728444,12.30876044,0.9953538620498166,2,2.964,0.05983285558561105,2138.5,9.000000000005457,-5.999999999994543,BOUNCE,13.684081576,0.356978264,False,False,0.050547044,-0.999999999994543,0.500000000001819,-0.999999999994543,0.500000000001819,1.000000000003638,2.5,-1.999999999998181,-0.500000000001819,-1.999999999998181,-0.500000000001819
2026-03-20,WALL,BID,2026-03-20 00:01:19.641881030,1773964879641881030,2138.45,2138.3,39.358,3.3979107312440644,10.004661633,0.9313372329620695,1,7.487,0.19022816200010165,2138.4,20.0,-3.999999999996362,BREAK,12.398276325,2.756527841,False,False,,0.0,0.4999999999972715,1.000000000003638,1.5000000000009095,1.000000000003638,1.5000000000009095,0.0,0.4999999999972715,9.000000000005457,9.500000000002728
2026-03-20,WALL,BID,2026-03-20 00:03:32.362824062,1773965012362824062,2136.75,2136.6,35.217,3.6630954857499476,12.208442308,1.0,1,8.674,0.2463015021154556,2136.7,5.0,-18.999999999996362,BOUNCE,3.467963251,8.621411958,False,False,,0.0,0.500000000001819,1.999999999998181,2.5,1.000000000003638,1.500000000005457,-16.000000000003638,-15.500000000001819,-6.000000000003638,-5.500000000001819
2026-03-20,WALL,ASK,2026-03-20 00:09:21.083748735,1773965361083748735,2144.05,2144.2,34.523,2.819700249111774,13.174161781,0.9873890043433649,1,8.111,0.23494481939576514,2144.1,13.000000000001819,-8.999999999996362,BOUNCE,18.533380427,6.586157079,False,False,,-0.0,0.4999999999972715,-0.999999999994543,-0.4999999999972715,-0.0,0.4999999999972715,13.000000000001819,13.49999999999909,-8.000000000001819,-7.5000000000045475
2026-03-20,WALL,ASK,2026-03-20 00:11:43.136162159,1773965503136162159,2143.6499999999996,2143.8,26.272,2.5049580472921433,12.522200245,0.9987853174599988,1,0.466,0.017737515225334958,2143.7000000000003,-0.0,-10.0,BREAK,5.714847932,0.304567753,False,False,,-1.000000000003638,-0.4999999999972715,-1.000000000003638,-0.4999999999972715,-6.000000000003638,-5.4999999999972715,-1.000000000003638,-0.4999999999972715,-0.0,0.5000000000063665
2026-03-20,WALL,ASK,2026-03-20 00:13:27.433675104,1773965607433675104,2144.95,2145.2,43.931,3.256922563665344,10.004501898,0.9700019440188226,2,6.295,0.14329289112471832,2145.1,8.000000000001819,-0.0,BOUNCE,10.312813701,2.348702489,False,True,,-0.0,1.5000000000009095,-0.0,1.5000000000009095,-0.0,1.5000000000009095,3.999999999996362,5.4999999999972715,3.000000000001819,4.5000000000027285
2026-03-20,WALL,ASK,2026-03-20 00:13:51.934786970,1773965631934786970,2144.25,2144.6,25.659,2.872544080604534,13.297848173,0.9931581152968244,3,6.3420000000000005,0.2471647375189992,2144.5,-1.000000000003638,-3.999999999996362,BREAK,8.370728369,0.918405097,False,False,0.918405097,-1.999999999998181,0.500000000001819,-3.000000000001819,-0.500000000001819,-3.999999999996362,-1.499999999996362,-3.999999999996362,-1.499999999996362,-3.000000000001819,-0.500000000001819
2026-03-20,WALL,BID,2026-03-20 00:17:33.687895337,1773965853687895337,2145.3500000000004,2145.2,35.308,4.001359927470535,12.678025714,0.9833485670590745,1,4.669,0.13223632038065028,2145.2999999999997,31.99999999999818,0.0,BOUNCE,1.687489876,0.56544441,False,False,,0.999999999994543,1.5000000000009095,6.999999999998181,7.5000000000045475,6.999999999998181,7.5000000000045475,11.999999999998181,12.500000000004547,20.0,20.500000000006366
2026-03-20,WALL,ASK,2026-03-20 00:29:00.255063537,1773966540255063537,2142.6499999999996,2142.9,24.155,2.012665083531225,15.110408585,0.9960947189701688,2,1.263,0.05228731111571103,2142.8,-0.0,-12.000000000007276,BREAK,20.623302252,0.052036757,False,True,5.613306356,-0.0,1.500000000005457,-0.0,1.500000000005457,-2.000000000007276,-0.500000000001819,-11.000000000003638,-9.499999999998181,-3.000000000001819,-1.499999999996362
2026-03-20,WALL,BID,2026-03-20 00:29:02.398339623,1773966542398339623,2142.6499999999996,2142.5,35.206,3.3990827902486123,20.475668811,0.9890660993754828,1,5.364,0.15236039311480995,2142.6,12.000000000007276,0.0,BOUNCE,4.644286022,18.531419339,False,False,,0.0,0.4999999999972715,2.000000000007276,2.5000000000045475,2.000000000007276,2.5000000000045475,8.000000000001819,8.49999999999909,3.000000000001819,3.4999999999990905
2026-03-20,WALL,ASK,2026-03-20 00:33:12.024936077,1773966792024936077,2143.05,2143.4,23.404,2.1375468079276647,14.29534005,0.9866304110758107,3,1.8250000000000002,0.0779781233977098,2143.3,-0.0,-25.0,BREAK,15.010167938,0.042445754,False,False,0.494223135,-3.000000000001819,-0.500000000001819,-3.000000000001819,-0.500000000001819,-3.000000000001819,-0.500000000001819,-13.999999999996362,-11.499999999996362,-25.0,-22.5
2026-03-20,WALL,ASK,2026-03-20 00:33:27.035104015,1773966807035104015,2143.45,2143.8,51.288,4.444752578213016,10.299919896,0.9423218841506998,3,10.407,0.20291296209639684,2143.7000000000003,-0.0,-24.000000000005457,BREAK,2.449645131,2.042504336,False,False,2.449645131,-0.0,2.5000000000045475,-9.000000000005457,-6.5000000000009095,-10.0,-7.4999999999954525,-15.0,-12.499999999995453,-24.000000000005457,-21.50000000000091
2026-03-20,WALL,ASK,2026-03-20 00:34:07.451889447,1773966847451889447,2145.45,2145.7,17.76,3.191948238677211,14.083643537,0.9931894997379044,2,3.9299999999999997,0.22128378378378374,2145.6,8.999999999996362,-4.000000000005457,BREAK,15.931570491,1.275354333,False,False,1.774350834,-0.0,1.5000000000009095,-1.000000000003638,0.4999999999972715,-1.999999999998181,-0.4999999999972715,-4.000000000005457,-2.5000000000045475,5.999999999994543,7.4999999999954525
2026-03-20,WALL,ASK,2026-03-20 00:37:39.854695895,1773967059854695895,2143.8500000000004,2144.2,49.722,7.199826238053865,13.37499819,0.9994336980915883,3,8.763,0.17623989380958127,2144.1,1.000000000003638,-27.999999999992724,BREAK,11.243036485,0.824902373,False,True,11.243036485,1.000000000003638,3.4999999999990905,1.000000000003638,3.4999999999990905,1.000000000003638,3.4999999999990905,-25.0,-22.500000000004547,-22.999999999992724,-20.49999999999727
2026-03-20,WALL,BID,2026-03-20 00:42:56.701354417,1773967376701354417,2147.3500000000004,2147.2,35.534,4.065675057208238,10.264024896,0.9946840633618043,1,2.505,0.0704958631170147,2147.2999999999997,-1.000000000003638,-9.000000000005457,BREAK,4.489618673,4.337553146,False,False,,-1.000000000003638,-0.4999999999972715,-3.000000000001819,-2.4999999999954525,-4.000000000005457,-3.4999999999990905,-7.000000000007276,-6.5000000000009095,-8.000000000001819,-7.4999999999954525
2026-03-20,WALL,BID,2026-03-20 00:43:24.036636424,1773967404036636424,2146.6499999999996,2146.5,35.017,2.1779450180370694,10.089663888,0.9868637497273189,1,7.105,0.20290144786817832,2146.6,0.0,-1.999999999998181,BREAK,5.68394885,5.308630844,False,False,,0.0,0.4999999999972715,0.0,0.4999999999972715,-1.999999999998181,-1.5000000000009095,-0.999999999994543,-0.4999999999972715,-1.999999999998181,-1.5000000000009095
2026-03-20,WALL,ASK,2026-03-20 00:45:24.574715565,1773967524574715565,2147.55,2147.9,39.541,3.6316127847171193,10.362122192,0.9703240648679662,3,1.7770000000000001,0.04494069446903215,2147.8,8.000000000001819,-6.999999999998181,BREAK,3.774904712,3.673044658,False,False,3.673044658,-0.0,2.5,-3.999999999996362,-1.499999999996362,-0.999999999994543,1.500000000005457,8.000000000001819,10.500000000001819,4.000000000005457,6.500000000005457
2026-03-20,WALL,BID,2026-03-20 00:48:15.122489235,1773967695122489235,2146.75,2146.5,37.934,3.3379383166879317,10.017486233,0.9723811767179097,2,7.631,0.2011651816312543,2146.6,0.0,-5.0,BREAK,22.158097592,1.013539022,False,True,8.478056316,0.0,1.5000000000009095,0.0,1.5000000000009095,-1.000000000003638,0.4999999999972715,-5.0,-3.4999999999990905,-3.000000000001819,-1.5000000000009095
2026-03-20,WALL,BID,2026-03-20 00:48:36.853323284,1773967716853323284,2146.6499999999996,2146.4,31.033,2.7575084414430426,12.598489137,0.9669857635723578,2,6.131,0.19756388360777238,2146.5,0.0,-3.999999999996362,BREAK,0.427263543,0.118680775,False,False,0.427263543,-2.999999999992724,-1.499999999996362,-3.999999999996362,-2.5,-3.999999999996362,-2.5,-1.999999999998181,-0.500000000001819,0.0,1.499999999996362
2026-03-20,WALL,ASK,2026-03-20 00:48:37.280586827,1773967717280586827,2146.3500000000004,2146.7,71.553,6.927388905024687,13.680041276,0.9657744451530703,3,9.373999999999999,0.13100778443950636,2146.6,1.000000000003638,-2.999999999992724,NONE,,0.046476543,False,True,39.267622248,-0.0,2.4999999999954525,1.000000000003638,3.4999999999990905,1.000000000003638,3.4999999999990905,-0.999999999994543,1.5000000000009095,-2.999999999992724,-0.4999999999972715
2026-03-20,WALL,BID,2026-03-20 00:50:00.042486754,1773967800042486754,2146.25,2146.1,25.619,2.3434870106110504,30.881295261,0.9928439545643318,1,2.329,0.09090909090909091,2146.2,0.0,-16.000000000003638,BREAK,0.205661271,0.155866769,False,False,,-11.000000000003638,-10.500000000001819,-11.000000000003638,-10.500000000001819,-11.999999999998181,-11.499999999996362,-16.000000000003638,-15.500000000001819,-6.999999999998181,-6.499999999996362
2026-03-20,WALL,BID,2026-03-20 00:50:00.198353523,1773967800198353523,2146.1499999999996,2145.8,60.43,7.662461167818424,14.287591767,1.0,3,12.465,0.20627171934469635,2145.9,-0.999999999994543,-15.0,BREAK,0.510307754,0.510307754,False,False,0.408253717,-10.0,-7.5000000000045475,-10.999999999994543,-8.49999999999909,-10.999999999994543,-8.49999999999909,-15.0,-12.500000000004547,-5.999999999994543,-3.4999999999990905
2026-03-20,WALL,BID,2026-03-20 00:55:17.636976294,1773968117636976294,2143.1499999999996,2143.0,36.735,2.936685586377808,14.951658187,0.9783141965964741,1,8.943,0.24344630461412822,2143.1,11.000000000003638,0.0,BOUNCE,29.93482668,23.082066964,False,False,,0.0,0.4999999999972715,1.000000000003638,1.5000000000009095,1.000000000003638,1.5000000000009095,2.000000000007276,2.5000000000045475,11.000000000003638,11.50000000000091
2026-03-20,WALL,ASK,2026-03-20 00:55:41.437921288,1773968141437921288,2143.25,2143.4,35.721,2.5985523587822352,14.501017114,0.984244785231001,1,7.877,0.22051454326586603,2143.3,-0.0,-10.0,BREAK,6.745652737,2.85977163,False,False,,-0.0,0.500000000001819,-0.0,0.500000000001819,-8.999999999996362,-8.499999999994543,-10.0,-9.499999999998181,-5.0,-4.499999999998181
2026-03-20,WALL,BID,2026-03-20 00:56:32.631615938,1773968192631615938,2143.9,2143.7,53.742,4.518412645031108,13.327590158,0.9932076686837746,1,11.998,0.22325183283093297,2143.7999999999997,9.500000000002728,-1.5000000000009095,BOUNCE,30.016212785,0.050926148,False,False,,-0.4999999999972715,0.5000000000063665,-0.4999999999972715,0.5000000000063665,-1.5000000000009095,-0.4999999999972715,2.4999999999954525,3.4999999999990905,9.500000000002728,10.500000000006366
2026-03-20,WALL,ASK,2026-03-20 00:58:30.194025666,1773968310194025666,2144.05,2144.4,41.027,4.425066062665157,10.616825276,1.0,3,5.998,0.14619640724401003,2144.3,-0.999999999994543,-21.99999999999818,BREAK,15.610280728,0.050606612,False,False,0.050606612,-3.000000000001819,-0.500000000001819,-0.999999999994543,1.500000000005457,-0.999999999994543,1.500000000005457,-10.999999999994543,-8.499999999994543,-20.999999999994543,-18.499999999994543
2026-03-20,WALL,BID,2026-03-20 01:08:12.072849253,1773968892072849253,2151.75,2151.6,36.649,2.7339798582618426,12.246638929,0.9936280091662364,1,2.997,0.08177576468662173,2151.7,3.000000000001819,-13.999999999996362,BREAK,9.394525454,8.407373222,False,False,,0.0,0.500000000001819,0.0,0.500000000001819,-1.999999999998181,-1.499999999996362,-11.999999999998181,-11.499999999996362,-11.000000000003638,-10.500000000001819
2026-03-20,WALL,BID,2026-03-20 01:09:07.129884726,1773968947129884726,2151.1499999999996,2151.0,33.536,2.2063157894736842,11.636360495,0.9637958669137983,1,6.179,0.1842497614503817,2151.1,21.000000000003638,-5.999999999994543,BREAK,1.227010379,1.227010379,False,False,,-0.999999999994543,-0.4999999999972715,-5.0,-4.5000000000027285,-3.999999999996362,-3.4999999999990905,6.000000000003638,6.5000000000009095,15.0,15.499999999997272
2026-03-20,WALL,ASK,2026-03-20 01:16:22.307090573,1773969382307090573,2153.1499999999996,2153.3,38.81,2.279655790184734,13.886497218,0.9883164395273348,1,5.814,0.14980675083741304,2153.2000000000003,11.999999999998181,-1.000000000003638,BOUNCE,3.115117263,0.971875356,False,False,,-1.000000000003638,-0.4999999999972715,5.999999999994543,6.5000000000009095,11.999999999998181,12.500000000004547,5.999999999994543,6.5000000000009095,5.0,5.5000000000063665
2026-03-20,WALL,BID,2026-03-20 01:17:23.603630461,1773969443603630461,2152.6499999999996,2152.4,70.635,6.127521145087834,11.788043472,0.9887373023932805,2,10.567,0.14960005662914985,2152.5,0.0,-25.999999999994543,BREAK,2.550639503,0.609344437,False,False,0.102003453,-1.999999999998181,-0.500000000001819,-3.999999999996362,-2.5,-10.999999999994543,-9.499999999998181,-8.999999999996362,-7.5,-25.999999999994543,-24.49999999999818
2026-03-20,WALL,BID,2026-03-20 01:26:57.316715076,1773970017316715076,2149.95,2149.7,23.772,2.7587327376116972,12.86580864,0.9815048103342535,2,1.283,0.05397105838801952,2149.7999999999997,0.0,0.0,NONE,,0.641520211,False,True,,0.0,1.5000000000009095,0.0,1.5000000000009095,0.0,1.5000000000009095,0.0,1.5000000000009095,0.0,1.5000000000009095
2026-03-20,WALL,ASK,2026-03-20 01:30:31.182400000,1773970231182400000,2151.3500000000004,2151.7,35.468,5.271308612617968,10.202404512,0.9728138906202193,3,5.824,0.16420435321980376,2151.6,-1.999999999998181,-35.0,BREAK,1.287079408,0.062103177,False,False,0.062103177,-1.999999999998181,0.4999999999972715,-6.999999999998181,-4.5000000000027285,-10.999999999994543,-8.49999999999909,-35.0,-32.50000000000455,-25.999999999994543,-23.49999999999909
2026-03-20,WALL,ASK,2026-03-20 01:30:31.244503177,1773970231244503177,2151.55,2151.8,34.7,3.63522078466293,10.21139136,0.9641971717554463,2,1.9809999999999999,0.057089337175792496,2151.7000000000003,-0.0,-33.00000000000182,BREAK,1.224976231,0.199671476,False,True,1.224976231,-0.0,1.5000000000009095,-5.0,-3.4999999999990905,-8.999999999996362,-7.4999999999954525,-33.00000000000182,-31.50000000000091,-23.999999999996362,-22.499999999995453
2026-03-20,WALL,BID,2026-03-20 01:37:11.958268859,1773970631958268859,2153.45,2153.1,56.934,7.244433133986512,10.566797199,0.9949517605008026,3,8.256,0.14501001159237012,2153.2,6.999999999998181,-6.999999999998181,BREAK,1.839317356,0.101054817,False,False,0.305158933,-1.999999999998181,0.500000000001819,-6.999999999998181,-4.499999999998181,-6.999999999998181,-4.499999999998181,-1.999999999998181,0.500000000001819,6.999999999998181,9.499999999998181
2026-03-20,WALL,BID,2026-03-20 01:46:53.564467465,1773971213564467465,2159.6499999999996,2159.4,39.656,4.012952843553936,13.68807465,1.0,2,5.59,0.14096227556990115,2159.5,0.0,-35.0,BREAK,3.623490004,0.934615827,False,True,3.573328506,0.0,1.499999999996362,-5.999999999994543,-4.499999999998181,-5.999999999994543,-4.499999999998181,-26.99999999999818,-25.50000000000182,-22.999999999992724,-21.499999999996362
2026-03-20,WALL,ASK,2026-03-20 01:48:52.817579691,1773971332817579691,2158.6499999999996,2158.9,37.199,4.057261275017724,12.541389121,0.9715361794809269,2,7.277,0.19562353826715773,2158.8,6.999999999998181,-3.000000000001819,BREAK,1.73682889,1.73682889,False,False,0.255188671,-1.000000000003638,0.500000000001819,-3.000000000001819,-1.499999999996362,0.999999999994543,2.5,3.999999999996362,5.500000000001819,5.999999999994543,7.5
2026-03-20,WALL,BID,2026-03-20 01:50:27.759111484,1773971427759111484,2157.75,2157.5,42.023,4.039119569396386,34.823171991,0.9918053480862182,2,7.097,0.16888370654165577,2157.6,0.0,-18.00000000000182,BREAK,11.098841671,7.606152732,False,True,9.158691758,0.0,1.5000000000009095,0.0,1.5000000000009095,-1.000000000003638,0.4999999999972715,-11.999999999998181,-10.499999999997272,-13.999999999996362,-12.499999999995453
2026-03-20,WALL,BID,2026-03-20 01:50:38.857953155,1773971438857953155,2157.45,2157.2,24.35,3.9700008151952395,11.232266276,1.0,2,2.0629999999999997,0.08472279260780285,2157.2999999999997,0.0,-15.0,BREAK,0.149147528,0.042389127,False,False,0.102176227,-3.000000000001819,-1.5000000000009095,-5.999999999994543,-4.4999999999936335,-8.000000000001819,-6.5000000000009095,-13.000000000001819,-11.50000000000091,-10.999999999994543,-9.499999999993634
2026-03-20,WALL,BID,2026-03-20 01:51:55.225549658,1773971515225549658,2156.3500000000004,2156.1,44.72,3.894283101841773,36.245898791,0.9875406468024422,2,3.5999999999999996,0.08050089445438283,2156.2,0.0,-3.000000000001819,BREAK,4.494606417,0.051792398,False,False,0.10225517,-1.000000000003638,0.500000000001819,-3.000000000001819,-1.499999999996362,-3.000000000001819,-1.499999999996362,-3.000000000001819,-1.499999999996362,0.0,1.500000000005457
2026-03-20,WALL,BID,2026-03-20 01:51:58.328185559,1773971518328185559,2156.25,2155.9,74.869,5.216079701814889,33.482797011,0.9865124632553357,3,16.463,0.21989074249689458,2156.0,1.000000000003638,-1.999999999998181,NONE,,0.05947652,False,True,1.391970516,0.0,2.5,-1.999999999998181,0.500000000001819,-1.999999999998181,0.500000000001819,-1.999999999998181,0.500000000001819,1.000000000003638,3.500000000003638
2026-03-20,WALL,BID,2026-03-20 01:52:32.906584664,1773971552906584664,2156.1499999999996,2156.0,64.038,4.589715104819924,28.199676672,0.9863549798646429,1,13.198,0.2060963802742122,2156.1,16.000000000003638,0.0,BOUNCE,10.057518681,0.042596882,False,False,,0.0,0.4999999999972715,0.0,0.4999999999972715,2.000000000007276,2.5000000000045475,2.000000000007276,2.5000000000045475,16.000000000003638,16.50000000000091
2026-03-20,WALL,BID,2026-03-20 01:55:39.597412748,1773971739597412748,2156.05,2155.8,22.484,2.4194555041429036,17.24716013,0.981661568825476,2,4.782,0.21268457569827431,2155.9,0.0,-20.0,BREAK,8.17218899,6.641163206,False,False,6.641163206,0.0,1.5000000000009095,0.0,1.5000000000009095,-3.000000000001819,-1.5000000000009095,-11.000000000003638,-9.500000000002728,-16.99999999999818,-15.499999999997272
2026-03-20,WALL,BID,2026-03-20 01:57:41.507475518,1773971861507475518,2154.05,2153.8,40.177,3.4498540271337794,19.089366837,0.9894053364510761,2,3.329,0.08285835179331459,2153.9,-1.000000000003638,-30.0,BREAK,5.306171637,0.051329229,False,False,0.051329229,-1.999999999998181,-0.4999999999972715,-1.999999999998181,-0.4999999999972715,-11.000000000003638,-9.500000000002728,-21.99999999999818,-20.49999999999727,-26.99999999999818,-25.49999999999727
2026-03-20,WALL,ASK,2026-03-20 02:00:01.321830412,1773972001321830412,2151.3500000000004,2151.7,49.393,14.080102622576968,33.393937299,0.9875789028922798,3,5.646000000000001,0.11430769542242829,2151.6,28.00000000000182,-3.999999999996362,BREAK,5.512474436,2.593887004,False,False,0.102715473,-2.999999999992724,-0.4999999999972715,-2.999999999992724,-0.4999999999972715,2.000000000007276,4.5000000000027285,13.000000000001819,15.499999999997272,25.0,27.499999999995453
2026-03-20,WALL,BID,2026-03-20 02:08:19.780566953,1773972499780566953,2148.95,2148.8,56.158,4.419801668503069,15.473261413,0.9835005969856162,1,6.053,0.1077851775348125,2148.9,9.000000000005457,-8.999999999996362,BOUNCE,1.584094641,1.584094641,False,False,,1.000000000003638,1.5000000000009095,3.000000000001819,3.4999999999990905,8.000000000001819,8.49999999999909,-1.999999999998181,-1.5000000000009095,-8.999999999996362,-8.49999999999909
2026-03-20,WALL,BID,2026-03-20 02:09:18.134747103,1773972558134747103,2148.25,2148.0,48.009,5.429653924451482,14.091315794,0.9982538296380756,2,1.7770000000000001,0.03701389322835302,2148.1,0.0,-16.000000000003638,BREAK,6.384462249,0.047858636,False,False,0.152891925,-1.999999999998181,-0.4999999999972715,-1.999999999998181,-0.4999999999972715,-6.999999999998181,-5.4999999999972715,-10.0,-8.49999999999909,-11.000000000003638,-9.500000000002728
2026-03-20,WALL,BID,2026-03-20 02:09:42.232209620,1773972582232209620,2147.55,2147.4,33.375,4.038845525503721,14.805958878,0.9662890281465227,1,0.465,0.013932584269662922,2147.5,-1.000000000003638,-10.0,BREAK,0.255327742,0.0510462,False,False,,-3.000000000001819,-2.5,-3.000000000001819,-2.5,-3.000000000001819,-2.5,-6.999999999998181,-6.499999999996362,-10.0,-9.499999999998181
2026-03-20,WALL,ASK,2026-03-20 02:12:32.160825712,1773972752160825712,2146.45,2146.8,26.314,2.949173437937798,10.683177042,0.9865770338321423,3,3.5940000000000003,0.1365812875275519,2146.7000000000003,10.0,-6.000000000003638,BREAK,9.699835607,3.217792145,False,False,0.102705528,-1.999999999998181,0.5000000000063665,-1.999999999998181,0.5000000000063665,-6.000000000003638,-3.4999999999990905,3.999999999996362,6.5000000000009095,0.999999999994543,3.4999999999990905
2026-03-20,WALL,BID,2026-03-20 02:14:46.369589841,1773972886369589841,2145.75,2145.4,33.092,2.5354940045205527,10.525904815,0.9991723819326596,3,2.6479999999999997,0.08001934002175752,2145.5,1.000000000003638,-18.00000000000182,BREAK,29.553790268,20.725073026,False,False,1.834405105,-1.000000000003638,1.499999999996362,-1.999999999998181,0.500000000001819,-1.000000000003638,1.499999999996362,-3.999999999996362,-1.499999999996362,-13.999999999996362,-11.499999999996362
2026-03-20,WALL,BID,2026-03-20 02:15:33.839090373,1773972933839090373,2144.0,2143.8,39.344,3.2066506377603,11.441823724,0.9691293917368168,1,2.798,0.07111630744204961,2143.9,5.500000000001819,-14.499999999998181,BOUNCE,5.714845981,0.096362142,False,False,,-0.500000000001819,0.4999999999972715,1.499999999996362,2.4999999999954525,3.500000000003638,4.5000000000027285,-5.500000000001819,-4.5000000000027285,-8.500000000003638,-7.5000000000045475
2026-03-20,WALL,BID,2026-03-20 02:19:46.336077942,1773973186336077942,2141.8500000000004,2141.7,37.861,2.6181453564760386,10.033634986,0.9615544037092999,1,5.658,0.1494413776709543,2141.7999999999997,2.999999999992724,-3.000000000001819,BREAK,10.040865256,8.201525119,False,False,,0.0,0.5000000000063665,0.0,0.5000000000063665,-2.000000000007276,-1.5000000000009095,0.999999999994543,1.5000000000009095,2.999999999992724,3.4999999999990905
2026-03-20,WALL,ASK,2026-03-20 02:20:51.273628151,1773973251273628151,2142.45,2142.8,12.209,2.9796217205613176,12.236517795,0.9524815744363488,3,0.719,0.05889098206241297,2142.7000000000003,3.000000000001819,-6.999999999998181,BREAK,0.099789444,0.050663997,False,False,0.050663997,-4.000000000005457,-1.5000000000009095,-4.000000000005457,-1.5000000000009095,-4.000000000005457,-1.5000000000009095,-4.000000000005457,-1.5000000000009095,3.000000000001819,5.5000000000063665
2026-03-20,WALL,BID,2026-03-20 02:26:27.770014271,1773973587770014271,2137.8500000000004,2137.7,33.648,2.892709766162311,19.02200779,0.9903189499219525,1,0.819,0.024340228245363763,2137.7999999999997,2.999999999992724,-3.000000000001819,BREAK,0.051547325,0.051547325,False,False,,-2.000000000007276,-1.5000000000009095,-3.000000000001819,-2.4999999999954525,0.0,0.5000000000063665,1.999999999998181,2.5000000000045475,-2.000000000007276,-1.5000000000009095
2026-03-20,WALL,ASK,2026-03-20 02:27:28.765714573,1773973648765714573,2137.8500000000004,2138.1,28.978,2.0277097473934647,18.02695639,0.9705628575606711,2,3.9379999999999997,0.13589619711505277,2138.0,-0.0,-20.999999999994543,BREAK,8.941433193,0.772132431,False,False,0.143502477,-0.999999999994543,0.500000000001819,-0.999999999994543,0.500000000001819,-2.999999999992724,-1.499999999996362,-3.999999999996362,-2.5,-5.0,-3.500000000003638
2026-03-20,WALL,ASK,2026-03-20 02:27:39.749723431,1773973659749723431,2138.1499999999996,2138.3,26.478,2.556902129303269,10.984008858,0.9798942386286266,1,2.338,0.08829972052269809,2138.2000000000003,-0.0,-18.00000000000182,BREAK,26.498917943,1.008621741,False,False,,-1.000000000003638,-0.4999999999972715,-1.000000000003638,-0.4999999999972715,-1.000000000003638,-0.4999999999972715,-14.000000000005457,-13.49999999999909,-5.0,-4.4999999999936335
2026-03-20,WALL,ASK,2026-03-20 02:28:46.581855345,1773973726581855345,2138.6499999999996,2138.9,37.773,2.8994818652849745,10.072703198,0.9570559679465301,2,5.766,0.15264871733778093,2138.8,1.999999999998181,-0.0,BOUNCE,13.580196007,5.101415701,False,True,,-0.0,1.500000000005457,-0.0,1.500000000005457,-0.0,1.500000000005457,1.999999999998181,3.500000000003638,-0.0,1.500000000005457
2026-03-20,WALL,BID,2026-03-20 02:31:35.352680435,1773973895352680435,2137.3500000000004,2137.1,49.709,5.106476963377677,10.416121236,1.0,2,2.981,0.0599690196946227,2137.2,0.999999999994543,-2.000000000007276,NONE,,0.051149201,False,False,0.051149201,-1.000000000003638,0.500000000001819,-1.000000000003638,0.500000000001819,0.0,1.500000000005457,0.0,1.500000000005457,-3.000000000001819,-1.499999999996362
2026-03-20,WALL,ASK,2026-03-20 02:33:26.371914075,1773974006371914075,2134.25,2134.5,46.574,3.3192459822542135,12.092533485,0.9996477709153931,2,0.468,0.010048524928071458,2134.4,3.000000000001819,-11.000000000003638,BREAK,1.223416346,0.050402984,False,False,0.050402984,-1.999999999998181,-0.4999999999972715,-3.000000000001819,-1.5000000000009095,-10.0,-8.49999999999909,1.000000000003638,2.5000000000045475,-6.999999999998181,-5.4999999999972715
2026-03-20,WALL,ASK,2026-03-20 02:35:49.059158803,1773974149059158803,2133.7,2134.5,85.333,10.626112944399477,13.425689741,1.0,3,2.801,0.032824346970105354,2134.4,7.5,-24.49999999999818,BOUNCE,0.051500337,0.505386012,False,True,23.580868716,4.499999999998181,11.50000000000091,7.5,14.500000000002728,5.500000000001819,12.500000000004547,-21.500000000005457,-14.500000000002728,-21.500000000005457,-14.500000000002728
2026-03-20,WALL,BID,2026-03-20 02:35:49.110659140,1773974149110659140,2132.95,2132.6,10.468,4.4649178929409254,21.905824163,1.0,3,0.746,0.07126480703095148,2132.7,31.99999999999818,0.0,BOUNCE,0.35063014,19.49687541,False,True,,1.999999999998181,4.499999999998181,0.0,2.5,1.999999999998181,4.499999999998181,29.000000000005457,31.500000000005457,29.000000000005457,31.500000000005457
2026-03-20,WALL,BID,2026-03-20 02:39:11.905429762,1773974351905429762,2137.1499999999996,2136.8,34.104,3.2114506332689863,11.134779671,0.9765270829129458,3,3.17,0.09295097349284541,2136.9,-0.999999999994543,-7.999999999992724,BREAK,3.357749419,0.196135648,False,False,0.407752947,-1.999999999998181,0.4999999999972715,-5.0,-2.5000000000045475,-6.999999999998181,-4.5000000000027285,-7.999999999992724,-5.4999999999972715,-1.999999999998181,0.4999999999972715
2026-03-20,WALL,ASK,2026-03-20 02:40:23.073421397,1773974423073421397,2137.1499999999996,2137.4,29.088,3.1252215954875098,15.770891477,0.9911371775524647,2,5.945,0.20437981298129812,2137.3,-0.0,-38.00000000000182,BREAK,5.323152191,2.157151316,False,False,2.309501022,-0.0,1.500000000005457,-1.000000000003638,0.500000000001819,-3.000000000001819,-1.499999999996362,-24.000000000005457,-22.5,-37.000000000007276,-35.50000000000182
2026-03-20,WALL,ASK,2026-03-20 02:40:35.134195024,1773974435134195024,2137.75,2138.0,53.098,11.910722296994168,13.386967497,0.9530514617189557,2,3.011,0.05670646728690346,2137.9,-1.000000000003638,-36.99999999999818,BREAK,4.283487026,0.050590961,False,False,0.050590961,-1.000000000003638,0.4999999999972715,-6.999999999998181,-5.4999999999972715,-13.000000000001819,-11.50000000000091,-18.00000000000182,-16.50000000000091,-25.0,-23.49999999999909
2026-03-20,WALL,BID,2026-03-20 02:43:55.891664540,1773974635891664540,2143.1499999999996,2142.8,55.9,4.459691252144083,12.194311272,1.0,3,7.064,0.1263685152057245,2142.9,8.000000000001819,0.0,BOUNCE,1.928904023,0.993822472,False,True,,0.0,2.4999999999954525,3.000000000001819,5.4999999999972715,3.000000000001819,5.4999999999972715,6.000000000003638,8.49999999999909,4.000000000005457,6.5000000000009095
2026-03-20,WALL,ASK,2026-03-20 02:44:09.820813291,1773974649820813291,2143.75,2144.0,28.463,3.897706264977747,12.000244728,0.9937829626235936,2,4.335,0.15230298984646734,2143.9,6.999999999998181,-1.999999999998181,BOUNCE,30.421618429,0.361650127,False,False,0.155599506,-1.999999999998181,-0.4999999999972715,-1.999999999998181,-0.4999999999972715,-1.999999999998181,-0.4999999999972715,1.000000000003638,2.5000000000045475,-0.0,1.5000000000009095
2026-03-20,WALL,BID,2026-03-20 02:44:38.192448680,1773974678192448680,2143.6499999999996,2143.3,56.986,4.776897606773125,11.431167324,1.0,3,12.414000000000001,0.2178429789772927,2143.4,8.000000000001819,-5.999999999994543,BREAK,20.487104783,0.093711731,False,True,20.435425794,0.0,2.4999999999954525,-0.999999999994543,1.5000000000009095,-0.999999999994543,1.5000000000009095,1.000000000003638,3.4999999999990905,6.000000000003638,8.49999999999909
2026-03-20,WALL,BID,2026-03-20 02:44:58.577253172,1773974698577253172,2143.55,2143.3,40.886,3.8325834270716164,11.334523457,0.9848161420590018,2,8.814,0.21557501345203736,2143.4,8.999999999996362,-30.0,BREAK,0.102300291,0.050621302,False,False,0.050621302,-5.0,-3.4999999999990905,0.0,1.5000000000009095,1.999999999998181,3.4999999999990905,8.000000000001819,9.500000000002728,-26.000000000003638,-24.50000000000273
2026-03-20,WALL,ASK,2026-03-20 02:46:32.035813018,1773974792035813018,2140.75,2141.0,36.171,3.9391233324258095,10.102534028,0.9842594319841671,2,5.1370000000000005,0.1420198501562025,2140.9,3.999999999996362,-3.999999999996362,BOUNCE,11.038902426,9.303652859,False,True,47.852956191,-0.0,1.5000000000009095,-0.0,1.5000000000009095,1.000000000003638,2.5000000000045475,3.999999999996362,5.4999999999972715,-3.999999999996362,-2.4999999999954525
2026-03-20,WALL,ASK,2026-03-20 02:48:42.840862459,1773974922840862459,2142.25,2142.4,27.26,2.2596153846153846,11.843440905,0.9825755579265079,1,6.039,0.22153338224504768,2142.3,-0.0,-18.999999999996362,BREAK,6.38498608,6.38498608,False,False,,-0.0,0.500000000001819,-1.000000000003638,-0.500000000001819,-8.000000000001819,-7.5,-11.000000000003638,-10.500000000001819,-18.00000000000182,-17.5
2026-03-20,WALL,BID,2026-03-20 02:50:36.591308234,1773975036591308234,2144.6499999999996,2144.4,47.566,4.3476989168685165,13.627522886,0.9759911073540647,2,0.8,0.01681873607198419,2144.5,3.000000000001819,-5.0,BREAK,9.189252536,0.451636522,False,False,0.102259752,-1.999999999998181,-0.500000000001819,-1.999999999998181,-0.500000000001819,-5.0,-3.500000000003638,2.000000000007276,3.500000000003638,3.000000000001819,4.499999999998181
2026-03-20,WALL,BID,2026-03-20 02:51:23.866409670,1773975083866409670,2144.6499999999996,2144.4,49.642,3.454077372669079,14.855005453,0.9969074186377547,2,1.809,0.03644091696547278,2144.5,17.000000000007276,0.0,BOUNCE,2.242865933,0.09581992,False,True,,0.0,1.499999999996362,3.000000000001819,4.499999999998181,2.000000000007276,3.500000000003638,17.000000000007276,18.500000000003638,11.000000000003638,12.5
2026-03-20,WALL,BID,2026-03-20 02:53:29.548636412,1773975209548636412,2145.75,2145.4,86.163,11.013357193072153,24.452192873,0.9956674953223938,3,4.188,0.04860554994603252,2145.5,3.999999999996362,-6.000000000003638,BREAK,22.204184537,2.142888969,False,True,21.643825276,0.0,2.5,1.000000000003638,3.500000000003638,1.000000000003638,3.500000000003638,-3.999999999996362,-1.499999999996362,3.999999999996362,6.499999999996362
2026-03-20,WALL,ASK,2026-03-20 02:59:50.416564532,1773975590416564532,2145.3500000000004,2145.7,89.889,16.303437018227985,15.267167267,0.9974460359071141,3,12.909,0.14361045289190003,2145.6,17.000000000007276,-0.0,BOUNCE,1.831144068,1.773885341,False,True,,-0.0,2.4999999999954525,5.0,7.4999999999954525,8.000000000001819,10.499999999997272,15.0,17.499999999995453,8.000000000001819,10.499999999997272
2026-03-20,WALL,ASK,2026-03-20 03:11:35.897008261,1773976295897008261,2145.95,2146.1,36.492,2.512358003442341,10.037109452,0.9799126242506178,1,3.2,0.08769045270196209,2146.0,-0.0,-6.999999999998181,BREAK,38.45116421,20.431070644,False,False,,-0.0,0.500000000001819,-0.0,0.500000000001819,-0.0,0.500000000001819,-0.0,0.500000000001819,-6.999999999998181,-6.499999999996362
2026-03-20,WALL,ASK,2026-03-20 03:16:51.478015745,1773976611478015745,2145.6499999999996,2145.8,35.977,2.1540534067776314,10.976419129,0.981543136461986,1,5.319,0.14784445618033745,2145.7000000000003,0.999999999994543,-6.000000000003638,BREAK,0.920381272,0.817142026,False,False,,-4.000000000005457,-3.4999999999990905,-0.0,0.5000000000063665,0.999999999994543,1.5000000000009095,-2.000000000007276,-1.5000000000009095,-6.000000000003638,-5.4999999999972715
2026-03-20,WALL,ASK,2026-03-20 03:18:28.390831794,1773976708390831794,2147.45,2147.8,47.0,3.972446435363225,10.178956162,0.9871029068294753,3,9.494,0.20199999999999999,2147.7000000000003,-0.0,-33.00000000000182,BREAK,35.826385413,0.189282841,False,True,35.826385413,-0.0,2.5000000000045475,-0.0,2.5000000000045475,-0.0,2.5000000000045475,-0.0,2.5000000000045475,-26.99999999999818,-24.499999999993634
2026-03-20,WALL,BID,2026-03-20 03:25:57.858002162,1773977157858002162,2150.05,2149.8,35.447,2.970253058488353,10.017408466,0.9900506460989109,2,6.998,0.19742150252489632,2149.9,6.999999999998181,-6.000000000003638,BREAK,22.257719313,22.206265872,False,False,5.052464718,0.0,1.5000000000009095,-1.000000000003638,0.4999999999972715,-1.000000000003638,0.4999999999972715,0.0,1.5000000000009095,6.999999999998181,8.49999999999909
2026-03-20,WALL,ASK,2026-03-20 03:26:20.727356025,1773977180727356025,2149.8500000000004,2150.1,51.945,12.879990081824946,43.503646694,0.994449711521924,2,1.315,0.02531523727018962,2150.0,-0.0,-8.999999999996362,BREAK,8.118886449,0.511636634,False,False,0.051056069,-1.999999999998181,-0.500000000001819,-1.999999999998181,-0.500000000001819,-8.999999999996362,-7.5,-7.999999999992724,-6.499999999996362,-0.0,1.499999999996362
2026-03-20,WALL,BID,2026-03-20 03:28:02.162714723,1773977282162714723,2149.1499999999996,2149.0,56.013,3.3064549452495497,33.644238469,0.9893582045160602,1,6.722,0.12000785531930089,2149.1,24.000000000005457,-5.999999999994543,BREAK,17.701801275,0.859749189,False,False,,0.0,0.4999999999972715,0.0,0.4999999999972715,0.0,0.4999999999972715,-5.0,-4.5000000000027285,24.000000000005457,24.50000000000273
2026-03-20,WALL,BID,2026-03-20 03:42:59.768957786,1773978179768957786,2149.95,2149.8,34.359,2.13244375484872,12.184016283,0.9859631851248734,1,7.272,0.2116476032480573,2149.9,0.0,-8.000000000001819,BREAK,20.039334261,20.039334261,False,False,,0.0,0.4999999999972715,0.0,0.4999999999972715,0.0,0.4999999999972715,-3.999999999996362,-3.4999999999990905,-8.000000000001819,-7.5000000000045475
2026-03-20,WALL,BID,2026-03-20 03:43:17.695238628,1773978197695238628,2149.95,2149.8,36.684,2.627699580960567,10.004722337,0.9729121139126722,1,7.513,0.20480318394940575,2149.9,0.0,-13.999999999996362,BREAK,2.113053419,2.113053419,False,False,,0.0,0.4999999999972715,-1.999999999998181,-1.5000000000009095,-3.999999999996362,-3.4999999999990905,-5.0,-4.5000000000027285,-13.999999999996362,-13.49999999999909
2026-03-20,WALL,BID,2026-03-20 03:44:11.382341722,1773978251382341722,2149.1499999999996,2149.0,36.345,3.664918826257941,10.019366979,1.0,1,7.91,0.21763653872609715,2149.1,0.0,-7.999999999992724,BREAK,0.520278225,0.520278225,False,False,,-3.999999999996362,-3.4999999999990905,-5.999999999994543,-5.4999999999972715,-5.999999999994543,-5.4999999999972715,0.0,0.4999999999972715,-2.999999999992724,-2.4999999999954525
2026-03-20,WALL,BID,2026-03-20 03:44:32.783400377,1773978272783400377,2148.55,2148.4,35.748,3.5931249371796157,12.918457562,0.9892130375216075,1,7.912,0.22132706724851742,2148.5,5.999999999994543,-6.000000000003638,BREAK,0.356366248,0.356366248,False,False,,-1.999999999998181,-1.499999999996362,-1.999999999998181,-1.499999999996362,5.999999999994543,6.499999999996362,5.999999999994543,6.499999999996362,-4.000000000005457,-3.500000000003638
2026-03-20,WALL,BID,2026-03-20 03:53:20.502161846,1773978800502161846,2153.75,2153.6,32.295,2.1724068343871923,11.539430859,1.0,1,1.328,0.04112091655054962,2153.7,0.0,-10.0,BREAK,0.102278335,0.051442994,False,False,,-5.0,-4.499999999998181,-5.0,-4.499999999998181,-1.999999999998181,-1.499999999996362,-6.999999999998181,-6.499999999996362,-8.999999999996362,-8.499999999994543
2026-03-20,WALL,BID,2026-03-20 03:53:38.978633023,1773978818978633023,2153.45,2153.1,58.767,4.294734534293127,11.178146051,0.9955343787089332,3,13.469,0.22919325471778376,2153.2,0.0,-6.999999999998181,BREAK,10.111097807,0.100598649,False,True,6.534987272,0.0,2.5,0.0,2.5,-3.000000000001819,-0.500000000001819,-6.999999999998181,-4.499999999998181,-1.999999999998181,0.500000000001819
2026-03-20,WALL,BID,2026-03-20 03:55:02.709500298,1773978902709500298,2152.75,2152.5,32.305,3.0065146579804556,13.958802295,0.9722467606594897,2,5.568,0.17235722024454417,2152.6,3.000000000001819,-3.999999999996362,BREAK,37.934579665,6.688532341,False,True,36.657006693,0.0,1.5000000000009095,0.0,1.5000000000009095,0.0,1.5000000000009095,0.0,1.5000000000009095,3.999999999996362,5.4999999999972715
2026-03-20,WALL,BID,2026-03-20 03:58:03.538317411,1773979083538317411,2153.45,2153.2,53.97,4.2354326074161275,25.739638671,0.984692584614876,2,6.965,0.12905317769131,2153.2999999999997,0.0,-10.999999999994543,BREAK,21.030074746,0.094486461,False,True,7.554370996,0.0,1.5000000000009095,0.0,1.5000000000009095,-0.999999999994543,0.5000000000063665,-10.999999999994543,-9.499999999993634,-3.000000000001819,-1.5000000000009095
2026-03-20,WALL,BID,2026-03-20 03:58:24.568392157,1773979104568392157,2152.95,2152.8,49.222,8.10438791471145,13.300336412,0.9866070075611558,1,0.416,0.008451505424403722,2152.9,1.999999999998181,-13.000000000001819,BREAK,0.049977389,0.049977389,False,False,,-1.999999999998181,-1.5000000000009095,-1.999999999998181,-1.5000000000009095,-5.999999999994543,-5.4999999999972715,-5.999999999994543,-5.4999999999972715,-8.000000000001819,-7.5000000000045475
2026-03-20,WALL,BID,2026-03-20 03:59:50.275481588,1773979190275481588,2151.75,2151.6,32.13,8.88919629270992,10.963417531,1.0,1,0.464,0.014441332088390912,2151.7,6.000000000003638,-3.000000000001819,BREAK,0.626584133,0.465092872,False,False,,-1.999999999998181,-1.499999999996362,-1.999999999998181,-1.499999999996362,-1.999999999998181,-1.499999999996362,1.000000000003638,1.500000000005457,-3.000000000001819,-2.5
2026-03-20,WALL,ASK,2026-03-20 04:02:39.312467877,1773979359312467877,2153.1499999999996,2153.4,35.251,2.155958533378184,10.10535634,0.9793674701826497,2,6.196,0.1757680633173527,2153.3,0.999999999994543,-0.0,NONE,,23.92562067,False,True,,-0.0,1.500000000005457,-0.0,1.500000000005457,-0.0,1.500000000005457,-0.0,1.500000000005457,0.999999999994543,2.5
2026-03-20,WALL,BID,2026-03-20 04:03:47.511769675,1773979427511769675,2153.1499999999996,2153.0,105.099,10.503597841295223,11.129066703,0.9710077910744283,1,21.074,0.20051570424076348,2153.1,18.00000000000182,0.0,BOUNCE,0.094962355,0.041910293,False,False,,2.000000000007276,2.5000000000045475,2.000000000007276,2.5000000000045475,2.000000000007276,2.5000000000045475,18.00000000000182,18.49999999999909,0.0,0.4999999999972715
2026-03-20,WALL,BID,2026-03-20 04:10:31.119386576,1773979831119386576,2158.1499999999996,2157.8,79.977,12.497382608016252,22.809965938,0.9972572026117859,3,0.952,0.011903422233892243,2157.9,-0.999999999994543,-16.99999999999818,BREAK,8.87925758,0.094405666,False,True,2.644533123,-0.999999999994543,1.5000000000009095,-2.999999999992724,-0.4999999999972715,-3.999999999996362,-1.5000000000009095,-16.99999999999818,-14.500000000002728,-7.999999999992724,-5.4999999999972715
2026-03-20,WALL,BID,2026-03-20 04:11:59.709777393,1773979919709777393,2157.55,2157.2,32.408,2.9385682549757446,10.958569964,0.9895920753004557,3,6.566,0.20260429523574425,2157.2999999999997,11.999999999998181,0.0,BOUNCE,35.735808828,1.742912857,False,True,,0.0,2.5000000000045475,0.0,2.5000000000045475,0.0,2.5000000000045475,0.0,2.5000000000045475,10.0,12.500000000004547
2026-03-20,WALL,BID,2026-03-20 04:12:52.794693648,1773979972794693648,2158.6499999999996,2158.5,34.992,3.1886276653909236,10.869576835,0.9697976510048747,1,5.092,0.14551897576588935,2158.6,0.0,-15.0,BREAK,19.709342531,0.050126061,False,False,,-0.999999999994543,-0.4999999999972715,-0.999999999994543,-0.4999999999972715,-0.999999999994543,-0.4999999999972715,-11.999999999998181,-11.50000000000091,-12.999999999992724,-12.499999999995453
2026-03-20,WALL,BID,2026-03-20 04:14:08.143628181,1773980048143628181,2157.45,2157.3,32.275,4.954332642566582,27.923387643,0.9955220725866567,1,3.108,0.09629744384198297,2157.4,15.0,-6.999999999998181,BOUNCE,6.022841975,0.051438085,False,False,,0.0,0.4999999999972715,1.000000000003638,1.5000000000009095,4.000000000005457,4.5000000000027285,15.0,15.499999999997272,-6.999999999998181,-6.5000000000009095
2026-03-20,WALL,BID,2026-03-20 04:17:41.510564255,1773980261510564255,2155.45,2155.1,23.245,2.4205977298760804,10.620878118,0.9923077135343886,3,0.901,0.038761023876102384,2155.2,-1.999999999998181,-13.999999999996362,BREAK,3.419136495,3.368036222,False,False,0.051063103,-1.999999999998181,0.500000000001819,-1.999999999998181,0.500000000001819,-5.0,-2.5,-10.999999999994543,-8.499999999994543,-11.999999999998181,-9.499999999998181
2026-03-20,WALL,BID,2026-03-20 04:20:04.297426112,1773980404297426112,2154.45,2154.1,25.533,3.5283631589856976,10.046873333,0.945798078571237,3,2.0629999999999997,0.08079739944385696,2154.2,14.000000000005457,0.0,BOUNCE,6.59205119,0.059704651,False,True,,0.0,2.5,0.0,2.5,11.000000000003638,13.500000000003638,10.0,12.5,1.999999999998181,4.499999999998181
2026-03-20,WALL,BID,2026-03-20 04:20:46.360959238,1773980446360959238,2155.45,2155.3,33.815,2.1586338972231087,10.765422343,0.9911749883123001,1,1.387,0.04101730001478634,2155.4,0.0,-8.999999999996362,BREAK,13.630820455,13.630820455,False,False,,0.0,0.4999999999972715,-0.999999999994543,-0.4999999999972715,-0.999999999994543,-0.4999999999972715,-8.000000000001819,-7.5000000000045475,-8.999999999996362,-8.49999999999909
2026-03-20,WALL,BID,2026-03-20 04:21:00.461633762,1773980460461633762,2155.1499999999996,2154.8,49.315,8.129739531816682,10.366801139,0.9969013592940301,3,3.337,0.06766703842644227,2154.9,-1.999999999998181,-5.999999999994543,BREAK,0.406651591,0.354038258,False,False,0.050471861,-5.0,-2.5000000000045475,-5.0,-2.5000000000045475,-5.0,-2.5000000000045475,-5.0,-2.5000000000045475,-5.0,-2.5000000000045475
2026-03-20,WALL,BID,2026-03-20 04:22:14.883915290,1773980534883915290,2154.25,2154.1,28.067,2.1037364614173817,19.178296629,0.988179798843177,1,4.178,0.14885808957138275,2154.2,0.0,-21.000000000003638,BREAK,1.335825401,0.133822991,False,False,,0.0,0.500000000001819,-5.0,-4.499999999998181,-6.999999999998181,-6.499999999996362,-8.000000000001819,-7.5,-6.999999999998181,-6.499999999996362
2026-03-20,WALL,BID,2026-03-20 04:22:36.902434876,1773980556902434876,2153.1,2152.7,47.107,23.9669295344696,16.183856294,0.9946460446493137,3,2.873,0.06098881270299531,2152.7999999999997,7.5000000000045475,-9.500000000002728,BREAK,0.051288134,0.051288134,False,False,0.051288134,-5.4999999999972715,-2.4999999999954525,-5.4999999999972715,-2.4999999999954525,3.4999999999990905,6.5000000000009095,4.5000000000027285,7.5000000000045475,2.5000000000045475,5.5000000000063665
2026-03-20,WALL,BID,2026-03-20 04:23:27.141958244,1773980607141958244,2153.3500000000004,2153.1,30.758,2.5265319533431905,23.95402272,0.9919766343947093,2,1.424,0.046296898367904286,2153.2,5.0,0.0,BOUNCE,37.30920955,10.410746177,False,True,,0.0,1.500000000005457,0.0,1.500000000005457,0.0,1.500000000005457,0.0,1.500000000005457,2.999999999992724,4.499999999998181
2026-03-20,WALL,BID,2026-03-20 04:26:40.762022555,1773980800762022555,2154.6499999999996,2154.4,47.364,5.855359129682284,15.323039578,0.9461580016288332,2,9.889,0.20878726458913943,2154.5,0.0,-6.999999999998181,BREAK,4.141498484,0.101152112,False,False,0.101152112,-1.999999999998181,-0.500000000001819,-3.999999999996362,-2.5,-5.0,-3.500000000003638,-6.999999999998181,-5.500000000001819,-6.999999999998181,-5.500000000001819
2026-03-20,WALL,ASK,2026-03-20 04:28:21.147547091,1773980901147547091,2154.6499999999996,2155.0,77.222,7.189795633350402,10.170818212,0.9758314842644639,3,2.554,0.03307347647043589,2154.9,2.999999999992724,-1.000000000003638,BOUNCE,1.274220412,1.274220412,False,True,,0.999999999994543,3.4999999999990905,2.999999999992724,5.4999999999972715,2.999999999992724,5.4999999999972715,-0.0,2.5000000000045475,-1.000000000003638,1.5000000000009095
2026-03-20,WALL,BID,2026-03-20 04:28:21.198651425,1773980901198651425,2154.55,2154.4,32.929,3.172350674373796,11.031458571,0.9777170372876887,1,2.253,0.06841993379695709,2154.5,1.999999999998181,-1.999999999998181,BREAK,1.274353063,1.223116078,False,False,,0.0,0.500000000001819,-1.999999999998181,-1.499999999996362,-1.999999999998181,-1.499999999996362,0.999999999994543,1.499999999996362,1.999999999998181,2.5
2026-03-20,WALL,BID,2026-03-20 04:30:36.330512825,1773981036330512825,2154.25,2154.0,51.542,6.9444893559687415,19.467343065,0.9889656808696097,2,0.515,0.009991851305731249,2154.1,0.0,-25.0,BREAK,0.51044191,0.51044191,False,False,0.102147268,-3.999999999996362,-2.4999999999954525,-3.000000000001819,-1.5000000000009095,-3.000000000001819,-1.5000000000009095,-15.0,-13.49999999999909,-21.99999999999818,-20.49999999999727
2026-03-20,WALL,BID,2026-03-20 04:30:52.822040751,1773981052822040751,2153.75,2153.4,58.599,4.754868549172347,11.591232554,0.9949411484303484,3,4.796,0.08184440007508662,2153.5,1.999999999998181,-36.00000000000364,BOUNCE,3.620620934,0.097263542,False,True,8.73359784,0.0,2.5,1.999999999998181,4.499999999998181,-6.000000000003638,-3.500000000003638,-11.000000000003638,-8.500000000003638,-36.00000000000364,-33.50000000000364
2026-03-20,WALL,BID,2026-03-20 04:39:22.069801411,1773981562069801411,2142.75,2142.5,15.545,2.1358889804891454,11.133858803,0.9963809768281646,2,1.821,0.11714377613380508,2142.6,0.0,-31.50000000000091,BREAK,18.578850122,8.110368248,False,True,13.830232627,0.0,1.5000000000009095,0.0,1.5000000000009095,0.0,1.5000000000009095,-11.000000000003638,-9.500000000002728,-20.0,-18.49999999999909
2026-03-20,WALL,ASK,2026-03-20 04:39:36.100541379,1773981576100541379,2142.55,2142.8,237.326,17.2757779799818,10.05193073,0.9484833609672119,2,54.795,0.23088494307408378,2142.7000000000003,29.50000000000273,-0.0,BOUNCE,4.853642371,5.034792187,False,True,,-0.0,1.5000000000009095,1.999999999998181,3.4999999999990905,3.000000000001819,4.5000000000027285,16.000000000003638,17.500000000004547,18.00000000000182,19.50000000000273
2026-03-20,WALL,BID,2026-03-20 04:40:06.827491418,1773981606827491418,2141.05,2140.9,28.043,3.399151515151515,14.144347644,0.9945448866966494,1,0.513,0.018293335235174554,2141.0,8.000000000001819,-14.500000000002728,BREAK,0.45891034,0.45891034,False,False,,-14.000000000005457,-13.500000000003638,-10.0,-9.499999999998181,-1.999999999998181,-1.499999999996362,-3.000000000001819,-2.5,5.999999999994543,6.499999999996362
2026-03-20,WALL,ASK,2026-03-20 04:40:32.553892213,1773981632553892213,2140.75,2140.9,197.351,12.097403990559965,16.432448922,0.9843842161190927,1,24.662,0.12496516359177302,2140.8,-0.0,-11.000000000003638,BREAK,5.153600451,5.153600451,False,False,,-0.0,0.500000000001819,-0.0,0.500000000001819,-6.000000000003638,-5.500000000001819,-10.0,-9.499999999998181,-6.000000000003638,-5.500000000001819
2026-03-20,WALL,ASK,2026-03-20 04:41:26.697566680,1773981686697566680,2141.3500000000004,2141.5,264.976,16.030490940439822,11.020056166,0.9671880448199887,1,47.929,0.18088053257653525,2141.4,13.000000000001819,-0.0,BOUNCE,21.509195491,16.245246516,False,False,,-0.0,0.4999999999972715,-0.0,0.4999999999972715,-0.0,0.4999999999972715,7.000000000007276,7.5000000000045475,8.000000000001819,8.49999999999909
2026-03-20,WALL,ASK,2026-03-20 04:42:18.888479829,1773981738888479829,2140.55,2140.8,189.227,20.634316558530067,10.021219155,0.9596363611309526,2,4.069,0.021503273845698553,2140.7000000000003,8.000000000001819,-0.0,BOUNCE,20.981475834,12.751412537,False,True,,-0.0,1.5000000000009095,-0.0,1.5000000000009095,-0.0,1.5000000000009095,5.0,6.5000000000009095,4.000000000005457,5.5000000000063665
2026-03-20,WALL,BID,2026-03-20 04:42:54.058385915,1773981774058385915,2139.75,2139.6,68.366,7.227613912675759,10.01643964,0.9284237968013154,1,11.439,0.16732001287189538,2139.7,8.999999999996362,0.0,BOUNCE,9.136535873,9.136535873,False,False,,0.0,0.500000000001819,0.0,0.500000000001819,3.999999999996362,4.499999999998181,8.000000000001819,8.500000000003638,5.0,5.500000000001819
2026-03-20,WALL,ASK,2026-03-20 04:43:32.338016357,1773981812338016357,2140.55,2140.8,232.554,16.447116234661763,13.163940847,1.0,2,35.278,0.15169810022618402,2140.7000000000003,5.0,-0.999999999994543,BOUNCE,20.159971907,13.629862922,False,False,13.629862922,-0.0,1.5000000000009095,-0.0,1.5000000000009095,-0.0,1.5000000000009095,5.0,6.5000000000009095,3.000000000001819,4.5000000000027285
2026-03-20,WALL,ASK,2026-03-20 04:44:22.595585260,1773981862595585260,2140.25,2140.5,239.862,20.73227019318034,12.02319017,0.9921706834318499,2,43.518,0.18142932186006955,2140.4,3.000000000001819,-1.999999999998181,BOUNCE,40.663793407,13.914264114,False,False,13.914264114,-0.0,1.5000000000009095,-0.0,1.5000000000009095,-0.0,1.5000000000009095,-1.999999999998181,-0.4999999999972715,3.000000000001819,4.5000000000027285
2026-03-20,WALL,BID,2026-03-20 04:44:50.090475713,1773981890090475713,2140.45,2140.2,36.715,10.140864521474937,33.853402455,0.9819131338182652,2,2.142,0.05834127740705433,2140.2999999999997,0.0,-6.999999999998181,BREAK,13.168902954,0.152327584,False,True,13.120699613,0.0,1.5000000000009095,0.0,1.5000000000009095,0.0,1.5000000000009095,-5.0,-3.4999999999990905,-6.999999999998181,-5.4999999999972715
2026-03-20,WALL,ASK,2026-03-20 04:45:17.653882171,1773981917653882171,2139.95,2140.3,222.277,19.318355640535373,10.118549082,1.0,3,29.665999999999997,0.13346410109907908,2140.2000000000003,1.999999999998181,-9.000000000005457,BOUNCE,22.718389845,13.523811823,False,True,50.431590245,-0.0,2.5000000000045475,-0.0,2.5000000000045475,-0.0,2.5000000000045475,1.999999999998181,4.5000000000027285,-9.000000000005457,-6.5000000000009095
2026-03-20,WALL,BID,2026-03-20 04:45:40.372272016,1773981940372272016,2139.75,2139.5,53.793,7.037744488781318,32.836938927,0.9857222813599564,2,1.7810000000000001,0.03310839700332757,2139.6,11.000000000003638,0.0,BOUNCE,22.250080668,1.120164319,False,True,,0.0,1.5000000000009095,0.0,1.5000000000009095,0.0,1.5000000000009095,6.999999999998181,8.49999999999909,5.0,6.5000000000009095
2026-03-20,WALL,ASK,2026-03-20 04:46:25.334703629,1773981985334703629,2140.8500000000004,2141.2,203.956,10.860276890308837,12.553998337,0.9993316119872926,3,49.099000000000004,0.24073329541665853,2141.1,8.000000000001819,-0.0,BOUNCE,4.64702567,4.901534143,False,True,,-0.0,2.4999999999954525,3.000000000001819,5.4999999999972715,4.000000000005457,6.5000000000009095,7.000000000007276,9.500000000002728,4.000000000005457,6.5000000000009095
2026-03-20,WALL,BID,2026-03-20 04:46:36.358088319,1773981996358088319,2140.45,2140.3,37.893,4.442060840513451,11.174484085,0.988385051424949,1,1.009,0.026627609320982765,2140.4,1.000000000003638,-3.999999999996362,BREAK,2.29855921,0.09785568,False,False,,0.0,0.4999999999972715,-1.999999999998181,-1.5000000000009095,-3.000000000001819,-2.5000000000045475,-3.000000000001819,-2.5000000000045475,-1.999999999998181,-1.5000000000009095
2026-03-20,WALL,BID,2026-03-20 04:48:14.436762637,1773982094436762637,2140.5,2140.2,159.886,40.61112522225044,31.706607762,0.9973486512454748,2,4.836,0.03024655066735049,2140.2999999999997,29.49999999999818,0.500000000001819,BOUNCE,4.850899212,0.050302203,False,True,,0.500000000001819,2.5000000000045475,5.500000000001819,7.5000000000045475,8.500000000003638,10.500000000006366,14.499999999998181,16.50000000000091,29.49999999999818,31.50000000000091
2026-03-20,WALL,ASK,2026-03-20 04:51:30.388635644,1773982290388635644,2144.1499999999996,2144.4,26.169,3.24496248992498,14.087704085,0.9958990432613136,2,4.852,0.18541021819710346,2144.3,-0.0,-23.00000000000182,BREAK,15.617898019,12.453618431,False,True,15.363933536,-0.0,1.500000000005457,-0.0,1.500000000005457,-0.0,1.500000000005457,-4.000000000005457,-2.5,-23.00000000000182,-21.499999999996362
2026-03-20,WALL,BID,2026-03-20 04:53:17.140585418,1773982397140585418,2146.5,2146.2,39.158,6.504110954239681,15.524050098,0.9746275058046389,1,8.489,0.21678839573011902,2146.2999999999997,1.499999999996362,-9.499999999998181,BREAK,40.782660829,9.085757215,False,False,,1.499999999996362,3.4999999999990905,0.500000000001819,2.5000000000045475,-0.500000000001819,1.5000000000009095,-1.499999999996362,0.5000000000063665,-9.499999999998181,-7.4999999999954525
2026-03-20,WALL,BID,2026-03-20 04:53:59.352347176,1773982439352347176,2145.95,2145.6,49.637,11.068569517225999,42.262831475,0.9859846835309559,3,2.71,0.05459636964361263,2145.7,0.0,-3.999999999996362,BREAK,3.876245224,0.151735487,False,False,0.151735487,-3.000000000001819,-0.500000000001819,-3.999999999996362,-1.499999999996362,-3.999999999996362,-1.499999999996362,-3.999999999996362,-1.499999999996362,-3.999999999996362,-1.499999999996362
2026-03-20,WALL,ASK,2026-03-20 04:55:21.348435816,1773982521348435816,2146.1499999999996,2146.5,23.921,2.449416342412451,10.020856588,0.9902327511485188,3,2.794,0.11680113707620919,2146.4,-0.0,-25.0,BREAK,0.397359446,0.397359446,False,False,0.397359446,-6.000000000003638,-3.4999999999990905,-5.0,-2.4999999999954525,-4.000000000005457,-1.5000000000009095,-16.000000000003638,-13.49999999999909,-19.000000000005457,-16.50000000000091
2026-03-20,WALL,BID,2026-03-20 04:58:47.926542568,1773982727926542568,2147.25,2146.9,78.092,13.567060458651842,37.990173866,0.9902194688734358,3,8.543,0.10939660912769553,2147.0,6.999999999998181,0.0,BOUNCE,33.183100595,8.781104064,False,True,,0.0,2.5,0.0,2.5,0.0,2.5,0.0,2.5,6.999999999998181,9.499999999998181
2026-03-20,WALL,BID,2026-03-20 05:01:00.493581738,1773982860493581738,2145.8500000000004,2145.6,93.847,10.239716312056737,13.334252843,1.0,2,11.154,0.11885302673500485,2145.7,0.999999999994543,-6.000000000003638,BREAK,16.085819186,6.023322831,False,True,13.427979107,0.0,1.500000000005457,0.0,1.500000000005457,0.999999999994543,2.5,-4.000000000005457,-2.5,-1.000000000003638,0.500000000001819
2026-03-20,WALL,BID,2026-03-20 05:02:27.172444351,1773982947172444351,2146.1,2145.9,83.371,8.894804224901312,15.055982689,0.9804698553343295,1,6.591,0.0790562665675115,2146.0,28.49999999999909,-3.4999999999990905,BOUNCE,5.868635263,0.049590917,False,False,,-0.4999999999972715,0.500000000001819,-0.4999999999972715,0.500000000001819,6.5000000000009095,7.5,-3.4999999999990905,-2.5,28.49999999999909,29.49999999999818
2026-03-20,WALL,BID,2026-03-20 05:07:09.963266873,1773983229963266873,2146.55,2146.3,35.603,5.196759597139104,16.499415483,0.9814302959813525,2,6.216,0.17459202876162122,2146.4,3.000000000001819,-6.999999999998181,BREAK,13.780831406,0.101071774,False,False,0.15031262,-1.000000000003638,0.4999999999972715,-1.999999999998181,-0.4999999999972715,-1.999999999998181,-0.4999999999972715,-6.999999999998181,-5.4999999999972715,3.000000000001819,4.5000000000027285
2026-03-20,WALL,ASK,2026-03-20 05:12:19.157992835,1773983539157992835,2149.95,2150.2,56.109,4.977953244909728,12.306233855,0.9955761541149423,2,4.325,0.07708210803970843,2150.1,8.999999999996362,-0.0,BOUNCE,28.782524128,4.906269597,False,True,,-0.0,1.5000000000009095,-0.0,1.5000000000009095,-0.0,1.5000000000009095,6.999999999998181,8.49999999999909,8.999999999996362,10.499999999997272
2026-03-20,WALL,ASK,2026-03-20 05:12:35.337524425,1773983555337524425,2149.95,2150.2,55.034,3.2526965926889093,10.017508762,0.9888006145374609,2,9.13,0.16589744521568486,2150.1,15.0,-0.0,BOUNCE,12.602992538,12.602992538,False,True,,-0.0,1.5000000000009095,-0.0,1.5000000000009095,-0.0,1.5000000000009095,6.999999999998181,8.49999999999909,6.999999999998181,8.49999999999909
2026-03-20,WALL,BID,2026-03-20 05:13:22.717715685,1773983602717715685,2148.75,2148.4,103.985,15.944951314881546,34.777198722,0.9838031361725615,3,14.148,0.13605808530076452,2148.5,6.999999999998181,-3.000000000001819,BOUNCE,5.45905717,0.397548237,False,False,0.202452283,-3.000000000001819,-0.500000000001819,0.0,2.5,6.000000000003638,8.500000000003638,5.0,7.5,6.999999999998181,9.499999999998181
2026-03-20,WALL,BID,2026-03-20 05:15:26.310134717,1773983726310134717,2150.25,2150.0,25.949,2.5790389106992,15.507873759,1.0,2,5.971,0.23010520636633394,2150.1,8.000000000001819,-1.999999999998181,BOUNCE,22.211343973,2.406898907,False,True,6.134509284,0.0,1.5000000000009095,0.0,1.5000000000009095,-1.999999999998181,-0.4999999999972715,3.999999999996362,5.4999999999972715,8.000000000001819,9.500000000002728
2026-03-20,WALL,BID,2026-03-20 05:17:36.551580069,1773983856551580069,2150.25,2150.0,35.37,3.1136933843919183,21.705704719,0.9685852539768902,2,2.79,0.07888040712468194,2150.1,0.0,-15.0,BREAK,1.8442116,0.053359,False,True,0.923601343,-1.000000000003638,0.4999999999972715,-3.999999999996362,-2.4999999999954525,-6.999999999998181,-5.4999999999972715,-13.999999999996362,-12.499999999995453,-15.0,-13.49999999999909
2026-03-20,WALL,BID,2026-03-20 05:18:44.379723368,1773983924379723368,2148.75,2148.4,56.729,10.415679794363351,19.461516516,0.9992793001517395,3,11.368,0.2003913342382203,2148.5,3.000000000001819,-6.000000000003638,BREAK,13.69048525,1.027644084,False,True,13.383548802,0.0,2.5,0.0,2.5,0.0,2.5,-6.000000000003638,-3.500000000003638,3.000000000001819,5.500000000001819
2026-03-20,WALL,ASK,2026-03-20 05:19:41.401673555,1773983981401673555,2149.05,2149.3,46.933,2.7102269446208926,10.043684814,0.9521079560034071,2,8.513,0.1813862314363028,2149.2000000000003,-0.0,-13.999999999996362,BREAK,9.763989446,6.544373153,False,False,6.593875873,-0.0,1.5000000000009095,-0.0,1.5000000000009095,-3.999999999996362,-2.4999999999954525,-13.999999999996362,-12.499999999995453,-8.999999999996362,-7.4999999999954525
2026-03-20,WALL,ASK,2026-03-20 05:20:29.249502458,1773984029249502458,2150.05,2150.3,35.259,2.412521382141635,10.213902833,0.9928997120703272,2,4.65,0.13188122181570663,2150.2000000000003,13.000000000001819,-0.0,BOUNCE,19.143885608,2.806845997,False,True,,-0.0,1.5000000000009095,1.000000000003638,2.5000000000045475,1.000000000003638,2.5000000000045475,6.000000000003638,7.5000000000045475,6.000000000003638,7.5000000000045475
2026-03-20,WALL,ASK,2026-03-20 05:22:11.162464481,1773984131162464481,2148.8500000000004,2149.1,35.26,2.6318342974435525,10.099819444,0.9942924027187193,2,2.419,0.0686046511627907,2149.0,19.000000000005457,-0.0,BOUNCE,4.202179644,4.400393359,False,True,,-0.0,1.499999999996362,5.0,6.499999999996362,5.0,6.499999999996362,16.000000000003638,17.5,15.0,16.499999999996362
2026-03-20,WALL,BID,2026-03-20 05:22:13.470323365,1773984133470323365,2148.8500000000004,2148.7,35.666,4.204161018447575,12.257633456,0.993624727947649,1,5.965,0.1672461167498458,2148.7999999999997,0.0,-19.000000000005457,BREAK,1.89432076,1.167303819,False,False,,0.0,0.5000000000063665,-5.0,-4.4999999999936335,-5.0,-4.4999999999936335,-16.000000000003638,-15.499999999997272,-15.0,-14.499999999993634
2026-03-20,WALL,BID,2026-03-20 05:28:53.279253043,1773984533279253043,2143.8500000000004,2143.6,43.821,5.887149862295963,10.002299694,0.9786034984406257,2,6.286,0.14344720567764313,2143.7,-1.000000000003638,-14.000000000005457,BREAK,11.49334731,0.051454887,False,False,0.051454887,-1.000000000003638,0.500000000001819,-2.000000000007276,-0.500000000001819,-2.000000000007276,-0.500000000001819,-1.000000000003638,0.500000000001819,-14.000000000005457,-12.5
2026-03-20,WALL,BID,2026-03-20 05:29:03.696084052,1773984543696084052,2143.6499999999996,2143.3,39.12,7.3644578313253,10.365376122,0.9947486998677769,3,8.859,0.22645705521472395,2143.4,1.000000000003638,-11.999999999998181,BREAK,29.463496823,0.311465929,False,True,1.076516301,0.0,2.4999999999954525,-2.999999999992724,-0.4999999999972715,-0.999999999994543,1.5000000000009095,-11.999999999998181,-9.500000000002728,-6.999999999998181,-4.5000000000027285
2026-03-20,WALL,BID,2026-03-20 05:30:32.590326247,1773984632590326247,2142.1499999999996,2142.0,27.298,3.263749402199904,11.466673348,1.0,1,2.334,0.08550076928712727,2142.1,5.0,-12.999999999992724,BOUNCE,28.290281428,20.677538217,False,False,,0.0,0.4999999999972715,0.0,0.4999999999972715,0.0,0.4999999999972715,1.000000000003638,1.5000000000009095,-10.0,-9.500000000002728
2026-03-20,WALL,BID,2026-03-20 05:32:28.318992690,1773984748318992690,2140.45,2140.3,76.208,9.923562731948694,13.002653884,0.9942973450142173,1,14.514,0.19045244593743438,2140.4,5.0,-3.000000000001819,BOUNCE,7.806065514,0.146663365,False,False,,0.0,0.4999999999972715,0.0,0.4999999999972715,1.999999999998181,2.4999999999954525,1.000000000003638,1.5000000000009095,-3.000000000001819,-2.5000000000045475
2026-03-20,WALL,BID,2026-03-20 05:33:03.027038375,1773984783027038375,2140.55,2140.3,34.972,2.6643303367362483,13.728601015,0.9806709520722422,2,1.438,0.041118609173052725,2140.4,3.999999999996362,-6.999999999998181,BOUNCE,14.647550376,0.59205595,False,True,24.394644515,0.0,1.5000000000009095,0.0,1.5000000000009095,0.0,1.5000000000009095,-4.000000000005457,-2.5000000000045475,-6.999999999998181,-5.4999999999972715
2026-03-20,WALL,BID,2026-03-20 05:33:51.006557927,1773984831006557927,2140.25,2140.1,28.424,3.185654244886523,12.046118898,0.9913413057032571,1,3.75,0.1319307627357163,2140.2,0.0,-16.99999999999818,BREAK,7.051249903,0.049992387,False,False,,-1.000000000003638,-0.500000000001819,-1.000000000003638,-0.500000000001819,-3.999999999996362,-3.499999999994543,-11.999999999998181,-11.499999999996362,-13.000000000001819,-12.5
2026-03-20,WALL,BID,2026-03-20 05:34:40.843440672,1773984880843440672,2138.55,2138.3,29.278,2.3064439892862767,10.013452249,0.9962128131180945,2,6.2490000000000006,0.2134367101577977,2138.4,10.999999999994543,-10.0,BOUNCE,7.083874897,0.966722099,False,True,19.638152258,0.0,1.5000000000009095,0.0,1.5000000000009095,3.999999999996362,5.4999999999972715,-1.000000000003638,0.4999999999972715,10.999999999994543,12.499999999995453
2026-03-20,WALL,BID,2026-03-20 05:37:58.563562659,1773985078563562659,2144.45,2144.2,38.725,5.595289698020517,12.865774729,0.9932301261420602,2,1.426,0.03682375726275016,2144.2999999999997,-0.999999999994543,-23.00000000000182,BREAK,1.888378945,0.098563447,False,False,0.049476884,-0.999999999994543,0.5000000000063665,-3.000000000001819,-1.5000000000009095,-8.000000000001819,-6.5000000000009095,-15.0,-13.49999999999909,-18.999999999996362,-17.499999999995453
2026-03-20,WALL,BID,2026-03-20 05:39:20.143580398,1773985160143580398,2143.3500000000004,2143.2,28.064,2.134144486692015,12.043263956,0.9921815743353288,1,5.599,0.19950826681870013,2143.2999999999997,0.0,-12.000000000007276,BREAK,0.148159254,0.148159254,False,False,,-3.000000000001819,-2.4999999999954525,-3.000000000001819,-2.4999999999954525,-7.000000000007276,-6.5000000000009095,-7.000000000007276,-6.5000000000009095,-7.000000000007276,-6.5000000000009095
2026-03-20,WALL,BID,2026-03-20 05:39:32.340360140,1773985172340360140,2142.6499999999996,2142.4,36.598,4.683345063663702,11.638308729,1.0,2,6.9030000000000005,0.18861686430952512,2142.5,1.000000000003638,-5.0,BREAK,5.627001417,5.627001417,False,False,5.577271951,0.0,1.499999999996362,0.0,1.499999999996362,-5.0,-3.500000000003638,1.000000000003638,2.5,0.0,1.499999999996362
2026-03-20,WALL,ASK,2026-03-20 05:39:58.235289276,1773985198235289276,2142.75,2142.9,34.731,2.008733371891267,10.486565622,0.9744190672456939,1,6.913,0.19904408165615733,2142.8,6.999999999998181,-0.0,BOUNCE,10.720300978,10.720300978,False,False,,-0.0,0.500000000001819,-0.0,0.500000000001819,-0.0,0.500000000001819,1.000000000003638,1.500000000005457,3.000000000001819,3.500000000003638
2026-03-20,WALL,ASK,2026-03-20 05:41:02.254684597,1773985262254684597,2142.55,2142.9,32.398,2.899668844535935,16.588028789,1.0,3,0.893,0.027563429841348228,2142.8,-1.999999999998181,-10.999999999994543,BREAK,0.101267042,0.101267042,False,False,0.050093528,-3.999999999996362,-1.499999999996362,-8.000000000001819,-5.500000000001819,-8.999999999996362,-6.499999999996362,-1.999999999998181,0.500000000001819,-3.999999999996362,-1.499999999996362
2026-03-20,WALL,ASK,2026-03-20 05:43:46.971539999,1773985426971539999,2144.75,2145.0,116.471,9.122102130325814,22.76714781,0.9891739693501819,2,9.596,0.08238960771350808,2144.9,-0.0,-1.999999999998181,NONE,,0.045827566,False,True,54.874315756,-0.0,1.5000000000009095,-0.0,1.5000000000009095,-0.0,1.5000000000009095,-0.0,1.5000000000009095,-1.999999999998181,-0.4999999999972715
2026-03-20,WALL,BID,2026-03-20 05:46:01.045274761,1773985561045274761,2144.8500000000004,2144.7,34.578,3.9960707269155207,10.901235872,0.9913998047468355,1,5.272,0.15246688645959858,2144.7999999999997,0.0,-12.000000000007276,BREAK,6.407637358,1.754917349,False,False,,0.0,0.5000000000063665,0.0,0.5000000000063665,-5.0,-4.4999999999936335,-12.000000000007276,-11.50000000000091,-9.000000000005457,-8.49999999999909
2026-03-20,WALL,BID,2026-03-20 05:57:20.416412626,1773986240416412626,2139.25,2138.9,29.5,2.7426552621792486,21.333061294,0.9593168931528783,3,5.79,0.19627118644067798,2139.0,3.999999999996362,-5.0,BREAK,0.102221112,0.051141451,False,False,0.102221112,-5.0,-2.5,-5.0,-2.5,-3.000000000001819,-0.500000000001819,3.000000000001819,5.500000000001819,3.999999999996362,6.499999999996362
2026-03-20,WALL,ASK,2026-03-20 05:58:21.301622334,1773986301301622334,2139.8500000000004,2140.1,44.79,4.526071139854486,10.301791066,0.9131776265632138,2,10.905,0.2434695244474213,2140.0,-0.0,-2.999999999992724,BREAK,1.082122074,0.11082156,False,True,0.979914658,-2.999999999992724,-1.499999999996362,-2.999999999992724,-1.499999999996362,-2.999999999992724,-1.499999999996362,-2.999999999992724,-1.499999999996362,-1.999999999998181,-0.500000000001819
2026-03-20,WALL,ASK,2026-03-20 06:00:46.439341282,1773986446439341282,2137.95,2138.2,24.597,2.3910761154855646,13.540786774,0.9887547354860962,2,5.657,0.22998739683701264,2138.1,8.000000000001819,-11.000000000003638,BREAK,2.852638821,0.254905003,False,False,0.254905003,-1.999999999998181,-0.4999999999972715,-5.0,-3.4999999999990905,3.999999999996362,5.4999999999972715,5.0,6.5000000000009095,-11.000000000003638,-9.500000000002728
2026-03-20,WALL,BID,2026-03-20 06:04:25.431039080,1773986665431039080,2141.55,2141.2,84.271,9.485170803084024,19.696133524,0.9916349822771439,3,14.262,0.16923971472985963,2141.2999999999997,0.0,-21.000000000003638,BREAK,0.615465024,0.460187473,False,False,0.460187473,-4.000000000005457,-1.5000000000009095,-11.000000000003638,-8.49999999999909,-11.000000000003638,-8.49999999999909,-13.000000000001819,-10.499999999997272,-16.000000000003638,-13.49999999999909
2026-03-20,WALL,ASK,2026-03-20 06:08:31.889910639,1773986911889910639,2137.3500000000004,2137.7,52.119,4.1411942314568355,10.688170796,0.9838366928918602,3,0.9810000000000001,0.018822310481782078,2137.6,-0.0,-13.999999999996362,BREAK,5.007887917,0.308806506,False,False,0.409597973,-1.999999999998181,0.4999999999972715,-3.999999999996362,-1.5000000000009095,-8.999999999996362,-6.5000000000009095,-13.999999999996362,-11.50000000000091,-8.999999999996362,-6.5000000000009095
2026-03-20,WALL,ASK,2026-03-20 06:17:29.085607608,1773987449085607608,2135.8500000000004,2136.1,33.381,2.5469042078358064,15.687768914,0.9932380062721773,2,1.783,0.05341361852550852,2136.0,-0.999999999994543,-13.999999999996362,BREAK,3.522886624,2.19723235,False,False,0.049002197,-1.999999999998181,-0.500000000001819,-2.999999999992724,-1.499999999996362,-13.999999999996362,-12.5,-3.999999999996362,-2.5,-12.999999999992724,-11.499999999996362
2026-03-20,WALL,BID,2026-03-20 06:21:26.575381712,1773987686575381712,2134.75,2134.6,34.11,3.5040320509527967,12.352308262,0.9830741490929932,1,6.089,0.1785107006742891,2134.7,11.999999999998181,-8.000000000001819,BREAK,0.409898331,0.409898331,False,False,,-1.999999999998181,-1.499999999996362,-6.999999999998181,-6.499999999996362,-3.999999999996362,-3.499999999994543,1.000000000003638,1.500000000005457,11.999999999998181,12.5
2026-03-20,WALL,ASK,2026-03-20 06:22:13.939927185,1773987733939927185,2135.6499999999996,2135.9,46.828,3.1309464112593193,10.043385953,0.9893880170991374,2,11.131,0.2376996668659776,2135.8,0.999999999994543,-4.000000000005457,BREAK,8.889325619,3.378194581,False,True,7.616043831,-0.0,1.500000000005457,-0.0,1.500000000005457,-3.000000000001819,-1.499999999996362,0.999999999994543,2.5,-4.000000000005457,-2.5
2026-03-20,WALL,ASK,2026-03-20 06:23:32.977911648,1773987812977911648,2136.45,2136.7,36.958,2.071462601238685,10.621453086,0.9743949582229506,2,7.984999999999999,0.21605606363980734,2136.6,6.999999999998181,-1.999999999998181,BOUNCE,5.82054501,5.82054501,False,True,58.899254394,-0.0,1.5000000000009095,-0.0,1.5000000000009095,1.999999999998181,3.4999999999990905,3.000000000001819,4.5000000000027285,-1.999999999998181,-0.4999999999972715
2026-03-20,WALL,BID,2026-03-20 06:28:26.487505272,1773988106487505272,2135.3500000000004,2135.2,58.019,13.84041030534351,21.291007318,0.9993970433240541,1,1.591,0.02742205139695617,2135.2999999999997,8.999999999996362,-3.000000000001819,BREAK,0.153005835,0.051128029,False,False,,-3.000000000001819,-2.4999999999954525,0.0,0.5000000000063665,3.999999999996362,4.5000000000027285,5.999999999994543,6.5000000000009095,8.999999999996362,9.500000000002728
2026-03-20,WALL,ASK,2026-03-20 06:34:22.047313388,1773988462047313388,2138.8500000000004,2139.2,57.018,5.201423097974822,10.007349519,0.9698044274933854,3,13.718,0.2405906906590901,2139.1,4.000000000005457,-12.999999999992724,BREAK,1.012874248,0.44680944,False,False,0.352044941,-5.999999999994543,-3.4999999999990905,-5.999999999994543,-3.4999999999990905,-10.0,-7.5000000000045475,-1.999999999998181,0.4999999999972715,-0.999999999994543,1.5000000000009095
2026-03-20,WALL,BID,2026-03-20 06:36:38.744487670,1773988598744487670,2138.05,2137.7,67.572,7.524721603563474,30.27131696,0.9931901694177233,3,16.871,0.2496744213579589,2137.7999999999997,10.0,-5.0,BREAK,3.367155381,0.153173164,False,False,0.153173164,-3.000000000001819,-0.4999999999972715,-5.0,-2.4999999999954525,0.999999999994543,3.4999999999990905,3.999999999996362,6.5000000000009095,0.0,2.5000000000045475
2026-03-20,WALL,BID,2026-03-20 06:40:23.551770939,1773988823551770939,2135.95,2135.6,47.815,9.023400641630497,13.167862847,0.9705076510507188,3,1.428,0.02986510509254418,2135.7,-3.000000000001819,-40.99999999999454,BREAK,0.350735973,0.350735973,False,False,0.051640115,-5.999999999994543,-3.499999999994543,-15.999999999994543,-13.499999999994543,-30.0,-27.5,-33.00000000000182,-30.50000000000182,-10.0,-7.5
2026-03-20,WALL,BID,2026-03-20 06:40:47.644686572,1773988847644686572,2132.3500000000004,2132.0,10.01,3.1217838765008574,10.637067247,0.9812442266869876,3,1.647,0.16453546453546455,2132.1,26.99999999999818,-5.0,BREAK,0.051009301,8.47053846,False,False,0.051009301,-1.000000000003638,1.5000000000009095,2.999999999992724,5.4999999999972715,11.999999999998181,14.500000000002728,22.999999999992724,25.49999999999727,22.999999999992724,25.49999999999727
2026-03-20,WALL,BID,2026-03-20 06:42:18.231300272,1773988938231300272,2136.05,2135.8,48.815,5.127626050420168,10.253496814,0.9997673609263971,2,7.021000000000001,0.14382874116562536,2135.9,0.0,-6.000000000003638,BREAK,16.787980367,0.153378406,False,True,10.861278832,0.0,1.5000000000009095,0.0,1.5000000000009095,0.0,1.5000000000009095,-1.000000000003638,0.4999999999972715,-1.000000000003638,0.4999999999972715
2026-03-20,WALL,ASK,2026-03-20 06:42:51.954575118,1773988971954575118,2135.95,2136.3,33.478,5.508515014397367,20.771646833,0.9798029329897187,3,8.001999999999999,0.23902264173487062,2136.2000000000003,10.0,-1.999999999998181,BOUNCE,8.378644202,1.058387161,False,True,27.473921211,-0.0,2.5000000000045475,-0.0,2.5000000000045475,3.000000000001819,5.5000000000063665,1.999999999998181,4.5000000000027285,8.999999999996362,11.50000000000091
2026-03-20,WALL,ASK,2026-03-20 06:52:34.062572183,1773989554062572183,2137.55,2137.7,37.312,3.389996820060873,11.792128313,0.9999994777024268,1,9.048,0.2424957118353345,2137.6,-0.0,-13.999999999996362,BREAK,6.126432034,5.9755899,False,False,,-0.0,0.4999999999972715,-0.0,0.4999999999972715,-1.999999999998181,-1.5000000000009095,-8.999999999996362,-8.49999999999909,-11.999999999998181,-11.50000000000091
2026-03-20,WALL,ASK,2026-03-20 06:53:00.976393581,1773989580976393581,2137.75,2137.9,24.71,3.078935891844745,12.624092732,0.971434592199572,1,0.552,0.02233913395386483,2137.8,1.000000000003638,-11.999999999998181,BREAK,0.102177967,0.049804536,False,False,,-1.999999999998181,-1.499999999996362,-8.999999999996362,-8.499999999994543,-11.999999999998181,-11.499999999996362,-10.0,-9.499999999998181,1.000000000003638,1.500000000005457
2026-03-20,WALL,ASK,2026-03-20 06:53:01.026198117,1773989581026198117,2137.75,2138.1,48.0,8.594449418084155,24.408254368,0.9822120263311737,3,2.985,0.0621875,2138.0,1.000000000003638,-11.999999999998181,BREAK,1.529692438,0.052373431,False,False,0.052373431,-1.999999999998181,0.500000000001819,-8.999999999996362,-6.499999999996362,-11.999999999998181,-9.499999999998181,-10.0,-7.5,1.000000000003638,3.500000000003638
2026-03-20,WALL,BID,2026-03-20 07:08:38.274294416,1773990518274294416,2131.25,2131.0,25.947,3.9535273502971195,11.692005213,0.9949306188356726,2,1.429,0.05507380429336725,2131.1,21.99999999999818,-1.000000000003638,BOUNCE,6.174580612,2.599076241,False,False,0.038300125,-1.000000000003638,0.4999999999972715,1.000000000003638,2.5000000000045475,16.000000000003638,17.500000000004547,13.999999999996362,15.499999999997272,6.000000000003638,7.5000000000045475
2026-03-20,WALL,BID,2026-03-20 07:18:04.714536732,1773991084714536732,2131.95,2131.7,43.666,2.992666712356932,24.796432405,0.9893433789714557,2,4.69,0.10740621994228922,2131.7999999999997,0.0,-10.0,BREAK,2.6539978,2.595869989,False,False,0.154468045,-1.999999999998181,-0.4999999999972715,-0.999999999994543,0.5000000000063665,-3.999999999996362,-2.4999999999954525,-3.999999999996362,-2.4999999999954525,-5.0,-3.4999999999990905
2026-03-20,WALL,BID,2026-03-20 07:20:10.540553508,1773991210540553508,2132.1499999999996,2131.9,28.044,2.173532261189692,10.016963944,0.9653239157151947,2,4.316000000000001,0.15390101269433748,2132.0,18.00000000000182,0.0,BOUNCE,21.929578281,2.386924629,False,True,,0.0,1.499999999996362,0.0,1.499999999996362,1.000000000003638,2.5,9.000000000005457,10.500000000001819,14.000000000005457,15.500000000001819
2026-03-20,WALL,ASK,2026-03-20 07:20:32.470131789,1773991232470131789,2132.3500000000004,2132.7,49.455,4.936860494135263,13.266873051,1.0,3,1.616,0.032676170255788096,2132.6,-0.0,-15.999999999994543,BREAK,5.81761109,0.558573913,False,True,5.81761109,-0.999999999994543,1.5000000000009095,-0.999999999994543,1.5000000000009095,-10.0,-7.5000000000045475,-12.999999999992724,-10.499999999997272,-8.999999999996362,-6.5000000000009095
2026-03-20,WALL,BID,2026-03-20 07:24:53.534952123,1773991493534952123,2140.05,2139.9,36.194,2.4636852494724666,10.038119162,1.0,1,6.765,0.18690943250262473,2140.0,8.000000000001819,-6.999999999998181,BREAK,6.901788648,2.815572031,False,False,,0.0,0.500000000001819,-1.000000000003638,-0.500000000001819,-4.000000000005457,-3.500000000003638,-6.999999999998181,-6.499999999996362,3.999999999996362,4.499999999998181
2026-03-20,WALL,BID,2026-03-20 07:26:18.828683600,1773991578828683600,2140.3500000000004,2140.2,36.66,3.5625091103444917,10.008401982,1.0,1,3.296,0.08990725586470268,2140.2999999999997,0.999999999994543,-1.000000000003638,NONE,,0.125185569,False,False,,0.0,0.5000000000063665,0.0,0.5000000000063665,0.0,0.5000000000063665,0.0,0.5000000000063665,-1.000000000003638,-0.4999999999972715
2026-03-20,WALL,BID,2026-03-20 07:27:32.077713562,1773991652077713562,2140.6499999999996,2140.3,36.232,4.279959836985412,12.365258834,1.0,3,1.94,0.053543828659748285,2140.4,-0.999999999994543,-18.999999999996362,BREAK,1.070142863,0.357916471,False,False,0.459097021,-2.999999999992724,-0.4999999999972715,-3.999999999996362,-1.5000000000009095,-6.999999999998181,-4.5000000000027285,-17.999999999992724,-15.499999999997272,-15.999999999994543,-13.49999999999909
2026-03-20,WALL,BID,2026-03-20 07:27:43.258787298,1773991663258787298,2139.8500000000004,2139.6,33.859,2.9269536652835404,10.823157265,0.9925267848355523,2,6.099,0.18012935999291177,2139.7,0.0,-11.000000000003638,BREAK,2.3441437,0.7158623,False,False,0.7158623,-2.000000000007276,-0.500000000001819,-7.000000000007276,-5.500000000001819,-7.000000000007276,-5.500000000001819,-4.000000000005457,-2.5,-5.0,-3.499999999994543
2026-03-20,WALL,ASK,2026-03-20 07:31:03.779896818,1773991863779896818,2138.1499999999996,2138.4,57.857,4.638021563990541,12.813271477,1.0,2,4.404999999999999,0.07613599045923569,2138.3,-0.0,-12.000000000007276,BREAK,0.661924689,0.459161991,False,False,0.103016438,-7.000000000007276,-5.500000000001819,-7.000000000007276,-5.500000000001819,-12.000000000007276,-10.500000000001819,-0.0,1.500000000005457,-7.000000000007276,-5.500000000001819
2026-03-20,WALL,ASK,2026-03-20 07:36:51.103315251,1773992211103315251,2148.65,2148.9,47.0,8.382379168896023,13.676019828,0.9804915777137319,1,0.465,0.009893617021276595,2148.8,12.999999999997272,-4.9999999999954525,BREAK,0.153289042,0.051155345,False,False,,-4.9999999999954525,-3.499999999994543,4.547473508864641e-12,1.500000000005457,5.9999999999990905,7.5,7.9999999999972715,9.499999999998181,10.000000000004547,11.500000000005457
2026-03-20,WALL,BID,2026-03-20 07:38:45.496683188,1773992325496683188,2148.05,2147.7,49.619,4.778869305595686,15.161033352,0.9851798688926201,3,4.264,0.08593482335395716,2147.7999999999997,16.99999999999818,-3.000000000001819,BOUNCE,7.602490118,0.146613852,False,True,2.495761742,0.0,2.5000000000045475,0.999999999994543,3.4999999999990905,1.999999999998181,4.5000000000027285,10.999999999994543,13.49999999999909,13.000000000001819,15.500000000006366
2026-03-20,WALL,ASK,2026-03-20 07:45:46.394004637,1773992746394004637,2150.75,2150.9,23.254,2.278352030568756,12.029977602,1.0,1,1.947,0.08372753074739829,2150.8,-0.0,-28.999999999996362,BREAK,0.274423655,0.209810869,False,False,,-6.000000000003638,-5.500000000001819,-6.000000000003638,-5.500000000001819,-8.999999999996362,-8.499999999994543,-13.999999999996362,-13.499999999994543,-21.000000000003638,-20.50000000000182
2026-03-20,WALL,ASK,2026-03-20 07:48:33.473601095,1773992913473601095,2150.25,2150.4,34.165,2.111492228299496,21.899695134,0.985935436675472,1,3.422,0.10016098346260793,2150.3,1.999999999998181,-5.0,BREAK,1.937543956,1.580676401,False,False,,-0.0,0.500000000001819,-3.000000000001819,-2.5,-3.000000000001819,-2.5,-1.999999999998181,-1.499999999996362,-1.999999999998181,-1.499999999996362
2026-03-20,WALL,ASK,2026-03-20 07:50:28.132010618,1773993028132010618,2149.95,2150.2,116.731,15.609922439154854,10.237038588,0.9990773812251649,2,23.221000000000004,0.1989274485783554,2150.1,5.999999999994543,-11.000000000003638,BOUNCE,15.373593285,3.32156029,False,True,27.836313637,-0.0,1.5000000000009095,-0.0,1.5000000000009095,-0.0,1.5000000000009095,-4.000000000005457,-2.5000000000045475,1.999999999998181,3.4999999999990905
2026-03-20,WALL,BID,2026-03-20 07:56:37.551959936,1773993397551959936,2151.25,2151.1,45.483,4.407694544044966,10.333434145,1.0,1,10.328,0.22707385176879274,2151.2,0.0,-1.999999999998181,BREAK,56.73665686,2.069741035,False,False,,0.0,0.500000000001819,-1.000000000003638,-0.500000000001819,-1.000000000003638,-0.500000000001819,-1.000000000003638,-0.500000000001819,-1.999999999998181,-1.499999999996362
2026-03-20,WALL,ASK,2026-03-20 07:58:15.687297825,1773993495687297825,2151.1499999999996,2151.3,34.053,2.3433919416440143,13.267926646,0.9855094810116423,1,8.395,0.2465274718820662,2151.2000000000003,-0.0,-1.000000000003638,NONE,,60.0,True,False,,-0.0,0.5000000000063665,-0.0,0.5000000000063665,-0.0,0.5000000000063665,-0.0,0.5000000000063665,-0.0,0.5000000000063665
2026-03-20,WALL,BID,2026-03-20 08:01:44.583054004,1773993704583054004,2148.55,2148.4,39.674,5.454220511410503,12.866518581,0.9996141295744654,1,0.207,0.005217522810908907,2148.5,10.0,-6.999999999998181,BREAK,0.306592074,0.255476512,False,False,,-4.000000000005457,-3.500000000003638,-5.0,-4.499999999998181,-3.000000000001819,-2.5,-5.0,-4.499999999998181,10.0,10.500000000001819
2026-03-20,WALL,BID,2026-03-20 08:15:35.831995367,1773994535831995367,2168.3500000000004,2168.0,83.233,15.13877773735904,11.126234412,0.9780313691093568,3,13.402000000000001,0.16101786551007413,2168.1,20.0,-6.000000000003638,BREAK,0.509654055,0.051227143,False,False,0.459137896,-4.000000000005457,-1.5000000000009095,-5.0,-2.4999999999954525,-6.000000000003638,-3.4999999999990905,-1.000000000003638,1.5000000000009095,10.0,12.500000000004547
2026-03-20,WALL,BID,2026-03-20 08:40:27.439755953,1773996027439755953,2163.7,2163.5,36.618,11.098045158357326,11.187171574,0.9748403633449092,1,1.958,0.05347097056092632,2163.6,16.500000000005457,-3.499999999994543,BREAK,0.60943409,0.050780593,False,False,,-3.499999999994543,-2.4999999999954525,10.500000000001819,11.50000000000091,10.500000000001819,11.50000000000091,7.5,8.49999999999909,4.499999999998181,5.4999999999972715
2026-03-20,WALL,ASK,2026-03-20 08:43:22.009646752,1773996202009646752,2163.75,2163.9,33.478,2.472982456140351,11.077660321,1.0,1,3.157,0.0943007348109206,2163.8,-0.0,-13.999999999996362,BREAK,2.817979406,2.817979406,False,False,,-0.0,0.500000000001819,-3.000000000001819,-2.5,-3.999999999996362,-3.499999999994543,-10.0,-9.499999999998181,-5.0,-4.499999999998181
2026-03-20,WALL,BID,2026-03-20 08:47:32.364330713,1773996452364330713,2160.95,2160.8,38.601,4.468484111824969,10.720011674,0.9709335800672935,1,6.354,0.16460713453019352,2160.9,1.999999999998181,-3.999999999996362,BREAK,0.357248104,0.041803475,False,False,,-1.999999999998181,-1.5000000000009095,1.000000000003638,1.5000000000009095,-0.999999999994543,-0.4999999999972715,0.0,0.4999999999972715,1.999999999998181,2.4999999999954525
2026-03-20,WALL,BID,2026-03-20 08:53:25.361805219,1773996805361805219,2164.6499999999996,2164.4,39.141,3.7822872880127547,10.007036741,0.9888468470848397,2,7.616,0.19457857489588923,2164.5,0.0,-16.99999999999818,BREAK,0.197443969,0.102805282,False,False,0.150047635,-2.999999999992724,-1.499999999996362,-0.999999999994543,0.500000000001819,-5.0,-3.500000000003638,-15.999999999994543,-14.499999999998181,-15.0,-13.500000000003638
2026-03-20,WALL,BID,2026-03-20 08:55:24.467458124,1773996924467458124,2163.55,2163.2,25.999,2.1790219167749236,10.058673112,0.9702364853031323,3,1.422,0.054694411323512444,2163.2999999999997,6.999999999998181,-8.000000000001819,BREAK,3.165538314,2.497191528,False,False,2.397731907,0.0,2.5000000000045475,-4.000000000005457,-1.5000000000009095,-3.000000000001819,-0.4999999999972715,-1.000000000003638,1.5000000000009095,-6.000000000003638,-3.4999999999990905
2026-03-20,WALL,BID,2026-03-20 09:00:34.348133486,1773997234348133486,2162.55,2162.3,37.089,4.182105203811242,12.912608256,0.9590560939727776,2,6.343,0.17102105745638868,2162.4,0.0,-49.00000000000546,BREAK,5.515224632,0.158484128,False,False,0.158484128,-1.000000000003638,0.4999999999972715,-1.999999999998181,-0.4999999999972715,-3.000000000001819,-1.5000000000009095,-38.00000000000182,-36.50000000000091,-48.00000000000182,-46.50000000000091
2026-03-20,WALL,ASK,2026-03-20 09:12:53.369019699,1773997973369019699,2157.3500000000004,2157.5,27.246,2.4560328120070314,34.665170715,1.0,1,3.036,0.11142920061660427,2157.4,3.000000000001819,-20.999999999994543,BREAK,0.153817679,0.050853691,False,False,,-2.999999999992724,-2.4999999999954525,-3.999999999996362,-3.4999999999990905,-5.999999999994543,-5.4999999999972715,-15.0,-14.500000000002728,3.000000000001819,3.4999999999990905
2026-03-20,WALL,BID,2026-03-20 09:15:48.528033547,1773998148528033547,2155.1,2154.8,36.311,3.2562998834185275,10.159790489,0.9934600351186434,2,3.933,0.10831428492743245,2154.9,-0.4999999999972715,-26.50000000000091,BREAK,2.142077507,2.092472195,False,False,1.326039422,-0.4999999999972715,1.5000000000009095,-8.49999999999909,-6.5000000000009095,-16.50000000000091,-14.500000000002728,-14.500000000002728,-12.500000000004547,-25.49999999999727,-23.49999999999909
2026-03-20,WALL,BID,2026-03-20 09:26:54.834682683,1773998814834682683,2141.45,2141.1,28.039,3.5688920002545665,18.177041352,0.9698376074861229,3,0.96,0.034238025607189984,2141.2,21.99999999999818,-3.000000000001819,BOUNCE,5.443750606,3.927324525,False,False,0.045350702,-3.000000000001819,-0.500000000001819,1.000000000003638,3.500000000003638,8.000000000001819,10.500000000001819,16.000000000003638,18.500000000003638,21.99999999999818,24.49999999999818
2026-03-20,WALL,BID,2026-03-20 09:30:22.473259191,1773999022473259191,2142.95,2142.7,40.333,3.3315161276999956,11.828775155,0.9986836336986744,2,3.982,0.09872808866188977,2142.7999999999997,26.99999999999818,-3.999999999996362,BOUNCE,2.559612738,4.857217384,False,True,21.751148452,0.0,1.5000000000009095,1.000000000003638,2.5000000000045475,1.999999999998181,3.4999999999990905,-0.999999999994543,0.5000000000063665,16.99999999999818,18.49999999999909
2026-03-20,WALL,ASK,2026-03-20 09:34:04.306340719,1773999244306340719,2145.6499999999996,2145.8,32.972,4.419542926077341,10.72063014,1.0,1,0.512,0.015528327065388814,2145.7000000000003,8.999999999996362,-14.000000000005457,BOUNCE,0.812592497,9.138139262,False,False,,5.0,5.5000000000063665,5.0,5.5000000000063665,0.999999999994543,1.5000000000009095,5.0,5.5000000000063665,-14.000000000005457,-13.49999999999909
2026-03-20,WALL,BID,2026-03-20 09:34:05.118933216,1773999245118933216,2145.45,2145.3,36.002,3.6121199959867565,11.583293551,1.0,1,1.398,0.03883117604577523,2145.4,16.000000000003638,-6.999999999998181,BREAK,0.107860103,0.05654493,False,False,,-3.000000000001819,-2.5000000000045475,-3.000000000001819,-2.5000000000045475,1.000000000003638,1.5000000000009095,-1.999999999998181,-1.5000000000009095,16.000000000003638,16.50000000000091
2026-03-20,WALL,ASK,2026-03-20 09:37:05.236043890,1773999425236043890,2147.25,2147.4,61.185,4.8903009231507015,10.063417378,1.0,1,6.646,0.10862139413254882,2147.3,3.999999999996362,-6.000000000003638,BREAK,1.940562932,1.382923766,False,False,,-0.0,0.500000000001819,-1.999999999998181,-1.499999999996362,-1.000000000003638,-0.500000000001819,1.999999999998181,2.5,-3.999999999996362,-3.499999999994543
2026-03-20,WALL,ASK,2026-03-20 09:38:00.164609117,1773999480164609117,2147.8500000000004,2148.1,29.637,2.094191633691351,10.010827627,0.9857338299767731,2,3.258,0.1099301548739751,2148.0,13.000000000001819,-0.0,BOUNCE,5.083482613,11.884795183,False,True,,-0.0,1.499999999996362,1.000000000003638,2.5,2.000000000007276,3.500000000003638,2.000000000007276,3.500000000003638,5.0,6.499999999996362
2026-03-20,WALL,ASK,2026-03-20 09:42:49.816592290,1773999769816592290,2142.95,2143.1,26.084,2.5369839031269756,10.308745642,0.9817305767800998,1,0.8,0.030670142616163167,2143.0,-0.0,-26.99999999999818,BREAK,1.988796993,1.988796993,False,False,,-0.0,0.500000000001819,-6.999999999998181,-6.499999999996362,-14.000000000005457,-13.500000000003638,-8.000000000001819,-7.5,-25.0,-24.49999999999818
2026-03-20,WALL,BID,2026-03-20 09:49:29.106928813,1774000169106928813,2141.95,2141.6,39.731,4.282511452438696,10.522448196,0.9800152434031523,3,9.347,0.23525710402456518,2141.7,6.999999999998181,-8.000000000001819,BREAK,6.481996587,0.205567185,False,False,0.407898522,-1.999999999998181,0.500000000001819,-3.000000000001819,-0.500000000001819,-5.0,-2.5,-6.999999999998181,-4.499999999998181,6.999999999998181,9.499999999998181
2026-03-20,WALL,BID,2026-03-20 09:56:15.203392020,1774000575203392020,2139.45,2139.2,43.139,3.793940459962183,10.305805784,0.9947583221407231,2,6.59,0.15276200190083217,2139.2999999999997,11.000000000003638,-3.000000000001819,BREAK,0.156166514,0.105120574,False,False,0.105120574,-3.000000000001819,-1.5000000000009095,-3.000000000001819,-1.5000000000009095,-3.000000000001819,-1.5000000000009095,-3.000000000001819,-1.5000000000009095,0.0,1.5000000000009095
2026-03-20,WALL,BID,2026-03-20 09:57:52.455331141,1774000672455331141,2140.25,2140.1,39.165,2.544668962380612,10.819470768,0.9936379986160151,1,6.074,0.15508745052980977,2140.2,3.000000000001819,-6.000000000003638,BREAK,0.360292628,0.019399263,False,False,,-3.000000000001819,-2.5,-1.999999999998181,-1.499999999996362,3.000000000001819,3.500000000003638,-1.999999999998181,-1.499999999996362,-6.000000000003638,-5.500000000001819
2026-03-20,WALL,BID,2026-03-20 09:58:17.522176895,1774000697522176895,2140.05,2139.8,38.656,3.9661416918893955,12.608845407,0.9949766901761808,2,9.435,0.244075951986755,2139.9,0.0,-6.000000000003638,BREAK,34.501512888,33.888035204,False,False,16.017267598,0.0,1.5000000000009095,0.0,1.5000000000009095,0.0,1.5000000000009095,-1.000000000003638,0.4999999999972715,-6.000000000003638,-4.5000000000027285
2026-03-20,WALL,BID,2026-03-20 09:58:51.308256470,1774000731308256470,2139.95,2139.8,62.945,4.233446548071426,13.8917819,1.0,1,13.14,0.20875367384224325,2139.9,8.000000000001819,-8.000000000001819,BREAK,0.715433313,0.101955629,False,False,,-3.000000000001819,-2.5000000000045475,-3.000000000001819,-2.5000000000045475,-3.000000000001819,-2.5000000000045475,-8.000000000001819,-7.5000000000045475,8.000000000001819,8.49999999999909
2026-03-20,WALL,BID,2026-03-20 10:14:24.428616306,1774001664428616306,2135.95,2135.6,85.712,11.095404530744336,15.413984115,1.0,3,4.284,0.04998133283554228,2135.7,0.0,-13.000000000001819,BREAK,4.695599681,0.150658085,False,True,4.543096542,0.0,2.5,-3.999999999996362,-1.499999999996362,-1.999999999998181,0.500000000001819,-6.999999999998181,-4.499999999998181,-11.999999999998181,-9.499999999998181
2026-03-20,WALL,BID,2026-03-20 10:14:52.707447834,1774001692707447834,2135.25,2135.1,33.725,3.5000778371646515,13.526189447,0.9893702724212629,1,0.468,0.013876945885841364,2135.2,0.0,-6.000000000003638,BREAK,7.609060749,0.050061569,False,False,,0.0,0.500000000001819,0.0,0.500000000001819,-3.000000000001819,-2.5,-5.0,-4.499999999998181,-1.999999999998181,-1.499999999996362
2026-03-20,WALL,BID,2026-03-20 10:18:41.404035282,1774001921404035282,2135.95,2135.6,53.37,8.225955610357584,11.741251412,0.9955670721822033,3,1.925,0.03606895259509088,2135.7,1.999999999998181,-8.000000000001819,BREAK,1.122072551,0.200217485,False,False,0.051145445,-1.999999999998181,0.500000000001819,1.999999999998181,4.499999999998181,-0.999999999994543,1.500000000005457,-5.999999999994543,-3.499999999994543,0.0,2.5
2026-03-20,WALL,ASK,2026-03-20 10:23:06.594460305,1774002186594460305,2131.95,2132.2,33.226,3.3477078085642313,12.220946908,0.9522588192721735,2,1.471,0.044272557635586594,2132.1,-0.0,-31.99999999999818,BREAK,4.949259118,4.693876337,False,False,4.693876337,-0.0,1.5000000000009095,-9.000000000005457,-7.5000000000045475,-8.000000000001819,-6.5000000000009095,-14.000000000005457,-12.500000000004547,-28.00000000000182,-26.50000000000091
2026-03-20,WALL,BID,2026-03-20 10:29:30.065636087,1774002570065636087,2135.6499999999996,2135.5,24.367,3.4705882352941173,14.234637164,0.9888069588171204,1,2.361,0.09689333935240285,2135.6,6.000000000003638,-2.999999999992724,BREAK,2.757921327,4.28987212,False,False,,-0.999999999994543,-0.4999999999972715,-1.999999999998181,-1.5000000000009095,-1.999999999998181,-1.5000000000009095,0.0,0.4999999999972715,0.0,0.4999999999972715
2026-03-20,WALL,ASK,2026-03-20 10:29:56.877050238,1774002596877050238,2135.55,2135.8,75.528,5.266211128155069,10.882893315,1.0,2,1.783,0.023607139074250605,2135.7000000000003,1.999999999998181,-8.999999999996362,BOUNCE,6.587422039,0.053441832,False,True,0.708668677,-0.999999999994543,0.5000000000063665,-0.999999999994543,0.5000000000063665,-0.0,1.5000000000009095,-0.999999999994543,0.5000000000063665,-5.999999999994543,-4.4999999999936335
2026-03-20,WALL,BID,2026-03-20 10:34:56.222749186,1774002896222749186,2140.95,2140.8,35.949,3.2961078256085816,10.020963668,1.0,1,6.394,0.1778630838131798,2140.9,0.0,-20.0,BREAK,6.988087574,1.46991622,False,False,,0.0,0.4999999999972715,0.0,0.4999999999972715,-5.999999999994543,-5.4999999999972715,-15.0,-14.500000000002728,-18.00000000000182,-17.500000000004547
2026-03-20,WALL,ASK,2026-03-20 10:35:40.316464353,1774002940316464353,2139.05,2139.3,49.537,3.4627940302680784,12.351627738,1.0,2,5.481,0.1106445687062196,2139.2000000000003,1.000000000003638,-5.999999999994543,BREAK,1.121899553,0.042196468,False,True,1.121899553,-0.0,1.5000000000009095,-3.999999999996362,-2.4999999999954525,-5.0,-3.4999999999990905,-0.0,1.5000000000009095,-1.999999999998181,-0.4999999999972715
2026-03-20,WALL,BID,2026-03-20 10:43:17.082036436,1774003397082036436,2147.95,2147.7,31.125,2.7167983240954916,12.043661754,0.9623960206413482,2,7.5680000000000005,0.24314859437751005,2147.7999999999997,0.0,-10.0,BREAK,1.849439203,1.798657538,False,False,1.849439203,0.0,1.5000000000009095,-10.0,-8.49999999999909,-10.0,-8.49999999999909,-5.0,-3.4999999999990905,-3.000000000001819,-1.5000000000009095
2026-03-20,WALL,ASK,2026-03-20 10:45:10.923603303,1774003510923603303,2148.3500000000004,2148.5,57.659,8.331623437612889,11.586997352,0.9770065894634892,1,11.243,0.19499124161015627,2148.4,3.000000000001819,-11.999999999998181,BREAK,2.798814504,0.050286333,False,False,,-0.0,0.4999999999972715,-2.999999999992724,-2.4999999999954525,-5.0,-4.5000000000027285,3.000000000001819,3.4999999999990905,-8.999999999996362,-8.49999999999909
2026-03-20,WALL,BID,2026-03-20 10:47:45.289846346,1774003665289846346,2148.95,2148.8,36.349,2.474067519738633,14.954178654,1.0,1,5.743,0.15799609342760462,2148.9,14.000000000005457,-13.999999999996362,BOUNCE,8.679271132,10.415270273,False,False,,-0.999999999994543,-0.4999999999972715,-0.999999999994543,-0.4999999999972715,4.000000000005457,4.5000000000027285,-1.999999999998181,-1.5000000000009095,-13.999999999996362,-13.49999999999909
2026-03-20,WALL,BID,2026-03-20 10:47:45.391153769,1774003665391153769,2148.8500000000004,2148.6,36.855,2.2769677499073273,10.254337721,1.0,2,7.098,0.1925925925925926,2148.7,15.0,-13.000000000001819,BOUNCE,8.111802849,0.201574591,False,True,29.912996534,0.0,1.500000000005457,0.0,1.500000000005457,5.0,6.500000000005457,-6.000000000003638,-4.499999999998181,-13.000000000001819,-11.499999999996362
2026-03-20,WALL,BID,2026-03-20 10:53:50.565993829,1774004030565993829,2149.6499999999996,2149.5,23.267,2.0108028692420707,18.486929124,0.9886665850453228,1,0.96,0.04126015386599046,2149.6,0.0,-26.99999999999818,BREAK,0.141411084,0.07214138,False,False,,-2.999999999992724,-2.4999999999954525,-0.999999999994543,-0.4999999999972715,-1.999999999998181,-1.5000000000009095,-8.999999999996362,-8.49999999999909,-20.999999999994543,-20.49999999999727
2026-03-20,WALL,BID,2026-03-20 10:56:15.457890083,1774004175457890083,2147.0,2146.8,55.311,3.793101083527637,15.614531207,1.0,1,3.288,0.05944567988284428,2146.9,6.499999999996362,-3.500000000003638,BREAK,0.868981708,0.409058654,False,False,,-2.5,-1.5000000000009095,-0.500000000001819,0.4999999999972715,-0.500000000001819,0.4999999999972715,2.5,3.4999999999990905,6.499999999996362,7.4999999999954525
2026-03-20,WALL,BID,2026-03-20 10:56:37.371967089,1774004197371967089,2147.05,2146.8,57.819,3.79626407537507,10.04870619,1.0,2,14.149999999999999,0.24472924125287532,2146.9,10.0,-1.000000000003638,BOUNCE,7.179720519,0.849301778,False,False,0.898081786,-1.000000000003638,0.4999999999972715,-1.000000000003638,0.4999999999972715,1.999999999998181,3.4999999999990905,5.999999999994543,7.4999999999954525,3.000000000001819,4.5000000000027285
2026-03-20,WALL,ASK,2026-03-20 10:57:48.522294881,1774004268522294881,2147.6499999999996,2147.9,35.579,2.7871215385217973,10.565536124,0.9803324565302485,2,4.862,0.1366536440034852,2147.8,2.999999999992724,-4.000000000005457,BOUNCE,15.474151071,2.91233393,False,True,22.149863333,-0.0,1.500000000005457,-0.0,1.500000000005457,-0.0,1.500000000005457,-1.000000000003638,0.500000000001819,-4.000000000005457,-2.5
2026-03-20,WALL,ASK,2026-03-20 10:59:47.435606184,1774004387435606184,2147.95,2148.1,34.573,3.3551361055849385,14.787407027,0.9824550919896715,1,8.279,0.23946432186966707,2148.0,10.0,-9.000000000005457,BREAK,0.920434679,0.870266684,False,False,,-1.999999999998181,-1.499999999996362,-1.999999999998181,-1.499999999996362,-1.999999999998181,-1.499999999996362,-6.000000000003638,-5.500000000001819,5.999999999994543,6.499999999996362
2026-03-20,WALL,BID,2026-03-20 10:59:58.361168862,1774004398361168862,2148.05,2147.8,81.981,11.593975392448026,10.106632386,0.9786380826219556,2,12.468,0.1520840194679255,2147.9,8.000000000001819,-14.000000000005457,BREAK,2.961762654,2.658072345,False,False,2.807797478,0.0,1.5000000000009095,-10.0,-8.49999999999909,0.0,1.5000000000009095,-1.000000000003638,0.4999999999972715,-14.000000000005457,-12.500000000004547
2026-03-20,WALL,BID,2026-03-20 11:00:54.340653523,1774004454340653523,2147.25,2147.0,57.049,3.776328854173562,13.006186231,0.9956891090128817,2,14.055,0.2463671580571088,2147.1,5.0,-6.999999999998181,BREAK,1.235980536,0.060418107,False,False,0.213105091,-1.999999999998181,-0.4999999999972715,-6.000000000003638,-4.5000000000027285,-3.999999999996362,-2.4999999999954525,-1.000000000003638,0.4999999999972715,-3.000000000001819,-1.5000000000009095
2026-03-20,WALL,BID,2026-03-20 11:02:08.513530819,1774004528513530819,2147.75,2147.4,32.076,4.507905277211721,10.412348785,0.9903063157905923,3,3.393,0.1057800224466891,2147.5,20.0,-5.0,BREAK,0.769588344,0.050241785,False,False,0.410735229,-5.0,-2.5,-5.0,-2.5,5.0,7.5,-3.000000000001819,-0.500000000001819,18.00000000000182,20.50000000000182
2026-03-20,WALL,ASK,2026-03-20 11:04:48.393503481,1774004688393503481,2148.55,2148.7,32.695,3.4691495570056765,10.722026727,0.9672492899019053,1,7.209,0.22049243003517355,2148.6,-0.999999999994543,-20.999999999994543,BREAK,1.173726387,0.051112318,False,False,,-0.999999999994543,-0.4999999999972715,-5.0,-4.5000000000027285,-5.0,-4.5000000000027285,-10.999999999994543,-10.499999999997272,-20.999999999994543,-20.49999999999727
2026-03-20,WALL,ASK,2026-03-20 11:07:53.836244439,1774004873836244439,2151.1499999999996,2151.3,35.048,3.471301936314565,15.934356557,1.0,1,7.972,0.227459484136042,2151.2000000000003,8.999999999996362,-1.000000000003638,BOUNCE,6.530293761,6.530293761,False,False,,-0.0,0.5000000000063665,-0.0,0.5000000000063665,5.999999999994543,6.5000000000009095,1.999999999998181,2.5000000000045475,2.999999999992724,3.4999999999990905
2026-03-20,WALL,BID,2026-03-20 11:11:17.512966671,1774005077512966671,2152.6499999999996,2152.4,35.078,3.206838231933081,11.333294789,1.0,2,1.424,0.04059524488283254,2152.5,1.000000000003638,-5.0,BREAK,3.725460953,0.051597639,False,False,0.051597639,-0.999999999994543,0.500000000001819,-3.999999999996362,-2.5,-5.0,-3.500000000003638,-1.999999999998181,-0.500000000001819,0.0,1.499999999996362
2026-03-20,WALL,BID,2026-03-20 11:12:19.579531869,1774005139579531869,2152.55,2152.2,40.468,3.8017755648456952,18.995827447,0.9929421885740927,3,6.789,0.16776218246515764,2152.2999999999997,0.0,-11.000000000003638,BREAK,26.74777997,3.759293774,False,False,4.076921236,-1.000000000003638,1.5000000000009095,-1.999999999998181,0.5000000000063665,-1.999999999998181,0.5000000000063665,-4.000000000005457,-1.5000000000009095,-11.000000000003638,-8.49999999999909
2026-03-20,WALL,ASK,2026-03-20 11:19:12.235483883,1774005552235483883,2152.6499999999996,2152.8,34.598,3.334264925552932,10.002229715,0.9765185556928593,1,4.133,0.11945777212555639,2152.7000000000003,10.0,-2.000000000007276,BREAK,7.20853619,7.144824828,False,False,,-0.0,0.5000000000063665,-0.0,0.5000000000063665,-2.000000000007276,-1.5000000000009095,7.999999999992724,8.49999999999909,2.999999999992724,3.4999999999990905
2026-03-20,WALL,ASK,2026-03-20 11:21:50.757899162,1774005710757899162,2151.6499999999996,2152.0,50.023,6.591514033469496,12.209676778,0.9908578833797528,3,11.668000000000001,0.23325270375627213,2151.9,-0.0,-11.000000000003638,BREAK,4.078740561,3.879207628,False,False,1.330259814,-1.000000000003638,1.5000000000009095,-7.000000000007276,-4.5000000000027285,-6.000000000003638,-3.4999999999990905,-11.000000000003638,-8.49999999999909,-3.000000000001819,-0.4999999999972715
2026-03-20,WALL,ASK,2026-03-20 11:24:47.746347096,1774005887746347096,2150.8500000000004,2151.0,27.576,2.889505946455703,17.142700136,0.9929245864981745,1,0.464,0.0168262257035103,2150.9,-0.0,-5.999999999994543,BREAK,59.956366013,0.341287989,False,False,,-0.999999999994543,-0.4999999999972715,-0.999999999994543,-0.4999999999972715,-0.999999999994543,-0.4999999999972715,-0.0,0.4999999999972715,-5.999999999994543,-5.4999999999972715
2026-03-20,WALL,ASK,2026-03-20 11:25:46.308750070,1774005946308750070,2150.95,2151.3,49.788,4.603606102635228,13.718316658,0.9870831481429126,3,10.581000000000001,0.2125210894191372,2151.2000000000003,-0.0,-6.999999999998181,BREAK,1.393963039,0.113238471,False,True,1.393963039,-0.0,2.5000000000045475,-6.000000000003638,-3.4999999999990905,-6.000000000003638,-3.4999999999990905,-3.000000000001819,-0.4999999999972715,-5.0,-2.4999999999954525
2026-03-20,WALL,BID,2026-03-20 11:26:51.110719874,1774006011110719874,2151.45,2151.3,24.335,2.977851199216838,11.694169511,1.0,1,0.252,0.01035545510581467,2151.4,0.0,-18.999999999996362,BREAK,4.444787377,1.673843788,False,False,,0.0,0.4999999999972715,-5.999999999994543,-5.4999999999972715,-5.999999999994543,-5.4999999999972715,-5.0,-4.5000000000027285,-18.999999999996362,-18.49999999999909
2026-03-20,WALL,ASK,2026-03-20 11:26:55.504476515,1774006015504476515,2151.3500000000004,2151.5,126.139,12.852965151823925,24.356960287,0.9725385167476338,1,27.124,0.21503262274157872,2151.4,19.000000000005457,3.000000000001819,BOUNCE,0.051030736,0.051030736,False,False,,5.0,5.4999999999972715,5.0,5.4999999999972715,5.0,5.4999999999972715,15.0,15.499999999997272,16.000000000003638,16.50000000000091
2026-03-20,WALL,BID,2026-03-20 11:27:22.508077082,1774006042508077082,2150.55,2150.4,24.745,2.146326654523376,11.508471297,0.9912227783001613,1,1.835,0.07415639523135986,2150.5,-1.000000000003638,-11.000000000003638,BREAK,0.15122991,0.102709457,False,False,,-6.000000000003638,-5.500000000001819,-6.999999999998181,-6.499999999996362,-5.0,-4.499999999998181,-9.000000000005457,-8.500000000003638,-6.999999999998181,-6.499999999996362
2026-03-20,WALL,ASK,2026-03-20 11:28:25.437060238,1774006105437060238,2149.8500000000004,2150.2,74.585,7.183376673408456,24.476785924,0.9830101393912081,3,16.352,0.2192397935241671,2150.1,12.000000000007276,-3.999999999996362,BREAK,9.808052686,0.34755049,False,True,2.361675834,-0.999999999994543,1.5000000000009095,-2.999999999992724,-0.4999999999972715,-3.999999999996362,-1.5000000000009095,-0.999999999994543,1.5000000000009095,8.000000000001819,10.499999999997272
2026-03-20,WALL,BID,2026-03-20 11:29:02.405022545,1774006142405022545,2149.8,2149.5,67.547,8.611844202205647,27.21673062,0.9872151211746093,1,1.697,0.025123247516544038,2149.6,-1.500000000005457,-11.500000000005457,BREAK,11.334577428,0.307974662,False,False,,-2.5,-0.4999999999972715,-2.5,-0.4999999999972715,-2.5,-0.4999999999972715,-6.500000000005457,-4.5000000000027285,-2.5,-0.4999999999972715
2026-03-20,WALL,ASK,2026-03-20 11:30:02.141337943,1774006202141337943,2149.55,2149.7,56.11,4.474481658692185,14.600214034,0.9995065202480442,1,13.28,0.23667795401889147,2149.6,16.000000000003638,-0.0,BOUNCE,3.003977573,1.317143002,False,False,,-0.0,0.4999999999972715,3.000000000001819,3.4999999999990905,9.000000000005457,9.500000000002728,9.000000000005457,9.500000000002728,13.000000000001819,13.49999999999909
2026-03-20,WALL,BID,2026-03-20 11:30:40.020674382,1774006240020674382,2148.05,2147.7,62.694,3.6865812066329533,14.76556482,0.9967645812684868,3,3.7680000000000002,0.060101445114365014,2147.7999999999997,20.0,-1.000000000003638,BOUNCE,11.377973222,0.201668991,False,True,,0.0,2.5000000000045475,0.0,2.5000000000045475,-1.000000000003638,1.5000000000009095,8.000000000001819,10.500000000006366,15.999999999994543,18.49999999999909
2026-03-20,WALL,ASK,2026-03-20 11:31:01.935051752,1774006261935051752,2148.25,2148.4,35.589,3.3044568245125348,10.034218675,0.9008439899282941,1,2.792,0.07845120683357217,2148.3,-0.0,-18.00000000000182,BREAK,5.795782338,5.74469904,False,False,,-0.0,0.500000000001819,-1.000000000003638,-0.500000000001819,-8.000000000001819,-7.5,-18.00000000000182,-17.5,-11.000000000003638,-10.500000000001819
2026-03-20,WALL,BID,2026-03-20 11:31:44.370043998,1774006304370043998,2149.6499999999996,2149.3,40.706,3.380756613097463,11.071427005,1.0,3,1.936,0.04756055618336363,2149.4,-0.999999999994543,-15.0,BREAK,0.102644688,0.051643471,False,False,0.051643471,-3.999999999996362,-1.5000000000009095,-3.999999999996362,-1.5000000000009095,-1.999999999998181,0.4999999999972715,-10.999999999994543,-8.49999999999909,-16.99999999999818,-14.500000000002728
2026-03-20,WALL,ASK,2026-03-20 11:31:44.421687469,1774006304421687469,2149.3500000000004,2149.7,118.046,17.448229990392434,10.874975956,1.0,3,11.5,0.09741964996696202,2149.6,14.000000000005457,-1.999999999998181,BOUNCE,0.102019785,5.096321379,False,True,12.659411329,1.000000000003638,3.4999999999990905,1.000000000003638,3.4999999999990905,-0.999999999994543,1.5000000000009095,8.000000000001819,10.499999999997272,14.000000000005457,16.50000000000091
2026-03-20,WALL,ASK,2026-03-20 11:33:15.381214851,1774006395381214851,2148.8500000000004,2149.0,39.358,2.5260252872087796,10.314939655,0.9645931573799401,1,8.399,0.2134000711418263,2148.9,17.000000000007276,-0.0,BOUNCE,10.054634835,10.054634835,False,False,,-0.0,0.4999999999972715,-0.0,0.4999999999972715,1.000000000003638,1.5000000000009095,12.000000000007276,12.500000000004547,14.000000000005457,14.500000000002728
2026-03-20,WALL,BID,2026-03-20 11:34:42.060643417,1774006482060643417,2147.8500000000004,2147.7,59.901,4.850087041010486,13.332973988,0.9729313552006609,1,14.337,0.23934491911654227,2147.7999999999997,0.0,-16.000000000003638,BREAK,7.200558721,0.089706056,False,False,,-1.000000000003638,-0.4999999999972715,-1.000000000003638,-0.4999999999972715,-2.000000000007276,-1.5000000000009095,-8.000000000001819,-7.4999999999954525,-13.000000000001819,-12.499999999995453
2026-03-20,WALL,ASK,2026-03-20 11:40:50.670308852,1774006850670308852,2139.05,2139.4,107.086,11.20087861513519,10.666874024,1.0,3,25.400000000000002,0.23719253683954955,2139.3,11.999999999998181,-0.0,BOUNCE,11.075472657,0.612437643,False,True,,1.000000000003638,3.500000000003638,1.000000000003638,3.500000000003638,1.000000000003638,3.500000000003638,11.999999999998181,14.499999999998181,9.000000000005457,11.500000000005457
2026-03-20,WALL,ASK,2026-03-20 11:46:49.838396422,1774007209838396422,2137.8500000000004,2138.1,42.47,2.996542722077189,10.081218673,0.9912866177344946,2,2.78,0.06545797033199906,2138.0,7.000000000007276,-11.999999999998181,BREAK,13.186181041,1.088152771,False,False,1.029675364,-0.999999999994543,0.500000000001819,-0.0,1.499999999996362,-0.0,1.499999999996362,-11.999999999998181,-10.500000000001819,7.000000000007276,8.500000000003638
2026-03-20,WALL,BID,2026-03-20 11:47:25.552226863,1774007245552226863,2139.05,2138.9,32.44,2.4756744381272178,10.019858582,1.0,1,6.544,0.20172626387176326,2139.0,0.0,-19.000000000005457,BREAK,0.237824781,0.237824781,False,False,,-5.0,-4.499999999998181,-5.0,-4.499999999998181,-5.0,-4.499999999998181,-18.00000000000182,-17.5,-5.0,-4.499999999998181
2026-03-20,WALL,BID,2026-03-20 11:50:53.313576682,1774007453313576682,2137.6499999999996,2137.5,26.233,2.4424375029095478,10.538870902,1.0,1,1.977,0.07536309228833912,2137.6,1.000000000003638,-5.999999999994543,BREAK,2.079081616,0.50903577,False,False,,-0.999999999994543,-0.4999999999972715,-1.999999999998181,-1.5000000000009095,-1.999999999998181,-1.5000000000009095,-3.999999999996362,-3.4999999999990905,0.0,0.4999999999972715
2026-03-20,WALL,ASK,2026-03-20 11:50:56.272715671,1774007456272715671,2137.45,2137.7,37.395,4.526691683815519,14.400185026,1.0,2,8.018,0.21441369167000937,2137.6,3.999999999996362,-3.000000000001819,BREAK,7.39982893,3.500000303,False,True,7.39982893,-0.0,1.5000000000009095,-0.0,1.5000000000009095,-1.000000000003638,0.4999999999972715,1.999999999998181,3.4999999999990905,-1.999999999998181,-0.4999999999972715
2026-03-20,WALL,BID,2026-03-20 11:51:43.396472338,1774007503396472338,2137.3500000000004,2137.2,32.933,3.345829523519252,11.805802334,0.9566732673876056,1,0.602,0.018279537242279778,2137.2999999999997,10.999999999994543,-2.000000000007276,BOUNCE,9.654187991,0.3062169,False,False,,-1.000000000003638,-0.4999999999972715,-1.000000000003638,-0.4999999999972715,2.999999999992724,3.4999999999990905,-2.000000000007276,-1.5000000000009095,11.999999999998181,12.500000000004547
2026-03-20,WALL,ASK,2026-03-20 11:52:53.739703548,1774007573739703548,2138.55,2138.7,40.259,2.3519892504527666,10.391725011,0.973322832378017,1,9.383,0.23306589830845276,2138.6,5.0,-0.999999999994543,BOUNCE,3.744457969,6.555348609,False,False,,-0.0,0.4999999999972715,1.999999999998181,2.4999999999954525,1.999999999998181,2.4999999999954525,-0.999999999994543,-0.4999999999972715,5.0,5.4999999999972715
2026-03-20,WALL,ASK,2026-03-20 11:54:04.982083204,1774007644982083204,2137.95,2138.1,36.384,3.410573678290214,15.215269795,0.9989413466065983,1,5.235,0.14388192612137204,2138.0,0.999999999994543,-6.000000000003638,BREAK,8.216523386,2.602200382,False,False,,-0.0,0.500000000001819,-1.000000000003638,-0.500000000001819,-4.000000000005457,-3.500000000003638,-0.0,0.500000000001819,-5.0,-4.499999999998181
2026-03-20,WALL,ASK,2026-03-20 11:55:47.555605225,1774007747555605225,2139.1499999999996,2139.3,49.829,3.534598333037773,19.496086281,0.9913507928427494,1,11.915,0.23911778281723492,2139.2000000000003,1.999999999998181,-21.000000000003638,BOUNCE,1.121745685,1.121745685,False,False,,-0.0,0.5000000000063665,1.999999999998181,2.5000000000045475,0.999999999994543,1.5000000000009095,-8.000000000001819,-7.4999999999954525,-14.000000000005457,-13.49999999999909
2026-03-20,WALL,BID,2026-03-20 11:58:42.717028790,1774007922717028790,2141.6499999999996,2141.5,34.781,2.0769736056371673,15.823837711,0.998522406357609,1,3.76,0.10810499985624335,2141.6,0.0,-8.999999999996362,BREAK,7.968131981,7.917163002,False,False,,0.0,0.4999999999972715,0.0,0.4999999999972715,-1.999999999998181,-1.5000000000009095,-8.999999999996362,-8.49999999999909,-5.999999999994543,-5.4999999999972715
2026-03-20,WALL,BID,2026-03-20 11:59:03.043615937,1774007943043615937,2140.8500000000004,2140.6,44.53,4.187314871409093,12.205144527,0.9769316354773879,2,9.34,0.209746238490905,2140.7,6.999999999998181,-1.000000000003638,BOUNCE,11.128029413,0.101938097,False,False,0.101938097,-1.000000000003638,0.500000000001819,-1.000000000003638,0.500000000001819,-1.000000000003638,0.500000000001819,1.999999999998181,3.500000000003638,6.999999999998181,8.500000000003638
2026-03-20,WALL,BID,2026-03-20 11:59:36.746353148,1774007976746353148,2141.05,2140.8,34.682,2.9145762426992734,10.192217387,0.9392841074220702,2,8.15,0.23499221498183495,2140.9,25.0,0.0,BOUNCE,26.212289407,4.226444661,False,True,,0.0,1.5000000000009095,0.0,1.5000000000009095,0.0,1.5000000000009095,13.000000000001819,14.500000000002728,25.0,26.50000000000091
2026-03-20,WALL,ASK,2026-03-20 11:59:54.743252433,1774007994743252433,2141.05,2141.3,48.0,4.346054597310879,11.326910389,0.9940340298740576,2,9.866999999999999,0.20556249999999998,2141.2000000000003,-0.0,-31.99999999999818,BREAK,8.215390122,0.114286504,False,False,0.114286504,-0.999999999994543,0.5000000000063665,-0.999999999994543,0.5000000000063665,-8.999999999996362,-7.4999999999954525,-18.999999999996362,-17.499999999995453,-28.999999999996362,-27.499999999995453
2026-03-20,WALL,BID,2026-03-20 12:05:57.412000555,1774008357412000555,2143.95,2143.6,110.303,9.440516946251282,15.912977295,0.9900520055382885,3,22.318,0.20233357206966268,2143.7,24.000000000005457,0.0,BOUNCE,1.623601065,1.123749583,False,True,,0.0,2.5,6.000000000003638,8.500000000003638,6.000000000003638,8.500000000003638,8.000000000001819,10.500000000001819,24.000000000005457,26.500000000005457
2026-03-20,WALL,BID,2026-03-20 12:08:57.959465389,1774008537959465389,2149.05,2148.7,55.747,5.672840134323802,15.677239841,0.9987249245273571,3,11.559,0.2073474805819147,2148.7999999999997,16.99999999999818,-16.000000000003638,BREAK,3.675283896,0.61290115,False,False,0.664021089,-1.999999999998181,0.5000000000063665,-6.999999999998181,-4.4999999999936335,-15.0,-12.499999999995453,-1.999999999998181,0.5000000000063665,13.999999999996362,16.50000000000091
2026-03-20,WALL,ASK,2026-03-20 12:09:41.915647750,1774008581915647750,2149.8500000000004,2150.0,27.067,3.5895497646044694,27.208059591,0.9800818120385453,1,5.306,0.1960320685705841,2149.9,-0.0,-17.999999999992724,BREAK,2.654101948,2.654101948,False,False,,-0.0,0.4999999999972715,-2.999999999992724,-2.4999999999954525,-8.999999999996362,-8.49999999999909,-5.999999999994543,-5.4999999999972715,-3.999999999996362,-3.4999999999990905
2026-03-20,WALL,ASK,2026-03-20 12:13:30.651564348,1774008810651564348,2148.8500000000004,2149.0,35.403,4.757508566821206,19.794039603,0.9885097300216814,1,6.19,0.17484393977911478,2148.9,20.0,-0.0,BOUNCE,7.770727334,7.873081097,False,False,,-0.0,0.4999999999972715,-0.0,0.4999999999972715,5.0,5.4999999999972715,8.000000000001819,8.49999999999909,20.0,20.49999999999727
2026-03-20,WALL,BID,2026-03-20 12:15:11.173220129,1774008911173220129,2145.6499999999996,2145.4,56.395,4.419670846394984,11.507105143,0.9962839057722512,2,2.191,0.03885096196471318,2145.5,10.0,-7.999999999992724,BREAK,0.35586009,0.35586009,False,False,0.35586009,-5.0,-3.500000000003638,-1.999999999998181,-0.500000000001819,1.000000000003638,2.5,1.000000000003638,2.5,-0.999999999994543,0.500000000001819
2026-03-20,WALL,ASK,2026-03-20 12:17:41.453032263,1774009061453032263,2144.75,2145.0,39.613,3.6627831715210357,12.5249668,0.9946005519950759,2,9.192,0.2320450357205968,2144.9,18.999999999996362,-1.999999999998181,BOUNCE,22.291727276,47.473667077,False,False,0.718982196,-1.999999999998181,-0.4999999999972715,-1.000000000003638,0.4999999999972715,1.000000000003638,2.5000000000045475,13.999999999996362,15.499999999997272,1.000000000003638,2.5000000000045475
2026-03-20,WALL,ASK,2026-03-20 12:20:14.335496825,1774009214335496825,2144.8500000000004,2145.0,33.534,2.500577905372656,11.787772616,0.9615626655043377,1,7.941,0.2368044372875291,2144.9,-0.0,-15.999999999994543,BREAK,4.189646701,4.085857319,False,False,,-0.0,0.4999999999972715,-1.999999999998181,-1.5000000000009095,-6.999999999998181,-6.5000000000009095,-10.999999999994543,-10.499999999997272,-15.0,-14.500000000002728
2026-03-20,WALL,BID,2026-03-20 12:20:48.287427430,1774009248287427430,2145.95,2145.7,58.793,4.571772939346812,15.575494059,0.9810703926383874,2,12.4,0.21090946201078362,2145.7999999999997,8.000000000001819,-6.999999999998181,BREAK,0.510009197,0.051214361,False,False,0.051214361,-3.000000000001819,-1.5000000000009095,-3.999999999996362,-2.4999999999954525,-3.999999999996362,-2.4999999999954525,5.0,6.5000000000009095,1.999999999998181,3.4999999999990905
2026-03-20,WALL,BID,2026-03-20 12:21:43.918722353,1774009303918722353,2146.05,2145.9,59.173,3.6555878173843213,17.581583217,0.9881769789765572,1,1.87,0.03160225102665067,2146.0,6.999999999998181,-3.000000000001819,BOUNCE,4.540681201,11.476571936,False,False,,-1.000000000003638,-0.500000000001819,1.999999999998181,2.5,1.999999999998181,2.5,5.0,5.500000000001819,0.0,0.500000000001819
2026-03-20,WALL,BID,2026-03-20 12:25:20.162245004,1774009520162245004,2146.05,2145.8,52.144,7.111838516093834,11.577537862,0.9984321638835164,2,8.865,0.17000997238416693,2145.9,-1.000000000003638,-41.99999999999818,BREAK,29.387093098,0.154623889,False,False,0.051862572,-1.999999999998181,-0.4999999999972715,-1.999999999998181,-0.4999999999972715,-1.999999999998181,-0.4999999999972715,-6.000000000003638,-4.5000000000027285,-41.99999999999818,-40.49999999999727
2026-03-20,WALL,BID,2026-03-20 12:29:37.624924561,1774009777624924561,2142.25,2141.9,50.338,7.516499925339704,10.002963922,1.0,3,9.331,0.18536691962334617,2142.0,1.999999999998181,-18.999999999996362,BOUNCE,26.955091752,0.042511615,False,True,2.191408635,-1.000000000003638,1.499999999996362,-1.999999999998181,0.500000000001819,-1.999999999998181,0.500000000001819,-1.999999999998181,0.500000000001819,-3.999999999996362,-1.499999999996362
2026-03-20,WALL,BID,2026-03-20 12:31:50.400966823,1774009910400966823,2139.45,2139.1,108.959,7.507424122368829,14.902110137,0.9906200865035252,3,10.544,0.09677034480859772,2139.2,0.0,-30.0,BREAK,0.969536735,0.35514653,False,False,0.35514653,-3.999999999996362,-1.499999999996362,-16.99999999999818,-14.499999999998181,-11.999999999998181,-9.499999999998181,-23.999999999996362,-21.499999999996362,-18.00000000000182,-15.500000000001819
2026-03-20,WALL,BID,2026-03-20 12:39:29.337799838,1774010369337799838,2140.05,2139.8,35.437,2.567712484602565,10.020458656,1.0,2,7.9559999999999995,0.2245111042131106,2139.9,0.0,-8.000000000001819,BREAK,14.587325594,14.333815474,False,False,0.296740803,-1.999999999998181,-0.4999999999972715,-1.000000000003638,0.4999999999972715,-1.000000000003638,0.4999999999972715,-8.000000000001819,-6.5000000000009095,-8.000000000001819,-6.5000000000009095
2026-03-20,WALL,BID,2026-03-20 12:39:43.720078768,1774010383720078768,2139.8500000000004,2139.5,53.688,2.456948035603963,15.209495055,1.0,3,8.401,0.15647817016838025,2139.6,0.0,-10.0,BREAK,2.248511832,0.048823428,False,True,1.969888289,-1.000000000003638,1.5000000000009095,-5.0,-2.4999999999954525,-5.0,-2.4999999999954525,-1.000000000003638,1.5000000000009095,-9.000000000005457,-6.5000000000009095
2026-03-20,WALL,ASK,2026-03-20 12:44:29.367572566,1774010669367572566,2136.8500000000004,2137.0,26.719,3.001123216893182,12.619788495,1.0,1,0.8,0.029941240315880087,2136.9,-0.0,-22.999999999992724,BREAK,0.502363772,0.414995341,False,False,,-2.999999999992724,-2.4999999999954525,-7.999999999992724,-7.4999999999954525,-8.999999999996362,-8.49999999999909,-16.99999999999818,-16.50000000000091,-17.999999999992724,-17.499999999995453
2026-03-20,WALL,ASK,2026-03-20 12:52:02.583183577,1774011122583183577,2138.55,2138.7,36.668,2.6770825728261665,16.786943578,1.0,1,7.482,0.2040471255590706,2138.6,-0.999999999994543,-35.99999999999454,BREAK,0.103296992,0.052527501,False,False,,-3.999999999996362,-3.4999999999990905,-13.000000000001819,-12.500000000004547,-15.0,-14.500000000002728,-23.999999999996362,-23.49999999999909,-28.00000000000182,-27.500000000004547
2026-03-20,WALL,ASK,2026-03-20 12:52:02.686480569,1774011122686480569,2138.75,2138.9,48.514,6.148795944233206,17.696635676,1.0,1,0.467,0.009626087315001855,2138.8,-1.999999999998181,-33.99999999999636,BREAK,0.051168294,0.051168294,False,False,,-1.999999999998181,-1.499999999996362,-11.000000000003638,-10.500000000001819,-13.000000000001819,-12.5,-21.99999999999818,-21.499999999996362,-26.000000000003638,-25.50000000000182
2026-03-20,WALL,ASK,2026-03-20 12:52:04.727703076,1774011124727703076,2139.1499999999996,2139.4,55.485,8.001874819728872,20.691958551,1.0,2,2.997,0.05401459854014598,2139.3,-2.000000000007276,-30.0,BREAK,0.150944291,0.150944291,False,False,0.05094616,-6.000000000003638,-4.499999999998181,-6.000000000003638,-4.499999999998181,-9.000000000005457,-7.5,-18.00000000000182,-16.499999999996362,-20.0,-18.499999999994543
2026-03-20,WALL,ASK,2026-03-20 12:57:53.434404475,1774011473434404475,2140.05,2140.3,50.969,6.772839014019002,18.536145723,0.9883373690933084,2,11.458,0.2248033118169868,2140.2000000000003,3.000000000001819,-8.999999999996362,BOUNCE,11.58288722,14.132806377,False,False,0.049832165,1.000000000003638,2.5000000000045475,1.000000000003638,2.5000000000045475,1.000000000003638,2.5000000000045475,-3.000000000001819,-1.5000000000009095,-3.000000000001819,-1.5000000000009095
2026-03-20,WALL,ASK,2026-03-20 12:58:39.481537377,1774011519481537377,2140.55,2140.9,79.683,6.345450925741589,14.244955188,1.0,3,15.875999999999998,0.199239486465118,2140.8,1.999999999998181,-3.999999999996362,BREAK,0.867092093,0.509136189,False,False,0.867092093,-3.999999999996362,-1.499999999996362,1.999999999998181,4.499999999998181,1.999999999998181,4.499999999998181,1.000000000003638,3.500000000003638,-3.000000000001819,-0.500000000001819
2026-03-20,WALL,BID,2026-03-20 12:58:39.481537377,1774011519481537377,2140.55,2140.4,54.233,2.975013028333196,11.798907548,1.0,1,13.404,0.24715579075470656,2140.5,3.999999999996362,-1.999999999998181,BOUNCE,0.867092093,1.057452622,False,False,,3.999999999996362,4.499999999998181,-1.999999999998181,-1.499999999996362,-1.999999999998181,-1.499999999996362,-1.000000000003638,-0.500000000001819,3.000000000001819,3.500000000003638
2026-03-20,WALL,ASK,2026-03-20 12:58:40.348629470,1774011520348629470,2140.8,2141.1,48.279,5.974014724989173,22.77574443,1.0,1,11.342,0.23492615837113445,2141.0,4.499999999998181,-1.499999999996362,BOUNCE,3.980821559,0.254178617,False,False,,-1.499999999996362,0.500000000001819,4.499999999998181,6.499999999996362,4.499999999998181,6.499999999996362,0.500000000001819,2.5,-0.500000000001819,1.499999999996362
2026-03-20,WALL,ASK,2026-03-20 13:00:59.697826893,1774011659697826893,2140.05,2140.3,31.103,3.683225768251525,14.708874629,0.999758070002651,2,2.803,0.09011992412307494,2140.2000000000003,1.999999999998181,-11.999999999998181,BREAK,0.617614688,0.515096303,False,False,0.107785444,-5.0,-3.4999999999990905,-5.999999999994543,-4.4999999999936335,-5.999999999994543,-4.4999999999936335,1.999999999998181,3.4999999999990905,-10.999999999994543,-9.499999999993634
2026-03-20,WALL,BID,2026-03-20 13:02:39.390982717,1774011759390982717,2142.3500000000004,2142.0,77.773,4.756322049964834,27.260008747,0.9846850036302375,3,18.081,0.23248428117727232,2142.1,0.0,-22.000000000007276,BREAK,5.102639097,1.577022061,False,False,1.577022061,0.0,2.5000000000045475,-3.000000000001819,-0.4999999999972715,-10.0,-7.4999999999954525,-22.000000000007276,-19.50000000000273,-10.0,-7.4999999999954525
2026-03-20,WALL,BID,2026-03-20 13:02:56.484010372,1774011776484010372,2140.6499999999996,2140.3,105.744,9.239722137271178,11.939123645,0.9805351816506797,3,19.557000000000002,0.18494666364049026,2140.4,12.000000000007276,-5.0,BREAK,1.385593518,0.057476445,False,False,0.159418638,-2.999999999992724,-0.4999999999972715,-3.999999999996362,-1.5000000000009095,-5.0,-2.5000000000045475,0.0,2.4999999999954525,12.000000000007276,14.500000000002728
2026-03-20,WALL,BID,2026-03-20 13:04:17.435472427,1774011857435472427,2140.6499999999996,2140.3,84.253,5.269105691056911,10.039047468,0.9856665845580799,3,19.82,0.23524384888371927,2140.4,11.000000000003638,0.0,BOUNCE,0.634375239,0.634375239,False,True,,2.000000000007276,4.5000000000027285,3.000000000001819,5.4999999999972715,3.000000000001819,5.4999999999972715,4.000000000005457,6.5000000000009095,10.0,12.499999999995453
2026-03-20,WALL,BID,2026-03-20 13:19:01.700335452,1774012741700335452,2140.8500000000004,2140.5,36.338,3.836764861155105,12.302896334,0.9950108491257974,3,3.2279999999999998,0.08883262700203642,2140.6,3.999999999996362,-4.000000000005457,BOUNCE,16.642077316,16.539720794,False,False,0.203813688,-2.000000000007276,0.4999999999972715,-1.000000000003638,1.5000000000009095,-1.000000000003638,1.5000000000009095,3.999999999996362,6.5000000000009095,1.999999999998181,4.5000000000027285
2026-03-20,WALL,ASK,2026-03-20 13:21:42.398650867,1774012902398650867,2144.8500000000004,2145.0,70.486,4.849898510338185,16.031141501,0.9817293008746926,1,15.591,0.22119286099367247,2144.9,9.000000000005457,-0.0,BOUNCE,1.170537142,1.170537142,False,False,,-0.0,0.4999999999972715,3.000000000001819,3.4999999999990905,6.000000000003638,6.5000000000009095,4.000000000005457,4.5000000000027285,9.000000000005457,9.500000000002728
2026-03-20,WALL,BID,2026-03-20 13:23:43.370916852,1774013023370916852,2144.75,2144.4,31.151,2.4683835182250395,20.007185428,0.9922534943479308,3,1.362,0.04372251292093352,2144.5,10.0,-5.0,BREAK,12.03769986,11.831500961,False,False,0.099129222,-3.000000000001819,-0.500000000001819,-3.000000000001819,-0.500000000001819,-3.000000000001819,-0.500000000001819,-5.0,-2.5,1.999999999998181,4.499999999998181
2026-03-20,WALL,ASK,2026-03-20 13:24:06.291945758,1774013046291945758,2144.25,2144.6,23.356,2.285546530971719,11.089527945,0.9902319156832243,3,1.048,0.0448706970371639,2144.5,-0.0,-43.99999999999636,BREAK,9.529684225,2.438124797,False,True,9.529684225,-0.0,2.5,-0.0,2.5,-3.999999999996362,-1.499999999996362,-8.999999999996362,-6.499999999996362,-36.00000000000364,-33.50000000000364
2026-03-20,WALL,ASK,2026-03-20 13:44:13.252370444,1774014253252370444,2138.8500000000004,2139.0,23.997,2.575752696828208,11.074875021,0.9901711483160222,1,0.514,0.02141934408467725,2138.9,10.0,-30.999999999994543,BOUNCE,1.325742099,0.966722871,False,False,,-0.0,0.4999999999972715,-2.999999999992724,-2.4999999999954525,-3.999999999996362,-3.4999999999990905,-1.999999999998181,-1.5000000000009095,-18.999999999996362,-18.49999999999909
2026-03-20,WALL,ASK,2026-03-20 13:44:50.962462157,1774014290962462157,2139.6499999999996,2140.0,50.87,4.752207015741043,16.384262119,0.9933464170550848,3,12.081,0.2374877137802241,2139.9,-0.0,-33.00000000000182,BREAK,1.224892847,1.224892847,False,False,0.049947372,-3.000000000001819,-0.4999999999972715,-2.000000000007276,0.4999999999972715,-4.000000000005457,-1.5000000000009095,-24.000000000005457,-21.50000000000091,-21.000000000003638,-18.49999999999909
2026-03-20,WALL,ASK,2026-03-20 13:45:15.715500765,1774014315715500765,2141.6499999999996,2142.0,52.334,7.111080915823086,11.846632299,1.0,3,12.753,0.2436847938242825,2141.9,8.999999999996362,-14.000000000005457,BREAK,1.375468614,1.326994501,False,False,0.405329212,-3.000000000001819,-0.4999999999972715,-4.000000000005457,-1.5000000000009095,0.999999999994543,3.4999999999990905,-0.0,2.5000000000045475,3.999999999996362,6.5000000000009095
2026-03-20,WALL,ASK,2026-03-20 14:22:46.136508258,1774016566136508258,2124.3500000000004,2124.6,26.437,6.419084618186233,20.66984673,0.98289066718203,2,3.117,0.1179029390626773,2124.5,8.000000000001819,-36.99999999999818,BREAK,1.792042041,1.741117138,False,False,1.792042041,-0.0,1.499999999996362,-0.0,1.499999999996362,3.000000000001819,4.499999999998181,1.000000000003638,2.5,-23.999999999996362,-22.5
2026-03-20,WALL,ASK,2026-03-20 15:00:11.270682215,1774018811270682215,2131.55,2131.7,39.682,3.974559294871795,10.577122073,0.9895371855183088,1,2.345,0.05909480368933018,2131.6,3.000000000001819,-35.0,BOUNCE,3.671868739,4.896817331,False,False,,-0.999999999994543,-0.4999999999972715,-10.999999999994543,-10.499999999997272,-13.000000000001819,-12.500000000004547,-5.999999999994543,-5.4999999999972715,-11.999999999998181,-11.50000000000091
2026-03-20,WALL,ASK,2026-03-20 15:05:12.381259070,1774019112381259070,2127.1499999999996,2127.4,83.797,10.093591905564924,27.145363499,1.0,2,9.455,0.11283220163012996,2127.3,17.999999999992724,-2.000000000007276,BOUNCE,1.784938033,0.148696035,False,True,3.103056749,-0.0,1.500000000005457,-2.000000000007276,-0.500000000001819,5.999999999994543,7.5,17.999999999992724,19.49999999999818,-0.0,1.500000000005457
2026-03-20,WALL,BID,2026-03-20 15:09:21.959905310,1774019361959905310,2121.1499999999996,2121.0,32.946,3.897320636422783,12.549989423,0.9776908282100311,1,7.798,0.23669034177138348,2121.1,22.000000000007276,-10.999999999994543,BOUNCE,2.397139689,4.234579831,False,False,,0.0,0.4999999999972715,-1.999999999998181,-1.5000000000009095,-7.999999999992724,-7.4999999999954525,13.000000000001819,13.49999999999909,22.000000000007276,22.500000000004547
2026-03-20,WALL,ASK,2026-03-20 15:13:44.917718209,1774019624917718209,2128.8500000000004,2129.0,33.559,2.684290513517837,23.322503559,0.989520469902311,1,6.919,0.2061742006615215,2128.9,5.0,-10.999999999994543,BOUNCE,0.556477631,0.556477631,False,False,,2.000000000007276,2.5000000000045475,5.0,5.4999999999972715,3.000000000001819,3.4999999999990905,-2.999999999992724,-2.4999999999954525,-10.0,-9.500000000002728
2026-03-20,WALL,BID,2026-03-20 15:44:03.790578445,1774021443790578445,2133.95,2133.7,58.072,2.936562918763116,11.782989099,0.9998743583663228,2,12.225999999999999,0.21053175368508056,2133.7999999999997,0.0,-18.999999999996362,BREAK,1.740288507,1.586386898,False,False,1.639083842,0.0,1.5000000000009095,-8.999999999996362,-7.4999999999954525,-10.0,-8.49999999999909,-10.0,-8.49999999999909,-18.999999999996362,-17.499999999995453
2026-03-20,WALL,ASK,2026-03-20 15:49:46.863604919,1774021786863604919,2134.05,2134.3,16.865,3.3882471120040183,13.119826803,0.9886313243124601,2,1.322,0.07838719241031723,2134.2000000000003,15.0,-0.999999999994543,BOUNCE,12.504739478,6.071828671,False,True,6.941445412,-0.0,1.5000000000009095,-0.0,1.5000000000009095,-0.0,1.5000000000009095,1.999999999998181,3.4999999999990905,15.0,16.50000000000091
2026-03-20,WALL,ASK,2026-03-20 15:53:05.532133195,1774021985532133195,2135.3500000000004,2135.6,38.853,5.29801595418286,12.705830545,1.0,2,9.333,0.24021311095668288,2135.5,11.000000000003638,-13.999999999996362,BREAK,1.681996578,1.019555366,False,False,0.765150632,-0.999999999994543,0.500000000001819,-10.999999999994543,-9.499999999998181,-13.999999999996362,-12.5,5.0,6.499999999996362,11.000000000003638,12.5
2026-03-20,WALL,BID,2026-03-20 16:00:01.291822018,1774022401291822018,2133.95,2133.6,39.434,7.136729707718758,10.006806498,0.972954522298988,3,7.593,0.1925495765075823,2133.7,23.00000000000182,-5.999999999994543,BREAK,12.449785356,0.553312687,False,True,10.970320104,0.0,2.5,0.0,2.5,0.0,2.5,-5.999999999994543,-3.499999999994543,21.99999999999818,24.49999999999818
2026-03-20,WALL,BID,2026-03-20 16:13:41.497265288,1774023221497265288,2139.75,2139.5,40.953,5.23327582902051,12.703577671,0.993288629533503,2,7.007999999999999,0.17112299465240638,2139.6,8.000000000001819,-8.000000000001819,BOUNCE,3.371859221,4.500051041,False,True,40.647371438,0.0,1.5000000000009095,5.0,6.5000000000009095,8.000000000001819,9.500000000002728,6.000000000003638,7.5000000000045475,3.000000000001819,4.5000000000027285
2026-03-20,WALL,ASK,2026-03-20 16:17:29.548074828,1774023449548074828,2137.55,2137.9,55.912,6.145864248419896,16.741671625,0.9920867320798379,3,6.915,0.12367649162970382,2137.8,1.999999999998181,-50.0,BOUNCE,0.819351086,0.051307644,False,True,8.938950755,1.999999999998181,4.499999999998181,-0.0,2.5,-5.999999999994543,-3.499999999994543,-8.999999999996362,-6.499999999996362,-50.0,-47.5
2026-03-20,WALL,ASK,2026-03-20 16:27:43.440137459,1774024063440137459,2139.25,2139.6,20.817,2.7650926479378364,10.214945183,0.9920275468403363,3,3.583,0.17211894124993996,2139.5,5.0,-1.000000000003638,BOUNCE,11.469128353,4.135604588,False,True,,-0.0,2.5,-0.0,2.5,-0.0,2.5,-1.000000000003638,1.499999999996362,5.0,7.5
2026-03-20,WALL,ASK,2026-03-20 16:29:17.323975902,1774024157323975902,2139.8500000000004,2140.0,15.589,2.076318593500267,12.768096615,0.9914245405324261,1,1.869,0.11989223170184103,2139.9,5.0,-2.999999999992724,BREAK,0.255765615,0.143443894,False,False,,-1.999999999998181,-1.5000000000009095,2.000000000007276,2.5000000000045475,2.000000000007276,2.5000000000045475,1.000000000003638,1.5000000000009095,5.0,5.4999999999972715
2026-03-20,WALL,BID,2026-03-20 16:29:37.944639193,1774024177944639193,2139.75,2139.6,64.293,3.4335380507343123,17.409580238,0.9986263555081126,1,1.5,0.02333068918855863,2139.7,3.999999999996362,-3.999999999996362,BOUNCE,22.202820092,0.024631166,False,False,,0.0,0.500000000001819,0.0,0.500000000001819,1.000000000003638,1.500000000005457,1.999999999998181,2.5,1.000000000003638,1.500000000005457
2026-03-20,WALL,BID,2026-03-20 16:38:48.203365154,1774024728203365154,2132.75,2132.6,66.628,5.44657892585629,12.303824318,0.996994131902071,1,15.165,0.22760701206699885,2132.7,6.999999999998181,-8.000000000001819,BOUNCE,0.204324887,6.225444809,False,False,,3.000000000001819,3.500000000003638,3.999999999996362,4.499999999998181,3.000000000001819,3.500000000003638,-6.999999999998181,-6.499999999996362,6.999999999998181,7.5
2026-03-20,WALL,BID,2026-03-20 16:46:13.677360762,1774025173677360762,2135.1499999999996,2134.8,33.101,2.7895668295971685,10.822552175,0.9985467487016296,3,1.556,0.04700764327361712,2134.9,24.000000000005457,-0.999999999994543,BOUNCE,6.22692956,1.368377006,False,True,,0.0,2.4999999999954525,-0.999999999994543,1.5000000000009095,7.000000000007276,9.500000000002728,14.000000000005457,16.50000000000091,20.0,22.499999999995453
2026-03-20,WALL,BID,2026-03-20 16:54:50.439835670,1774025690439835670,2134.55,2134.4,13.041,2.7996994418205237,12.866193747,0.985063233790894,1,2.342,0.1795874549497738,2134.5,23.00000000000182,-1.000000000003638,BOUNCE,1.430703208,16.866883695,False,False,,0.0,0.500000000001819,3.999999999996362,4.499999999998181,1.999999999998181,2.5,8.000000000001819,8.500000000003638,18.999999999996362,19.49999999999818
2026-03-20,WALL,BID,2026-03-20 16:56:33.495041550,1774025793495041550,2138.1499999999996,2137.8,84.016,7.979864178183027,11.078319416,0.9573741776827641,3,20.021,0.23829984764806703,2137.9,21.000000000003638,-1.999999999998181,BOUNCE,5.827464028,0.146333703,False,True,1.388582584,0.0,2.4999999999954525,0.0,2.4999999999954525,21.000000000003638,23.49999999999909,20.0,22.499999999995453,12.000000000007276,14.500000000002728
2026-03-20,WALL,BID,2026-03-20 16:58:30.138797438,1774025910138797438,2139.05,2138.8,35.165,2.1053104232772557,18.25014118,0.9943027997441497,2,5.523,0.15705957628323616,2138.9,0.0,-20.0,BREAK,36.199878067,1.085317172,False,True,10.628686746,0.0,1.5000000000009095,0.0,1.5000000000009095,0.0,1.5000000000009095,0.0,1.5000000000009095,-20.0,-18.49999999999909
2026-03-20,WALL,ASK,2026-03-20 17:00:00.176199346,1774026000176199346,2137.05,2137.4,31.879,4.771591079179764,27.299907455,0.974688682438246,3,6.666,0.20910317136673046,2137.3,-0.999999999994543,-18.00000000000182,BREAK,0.473145647,0.100890552,False,False,0.159862324,-5.0,-2.5,-10.0,-7.5,-10.999999999994543,-8.499999999994543,-5.0,-2.5,-16.99999999999818,-14.499999999998181
2026-03-20,WALL,ASK,2026-03-20 17:08:46.181705220,1774026526181705220,2137.8500000000004,2138.1,40.938,2.95773426775522,10.14812924,0.9776958292856743,2,6.880000000000001,0.16805901607308613,2138.0,21.000000000003638,-5.999999999994543,BREAK,2.923472667,0.984978236,False,False,0.882570976,-0.999999999994543,0.500000000001819,-5.999999999994543,-4.499999999998181,-5.0,-3.500000000003638,6.000000000003638,7.5,21.000000000003638,22.5
2026-03-20,WALL,ASK,2026-03-20 17:12:51.081337535,1774026771081337535,2133.95,2134.2,49.712,3.8849640512660213,14.847724537,0.998372175417198,2,7.476,0.15038622465400708,2134.1,25.0,-4.000000000005457,BREAK,6.990480319,0.04926232,False,True,0.949602525,-1.000000000003638,0.4999999999972715,-1.000000000003638,0.4999999999972715,-4.000000000005457,-2.5000000000045475,3.999999999996362,5.4999999999972715,18.00000000000182,19.50000000000273
2026-03-20,WALL,ASK,2026-03-20 17:12:58.071817854,1774026778071817854,2134.25,2134.5,25.815,2.6993255607256756,11.379700849,1.0,2,4.291,0.1662211892310672,2134.4,28.00000000000182,-1.000000000003638,BOUNCE,13.061673926,13.113861272,False,False,0.102108569,-1.000000000003638,0.4999999999972715,-1.000000000003638,0.4999999999972715,-0.0,1.5000000000009095,11.999999999998181,13.49999999999909,21.000000000003638,22.500000000004547
2026-03-20,WALL,BID,2026-03-20 17:13:11.133491780,1774026791133491780,2134.05,2133.7,47.579,21.930859645079515,21.022553604,0.9993787010728556,1,0.412,0.008659282456545955,2133.7999999999997,-1.000000000003638,-26.000000000003638,BREAK,4.44378323,0.203417623,False,False,,-3.000000000001819,-0.4999999999972715,-1.000000000003638,1.5000000000009095,-5.0,-2.4999999999954525,-14.000000000005457,-11.50000000000091,-15.0,-12.499999999995453
2026-03-20,WALL,BID,2026-03-20 17:14:16.212483431,1774026856212483431,2132.55,2132.4,36.097,2.1492706162548374,10.093520488,0.9763597856383526,1,8.439,0.2337867412804388,2132.5,15.0,-6.000000000003638,BREAK,17.621698954,3.686946271,False,False,,0.0,0.500000000001819,0.999999999994543,1.499999999996362,-1.000000000003638,-0.500000000001819,-1.000000000003638,-0.500000000001819,10.0,10.500000000001819
2026-03-20,WALL,ASK,2026-03-20 17:25:33.148646073,1774027533148646073,2131.8500000000004,2132.0,33.91,2.5761604497454984,10.713489504,0.9858290696095501,1,7.18,0.2117369507519906,2131.9,3.000000000001819,-6.999999999998181,BREAK,17.206985218,13.073016496,False,False,,-0.0,0.4999999999972715,-0.0,0.4999999999972715,1.000000000003638,1.5000000000009095,-5.999999999994543,-5.4999999999972715,3.000000000001819,3.4999999999990905
2026-03-20,WALL,BID,2026-03-20 17:42:49.986793208,1774028569986793208,2126.8500000000004,2126.7,23.489,2.8847405587964383,10.36400902,1.0,1,0.47,0.020009366086253137,2126.7999999999997,0.0,-27.000000000007276,BREAK,0.871901868,0.871901868,False,False,,-2.000000000007276,-1.5000000000009095,-3.000000000001819,-2.4999999999954525,-4.000000000005457,-3.4999999999990905,-14.000000000005457,-13.49999999999909,-27.000000000007276,-26.50000000000091
2026-03-20,WALL,BID,2026-03-20 17:44:30.756882313,1774028670756882313,2124.1499999999996,2124.0,27.292,2.581658232038973,19.641694419,0.987117984395723,1,4.253,0.1558332111974205,2124.1,14.000000000005457,-1.999999999998181,BREAK,1.979182547,1.979182547,False,False,,-0.999999999994543,-0.4999999999972715,-0.999999999994543,-0.4999999999972715,1.000000000003638,1.5000000000009095,8.000000000001819,8.49999999999909,13.000000000001819,13.49999999999909
2026-03-20,WALL,BID,2026-03-20 17:44:52.247854960,1774028692247854960,2124.3500000000004,2124.2,36.015,3.9985566781392254,11.035039596,0.9805502388883318,1,7.502,0.20830209634874358,2124.2999999999997,13.999999999996362,0.0,BOUNCE,7.590149307,8.7247502,False,False,,0.0,0.5000000000063665,0.0,0.5000000000063665,1.999999999998181,2.5000000000045475,5.0,5.5000000000063665,11.999999999998181,12.500000000004547
2026-03-20,WALL,BID,2026-03-20 17:45:34.706724257,1774028734706724257,2125.55,2125.4,32.909,3.873925838728664,10.053305564,1.0,1,1.151,0.03497523473821751,2125.5,1.999999999998181,-11.999999999998181,BREAK,4.438214856,4.438214856,False,False,,0.0,0.500000000001819,-3.000000000001819,-2.5,-1.999999999998181,-1.499999999996362,-1.999999999998181,-1.499999999996362,-11.999999999998181,-11.499999999996362
2026-03-20,WALL,ASK,2026-03-20 17:51:22.270718798,1774029082270718798,2127.6499999999996,2128.0,26.783,3.5070053686002356,10.034275198,0.9972696130553146,3,6.298,0.2351491617817272,2127.9,1.999999999998181,-12.000000000007276,BOUNCE,8.689069712,8.689069712,False,False,3.633599448,-1.000000000003638,1.5000000000009095,-3.000000000001819,-0.4999999999972715,1.999999999998181,4.5000000000027285,-11.000000000003638,-8.49999999999909,-5.0,-2.4999999999954525
2026-03-20,WALL,ASK,2026-03-20 18:02:22.508152201,1774029742508152201,2133.45,2133.8,40.921,4.3597911783507355,10.307965184,0.9836308198574528,3,9.682,0.2366022335720046,2133.7000000000003,-0.0,-35.0,BREAK,4.337039139,4.23513118,False,False,1.735834468,-0.0,2.5000000000045475,-5.0,-2.4999999999954525,-11.000000000003638,-8.49999999999909,-26.000000000003638,-23.49999999999909,-18.00000000000182,-15.499999999997272
2026-03-20,WALL,ASK,2026-03-20 18:02:26.946945099,1774029746946945099,2133.95,2134.3,17.34,2.251655629139073,11.340717624,0.9919779617995715,3,0.81,0.04671280276816609,2134.2000000000003,-0.0,-30.0,BREAK,2.294308216,1.834178331,False,False,2.294308216,-0.0,2.5000000000045475,-5.0,-2.4999999999954525,-14.000000000005457,-11.50000000000091,-24.000000000005457,-21.50000000000091,-15.0,-12.499999999995453
2026-03-20,WALL,ASK,2026-03-20 18:07:48.778908273,1774030068778908273,2134.95,2135.1,29.649,2.1775917153244464,11.030566126,1.0,1,3.986,0.13443961010489394,2135.0,3.000000000001819,-21.99999999999818,BOUNCE,2.761711637,4.292765134,False,False,,-0.0,0.500000000001819,-1.000000000003638,-0.500000000001819,-9.000000000005457,-8.500000000003638,-11.000000000003638,-10.500000000001819,-3.000000000001819,-2.5
2026-03-20,WALL,BID,2026-03-20 18:10:03.537429371,1774030203537429371,2134.95,2134.7,52.573,3.5446852981829218,12.769564929,0.9990707771121432,2,3.7350000000000003,0.0710440720521941,2134.7999999999997,3.000000000001819,-25.0,BREAK,0.663081326,0.097879114,False,False,0.612224094,-6.999999999998181,-5.4999999999972715,-5.999999999994543,-4.4999999999936335,-0.999999999994543,0.5000000000063665,-10.0,-8.49999999999909,-20.0,-18.49999999999909
2026-03-20,WALL,ASK,2026-03-20 18:11:37.006815404,1774030297006815404,2134.45,2134.8,81.768,9.000330214639515,12.253448645,1.0,3,12.523,0.15315282262009589,2134.7000000000003,3.000000000001819,-19.000000000005457,BOUNCE,4.341875464,0.141900418,False,True,10.521792308,-0.0,2.5000000000045475,3.000000000001819,5.5000000000063665,0.999999999994543,3.4999999999990905,-14.000000000005457,-11.50000000000091,-16.000000000003638,-13.49999999999909
2026-03-20,WALL,ASK,2026-03-20 18:13:45.504549634,1774030425504549634,2135.3500000000004,2135.7,45.574,7.403183885640025,14.292547617,0.9898794517341366,3,8.361,0.18345986746829335,2135.6,2.000000000007276,-0.999999999994543,BOUNCE,59.070357903,1.633520241,False,True,,-0.0,2.4999999999954525,-0.999999999994543,1.5000000000009095,-0.999999999994543,1.5000000000009095,-0.0,2.4999999999954525,2.000000000007276,4.5000000000027285
2026-03-20,WALL,ASK,2026-03-20 18:14:19.152336929,1774030459152336929,2135.3500000000004,2135.5,32.483,3.2664286791693895,11.184794129,0.9809798865722154,1,8.009,0.24655973894036884,2135.4,2.000000000007276,-5.0,BOUNCE,25.422570608,0.050451755,False,False,,-0.0,0.4999999999972715,-0.0,0.4999999999972715,-0.0,0.4999999999972715,2.000000000007276,2.5000000000045475,2.000000000007276,2.5000000000045475
2026-03-20,WALL,ASK,2026-03-20 18:19:56.605662834,1774030796605662834,2133.45,2133.8,34.505,3.439493620414673,19.033092667,0.9834391153600324,3,8.151,0.2362266338211853,2133.7000000000003,10.999999999994543,-25.0,BREAK,2.756749201,2.756749201,False,False,2.756749201,-1.000000000003638,1.5000000000009095,-15.0,-12.499999999995453,-20.0,-17.499999999995453,-25.0,-22.499999999995453,-1.000000000003638,1.5000000000009095
2026-03-20,WALL,ASK,2026-03-20 18:27:19.043323572,1774031239043323572,2126.95,2127.2,35.773,4.417237760079027,12.294675313,0.9875223872046632,2,3.62,0.10119363765968747,2127.1,18.999999999996362,-20.0,BREAK,1.378289033,0.049856963,False,False,0.15243758,-1.999999999998181,-0.4999999999972715,-5.0,-3.4999999999990905,-5.0,-3.4999999999990905,-13.000000000001819,-11.50000000000091,18.00000000000182,19.50000000000273
2026-03-20,WALL,BID,2026-03-20 18:27:30.622147399,1774031250622147399,2127.55,2127.4,24.5,2.291218554194333,10.099072322,0.9748612482507975,1,0.902,0.036816326530612245,2127.5,13.999999999996362,-26.000000000003638,BREAK,0.619157944,0.516459745,False,False,,-5.0,-4.499999999998181,-6.000000000003638,-5.500000000001819,-6.000000000003638,-5.500000000001819,13.999999999996362,14.499999999998181,-19.000000000005457,-18.500000000003638
2026-03-20,WALL,ASK,2026-03-20 18:30:50.068677178,1774031450068677178,2122.95,2123.3,10.658,2.633230389129092,10.973782118,0.9930263100563593,3,1.271,0.1192531431788328,2123.2000000000003,1.999999999998181,-10.0,BREAK,5.15494302,0.050449417,False,False,0.050449417,-1.999999999998181,0.5000000000063665,-3.000000000001819,-0.4999999999972715,-10.0,-7.4999999999954525,-8.500000000003638,-5.9999999999990905,-5.0,-2.4999999999954525
2026-03-20,WALL,ASK,2026-03-20 18:39:48.370172578,1774031988370172578,2121.5,2121.7,71.877,5.7930284102357446,34.32043976,1.0,1,2.827,0.03933107948300569,2121.6,0.500000000001819,-24.49999999999818,BREAK,24.761390992,1.873811238,False,False,,-1.499999999996362,-0.4999999999972715,-1.499999999996362,-0.4999999999972715,-1.499999999996362,-0.4999999999972715,-6.499999999996362,-5.4999999999972715,-16.499999999996362,-15.499999999997272
2026-03-20,WALL,BID,2026-03-20 18:48:39.908506291,1774032519908506291,2124.05,2123.7,12.747,2.912268677176148,13.421113677,0.990226956558398,3,0.09,0.007060484819957637,2123.7999999999997,11.999999999998181,-19.000000000005457,BREAK,0.102143984,0.102143984,False,False,0.102143984,-4.000000000005457,-1.5000000000009095,-11.000000000003638,-8.49999999999909,-9.000000000005457,-6.5000000000009095,-14.000000000005457,-11.50000000000091,0.999999999994543,3.4999999999990905
2026-03-20,WALL,ASK,2026-03-20 18:54:18.323973760,1774032858323973760,2124.55,2124.7,35.87,2.9275658028973672,13.377761394,0.995204939592601,1,4.386,0.12227488151658769,2124.6,1.000000000003638,-25.0,BREAK,3.931478469,2.602648475,False,False,,-0.0,0.4999999999972715,-1.999999999998181,-1.5000000000009095,-8.000000000001819,-7.5000000000045475,-15.999999999994543,-15.499999999997272,-11.999999999998181,-11.50000000000091
2026-03-20,WALL,BID,2026-03-20 18:56:13.995617893,1774032973995617893,2121.3500000000004,2121.0,88.293,9.167583843837608,10.005950273,0.9838911277187795,3,1.632,0.0184839115218647,2121.1,1.999999999998181,-11.000000000003638,BOUNCE,11.482428788,1.07055778,False,True,2.60097369,0.0,2.5000000000045475,-2.000000000007276,0.4999999999972715,-2.000000000007276,0.4999999999972715,-6.000000000003638,-3.4999999999990905,-10.0,-7.4999999999954525
2026-03-20,WALL,ASK,2026-03-20 18:56:14.135257239,1774032974135257239,2121.3500000000004,2121.7,84.054,14.990904226859282,10.043694552,0.994096842781007,3,7.280999999999999,0.08662288528802911,2121.6,11.000000000003638,-1.999999999998181,BOUNCE,2.461334344,3.316999839,False,True,11.342789442,-0.0,2.4999999999954525,2.000000000007276,4.5000000000027285,2.000000000007276,4.5000000000027285,6.000000000003638,8.49999999999909,10.0,12.499999999995453
2026-03-20,WALL,ASK,2026-03-20 18:59:02.073504633,1774033142073504633,2120.75,2121.1,80.785,7.787631946787487,13.50340076,0.9631572076662561,3,18.255,0.22597016772915765,2121.0,-1.000000000003638,-38.99999999999636,BREAK,0.46122657,0.46122657,False,False,0.104118472,-6.999999999998181,-4.499999999998181,-6.000000000003638,-3.500000000003638,-13.000000000001819,-10.500000000001819,-28.00000000000182,-25.50000000000182,-38.99999999999636,-36.49999999999636
2026-03-20,WALL,ASK,2026-03-20 18:59:29.579212316,1774033169579212316,2123.1499999999996,2123.3,35.596,4.860849378669944,12.65830134,0.9717075722578745,1,0.471,0.013231823800427015,2123.2000000000003,3.999999999996362,-46.00000000000364,BREAK,0.05146608,0.05146608,False,False,,-4.000000000005457,-3.4999999999990905,-2.000000000007276,-1.5000000000009095,-2.000000000007276,-1.5000000000009095,0.999999999994543,1.5000000000009095,-23.00000000000182,-22.499999999995453
2026-03-20,WALL,BID,2026-03-20 19:02:42.421674574,1774033362421674574,2127.4,2127.1,26.414,2.3850112866817157,10.001044212,1.0,2,3.622,0.13712425229045203,2127.2,-0.4999999999972715,-13.49999999999909,BREAK,0.407980767,0.202264502,False,False,0.202264502,-5.0,-2.9999999999972715,-7.5000000000045475,-5.500000000001819,-3.4999999999990905,-1.499999999996362,-5.4999999999972715,-3.499999999994543,-9.500000000002728,-7.5
2026-03-20,WALL,ASK,2026-03-20 19:03:39.751756676,1774033419751756676,2126.6499999999996,2126.9,47.775,6.292393809680606,12.925474199,1.0,2,10.369,0.21703819989534276,2126.8,15.999999999994543,-5.0,BOUNCE,1.734911472,0.050856834,False,True,11.481887355,0.999999999994543,2.5,2.999999999992724,4.499999999998181,2.999999999992724,4.499999999998181,5.0,6.500000000005457,16.99999999999818,18.500000000003638
2026-03-20,WALL,BID,2026-03-20 19:20:23.008720063,1774034423008720063,2127.3500000000004,2127.2,33.325,2.038288632679899,10.096185132,0.9888094809551478,1,2.35,0.07051762940735183,2127.2999999999997,1.999999999998181,-9.000000000005457,BREAK,0.110028375,0.058240932,False,False,,-2.000000000007276,-1.5000000000009095,-4.000000000005457,-3.4999999999990905,-6.000000000003638,-5.4999999999972715,0.999999999994543,1.5000000000009095,-3.000000000001819,-2.4999999999954525
2026-03-20,WALL,BID,2026-03-20 19:20:46.703055048,1774034446703055048,2126.95,2126.7,74.761,4.463876283735372,14.553566909,0.9954895821477684,2,12.157,0.16261152205026685,2126.7999999999997,6.000000000003638,-11.999999999998181,BOUNCE,1.271228668,0.09933927,False,True,10.209598932,1.000000000003638,2.5000000000045475,5.0,6.5000000000009095,0.0,1.5000000000009095,-3.999999999996362,-2.4999999999954525,-11.999999999998181,-10.499999999997272
2026-03-20,WALL,BID,2026-03-20 19:26:48.688283782,1774034808688283782,2123.1499999999996,2123.0,35.636,2.0852570291699584,10.033998096,0.9926539889389271,1,5.491,0.15408575597710178,2123.1,19.000000000005457,-1.999999999998181,BREAK,8.998387054,7.873772583,False,False,,0.0,0.4999999999972715,0.0,0.4999999999972715,-1.999999999998181,-1.5000000000009095,7.000000000007276,7.5000000000045475,19.000000000005457,19.50000000000273
2026-03-20,WALL,BID,2026-03-20 19:29:20.100498539,1774034960100498539,2124.95,2124.8,40.527,4.018542389687655,10.046279413,1.0,1,8.517,0.21015619216818415,2124.9,15.0,-6.999999999998181,BREAK,13.088726177,1.347186611,False,False,,0.0,0.4999999999972715,0.0,0.4999999999972715,0.0,0.4999999999972715,-1.999999999998181,-1.5000000000009095,15.0,15.499999999997272
2026-03-20,WALL,ASK,2026-03-20 19:30:00.294558451,1774035000294558451,2125.3,2125.5,11.552,2.2947953913388957,12.735127963,0.9821023391628091,1,0.47,0.040685595567867036,2125.4,-2.5,-22.5,BREAK,0.050988529,0.050988529,False,False,,-8.499999999994543,-7.4999999999954525,-5.500000000001819,-4.5000000000027285,-2.5,-1.5000000000009095,-10.500000000001819,-9.500000000002728,-22.5,-21.50000000000091
2026-03-20,WALL,ASK,2026-03-20 19:34:53.553898314,1774035293553898314,2121.8500000000004,2122.2,127.304,11.190084823979255,11.539287328,0.9820765989162827,3,29.711,0.23338622509897566,2122.1,17.000000000007276,-3.999999999996362,BOUNCE,7.811566516,4.747803235,False,True,16.331820556,-0.0,2.4999999999954525,-0.999999999994543,1.5000000000009095,7.000000000007276,9.500000000002728,2.000000000007276,4.5000000000027285,17.000000000007276,19.50000000000273
2026-03-20,WALL,BID,2026-03-20 19:37:00.796794316,1774035420796794316,2119.45,2119.3,34.028,2.5070360274073527,11.078555952,0.9911020223730328,1,3.638,0.10691195486070296,2119.4,0.0,-21.99999999999818,BREAK,7.966693193,7.966693193,False,False,,0.0,0.4999999999972715,0.0,0.4999999999972715,-6.999999999998181,-6.5000000000009095,-20.999999999994543,-20.49999999999727,-20.0,-19.50000000000273
2026-03-20,WALL,BID,2026-03-20 19:37:08.814329558,1774035428814329558,2119.05,2118.8,54.334,7.676462277479515,17.969791736,0.9953527273311299,2,7.034,0.12945853425111348,2118.9,-1.000000000003638,-18.00000000000182,BREAK,0.409163354,0.050507208,False,False,0.050507208,-3.000000000001819,-1.5000000000009095,-15.0,-13.49999999999909,-16.000000000003638,-14.500000000002728,-15.0,-13.49999999999909,-13.000000000001819,-11.50000000000091
2026-03-20,WALL,ASK,2026-03-20 19:40:23.469739621,1774035623469739621,2120.05,2120.4,85.571,9.940868959107807,12.404085008,0.9844469305978172,3,13.191,0.154152691916654,2120.3,-1.999999999998181,-35.0,BREAK,1.683823901,0.052328096,False,False,0.052328096,-3.000000000001819,-0.500000000001819,-5.0,-2.5,-5.0,-2.5,-13.000000000001819,-10.500000000001819,-33.00000000000182,-30.50000000000182
2026-03-20,WALL,ASK,2026-03-20 19:44:54.478694090,1774035894478694090,2128.95,2129.3,10.916,2.50309562027058,12.976057966,0.9977349596405155,3,0.6719999999999999,0.061561011359472326,2129.2000000000003,8.999999999996362,-16.99999999999818,BREAK,0.355780733,0.355780733,False,False,0.050471783,-8.000000000001819,-5.4999999999972715,-6.000000000003638,-3.4999999999990905,-5.0,-2.4999999999954525,-8.000000000001819,-5.4999999999972715,5.999999999994543,8.49999999999909
2026-03-20,WALL,ASK,2026-03-20 19:53:24.364545932,1774036404364545932,2130.6499999999996,2131.0,67.548,7.728604118993135,10.050997094,0.9915301443027161,3,11.288,0.16711079528631492,2130.9,5.999999999994543,-3.000000000001819,BOUNCE,7.017691271,11.609543305,False,False,1.194658924,-0.0,2.5000000000045475,0.999999999994543,3.4999999999990905,2.999999999992724,5.4999999999972715,-2.000000000007276,0.4999999999972715,1.999999999998181,4.5000000000027285
2026-03-20,WALL,ASK,2026-03-20 19:57:12.902901548,1774036632902901548,2133.3500000000004,2133.5,50.035,5.900005895878781,10.037929333,1.0,1,8.951,0.17889477365843912,2133.4,3.000000000001819,-15.999999999994543,BREAK,1.242410971,0.059689036,False,False,,-0.0,0.4999999999972715,-2.999999999992724,-2.4999999999954525,-5.0,-4.5000000000027285,-0.0,0.4999999999972715,-5.0,-4.5000000000027285
2026-03-20,WALL,ASK,2026-03-20 20:03:59.159601977,1774037039159601977,2135.25,2135.6,26.586,2.5775364777740073,17.703453378,0.9970661674933692,3,0.983,0.03697434740088769,2135.5,31.000000000003638,-3.000000000001819,BOUNCE,1.172685915,0.05048693,False,True,0.612099845,-3.000000000001819,-0.500000000001819,6.000000000003638,8.500000000003638,18.00000000000182,20.50000000000182,18.00000000000182,20.50000000000182,26.99999999999818,29.49999999999818
2026-03-20,WALL,BID,2026-03-20 20:06:14.573925017,1774037174573925017,2133.3500000000004,2133.1,30.652,3.213334731103889,20.569709283,0.9882740454577381,2,1.462,0.047696724520422805,2133.2,12.999999999992724,-3.000000000001819,BREAK,0.561892115,0.094437368,False,False,0.052640358,-3.000000000001819,-1.499999999996362,5.999999999994543,7.5,5.999999999994543,7.5,10.0,11.500000000005457,12.999999999992724,14.499999999998181
2026-03-20,WALL,BID,2026-03-20 20:07:01.107205871,1774037221107205871,2134.1499999999996,2134.0,53.133,2.3932166745490173,10.750081018,0.999787093697604,1,12.579,0.23674552537970753,2134.1,5.0,-5.999999999994543,BOUNCE,1.391575742,22.974311911,False,False,,0.0,0.4999999999972715,5.0,5.4999999999972715,5.0,5.4999999999972715,-3.999999999996362,-3.4999999999990905,-5.999999999994543,-5.4999999999972715
2026-03-20,WALL,ASK,2026-03-20 20:09:15.785337466,1774037355785337466,2133.55,2133.9,56.582,4.1586064971336185,10.006926164,0.9825361943182216,3,8.304,0.14676045385458272,2133.8,-0.0,-8.000000000001819,BREAK,26.132110601,4.954613849,False,True,8.170411966,-0.0,2.5,-0.0,2.5,-1.999999999998181,0.500000000001819,-5.999999999994543,-3.499999999994543,-8.000000000001819,-5.500000000001819
2026-03-20,WALL,ASK,2026-03-20 20:13:00.592651332,1774037580592651332,2136.55,2136.8,37.884,3.819144110086194,12.165455165,1.0,2,5.662,0.14945623482208847,2136.7000000000003,14.000000000005457,-0.999999999994543,BOUNCE,22.056177631,0.409019091,False,False,0.409019091,-0.999999999994543,0.5000000000063665,-0.0,1.5000000000009095,-0.0,1.5000000000009095,10.0,11.50000000000091,14.000000000005457,15.500000000006366
2026-03-20,WALL,ASK,2026-03-20 20:14:04.361906634,1774037644361906634,2135.55,2135.7,50.004,4.809464268539001,13.477196532,1.0,1,3.324,0.06647468202543796,2135.6,6.000000000003638,-0.999999999994543,BOUNCE,7.711137241,3.574324237,False,False,,-0.0,0.4999999999972715,-0.0,0.4999999999972715,1.999999999998181,2.4999999999954525,4.000000000005457,4.5000000000027285,6.999999999998181,7.4999999999954525
2026-03-20,WALL,ASK,2026-03-20 20:17:27.163222292,1774037847163222292,2133.75,2133.9,36.834,3.696522655426765,10.005667388,0.9977943155469601,1,8.234,0.22354346527664656,2133.8,11.999999999998181,-0.0,BOUNCE,1.480223173,6.996196841,False,False,,-0.0,0.500000000001819,5.0,5.500000000001819,1.999999999998181,2.5,-0.0,0.500000000001819,11.000000000003638,11.500000000005457
2026-03-20,WALL,ASK,2026-03-20 20:22:48.757536051,1774038168757536051,2130.1499999999996,2130.5,40.554,3.801462317210349,15.11030287,0.9698705965117429,3,9.969,0.24582038763130637,2130.4,-0.500000000001819,-18.00000000000182,BREAK,9.241045592,0.05704879,False,False,0.210121753,-2.000000000007276,0.4999999999972715,-3.000000000001819,-0.4999999999972715,-7.000000000007276,-4.5000000000027285,-14.000000000005457,-11.50000000000091,-17.000000000007276,-14.500000000002728
2026-03-20,WALL,ASK,2026-03-20 20:25:20.160959726,1774038320160959726,2129.75,2130.1,49.198,2.7013315030885385,13.149722286,0.9628527188349778,3,9.056000000000001,0.1840725232733038,2130.0,1.000000000003638,-8.000000000001819,BREAK,51.361213781,5.245003891,False,True,51.361213781,-0.0,2.5,-0.0,2.5,1.000000000003638,3.500000000003638,1.000000000003638,3.500000000003638,-8.000000000001819,-5.500000000001819
2026-03-20,WALL,ASK,2026-03-20 20:25:36.377848892,1774038336377848892,2129.6499999999996,2129.9,49.861,3.3150056512199986,10.007668796,0.9853619959866625,2,12.444,0.24957381520627347,2129.8,-0.0,-13.000000000001819,BREAK,35.144324615,4.194879882,False,True,22.121010541,-0.0,1.500000000005457,-0.0,1.500000000005457,-0.0,1.500000000005457,-1.000000000003638,0.500000000001819,-8.000000000001819,-6.499999999996362
2026-03-20,WALL,ASK,2026-03-20 20:28:57.482918656,1774038537482918656,2129.6499999999996,2129.9,37.191,3.4131143027577666,10.051726999,0.9474800720261782,2,2.816,0.07571724341910677,2129.8,-0.0,-14.000000000005457,BREAK,4.912920715,4.300695188,False,False,4.300695188,-0.0,1.500000000005457,-3.000000000001819,-1.499999999996362,-3.000000000001819,-1.499999999996362,-13.000000000001819,-11.499999999996362,-14.000000000005457,-12.5
2026-03-20,WALL,ASK,2026-03-20 20:29:02.395839371,1774038542395839371,2129.95,2130.1,31.293,2.051932723517262,10.624456891,0.9416134477871072,1,3.616,0.11555299907327518,2130.0,-0.0,-13.000000000001819,BREAK,21.908918267,5.820100978,False,False,,-0.0,0.500000000001819,-0.0,0.500000000001819,-0.0,0.500000000001819,-9.000000000005457,-8.500000000003638,-6.999999999998181,-6.499999999996362
2026-03-20,WALL,ASK,2026-03-20 20:34:09.454421634,1774038849454421634,2124.95,2125.3,88.127,6.452645066813107,25.319668005,0.9698073791548516,3,12.219000000000001,0.13865217243296607,2125.2000000000003,-0.0,-8.000000000001819,BREAK,48.604931763,2.509773173,False,True,4.548501768,-0.0,2.5000000000045475,-1.999999999998181,0.5000000000063665,-1.999999999998181,0.5000000000063665,-3.000000000001819,-0.4999999999972715,-8.000000000001819,-5.4999999999972715
2026-03-20,WALL,ASK,2026-03-20 20:37:40.903466870,1774039060903466870,2128.6499999999996,2129.0,50.364,6.444942094823725,11.028064619,1.0,3,7.806,0.15499166071003098,2128.9,-0.0,-13.000000000001819,BREAK,41.491083292,0.396538846,False,False,0.050002128,-2.000000000007276,0.4999999999972715,-2.000000000007276,0.4999999999972715,-2.000000000007276,0.4999999999972715,-0.0,2.5000000000045475,-13.000000000001819,-10.499999999997272
2026-03-20,WALL,ASK,2026-03-20 20:44:26.512401919,1774039466512401919,2128.55,2128.8,50.68,5.382613775157984,26.977414857,0.977089264250254,2,12.024000000000001,0.23725335438042622,2128.7000000000003,-0.0,-8.999999999996362,BREAK,1.681040919,0.90897956,False,False,0.254081136,-1.999999999998181,-0.4999999999972715,-5.0,-3.4999999999990905,-5.0,-3.4999999999990905,-3.999999999996362,-2.4999999999954525,-8.999999999996362,-7.4999999999954525
2026-03-20,WALL,BID,2026-03-20 20:44:43.271865188,1774039483271865188,2129.05,2128.9,61.468,5.449773916127317,12.264815491,0.9970227429815968,1,10.39,0.16903104054141993,2129.0,8.999999999996362,-1.999999999998181,BREAK,16.829814529,6.321065868,False,False,,0.0,0.500000000001819,0.0,0.500000000001819,0.0,0.500000000001819,-1.999999999998181,-1.499999999996362,5.999999999994543,6.499999999996362
2026-03-20,WALL,BID,2026-03-20 20:45:14.750461497,1774039514750461497,2128.95,2128.8,76.02,4.527695056581298,11.792150681,0.997074113965013,1,1.0,0.013154433043935806,2128.9,10.0,-1.999999999998181,BOUNCE,0.101869377,3.157706213,False,False,,1.999999999998181,2.4999999999954525,4.000000000005457,4.5000000000027285,5.0,5.4999999999972715,6.999999999998181,7.4999999999954525,-1.999999999998181,-1.5000000000009095
2026-03-20,WALL,ASK,2026-03-20 20:47:43.111756320,1774039663111756320,2130.55,2130.9,52.773,5.632424355621965,11.904228696,0.975888632491037,3,6.304,0.1194550243495727,2130.8,3.000000000001819,-5.999999999994543,BREAK,14.347965776,0.202899274,False,True,12.450744318,-0.0,2.5,-0.0,2.5,-0.999999999994543,1.500000000005457,-0.999999999994543,1.500000000005457,-5.999999999994543,-3.499999999994543
2026-03-20,WALL,BID,2026-03-20 20:48:18.575645737,1774039698575645737,2130.6499999999996,2130.5,61.592,5.285052342543333,10.035114879,0.9922663798137074,1,15.16,0.2461358618002338,2130.6,22.000000000007276,-3.999999999996362,BREAK,5.793432321,5.691720069,False,False,,0.0,0.4999999999972715,0.0,0.4999999999972715,2.000000000007276,2.5000000000045475,5.0,5.4999999999972715,19.000000000005457,19.50000000000273
2026-03-20,WALL,BID,2026-03-20 20:48:46.384128863,1774039726384128863,2131.1499999999996,2131.0,27.259,2.0929821867321867,10.037810737,1.0,1,3.877,0.14222825488829377,2131.1,18.00000000000182,0.0,BOUNCE,8.461108652,25.66962375,False,False,,0.0,0.4999999999972715,0.0,0.4999999999972715,5.0,5.4999999999972715,17.000000000007276,17.500000000004547,18.00000000000182,18.49999999999909
2026-03-20,WALL,BID,2026-03-20 20:50:59.203971591,1774039859203971591,2134.1499999999996,2133.9,60.718,5.566118164733924,14.949424588,0.9560813150275346,2,1.405,0.02313976086168846,2134.0,5.0,0.0,BOUNCE,23.685464262,2.601222196,False,True,,0.0,1.499999999996362,0.0,1.499999999996362,0.0,1.499999999996362,3.000000000001819,4.499999999998181,4.000000000005457,5.500000000001819
2026-03-20,WALL,BID,2026-03-20 20:53:26.643248554,1774040006643248554,2133.3500000000004,2133.1,33.433,2.5066916588566075,17.6047249,0.9881408771119167,2,3.748,0.11210480662818174,2133.2,-1.000000000003638,-6.000000000003638,BREAK,1.177205852,0.665193063,False,False,0.036209829,-1.000000000003638,0.500000000001819,-6.000000000003638,-4.499999999998181,-4.000000000005457,-2.5,-2.000000000007276,-0.500000000001819,-2.000000000007276,-0.500000000001819
2026-03-20,WALL,BID,2026-03-20 20:58:46.872508045,1774040326872508045,2133.3500000000004,2133.1,39.908,4.009242515571629,10.03220412,0.9751084937055686,2,4.205,0.10536734489325449,2133.2,0.0,-4.000000000005457,BREAK,4.859106846,4.728878727,False,False,4.859106846,0.0,1.500000000005457,-3.000000000001819,-1.499999999996362,-3.000000000001819,-1.499999999996362,-3.000000000001819,-1.499999999996362,-4.000000000005457,-2.5
2026-03-20,WALL,BID,2026-03-20 21:21:38.597368047,1774041698597368047,2148.95,2148.6,81.848,6.7592699644892225,11.179517256,0.9842411109562493,3,18.738999999999997,0.22894878311015537,2148.7,1.000000000003638,-21.99999999999818,BREAK,28.68321267,10.823034687,False,True,28.68321267,0.0,2.5,0.0,2.5,0.0,2.5,-3.999999999996362,-1.499999999996362,-13.999999999996362,-11.499999999996362
2026-03-20,WALL,BID,2026-03-20 21:23:19.663144271,1774041799663144271,2148.75,2148.4,47.465,5.595967932091488,14.185590043,0.9949104618996355,3,11.139,0.23467818392499734,2148.5,0.0,-10.0,BREAK,2.382730876,0.233906487,False,True,2.382730876,-1.000000000003638,1.499999999996362,-6.000000000003638,-3.500000000003638,-6.999999999998181,-4.499999999998181,-5.0,-2.5,-10.0,-7.5
2026-03-20,WALL,ASK,2026-03-20 21:25:00.465646998,1774041900465646998,2148.7,2149.1,10.8,3.5150528885272583,11.634955819,0.9413174138671819,3,0.976,0.09037037037037036,2149.0,-0.500000000001819,-5.500000000001819,BREAK,55.120452903,49.252450491,False,True,52.161028043,-0.500000000001819,2.5,-0.500000000001819,2.5,-0.500000000001819,2.5,-0.500000000001819,2.5,-5.500000000001819,-2.5
2026-03-20,WALL,BID,2026-03-20 21:26:41.996902228,1774042001996902228,2148.75,2148.6,42.662,3.787968923418424,10.085057581,0.9384516353015754,1,6.206,0.14546903567577704,2148.7,3.999999999996362,-5.0,BREAK,0.946597884,0.844651912,False,False,,-3.999999999996362,-3.499999999994543,-3.999999999996362,-3.499999999994543,-1.999999999998181,-1.499999999996362,-1.000000000003638,-0.500000000001819,0.0,0.500000000001819
2026-03-20,WALL,ASK,2026-03-20 21:35:50.257471733,1774042550257471733,2152.05,2152.2,33.713,2.826019531413722,12.04292108,0.9642680985666644,1,6.376,0.18912585649452734,2152.1,-0.0,-20.999999999994543,BREAK,33.079952741,10.057121487,False,False,,-0.0,0.4999999999972715,-0.0,0.4999999999972715,-0.0,0.4999999999972715,-0.0,0.4999999999972715,-20.999999999994543,-20.49999999999727
2026-03-20,WALL,ASK,2026-03-20 21:36:22.828652952,1774042582828652952,2152.05,2152.4,47.481,4.722128294380905,14.75404379,0.9732101135372867,3,10.709000000000001,0.22554284871843477,2152.3,-0.999999999994543,-56.99999999999818,BREAK,0.508771522,0.050388563,False,False,0.508771522,-5.0,-2.5,-5.0,-2.5,-5.0,-2.5,-20.999999999994543,-18.499999999994543,-10.0,-7.5
2026-03-20,WALL,BID,2026-03-20 21:38:20.696561057,1774042700696561057,2153.8500000000004,2153.6,52.721,4.325115878419951,11.808388356,0.9393491866622006,2,3.464,0.06570436827829518,2153.7,0.0,-30.0,BREAK,3.62382614,0.705680349,False,False,1.019870028,-1.000000000003638,0.500000000001819,-7.000000000007276,-5.500000000001819,-7.000000000007276,-5.500000000001819,-18.00000000000182,-16.499999999996362,-24.000000000005457,-22.5
2026-03-20,WALL,BID,2026-03-20 21:39:17.742289203,1774042757742289203,2151.45,2151.3,36.546,4.2691431575258445,11.937443923,0.9573713238543856,1,5.395,0.14762217479341103,2151.4,1.000000000003638,-30.0,BREAK,12.974596255,12.100381549,False,False,,0.0,0.4999999999972715,1.000000000003638,1.5000000000009095,1.000000000003638,1.5000000000009095,-0.999999999994543,-0.4999999999972715,-30.0,-29.50000000000273
2026-03-20,WALL,BID,2026-03-20 21:44:49.645585499,1774043089645585499,2144.75,2144.6,74.232,4.508609432415196,10.410295326,0.9895003873015005,1,14.865,0.20025056579372777,2144.7,18.00000000000182,-1.999999999998181,BREAK,5.156889931,0.046713026,False,False,,0.0,0.500000000001819,-1.000000000003638,-0.500000000001819,0.0,0.500000000001819,8.999999999996362,9.499999999998181,18.00000000000182,18.500000000003638
2026-03-20,WALL,BID,2026-03-20 21:44:54.139657490,1774043094139657490,2144.75,2144.4,55.609,5.315077658303465,12.09062291,0.9475522871137166,3,11.36,0.2042834792929202,2144.5,18.999999999996362,-1.999999999998181,BOUNCE,9.067293867,0.048889917,False,True,0.66281794,-1.999999999998181,0.500000000001819,0.0,2.5,3.999999999996362,6.499999999996362,6.000000000003638,8.500000000003638,18.999999999996362,21.499999999996362
2026-03-20,WALL,ASK,2026-03-20 21:49:32.205609873,1774043372205609873,2146.05,2146.4,47.303,24.270395074397126,12.618651033,0.9174978135715595,3,0.609,0.012874447709447604,2146.3,-1.999999999998181,-25.999999999994543,BREAK,0.41003952,0.136484562,False,False,0.051938579,-5.0,-2.5,-10.0,-7.5,-20.0,-17.5,-13.000000000001819,-10.500000000001819,-8.000000000001819,-5.500000000001819
2026-03-20,WALL,BID,2026-03-20 21:50:23.658673898,1774043423658673898,2146.95,2146.6,36.188,3.202619584937387,10.237548076,0.9440186160059602,3,1.699,0.04694926494970708,2146.7,11.999999999998181,-0.999999999994543,BOUNCE,18.429707427,3.469239752,False,True,,-0.999999999994543,1.500000000005457,-0.999999999994543,1.500000000005457,-0.999999999994543,1.500000000005457,6.999999999998181,9.499999999998181,6.999999999998181,9.499999999998181
2026-03-20,WALL,ASK,2026-03-20 21:52:40.921588561,1774043560921588561,2148.1499999999996,2148.5,62.854,6.469788986103963,18.117402389,0.968146402634939,3,9.699,0.15430998822668407,2148.4,-0.0,-19.000000000005457,BREAK,3.418628163,0.407953383,False,True,1.734554019,-1.000000000003638,1.5000000000009095,-5.0,-2.4999999999954525,-6.000000000003638,-3.4999999999990905,-12.000000000007276,-9.500000000002728,-7.000000000007276,-4.5000000000027285
2026-03-20,WALL,BID,2026-03-20 22:07:48.941013705,1774044468941013705,2164.3500000000004,2164.0,52.393,5.592464108448524,10.550098248,0.9642714512093329,3,11.032,0.21056247972057335,2164.1,0.0,-27.000000000007276,BREAK,4.198849238,1.596942269,False,True,4.198849238,0.0,2.5000000000045475,-7.000000000007276,-4.5000000000027285,-7.000000000007276,-4.5000000000027285,-20.0,-17.499999999995453,-20.0,-17.499999999995453
2026-03-20,WALL,BID,2026-03-20 22:09:58.124463215,1774044598124463215,2162.25,2162.0,46.7,4.4787570729836,12.042152547,0.9703685299943411,2,3.384,0.07246252676659529,2162.1,6.000000000003638,-5.0,BREAK,3.322241485,0.155138157,False,False,0.052872295,-1.000000000003638,0.4999999999972715,-3.999999999996362,-2.4999999999954525,-5.0,-3.4999999999990905,1.000000000003638,2.5000000000045475,6.000000000003638,7.5000000000045475
2026-03-20,WALL,BID,2026-03-20 22:10:59.423675895,1774044659423675895,2162.8500000000004,2162.7,32.565,3.718526976876962,11.788348105,1.0,1,0.462,0.014187010594196225,2162.7999999999997,2.999999999992724,-11.000000000003638,BREAK,6.032250533,6.032250533,False,False,,0.0,0.5000000000063665,0.0,0.5000000000063665,-7.000000000007276,-6.5000000000009095,-5.0,-4.4999999999936335,-1.000000000003638,-0.4999999999972715
2026-03-20,WALL,BID,2026-03-20 22:19:32.797640323,1774045172797640323,2161.3500000000004,2161.1,114.489,9.661111345512849,15.520719676,0.9943886538241734,2,2.85,0.024893221182821057,2161.2,0.999999999994543,-9.000000000005457,BREAK,23.834215169,0.092202737,False,True,23.221844692,0.999999999994543,2.5,0.999999999994543,2.5,0.999999999994543,2.5,-6.000000000003638,-4.499999999998181,-3.000000000001819,-1.499999999996362
2026-03-20,WALL,BID,2026-03-20 22:29:06.839542848,1774045746839542848,2157.45,2157.3,34.402,3.9028872879913785,10.103080043,0.9144376657097816,1,3.796,0.11034242195221207,2157.4,0.0,-6.999999999998181,BREAK,4.608109152,4.608109152,False,False,,0.0,0.4999999999972715,-1.999999999998181,-1.5000000000009095,-5.0,-4.5000000000027285,-5.999999999994543,-5.4999999999972715,-6.999999999998181,-6.5000000000009095
2026-03-20,WALL,BID,2026-03-20 22:29:38.647754146,1774045778647754146,2156.8500000000004,2156.7,37.911,2.4337024554646125,10.727454063,0.9423047967984572,1,7.913,0.20872569966500487,2156.7999999999997,0.0,-5.0,BREAK,37.767170163,0.463597934,False,False,,0.0,0.5000000000063665,0.0,0.5000000000063665,0.0,0.5000000000063665,-1.000000000003638,-0.4999999999972715,-5.0,-4.4999999999936335
2026-03-20,WALL,BID,2026-03-20 22:29:41.756021845,1774045781756021845,2156.8500000000004,2156.5,26.013,5.103590347263097,10.402867062,0.965351673355835,3,4.098000000000001,0.157536616307231,2156.6,0.0,-5.0,BREAK,34.658902464,3.784279395,False,True,34.658902464,0.0,2.5000000000045475,0.0,2.5000000000045475,0.0,2.5000000000045475,-1.000000000003638,1.5000000000009095,-5.0,-2.4999999999954525
2026-03-20,WALL,BID,2026-03-20 22:30:41.794948422,1774045841794948422,2156.3500000000004,2156.0,32.638,2.509360704263253,10.025887875,0.9509209501308132,3,1.085,0.033243458545254,2156.1,3.999999999996362,-4.000000000005457,BREAK,25.509614678,0.857552637,False,True,24.541487945,0.0,2.5000000000045475,0.0,2.5000000000045475,0.0,2.5000000000045475,-2.000000000007276,0.4999999999972715,3.999999999996362,6.5000000000009095
2026-03-20,WALL,BID,2026-03-20 22:36:25.396550555,1774046185396550555,2156.25,2155.9,63.657,4.069230031642535,10.072545113,0.967132868477032,3,10.692,0.16796267496111977,2156.0,0.0,-15.0,BREAK,9.992260704,2.247699998,False,True,9.992260704,0.0,2.5,-1.000000000003638,1.499999999996362,-5.0,-2.5,-15.0,-12.5,-6.999999999998181,-4.499999999998181
2026-03-20,WALL,ASK,2026-03-20 22:36:27.900167201,1774046187900167201,2156.1499999999996,2156.3,88.484,3.3321031820749387,12.576161759,0.9681578862713481,1,5.329,0.060225577505537725,2156.2000000000003,13.999999999996362,-0.0,BOUNCE,7.488644058,0.050040701,False,False,,-0.0,0.5000000000063665,-0.0,0.5000000000063665,6.999999999998181,7.5000000000045475,13.999999999996362,14.500000000002728,5.999999999994543,6.5000000000009095
2026-03-20,WALL,ASK,2026-03-20 22:37:22.001746859,1774046242001746859,2155.3500000000004,2155.7,49.359,4.914277180406213,17.966179276,0.9919286724922248,3,3.671,0.07437346785793877,2155.6,13.000000000001819,-1.999999999998181,BOUNCE,38.076371848,0.406356402,False,False,0.046670355,-1.999999999998181,0.4999999999972715,-1.999999999998181,0.4999999999972715,-1.999999999998181,0.4999999999972715,-0.999999999994543,1.5000000000009095,3.000000000001819,5.4999999999972715
2026-03-20,WALL,ASK,2026-03-20 22:53:33.569869852,1774047213569869852,2157.05,2157.2,11.417,2.073932788374205,12.301519859,0.9583001491783391,1,1.979,0.1733380047297889,2157.1,9.000000000005457,-0.0,BOUNCE,10.823978254,2.755145142,False,False,,-0.0,0.4999999999972715,-0.0,0.4999999999972715,1.000000000003638,1.5000000000009095,8.000000000001819,8.49999999999909,9.000000000005457,9.500000000002728
2026-03-20,WALL,BID,2026-03-20 23:04:16.742392298,1774047856742392298,2152.05,2151.8,23.195,2.519689316169681,10.706713753,1.0,2,1.093,0.047122224617374434,2151.9,6.999999999998181,-9.000000000005457,BREAK,4.185439467,3.776248562,False,False,4.185439467,0.0,1.5000000000009095,-4.000000000005457,-2.5000000000045475,-4.000000000005457,-2.5000000000045475,-3.000000000001819,-1.5000000000009095,-9.000000000005457,-7.5000000000045475
2026-03-20,WALL,ASK,2026-03-20 23:04:44.038411085,1774047884038411085,2151.75,2152.0,35.918,6.609863820390136,10.170792763,0.9615454971786647,2,6.628,0.1845314327078345,2151.9,21.000000000003638,-10.0,BREAK,5.57730616,5.16165755,False,False,5.57730616,-0.0,1.5000000000009095,-0.0,1.5000000000009095,-8.999999999996362,-7.4999999999954525,6.000000000003638,7.5000000000045475,18.00000000000182,19.50000000000273
2026-03-20,WALL,BID,2026-03-20 23:10:39.416840867,1774048239416840867,2147.55,2147.2,72.332,7.1654861558274305,11.54132636,0.9697472073738326,3,9.677,0.13378587623735,2147.2999999999997,0.0,-6.999999999998181,BREAK,21.053745754,21.053745754,False,False,13.536637437,0.0,2.5000000000045475,0.0,2.5000000000045475,0.0,2.5000000000045475,-5.0,-2.4999999999954525,-6.999999999998181,-4.4999999999936335
2026-03-20,WALL,ASK,2026-03-20 23:11:58.719122104,1774048318719122104,2147.1499999999996,2147.3,49.84,6.25934065934066,17.207811273,0.9219774774548691,1,0.896,0.01797752808988764,2147.2000000000003,16.99999999999818,-13.000000000001819,BREAK,2.092437694,0.45793206,False,False,,-0.0,0.5000000000063665,-3.000000000001819,-2.4999999999954525,-8.000000000001819,-7.4999999999954525,5.0,5.5000000000063665,13.999999999996362,14.500000000002728
2026-03-20,WALL,BID,2026-03-20 23:12:27.857984451,1774048347857984451,2147.6499999999996,2147.5,25.236,2.4491459627329193,10.916930387,0.9384130029993935,1,1.443,0.05718021873514028,2147.6,-0.999999999994543,-21.99999999999818,BREAK,0.307551373,0.051607077,False,False,,-21.99999999999818,-21.50000000000091,-20.999999999994543,-20.49999999999727,-20.999999999994543,-20.49999999999727,-18.999999999996362,-18.49999999999909,-15.0,-14.500000000002728
2026-03-20,WALL,BID,2026-03-20 23:12:28.165535824,1774048348165535824,2147.3500000000004,2147.1,28.449,2.759627509942769,11.486562823,0.9248744057471996,2,1.045,0.036732398326830465,2147.2,0.0,-19.000000000005457,BREAK,0.560790497,0.509845833,False,False,0.560790497,-19.000000000005457,-17.5,-18.00000000000182,-16.499999999996362,-16.000000000003638,-14.499999999998181,-16.000000000003638,-14.499999999998181,-12.000000000007276,-10.500000000001819
2026-03-20,WALL,BID,2026-03-20 23:26:39.058129308,1774049199058129308,2147.45,2147.3,34.321,2.749969953126878,10.192783467,0.9065399206130315,1,2.794,0.0814078843856531,2147.4,5.0,-8.000000000001819,BOUNCE,3.634039006,6.985385464,False,False,,0.0,0.4999999999972715,1.999999999998181,2.4999999999954525,5.0,5.4999999999972715,5.0,5.4999999999972715,-8.000000000001819,-7.5000000000045475
2026-03-20,WALL,BID,2026-03-20 23:33:38.185083516,1774049618185083516,2148.6499999999996,2148.4,144.726,17.50012091898428,11.025261533,0.9859925639371225,2,17.354,0.11990934593645923,2148.5,2.000000000007276,-11.999999999998181,BOUNCE,0.051436777,0.079686181,False,True,2.452030078,2.000000000007276,3.500000000003638,-6.999999999998181,-5.500000000001819,-7.999999999992724,-6.499999999996362,-11.999999999998181,-10.500000000001819,-10.999999999994543,-9.499999999998181
2026-03-20,WALL,BID,2026-03-20 23:38:53.696875786,1774049933696875786,2147.95,2147.6,32.305,4.526094570928196,11.618357755,0.9030987457314702,3,1.226,0.03795078161275344,2147.7,-3.000000000001819,-11.999999999998181,BREAK,0.965564988,0.057784585,False,False,0.057784585,-3.999999999996362,-1.499999999996362,-3.999999999996362,-1.499999999996362,-5.999999999994543,-3.499999999994543,-8.000000000001819,-5.500000000001819,-11.999999999998181,-9.499999999998181
2026-03-21,WALL,ASK,2026-03-21 00:01:01.327642671,1774051261327642671,2147.1499999999996,2147.4,31.013,2.473717795325836,10.815067267,0.8540806799403516,2,7.08,0.22829136168703446,2147.3,-0.0,-5.0,BREAK,3.69688455,1.551493784,False,True,2.166075574,-0.0,1.500000000005457,-5.0,-3.499999999994543,-5.0,-3.499999999994543,-5.0,-3.499999999994543,-3.000000000001819,-1.499999999996362
2026-03-21,WALL,BID,2026-03-21 00:10:09.679337380,1774051809679337380,2146.05,2145.9,49.43,5.648174598640233,32.461940891,0.9437104927849029,1,3.93,0.07950637264818937,2146.0,0.0,-16.000000000003638,BREAK,14.191345075,14.191345075,False,False,,0.0,0.500000000001819,-1.000000000003638,-0.500000000001819,-1.000000000003638,-0.500000000001819,-14.000000000005457,-13.500000000003638,-4.000000000005457,-3.500000000003638
2026-03-21,WALL,BID,2026-03-21 00:22:01.266712913,1774052521266712913,2152.1499999999996,2152.0,70.949,5.896447122376896,11.534157711,0.9482093234748904,1,2.05,0.028893994277579667,2152.1,7.000000000007276,-5.999999999994543,BOUNCE,7.295648642,0.140881855,False,False,,0.0,0.4999999999972715,0.0,0.4999999999972715,2.000000000007276,2.5000000000045475,4.000000000005457,4.5000000000027285,0.0,0.4999999999972715
2026-03-21,WALL,BID,2026-03-21 00:22:45.160076818,1774052565160076818,2151.8,2151.4,49.881,5.23712530841514,10.056701647,0.9994746947671879,2,9.683,0.19412201038471563,2151.5,4.499999999998181,-2.5,BOUNCE,16.027871154,0.050862046,False,False,0.050862046,-2.5,0.500000000001819,1.499999999996362,4.499999999998181,1.499999999996362,4.499999999998181,4.499999999998181,7.5,3.499999999994543,6.499999999996362
2026-03-21,WALL,ASK,2026-03-21 00:24:05.977580844,1774052645977580844,2152.45,2152.8,47.616,5.883966635773864,14.978649295,0.9253208896229785,3,8.978,0.18855006720430106,2152.7000000000003,5.0,-1.000000000003638,BOUNCE,7.643269711,3.817512372,False,True,,-0.0,2.5000000000045475,-1.000000000003638,1.5000000000009095,3.000000000001819,5.5000000000063665,-1.000000000003638,1.5000000000009095,1.999999999998181,4.5000000000027285
2026-03-21,WALL,ASK,2026-03-21 00:31:36.140639198,1774053096140639198,2150.2,2150.6,74.535,6.643936355127691,13.320339196,0.9639741767128496,3,12.422,0.16665995840880124,2150.5,-0.500000000001819,-19.49999999999818,BREAK,24.809831328,10.325476021,False,True,24.809831328,-0.500000000001819,2.5,-0.500000000001819,2.5,-0.500000000001819,2.5,-5.500000000001819,-2.5,-19.49999999999818,-16.499999999996362
2026-03-21,WALL,BID,2026-03-21 00:57:49.644523636,1774054669644523636,2153.25,2153.1,72.441,4.789804284580799,12.208230416,0.9359325861039679,1,16.887,0.233113844369901,2153.2,6.999999999998181,0.0,BOUNCE,17.658162443,0.373301953,False,False,,0.0,0.500000000001819,0.0,0.500000000001819,0.0,0.500000000001819,6.999999999998181,7.5,5.0,5.500000000001819
2026-03-21,WALL,BID,2026-03-21 00:58:47.736770356,1774054727736770356,2153.75,2153.4,109.762,7.937088726589051,10.369488821,0.9453765750870083,3,25.628,0.2334869991436016,2153.5,1.999999999998181,0.0,BOUNCE,12.146952184,7.963318052,False,True,,0.0,2.5,0.0,2.5,0.0,2.5,1.999999999998181,4.499999999998181,1.999999999998181,4.499999999998181
2026-03-21,WALL,ASK,2026-03-21 01:06:01.304627688,1774055161304627688,2153.05,2153.4,30.333,2.6676927136009847,16.895014732,0.9536874883856715,3,1.687,0.05561599578017341,2153.3,-0.999999999994543,-13.999999999996362,BREAK,0.20237181,0.050999787,False,False,0.152094557,-5.0,-2.5,-5.999999999994543,-3.499999999994543,-8.999999999996362,-6.499999999996362,-13.999999999996362,-11.499999999996362,-13.999999999996362,-11.499999999996362
2026-03-21,WALL,BID,2026-03-21 01:09:34.164895214,1774055374164895214,2155.95,2155.6,32.702,2.80415023152118,13.018305464,0.9281665107193862,3,4.2989999999999995,0.1314598495504862,2155.7,31.000000000003638,-6.999999999998181,BREAK,11.844374925,1.178159682,False,False,1.535928211,-0.999999999994543,1.500000000005457,-3.000000000001819,-0.500000000001819,-3.000000000001819,-0.500000000001819,1.000000000003638,3.500000000003638,26.000000000003638,28.500000000003638
2026-03-21,WALL,BID,2026-03-21 01:12:19.950171673,1774055539950171673,2157.45,2157.2,36.594,3.3220462076165407,10.562339672,0.8594703053401291,2,4.145,0.11326993496201561,2157.2999999999997,6.000000000003638,-15.999999999994543,BOUNCE,18.068286431,0.252196321,False,False,0.306640223,-0.999999999994543,0.5000000000063665,-0.999999999994543,0.5000000000063665,-0.999999999994543,0.5000000000063665,-0.999999999994543,0.5000000000063665,-15.999999999994543,-14.499999999993634
2026-03-21,WALL,BID,2026-03-21 01:25:12.929594305,1774056312929594305,2154.05,2153.8,50.266,4.7638724351987864,17.048600605,0.969543629765852,2,10.413,0.20715791986631124,2153.9,8.000000000001819,-1.999999999998181,BOUNCE,27.353118514,26.1327794,False,False,0.403880186,-1.000000000003638,0.4999999999972715,-1.999999999998181,-0.4999999999972715,-1.999999999998181,-0.4999999999972715,1.999999999998181,3.4999999999990905,10.0,11.50000000000091
2026-03-21,WALL,ASK,2026-03-21 01:34:09.616378493,1774056849616378493,2150.45,2150.8,50.237,5.592452410107982,29.301992485,0.9542854182463626,3,8.867,0.17650337400720587,2150.7000000000003,-0.0,-18.00000000000182,BREAK,0.96728504,0.918919094,False,False,0.96728504,-4.000000000005457,-1.5000000000009095,-3.000000000001819,-0.4999999999972715,-3.000000000001819,-0.4999999999972715,-6.000000000003638,-3.4999999999990905,-18.00000000000182,-15.499999999997272
2026-03-21,WALL,ASK,2026-03-21 01:35:05.198523656,1774056905198523656,2152.1499999999996,2152.3,40.655,2.505006315659756,10.860790511,0.9794225845003043,1,9.864,0.24262698315090395,2152.2000000000003,-0.0,-10.0,BREAK,5.977194002,0.408914023,False,False,,-1.000000000003638,-0.4999999999972715,-1.000000000003638,-0.4999999999972715,-5.0,-4.4999999999936335,-7.000000000007276,-6.5000000000009095,-11.000000000003638,-10.499999999997272
2026-03-21,WALL,ASK,2026-03-21 01:47:25.413340922,1774057645413340922,2150.45,2150.7,37.181,2.739840094322243,10.334768378,0.9654383870121023,2,8.462,0.2275893601570695,2150.6,-0.0,-6.999999999998181,BREAK,22.409147709,0.144230189,False,True,13.271721957,-0.0,1.5000000000009095,-0.0,1.5000000000009095,-0.0,1.5000000000009095,-4.000000000005457,-2.5000000000045475,-6.999999999998181,-5.4999999999972715
2026-03-21,WALL,BID,2026-03-21 02:02:47.139853095,1774058567139853095,2147.45,2147.1,110.153,10.130874643612618,14.75121184,0.9626700708407696,3,19.464,0.17669968135230088,2147.2,0.0,-5.999999999994543,BREAK,16.793824379,9.491058139,False,True,13.065666151,0.0,2.5,0.0,2.5,0.0,2.5,-5.999999999994543,-3.499999999994543,-5.999999999994543,-3.499999999994543
2026-03-21,WALL,ASK,2026-03-21 02:04:01.151710393,1774058641151710393,2147.25,2147.5,11.198,4.263468494193794,22.382132619,0.9423061689437129,2,2.582,0.23057688873013035,2147.4,-1.000000000003638,-13.000000000001819,BREAK,0.249726665,0.249726665,False,False,0.050977397,-8.000000000001819,-6.5000000000009095,-8.000000000001819,-6.5000000000009095,-8.000000000001819,-6.5000000000009095,-1.999999999998181,-0.4999999999972715,-3.000000000001819,-1.5000000000009095
2026-03-21,WALL,BID,2026-03-21 02:08:23.095758849,1774058903095758849,2148.8500000000004,2148.7,35.348,2.3512821365616787,12.817452676,0.9618190795495315,1,2.2,0.06223831617064615,2148.7999999999997,3.999999999996362,-10.0,BREAK,2.807973923,1.427388099,False,False,,-1.000000000003638,-0.4999999999972715,-9.000000000005457,-8.49999999999909,-9.000000000005457,-8.49999999999909,-1.000000000003638,-0.4999999999972715,1.999999999998181,2.5000000000045475
2026-03-21,WALL,ASK,2026-03-21 02:15:02.661664719,1774059302661664719,2149.05,2149.3,10.726,2.582089552238806,11.221506194,0.9974465201458143,2,1.822,0.1698676114115234,2149.2000000000003,-1.999999999998181,-8.000000000001819,BREAK,1.072334146,0.663078311,False,False,0.050647761,-3.999999999996362,-2.4999999999954525,-3.999999999996362,-2.4999999999954525,-3.999999999996362,-2.4999999999954525,-8.000000000001819,-6.5000000000009095,-8.000000000001819,-6.5000000000009095
2026-03-21,WALL,BID,2026-03-21 02:16:27.945396200,1774059387945396200,2149.75,2149.5,39.59,2.2728055571502384,13.271578424,0.9439869132178215,2,7.254,0.18322808790098508,2149.6,1.999999999998181,-5.0,BREAK,0.101548443,0.051234194,False,False,0.051234194,-1.999999999998181,-0.4999999999972715,1.000000000003638,2.5000000000045475,1.000000000003638,2.5000000000045475,-1.999999999998181,-0.4999999999972715,-1.000000000003638,0.4999999999972715
2026-03-21,WALL,ASK,2026-03-21 02:23:34.393589830,1774059814393589830,2151.75,2151.9,115.794,9.721193804306761,10.523961223,0.9629045452821695,1,0.93,0.008031504223016737,2151.8,3.000000000001819,1.999999999998181,BOUNCE,0.05053298,0.05053298,False,False,,3.000000000001819,3.500000000003638,3.000000000001819,3.500000000003638,3.000000000001819,3.500000000003638,3.000000000001819,3.500000000003638,1.999999999998181,2.5
2026-03-21,WALL,BID,2026-03-21 02:29:19.673319005,1774060159673319005,2153.6499999999996,2153.5,27.719,2.483225083986562,10.559845329,0.9873971565062115,1,3.249,0.11721202063566506,2153.6,0.0,-15.0,BREAK,8.311205096,7.454282608,False,False,,0.0,0.4999999999972715,0.0,0.4999999999972715,-1.999999999998181,-1.5000000000009095,-10.999999999994543,-10.499999999997272,-11.999999999998181,-11.50000000000091
2026-03-21,WALL,BID,2026-03-21 02:33:26.644578458,1774060406644578458,2150.6499999999996,2150.4,29.963,2.998849021668418,10.098947745,0.9604001244389051,2,5.961,0.19894536595134,2150.5,5.0,0.0,BOUNCE,10.459326228,14.094779041,False,True,,0.0,1.499999999996362,0.0,1.499999999996362,0.0,1.499999999996362,2.000000000007276,3.500000000003638,5.0,6.499999999996362
2026-03-21,WALL,BID,2026-03-21 02:36:46.045387097,1774060606045387097,2151.1499999999996,2151.0,34.485,2.344881514976371,10.253741161,0.9640384950029265,1,6.995,0.20284181528200668,2151.1,3.000000000001819,-7.999999999992724,BOUNCE,21.441133643,23.074629591,False,False,,0.0,0.4999999999972715,0.0,0.4999999999972715,0.0,0.4999999999972715,1.000000000003638,1.5000000000009095,-7.999999999992724,-7.4999999999954525
2026-03-21,WALL,BID,2026-03-21 02:41:15.476478824,1774060875476478824,2154.1499999999996,2153.8,107.137,13.871560820871368,13.892329145,0.9664882855034025,3,14.362,0.13405266154549783,2153.9,0.0,-6.999999999998181,BREAK,18.176439065,3.551368415,False,True,16.94988722,0.0,2.4999999999954525,-0.999999999994543,1.5000000000009095,-0.999999999994543,1.5000000000009095,-3.999999999996362,-1.5000000000009095,-6.999999999998181,-4.5000000000027285
2026-03-21,WALL,BID,2026-03-21 02:49:15.946297829,1774061355946297829,2154.25,2153.9,104.02,8.707881629065339,10.062837547,0.9156051469544806,3,21.704,0.2086521822726399,2154.0,6.000000000003638,-1.999999999998181,BOUNCE,26.452429599,9.008294609,False,False,8.856323386,0.0,2.5,0.0,2.5,-1.999999999998181,0.500000000001819,3.000000000001819,5.500000000001819,6.000000000003638,8.500000000003638
2026-03-21,WALL,BID,2026-03-21 03:03:54.745204701,1774062234745204701,2153.8500000000004,2153.6,49.221,8.97292863002461,11.99244906,0.9617297744018936,2,10.059,0.20436399097945998,2153.7,-2.000000000007276,-7.000000000007276,BREAK,0.511409412,0.511409412,False,False,0.050100121,-3.000000000001819,-1.499999999996362,-6.000000000003638,-4.499999999998181,-4.000000000005457,-2.5,-4.000000000005457,-2.5,-7.000000000007276,-5.500000000001819
2026-03-21,WALL,ASK,2026-03-21 03:06:09.475204180,1774062369475204180,2153.8500000000004,2154.0,38.084,2.484846507682772,10.488410272,0.9437650591744511,1,5.282,0.1386934145572944,2153.9,-0.0,-0.999999999994543,NONE,,46.424429245,False,False,,-0.0,0.4999999999972715,-0.0,0.4999999999972715,-0.0,0.4999999999972715,-0.0,0.4999999999972715,-0.999999999994543,-0.4999999999972715
2026-03-21,WALL,BID,2026-03-21 03:12:09.418687711,1774062729418687711,2155.9,2155.7,49.119,6.823030976524517,15.668282463,0.9465589009530994,1,1.02,0.020765895071153728,2155.7999999999997,-0.4999999999972715,-16.50000000000091,BREAK,1.479868093,0.569144614,False,False,,-1.5000000000009095,-0.4999999999972715,-2.5000000000045475,-1.5000000000009095,-1.5000000000009095,-0.4999999999972715,-11.50000000000091,-10.499999999997272,-16.50000000000091,-15.499999999997272
2026-03-21,WALL,BID,2026-03-21 03:12:50.316233255,1774062770316233255,2154.6499999999996,2154.3,56.534,6.04609379177584,19.196110962,0.9129767827292267,3,13.597,0.24051013549368522,2154.4,0.0,-11.999999999998181,BREAK,10.768400359,1.021437012,False,False,1.021437012,-1.999999999998181,0.4999999999972715,-1.999999999998181,0.4999999999972715,-1.999999999998181,0.4999999999972715,-8.999999999996362,-6.5000000000009095,-5.0,-2.5000000000045475
2026-03-21,WALL,ASK,2026-03-21 03:13:31.301371941,1774062811301371941,2153.75,2153.9,34.125,2.6462719553332557,10.20699297,0.9136740312656452,1,7.038,0.20624175824175825,2153.8,-0.0,-5.0,BREAK,8.05311489,8.05311489,False,False,,-0.0,0.500000000001819,-0.0,0.500000000001819,-1.999999999998181,-1.499999999996362,-5.0,-4.499999999998181,-5.0,-4.499999999998181
2026-03-21,WALL,ASK,2026-03-21 03:16:26.358690120,1774062986358690120,2153.3500000000004,2153.6,49.457,4.530481381395136,16.799278677,0.9425860969066178,2,1.02,0.020623976383525082,2153.5,2.000000000007276,-5.0,BREAK,4.030184138,1.007159911,False,False,0.050461841,-1.999999999998181,-0.500000000001819,-2.999999999992724,-1.499999999996362,-5.0,-3.500000000003638,-2.999999999992724,-1.499999999996362,2.000000000007276,3.500000000003638
2026-03-21,WALL,BID,2026-03-21 03:16:53.404524314,1774063013404524314,2153.75,2153.5,41.356,2.6046101524121426,11.040206709,0.8967429030952214,2,6.371,0.1540526163071864,2153.6,-1.000000000003638,-6.000000000003638,BREAK,13.887105006,6.688648511,False,False,0.05454911,-1.000000000003638,0.4999999999972715,-1.000000000003638,0.4999999999972715,-1.999999999998181,-0.4999999999972715,-6.000000000003638,-4.5000000000027285,-5.0,-3.4999999999990905
2026-03-21,WALL,BID,2026-03-21 03:18:37.046153971,1774063117046153971,2153.1499999999996,2152.8,61.958,7.005257504663915,55.398781927,0.9593132328438172,3,6.792999999999999,0.10963878756577035,2152.9,0.0,-0.999999999994543,NONE,,1.355142598,False,True,,0.0,2.4999999999954525,0.0,2.4999999999954525,0.0,2.4999999999954525,-0.999999999994543,1.5000000000009095,0.0,2.4999999999954525
2026-03-21,WALL,BID,2026-03-21 03:24:59.655699844,1774063499655699844,2153.2,2152.9,41.684,2.238848457179687,11.302869083,0.9254418852583643,2,6.818,0.1635639573937242,2153.0,2.5,-5.500000000001819,BREAK,32.720622342,0.047452956,False,True,11.435959705,-0.500000000001819,1.499999999996362,-0.500000000001819,1.499999999996362,-0.500000000001819,1.499999999996362,-2.5,-0.500000000001819,2.5,4.499999999998181
2026-03-21,WALL,BID,2026-03-21 03:25:11.091659549,1774063511091659549,2152.95,2152.7,37.095,3.5390926871153936,11.33838556,0.9068743320279188,2,7.714,0.2079525542525947,2152.7999999999997,5.0,-3.000000000001819,BREAK,21.335973392,0.043433568,False,True,21.284662637,0.0,1.5000000000009095,0.0,1.5000000000009095,0.0,1.5000000000009095,-3.000000000001819,-1.5000000000009095,5.0,6.5000000000009095
2026-03-21,WALL,ASK,2026-03-21 03:33:13.839866243,1774063993839866243,2152.55,2152.9,49.222,4.072814529808448,29.485734232,0.9066281577953008,3,11.742,0.23855186705131853,2152.8,-0.0,-0.999999999994543,NONE,,1.434155322,False,True,,-0.0,2.5,-0.999999999994543,1.500000000005457,-0.999999999994543,1.500000000005457,-0.999999999994543,1.500000000005457,-0.0,2.5
2026-03-21,WALL,BID,2026-03-21 03:34:25.310722168,1774064065310722168,2152.55,2152.3,41.166,3.071172784243509,10.058431634,0.888315737395606,2,10.164,0.24690278385075062,2152.4,0.0,-6.999999999998181,BREAK,48.221861913,32.285396763,False,True,46.491503062,0.0,1.5000000000009095,0.0,1.5000000000009095,0.0,1.5000000000009095,0.0,1.5000000000009095,-6.999999999998181,-5.4999999999972715
2026-03-21,WALL,BID,2026-03-21 03:42:48.992508420,1774064568992508420,2153.05,2152.9,34.931,2.206354219302678,13.225751755,0.9106717374644993,1,6.695,0.19166356531447715,2153.0,0.0,-4.000000000005457,BREAK,30.323833827,5.561065876,False,False,,0.0,0.500000000001819,0.0,0.500000000001819,0.0,0.500000000001819,0.0,0.500000000001819,-4.000000000005457,-3.500000000003638
2026-03-21,WALL,BID,2026-03-21 03:51:36.617045194,1774065096617045194,2154.25,2153.9,50.148,4.169618358692941,10.057793934,0.9228118932347973,3,8.42,0.16790300709898698,2154.0,0.0,-8.999999999996362,BREAK,33.492315404,2.279078601,False,True,25.171207151,0.0,2.5,0.0,2.5,0.0,2.5,-3.000000000001819,-0.500000000001819,-8.999999999996362,-6.499999999996362
2026-03-21,WALL,BID,2026-03-21 03:54:51.456732865,1774065291456732865,2153.25,2153.0,81.088,6.0076310427857,14.746616756,0.9682071699727842,2,16.407,0.20233573401736388,2153.1,1.000000000003638,0.0,NONE,,0.331456801,False,True,,0.0,1.5000000000009095,0.0,1.5000000000009095,0.0,1.5000000000009095,1.000000000003638,2.5000000000045475,1.000000000003638,2.5000000000045475
2026-03-21,WALL,BID,2026-03-21 04:00:47.236625856,1774065647236625856,2154.75,2154.5,60.251,4.249312363354256,11.742813874,0.9871686389977095,2,14.921,0.24764734195283067,2154.6,6.000000000003638,-3.999999999996362,BOUNCE,21.963808295,13.027747595,False,True,38.198902622,0.0,1.5000000000009095,0.0,1.5000000000009095,0.0,1.5000000000009095,1.999999999998181,3.4999999999990905,-1.999999999998181,-0.4999999999972715
2026-03-21,WALL,BID,2026-03-21 04:03:01.090219643,1774065781090219643,2155.3500000000004,2155.1,106.762,9.356059942161071,12.253843787,0.9716621773513718,2,17.646,0.16528352784698677,2155.2,5.0,-1.000000000003638,BOUNCE,41.494730294,3.446861142,False,True,29.042148965,0.0,1.500000000005457,0.0,1.500000000005457,0.0,1.500000000005457,-1.000000000003638,0.500000000001819,5.0,6.500000000005457
2026-03-21,WALL,ASK,2026-03-21 04:05:40.963778900,1774065940963778900,2157.55,2157.8,46.9,9.525743881385193,12.811676445,0.9732497283652717,1,0.145,0.003091684434968017,2157.7000000000003,5.0,-10.0,BREAK,0.100841162,0.100841162,False,False,,-6.999999999998181,-5.4999999999972715,-8.000000000001819,-6.5000000000009095,-8.000000000001819,-6.5000000000009095,-0.0,1.5000000000009095,5.0,6.5000000000009095
2026-03-21,WALL,ASK,2026-03-21 04:09:10.829516614,1774066150829516614,2156.55,2156.7,75.616,3.524071398611176,23.541227115,0.9594259102410431,1,17.544,0.23201438848920863,2156.6,3.000000000001819,1.000000000003638,BOUNCE,1.019984406,0.95388197,False,False,,1.999999999998181,2.4999999999954525,1.999999999998181,2.4999999999954525,3.000000000001819,3.4999999999990905,3.000000000001819,3.4999999999990905,3.000000000001819,3.4999999999990905
2026-03-21,WALL,BID,2026-03-21 04:14:27.186174624,1774066467186174624,2156.25,2156.0,71.32,5.800496116465372,13.25044444,0.892386568204802,2,16.088,0.22557487380818847,2156.1,0.0,-8.999999999996362,BREAK,19.146863776,8.10949909,False,True,16.437066064,0.0,1.5000000000009095,0.0,1.5000000000009095,0.0,1.5000000000009095,-6.999999999998181,-5.4999999999972715,-8.000000000001819,-6.5000000000009095
2026-03-21,WALL,BID,2026-03-21 04:14:44.838296777,1774066484838296777,2156.05,2155.8,57.38,4.830982950957693,10.151099527,0.9611898461883734,2,8.684000000000001,0.15134193098640641,2155.9,0.0,-8.000000000001819,BREAK,3.946792663,1.4446447,False,False,1.494741623,0.0,1.5000000000009095,-6.999999999998181,-5.4999999999972715,-6.999999999998181,-5.4999999999972715,-6.000000000003638,-4.5000000000027285,-6.000000000003638,-4.5000000000027285
2026-03-21,WALL,ASK,2026-03-21 04:18:03.837533234,1774066683837533234,2156.3500000000004,2156.6,54.044,3.401239812454765,11.001693396,0.8693762559750579,2,9.485,0.17550514395677597,2156.5,4.000000000005457,-0.0,BOUNCE,22.767358345,60.0,True,False,,-0.0,1.499999999996362,-0.0,1.499999999996362,-0.0,1.499999999996362,4.000000000005457,5.500000000001819,4.000000000005457,5.500000000001819
2026-03-21,WALL,BID,2026-03-21 04:18:35.995267886,1774066715995267886,2155.95,2155.7,85.665,7.488199300699301,10.154912939,0.928398358866521,2,20.304000000000002,0.23701628436350902,2155.7999999999997,6.000000000003638,0.0,BOUNCE,32.57693032,60.0,True,False,,0.0,1.5000000000009095,0.0,1.5000000000009095,0.0,1.5000000000009095,1.000000000003638,2.5000000000045475,6.000000000003638,7.5000000000045475
2026-03-21,WALL,BID,2026-03-21 04:20:03.501200673,1774066803501200673,2155.95,2155.7,59.13,5.477789615081755,12.66439444,0.9277321643497389,2,11.423,0.19318450870962287,2155.7999999999997,0.0,-10.0,BREAK,15.617222906,15.56619332,False,False,15.361160534,0.0,1.5000000000009095,0.0,1.5000000000009095,0.0,1.5000000000009095,-8.000000000001819,-6.5000000000009095,-10.0,-8.49999999999909
2026-03-21,WALL,BID,2026-03-21 04:22:46.852158901,1774066966852158901,2155.3500000000004,2155.1,49.149,4.586934204386375,14.196463199,0.9329930548429127,2,10.729999999999999,0.21831573378909028,2155.2,11.999999999998181,0.0,BOUNCE,15.309975549,19.754420193,False,True,,0.0,1.500000000005457,0.0,1.500000000005457,0.0,1.500000000005457,10.999999999994543,12.5,11.999999999998181,13.500000000003638
2026-03-21,WALL,ASK,2026-03-21 04:23:02.112062071,1774066982112062071,2155.45,2155.6,36.83,2.148837480673299,13.428574978,0.9069510521371719,1,1.983,0.053841976649470547,2155.5,-1.000000000003638,-11.000000000003638,BREAK,0.76680865,0.662638351,False,False,,-1.999999999998181,-1.499999999996362,-4.000000000005457,-3.500000000003638,-8.000000000001819,-7.5,-9.000000000005457,-8.500000000003638,-10.0,-9.499999999998181
2026-03-21,WALL,BID,2026-03-21 04:26:31.650243232,1774067191650243232,2157.75,2157.6,31.832,3.010687600491819,12.598438586,0.9550384615416182,1,0.926,0.029090223674290025,2157.7,-1.000000000003638,-8.000000000001819,BREAK,0.206946011,0.098233131,False,False,,-3.999999999996362,-3.499999999994543,-6.000000000003638,-5.500000000001819,-8.000000000001819,-7.5,-8.000000000001819,-7.5,-5.0,-4.499999999998181
2026-03-21,WALL,BID,2026-03-21 04:31:00.358502952,1774067460358502952,2154.95,2154.6,46.9,5.993227269823015,11.645813071,0.9789993729498356,3,1.084,0.02311300639658849,2154.7,-0.999999999994543,-40.0,BREAK,3.063886267,0.152067905,False,True,3.063886267,-0.999999999994543,1.500000000005457,-5.999999999994543,-3.499999999994543,-5.999999999994543,-3.499999999994543,-18.999999999996362,-16.499999999996362,-33.00000000000182,-30.50000000000182
2026-03-21,WALL,ASK,2026-03-21 04:44:45.934846263,1774068285934846263,2152.3500000000004,2152.7,33.168,2.2896589810851857,10.91782981,0.9723436253124741,3,6.756,0.20369030390738063,2152.6,-0.0,-5.0,BREAK,51.301448721,14.402061869,False,True,18.990148808,-0.999999999994543,1.5000000000009095,-0.999999999994543,1.5000000000009095,-0.999999999994543,1.5000000000009095,-1.999999999998181,0.4999999999972715,-5.0,-2.5000000000045475
2026-03-21,WALL,ASK,2026-03-21 04:45:40.092690726,1774068340092690726,2152.75,2153.0,63.979,3.600799189554255,10.113549008,0.8883888644720948,2,5.7170000000000005,0.08935744541177575,2152.9,-0.0,-1.000000000003638,NONE,,60.0,True,False,0.714620058,-1.000000000003638,0.4999999999972715,-1.000000000003638,0.4999999999972715,-1.000000000003638,0.4999999999972715,-1.000000000003638,0.4999999999972715,-1.000000000003638,0.4999999999972715
2026-03-21,WALL,BID,2026-03-21 04:45:56.887083123,1774068356887083123,2152.8500000000004,2152.7,34.36,3.092709270927093,19.635911037,0.9502412187466664,1,4.907,0.14281140861466823,2152.7999999999997,0.0,0.0,NONE,,60.0,True,False,,0.0,0.5000000000063665,0.0,0.5000000000063665,0.0,0.5000000000063665,0.0,0.5000000000063665,0.0,0.5000000000063665
2026-03-21,WALL,ASK,2026-03-21 04:47:07.617472829,1774068427617472829,2152.8500000000004,2153.0,55.357,4.660660913491896,10.029886197,0.8517252206266483,1,4.908,0.08866087396354572,2152.9,-0.0,-0.999999999994543,NONE,,60.0,True,False,,-0.0,0.4999999999972715,-0.0,0.4999999999972715,-0.999999999994543,-0.4999999999972715,-0.999999999994543,-0.4999999999972715,-0.0,0.4999999999972715
2026-03-21,WALL,ASK,2026-03-21 04:55:25.418392654,1774068925418392654,2152.6499999999996,2152.8,51.332,2.577231078197565,13.17284907,0.917847200385482,1,4.451,0.08671004441673809,2152.7000000000003,1.999999999998181,-0.0,BOUNCE,51.087963029,1.323805295,False,False,,-0.0,0.5000000000063665,-0.0,0.5000000000063665,-0.0,0.5000000000063665,-0.0,0.5000000000063665,1.999999999998181,2.5000000000045475
2026-03-21,WALL,ASK,2026-03-21 05:01:49.150625464,1774069309150625464,2152.8500000000004,2153.0,61.456,2.661066487691875,10.026829781,0.8584130651454609,1,1.988,0.032348346784691485,2152.9,-0.0,-26.499999999996362,BREAK,41.79712138,41.79712138,False,False,,-0.0,0.4999999999972715,-0.0,0.4999999999972715,-0.999999999994543,-0.4999999999972715,-0.999999999994543,-0.4999999999972715,-21.99999999999818,-21.50000000000091
2026-03-21,WALL,BID,2026-03-21 05:09:25.620329477,1774069765620329477,2153.45,2153.1,49.222,4.110911596442143,31.890423339,0.9563544337682773,3,1.114,0.022632156352850354,2153.2,1.999999999998181,0.0,BOUNCE,24.264773914,60.0,True,False,,0.0,2.5,0.0,2.5,1.000000000003638,3.500000000003638,1.999999999998181,4.499999999998181,1.999999999998181,4.499999999998181
2026-03-21,WALL,ASK,2026-03-21 05:15:13.924495304,1774070113924495304,2153.8500000000004,2154.1,25.897,2.163040300689079,18.7298373,0.9795786626507428,2,6.462,0.24952697223616635,2154.0,-0.999999999994543,-11.999999999998181,BREAK,3.778306137,3.010784408,False,False,0.046541464,-0.999999999994543,0.500000000001819,-5.0,-3.500000000003638,-7.999999999992724,-6.499999999996362,-10.0,-8.500000000003638,-10.999999999994543,-9.499999999998181
2026-03-21,WALL,ASK,2026-03-21 05:18:02.771655895,1774070282771655895,2155.75,2156.0,53.698,4.378684714804093,25.83231202,0.9567094781088821,2,6.147,0.11447353718946703,2155.9,-0.0,-1.999999999998181,NONE,,60.0,True,False,46.495955221,-0.0,1.5000000000009095,-0.0,1.5000000000009095,-0.0,1.5000000000009095,-0.0,1.5000000000009095,-1.999999999998181,-0.4999999999972715
2026-03-21,WALL,ASK,2026-03-21 05:18:25.475475889,1774070305475475889,2155.75,2156.0,76.616,4.558983666061706,10.178385411,0.8925229925153204,2,5.127000000000001,0.06691813720371725,2155.9,-0.0,-1.999999999998181,NONE,,60.0,True,False,23.792135227,-0.0,1.5000000000009095,-0.0,1.5000000000009095,-0.0,1.5000000000009095,-1.999999999998181,-0.4999999999972715,-1.999999999998181,-0.4999999999972715
2026-03-21,WALL,ASK,2026-03-21 05:21:13.523492627,1774070473523492627,2155.6499999999996,2156.0,55.078,3.0723489708261282,17.629278367,0.8951850011933049,3,8.046000000000001,0.14608373579287556,2155.9,-0.0,-7.000000000007276,BREAK,16.994654614,16.944057818,False,False,4.292094637,-0.0,2.5000000000045475,-3.000000000001819,-0.4999999999972715,-3.000000000001819,-0.4999999999972715,-7.000000000007276,-4.5000000000027285,-4.000000000005457,-1.5000000000009095
2026-03-21,WALL,ASK,2026-03-21 05:23:04.708755395,1774070584708755395,2156.6499999999996,2156.8,26.824,2.0154025320259965,10.061752076,0.9624640256341772,1,3.876,0.14449746495675514,2156.7000000000003,3.999999999996362,-0.0,BOUNCE,24.695962366,27.765666913,False,False,,-0.0,0.5000000000063665,-0.0,0.5000000000063665,-0.0,0.5000000000063665,2.999999999992724,3.4999999999990905,3.999999999996362,4.5000000000027285
2026-03-21,WALL,BID,2026-03-21 05:27:03.435218256,1774070823435218256,2155.6499999999996,2155.4,47.107,4.03710845438574,22.57447063,0.9490400309333854,2,1.628,0.034559619589445305,2155.5,4.000000000005457,0.0,BOUNCE,22.97139259,1.507614737,False,True,,0.0,1.499999999996362,0.0,1.499999999996362,0.0,1.499999999996362,4.000000000005457,5.500000000001819,4.000000000005457,5.500000000001819
2026-03-21,WALL,ASK,2026-03-21 05:31:55.046341928,1774071115046341928,2155.55,2155.9,49.425,5.12867074815814,14.685168679,0.9247407326290746,3,4.834,0.09780475467880627,2155.8,-0.999999999994543,-23.00000000000182,BREAK,0.241235836,0.101780092,False,False,0.101780092,-6.999999999998181,-4.499999999998181,-10.999999999994543,-8.499999999994543,-13.000000000001819,-10.500000000001819,-18.999999999996362,-16.499999999996362,-8.999999999996362,-6.499999999996362
2026-03-21,WALL,ASK,2026-03-21 05:32:07.139561490,1774071127139561490,2157.25,2157.5,50.0,5.460601758313765,26.778388241,0.9331233361812995,2,0.4,0.008,2157.4,13.000000000001819,-6.000000000003638,BREAK,26.806870488,26.806870488,False,False,1.582467382,-0.0,1.5000000000009095,-1.999999999998181,-0.4999999999972715,-1.999999999998181,-0.4999999999972715,-0.0,1.5000000000009095,13.000000000001819,14.500000000002728
2026-03-21,WALL,BID,2026-03-21 05:32:53.535550373,1774071173535550373,2156.45,2156.2,81.877,3.71357946298984,10.048108839,0.9896471171175776,2,19.203000000000003,0.2345347289226523,2156.2999999999997,0.0,-10.999999999994543,BREAK,13.17410056,11.183449228,False,False,11.266864217,0.0,1.5000000000009095,0.0,1.5000000000009095,0.0,1.5000000000009095,-10.0,-8.49999999999909,-10.999999999994543,-9.499999999993634
2026-03-21,WALL,BID,2026-03-21 05:34:46.191575357,1774071286191575357,2156.05,2155.7,35.672,5.149704056590155,11.739309782,0.9651971016535869,3,1.981,0.0555337519623234,2155.7999999999997,3.000000000001819,-3.000000000001819,BOUNCE,35.785090221,0.402818098,False,True,11.67952182,0.0,2.5000000000045475,0.0,2.5000000000045475,-1.000000000003638,1.5000000000009095,-1.000000000003638,1.5000000000009095,1.999999999998181,4.5000000000027285
2026-03-21,WALL,ASK,2026-03-21 05:44:19.461337434,1774071859461337434,2154.75,2155.1,77.136,4.426489154137495,14.011643156,0.9467705743932949,3,16.956000000000003,0.21981953951462357,2155.0,-0.0,-3.999999999996362,BREAK,33.587101188,1.627981578,False,False,1.627981578,-0.0,2.5,-3.000000000001819,-0.500000000001819,-3.000000000001819,-0.500000000001819,-3.000000000001819,-0.500000000001819,-3.999999999996362,-1.499999999996362
2026-03-21,WALL,ASK,2026-03-21 05:44:29.357771453,1774071869357771453,2155.05,2155.2,102.319,7.624650694884311,23.908077175,0.9298507356436957,1,13.261,0.1296044722876494,2155.1,-0.0,-1.999999999998181,BREAK,59.774433428,34.047350295,False,False,,-0.0,0.4999999999972715,-0.0,0.4999999999972715,-0.0,0.4999999999972715,-0.999999999994543,-0.4999999999972715,-1.999999999998181,-1.5000000000009095
2026-03-21,WALL,ASK,2026-03-21 05:44:41.635248868,1774071881635248868,2155.05,2155.2,128.807,7.953504167953071,10.088581615,0.9052862591130458,1,17.242,0.13385918467164054,2155.1,-0.0,-3.000000000001819,BREAK,47.496956013,21.76987288,False,False,,-0.0,0.4999999999972715,-0.0,0.4999999999972715,-0.0,0.4999999999972715,-0.999999999994543,-0.4999999999972715,-3.000000000001819,-2.5000000000045475
2026-03-21,WALL,BID,2026-03-21 05:48:07.732688712,1774072087732688712,2154.3500000000004,2154.2,50.0,4.751270964983133,13.272052154,0.9718283164003908,1,0.8,0.016,2154.2999999999997,-1.000000000003638,-1.000000000003638,NONE,,23.685882709,False,False,,-1.000000000003638,-0.4999999999972715,-1.000000000003638,-0.4999999999972715,-1.000000000003638,-0.4999999999972715,-1.000000000003638,-0.4999999999972715,-1.000000000003638,-0.4999999999972715
2026-03-21,WALL,BID,2026-03-21 05:48:48.735201145,1774072128735201145,2154.25,2154.1,94.536,4.224317440457573,10.014148905,0.932682213396746,1,20.602,0.21792756198696792,2154.2,0.0,0.0,NONE,,60.0,True,False,,0.0,0.500000000001819,0.0,0.500000000001819,0.0,0.500000000001819,0.0,0.500000000001819,0.0,0.500000000001819
2026-03-21,WALL,BID,2026-03-21 05:48:59.907368777,1774072139907368777,2154.25,2154.1,89.742,4.39879420630836,10.271290204,0.9009847551961935,1,20.066,0.22359653228142895,2154.2,0.0,-1.000000000003638,NONE,,60.0,True,False,,0.0,0.500000000001819,0.0,0.500000000001819,0.0,0.500000000001819,0.0,0.500000000001819,-1.000000000003638,-0.500000000001819
2026-03-21,WALL,BID,2026-03-21 05:49:10.821211863,1774072150821211863,2154.25,2154.1,75.61,4.229338554048385,10.148834898,0.928581934647214,1,5.057,0.0668826874752017,2154.2,0.0,-1.000000000003638,NONE,,60.0,True,False,,0.0,0.500000000001819,0.0,0.500000000001819,0.0,0.500000000001819,0.0,0.500000000001819,-1.000000000003638,-0.500000000001819
2026-03-21,WALL,ASK,2026-03-21 05:59:38.335961345,1774072778335961345,2153.6499999999996,2154.0,76.935,6.038617008751618,10.086003368,0.9950956841679294,3,7.603,0.09882368232923897,2153.9,-0.0,-0.0,NONE,,0.406398487,False,True,,-0.0,2.5000000000045475,-0.0,2.5000000000045475,-0.0,2.5000000000045475,-0.0,2.5000000000045475,-0.0,2.5000000000045475
2026-03-21,WALL,ASK,2026-03-21 06:00:50.620292569,1774072850620292569,2153.75,2154.1,72.797,5.637497095949818,10.031689905,0.9924608868778625,3,18.061,0.24810088327815707,2154.0,8.999999999996362,-0.0,BOUNCE,2.138439015,1.934454045,False,True,,-0.0,2.5,6.000000000003638,8.500000000003638,6.000000000003638,8.500000000003638,6.000000000003638,8.500000000003638,6.000000000003638,8.500000000003638
2026-03-21,WALL,BID,2026-03-21 06:01:24.392280812,1774072884392280812,2153.05,2152.7,33.518,2.4683702776345826,11.837466492,0.9310359321775726,3,8.112,0.2420192135568948,2152.7999999999997,8.000000000001819,-1.999999999998181,BOUNCE,28.23886133,20.355495186,False,False,19.922908743,0.0,2.5000000000045475,0.0,2.5000000000045475,0.0,2.5000000000045475,3.000000000001819,5.5000000000063665,8.000000000001819,10.500000000006366
2026-03-21,WALL,BID,2026-03-21 06:06:59.749069565,1774073219749069565,2153.45,2153.2,38.091,2.7907539013847167,10.123172871,0.9112875475462183,2,8.203,0.21535270798876374,2153.2999999999997,1.999999999998181,0.0,BOUNCE,9.277511711,9.277511711,False,True,,0.0,1.5000000000009095,1.000000000003638,2.5000000000045475,1.999999999998181,3.4999999999990905,1.999999999998181,3.4999999999990905,1.000000000003638,2.5000000000045475
2026-03-21,WALL,BID,2026-03-21 06:09:06.837555529,1774073346837555529,2153.25,2152.9,64.83,4.712681277941337,17.273465356,0.9785659082662649,3,4.586,0.07073885546814747,2153.0,0.0,-12.5,BREAK,40.988881276,0.097686336,False,True,3.321894345,0.0,2.5,-3.000000000001819,-0.500000000001819,-3.000000000001819,-0.500000000001819,-3.000000000001819,-0.500000000001819,-6.999999999998181,-4.499999999998181
2026-03-21,WALL,ASK,2026-03-21 06:11:43.225616303,1774073503225616303,2152.55,2152.8,193.569,8.357360274593614,10.007514492,0.9799982568938557,2,35.783,0.184859145834302,2152.7000000000003,-0.0,-0.0,NONE,,60.0,True,False,,-0.0,1.5000000000009095,-0.0,1.5000000000009095,-0.0,1.5000000000009095,-0.0,1.5000000000009095,-0.0,1.5000000000009095
2026-03-21,WALL,ASK,2026-03-21 06:13:35.685740326,1774073615685740326,2152.55,2152.8,211.83,7.181773490871489,33.047781459,0.9594618167134135,2,50.622,0.23897464948307603,2152.7000000000003,-0.0,-1.999999999998181,NONE,,60.0,True,False,34.927699509,-0.0,1.5000000000009095,-0.0,1.5000000000009095,-0.0,1.5000000000009095,-0.0,1.5000000000009095,-1.999999999998181,-0.4999999999972715
2026-03-21,WALL,ASK,2026-03-21 06:15:25.953880547,1774073725953880547,2152.6499999999996,2152.8,224.409,8.481226024679227,15.307304079,0.9787075781393053,1,55.165,0.24582347410308855,2152.7000000000003,2.999999999992724,-0.0,BOUNCE,23.022391119,22.716907576,False,False,,-0.0,0.5000000000063665,-0.0,0.5000000000063665,-0.0,0.5000000000063665,2.999999999992724,3.4999999999990905,2.999999999992724,3.4999999999990905
2026-03-21,WALL,BID,2026-03-21 06:15:48.820926007,1774073748820926007,2152.55,2152.2,55.288,14.737571638011461,38.174349539,0.9624657748382546,3,6.734,0.12179858197077124,2152.2999999999997,1.999999999998181,-1.999999999998181,BOUNCE,58.996384015,0.054110031,False,False,0.155345659,-1.999999999998181,0.5000000000063665,-1.999999999998181,0.5000000000063665,-1.999999999998181,0.5000000000063665,-1.999999999998181,0.5000000000063665,1.999999999998181,4.5000000000027285
2026-03-21,WALL,BID,2026-03-21 06:17:16.600166732,1774073836600166732,2152.8500000000004,2152.7,45.511,3.0975667857750557,10.102391387,0.9736086896867718,1,10.121,0.2223857968403243,2152.7999999999997,7.999999999992724,0.0,BOUNCE,38.640847901,38.692089391,False,False,,0.0,0.5000000000063665,0.0,0.5000000000063665,0.0,0.5000000000063665,0.0,0.5000000000063665,7.999999999992724,8.49999999999909
2026-03-21,WALL,ASK,2026-03-21 06:18:18.735822637,1774073898735822637,2153.6499999999996,2153.9,198.53,11.000415570023549,10.087285647,0.9495857608482374,2,33.531,0.16889638845514532,2153.8,-0.0,-9.000000000005457,BREAK,12.183767393,3.203507127,False,False,3.203507127,-0.0,1.500000000005457,-1.000000000003638,0.500000000001819,-2.000000000007276,-0.500000000001819,-5.0,-3.499999999994543,-9.000000000005457,-7.5
2026-03-21,WALL,ASK,2026-03-21 06:18:43.223294110,1774073923223294110,2154.1499999999996,2154.3,192.371,15.02194283929408,12.30370408,0.9828569097055202,1,41.366,0.21503241133019008,2154.2000000000003,-0.0,-4.000000000005457,BREAK,19.639200055,15.208566374,False,False,,-0.0,0.5000000000063665,-0.0,0.5000000000063665,-0.0,0.5000000000063665,-3.000000000001819,-2.4999999999954525,-4.000000000005457,-3.4999999999990905
2026-03-21,WALL,ASK,2026-03-21 06:25:24.050853241,1774074324050853241,2154.1499999999996,2154.4,242.902,17.8309414571481,12.386430369,0.9659279961677876,2,42.252,0.17394669455171224,2154.3,-0.0,-0.0,NONE,,21.971247465,False,True,,-0.0,1.500000000005457,-0.0,1.500000000005457,-0.0,1.500000000005457,-0.0,1.500000000005457,-0.0,1.500000000005457
2026-03-21,WALL,ASK,2026-03-21 06:27:24.040746261,1774074444040746261,2153.6499999999996,2154.0,212.148,16.339186691312385,10.024023059,0.9631021714711719,3,8.576,0.04042460923506232,2153.9,-0.0,-4.000000000005457,BREAK,3.96085654,3.96085654,False,False,3.96085654,-0.0,2.5000000000045475,-4.000000000005457,-1.5000000000009095,-4.000000000005457,-1.5000000000009095,-4.000000000005457,-1.5000000000009095,-4.000000000005457,-1.5000000000009095
2026-03-21,WALL,ASK,2026-03-21 06:28:24.967807410,1774074504967807410,2154.05,2154.2,218.653,17.881337912986588,18.830047032,0.9725298281984663,1,24.394,0.11156489963549551,2154.1,-0.0,-3.999999999996362,BREAK,39.717404582,19.556037334,False,False,,-0.0,0.4999999999972715,-0.0,0.4999999999972715,-0.0,0.4999999999972715,-0.999999999994543,-0.4999999999972715,-3.999999999996362,-3.4999999999990905
2026-03-21,WALL,ASK,2026-03-21 06:28:50.269305646,1774074530269305646,2154.1499999999996,2154.5,108.199,11.099040878083807,44.131545268,0.9660930534402786,3,8.222999999999999,0.07599885396353015,2154.4,-0.0,-3.000000000001819,NONE,,28.401256904,False,False,14.619364657,-0.0,2.5000000000045475,-0.0,2.5000000000045475,-0.0,2.5000000000045475,-3.000000000001819,-0.4999999999972715,-3.000000000001819,-0.4999999999972715
2026-03-21,WALL,ASK,2026-03-21 06:28:54.535691262,1774074534535691262,2154.1499999999996,2154.4,186.582,14.525086606204505,10.011846518,0.976482760939584,2,9.674,0.051848517005927686,2154.3,-0.0,-3.000000000001819,BREAK,10.352979041,10.14952073,False,False,10.14952073,-0.0,1.500000000005457,-0.0,1.500000000005457,-0.0,1.500000000005457,-3.000000000001819,-1.499999999996362,-3.000000000001819,-1.499999999996362
2026-03-21,WALL,ASK,2026-03-21 06:29:18.670562550,1774074558670562550,2154.45,2154.6,185.881,19.217472215042648,13.895854618,0.9731980721417763,1,44.689,0.2404172562015483,2154.5,0.999999999994543,-0.0,NONE,,16.324624788,False,False,,-0.0,0.500000000001819,-0.0,0.500000000001819,-0.0,0.500000000001819,0.999999999994543,1.499999999996362,-0.0,0.500000000001819
2026-03-21,WALL,ASK,2026-03-21 06:30:00.874238685,1774074600874238685,2154.45,2154.8,212.228,12.064921406440979,10.81827668,0.9639402289718476,3,51.184000000000005,0.24117458582279436,2154.7000000000003,-0.0,-6.999999999998181,BREAK,23.949317659,23.898273497,False,False,23.949317659,-0.0,2.5000000000045475,-0.0,2.5000000000045475,-0.0,2.5000000000045475,-6.999999999998181,-4.4999999999936335,-6.000000000003638,-3.4999999999990905
2026-03-21,WALL,ASK,2026-03-21 06:30:24.823556344,1774074624823556344,2155.05,2155.3,50.488,7.168027259175126,17.852823738,0.9812072253709717,2,8.068,0.15980034859768658,2155.2000000000003,1.999999999998181,-0.999999999994543,BOUNCE,44.370366972,0.051068603,False,False,0.051068603,-0.999999999994543,0.5000000000063665,-0.999999999994543,0.5000000000063665,-0.999999999994543,0.5000000000063665,-0.999999999994543,0.5000000000063665,1.999999999998181,3.4999999999990905
2026-03-21,WALL,BID,2026-03-21 06:30:44.677669685,1774074644677669685,2155.1499999999996,2154.9,74.751,7.813829509224899,10.104404971,0.9665712928203657,2,16.357,0.21881981511953014,2155.0,0.0,-2.999999999992724,BREAK,24.516253631,4.093559389,False,True,14.56074065,0.0,1.499999999996362,0.0,1.499999999996362,0.0,1.499999999996362,-2.999999999992724,-1.499999999996362,-2.999999999992724,-1.499999999996362
2026-03-21,WALL,BID,2026-03-21 06:31:09.193923316,1774074669193923316,2154.8500000000004,2154.5,49.22,7.959249676584735,10.067611184,0.9070132081096071,3,4.227,0.0858797236895571,2154.6,0.0,0.0,NONE,,0.790643656,False,True,,0.0,2.5000000000045475,0.0,2.5000000000045475,0.0,2.5000000000045475,0.0,2.5000000000045475,0.0,2.5000000000045475
2026-03-21,WALL,ASK,2026-03-21 06:32:00.185029192,1774074720185029192,2154.8500000000004,2155.0,189.74,8.430640718030748,15.014874643,0.9717745133358421,1,46.955,0.24747022240961314,2154.9,-0.0,-0.0,NONE,,60.0,True,False,,-0.0,0.4999999999972715,-0.0,0.4999999999972715,-0.0,0.4999999999972715,-0.0,0.4999999999972715,-0.0,0.4999999999972715
2026-03-21,WALL,ASK,2026-03-21 06:32:26.941464701,1774074746941464701,2154.8500000000004,2155.0,189.74,8.35086483869548,10.298916497,0.926043119271637,1,42.606,0.22454938336671235,2154.9,-0.0,-0.999999999994543,NONE,,46.612471072,False,False,,-0.0,0.4999999999972715,-0.0,0.4999999999972715,-0.0,0.4999999999972715,-0.0,0.4999999999972715,-0.999999999994543,-0.4999999999972715
2026-03-21,WALL,ASK,2026-03-21 06:32:56.600100290,1774074776600100290,2154.8500000000004,2155.0,194.451,8.58465409915677,10.064191475,0.9794500298892614,1,45.622,0.23461951854194632,2154.9,3.000000000001819,-0.999999999994543,BOUNCE,34.251476545,16.953835483,False,False,,-0.0,0.4999999999972715,-0.0,0.4999999999972715,-0.0,0.4999999999972715,-0.999999999994543,-0.4999999999972715,3.000000000001819,3.4999999999990905
2026-03-21,WALL,ASK,2026-03-21 06:34:15.110747575,1774074855110747575,2154.55,2154.9,190.139,10.236836438031657,29.130164573,0.9563823713794711,3,42.226,0.22207963647647247,2154.8,1.999999999998181,-0.0,BOUNCE,39.750837598,36.809931044,False,True,,-0.0,2.5,-0.0,2.5,-0.0,2.5,-0.0,2.5,1.999999999998181,4.499999999998181
2026-03-21,WALL,ASK,2026-03-21 06:35:05.297428180,1774074905297428180,2154.3500000000004,2154.6,219.322,13.328188143781714,13.376749561,0.9111094685911793,2,45.478,0.20735721906603077,2154.5,-0.0,-1.999999999998181,NONE,,0.100685144,False,True,9.953867565,-0.0,1.499999999996362,-0.0,1.499999999996362,-1.999999999998181,-0.500000000001819,-1.999999999998181,-0.500000000001819,-1.999999999998181,-0.500000000001819
2026-03-21,WALL,ASK,2026-03-21 06:35:05.398113324,1774074905398113324,2154.3500000000004,2154.7,188.657,16.250226107928853,13.477434705,0.9043028922617214,3,3.939,0.020879161653158906,2154.6,-0.0,-1.999999999998181,NONE,,6.979857735,False,True,9.853182421,-0.0,2.4999999999954525,-0.0,2.4999999999954525,-1.999999999998181,0.4999999999972715,-1.999999999998181,0.4999999999972715,-1.999999999998181,0.4999999999972715
2026-03-21,WALL,ASK,2026-03-21 06:35:22.393050546,1774074922393050546,2154.55,2154.8,216.308,10.058264164981052,10.015079487,1.0,2,51.551,0.23832220722303385,2154.7000000000003,-0.0,-0.0,NONE,,5.656941081,False,True,,-0.0,1.5000000000009095,-0.0,1.5000000000009095,-0.0,1.5000000000009095,-0.0,1.5000000000009095,-0.0,1.5000000000009095
2026-03-21,WALL,ASK,2026-03-21 06:36:16.936023358,1774074976936023358,2154.55,2154.8,185.678,9.75353259442139,10.096561325,0.9588724106521485,2,12.32,0.06635142558622993,2154.7000000000003,-0.0,-5.0,BREAK,24.503379275,24.503379275,False,False,24.503379275,-0.0,1.5000000000009095,-0.0,1.5000000000009095,-0.0,1.5000000000009095,-5.0,-3.4999999999990905,-5.0,-3.4999999999990905
2026-03-21,WALL,ASK,2026-03-21 06:36:39.910831621,1774074999910831621,2154.55,2154.8,187.178,9.839562634705358,10.083316903,0.9897111994993301,2,7.84,0.04188526429388069,2154.7000000000003,-0.0,-5.0,BREAK,1.528571012,1.528571012,False,False,1.528571012,-0.0,1.5000000000009095,-5.0,-3.4999999999990905,-5.0,-3.4999999999990905,-5.0,-3.4999999999990905,-5.0,-3.4999999999990905
2026-03-21,WALL,ASK,2026-03-21 06:37:34.986060658,1774075054986060658,2155.05,2155.3,213.425,12.46604947285418,16.848341943,0.8642017256807524,2,49.826,0.23345906055991564,2155.2000000000003,-0.0,-0.0,NONE,,36.394161788,False,True,,-0.0,1.5000000000009095,-0.0,1.5000000000009095,-0.0,1.5000000000009095,-0.0,1.5000000000009095,-0.0,1.5000000000009095
2026-03-21,WALL,ASK,2026-03-21 06:41:11.740401508,1774075271740401508,2154.45,2154.8,199.098,12.007236980972772,11.206819619,0.9816429426015553,3,44.16,0.22180031944067743,2154.7000000000003,-0.0,-11.000000000003638,BREAK,23.121515026,23.121515026,False,False,23.121515026,-0.0,2.5000000000045475,-0.0,2.5000000000045475,-0.0,2.5000000000045475,-11.000000000003638,-8.49999999999909,-11.000000000003638,-8.49999999999909
2026-03-21,WALL,ASK,2026-03-21 06:41:47.814687309,1774075307814687309,2155.55,2155.7,187.147,11.693764058985256,10.013774797,0.97123774142731,1,10.961,0.058568932443480264,2155.6,-0.0,-5.0,BREAK,32.476945685,10.729688431,False,False,,-0.0,0.4999999999972715,-0.0,0.4999999999972715,-0.0,0.4999999999972715,-0.0,0.4999999999972715,-3.000000000001819,-2.5000000000045475
2026-03-21,WALL,ASK,2026-03-21 06:47:03.273761761,1774075623273761761,2154.75,2155.0,212.972,18.328055077452667,13.571438331,0.9057765885374821,2,31.878,0.14968164829179423,2154.9,-0.0,-6.999999999998181,BREAK,13.692431494,6.70063749,False,False,6.70063749,-0.0,1.5000000000009095,-0.0,1.5000000000009095,-1.999999999998181,-0.4999999999972715,-6.999999999998181,-5.4999999999972715,-6.999999999998181,-5.4999999999972715
2026-03-21,WALL,ASK,2026-03-21 06:56:18.474212423,1774076178474212423,2154.6499999999996,2154.9,213.149,9.58985895215171,11.228533427,0.8835620619112933,2,44.259,0.20764347944395706,2154.8,-0.0,-0.0,NONE,,0.253794799,False,True,,-0.0,1.500000000005457,-0.0,1.500000000005457,-0.0,1.500000000005457,-0.0,1.500000000005457,-0.0,1.500000000005457
2026-03-21,WALL,ASK,2026-03-21 06:59:27.702929202,1774076367702929202,2154.95,2155.1,230.908,9.672349516189838,10.032598628,0.9451051665255555,1,31.415,0.13604985535364733,2155.0,-0.0,-3.000000000001819,BREAK,16.964322514,12.071708042,False,False,,-0.0,0.500000000001819,-0.0,0.500000000001819,-0.0,0.500000000001819,-3.000000000001819,-2.5,-0.0,0.500000000001819
2026-03-21,WALL,ASK,2026-03-21 06:59:41.377011719,1774076381377011719,2154.95,2155.3,49.772,2.7097125435540064,23.706681145,0.923758624838922,3,12.168,0.24447480511130756,2155.2000000000003,-0.0,-3.000000000001819,NONE,,60.0,True,False,3.290239997,-0.0,2.5000000000045475,-3.000000000001819,-0.4999999999972715,-3.000000000001819,-0.4999999999972715,-0.0,2.5000000000045475,-0.0,2.5000000000045475
2026-03-21,WALL,ASK,2026-03-21 07:00:41.036329099,1774076441036329099,2154.95,2155.3,50.287,5.422071270688447,20.530713176,0.9850105067290236,3,4.8759999999999994,0.09696342991230338,2155.2000000000003,-0.0,-3.000000000001819,NONE,,60.0,True,False,21.573905696,-1.000000000003638,1.5000000000009095,-1.000000000003638,1.5000000000009095,-1.000000000003638,1.5000000000009095,-1.999999999998181,0.5000000000063665,-3.000000000001819,-0.4999999999972715
2026-03-21,WALL,ASK,2026-03-21 07:01:09.776742615,1774076469776742615,2155.1499999999996,2155.3,44.51,2.2924982616981273,10.041630611,0.9260739298469302,1,2.419,0.05434733767692654,2155.2000000000003,-0.0,-1.000000000003638,NONE,,60.0,True,False,,-0.0,0.5000000000063665,-1.000000000003638,-0.4999999999972715,-1.000000000003638,-0.4999999999972715,-1.000000000003638,-0.4999999999972715,-1.000000000003638,-0.4999999999972715
2026-03-21,WALL,BID,2026-03-21 07:07:41.734925604,1774076861734925604,2155.25,2154.9,78.583,5.117246768469378,10.005069162,0.8923258011956959,3,18.556,0.23613249685046386,2155.0,0.0,0.0,NONE,,18.209376025,False,True,,0.0,2.5,0.0,2.5,0.0,2.5,0.0,2.5,0.0,2.5
2026-03-21,WALL,BID,2026-03-21 07:15:47.157577980,1774077347157577980,2155.8500000000004,2155.5,98.456,7.12133376731402,10.980008412,0.9108613279448551,3,23.862,0.2423620703664581,2155.6,0.0,0.0,NONE,,13.166077997,False,True,,0.0,2.5000000000045475,0.0,2.5000000000045475,0.0,2.5000000000045475,0.0,2.5000000000045475,0.0,2.5000000000045475
2026-03-21,WALL,ASK,2026-03-21 07:18:05.715947217,1774077485715947217,2155.6499999999996,2155.9,42.711,3.309134578135895,10.092438749,0.9092923987187232,2,10.406,0.24363747044087006,2155.8,-0.0,-23.00000000000182,BREAK,15.711135471,15.508184838,False,False,15.508184838,-0.0,1.500000000005457,-0.0,1.500000000005457,-0.0,1.500000000005457,-7.000000000007276,-5.500000000001819,-19.000000000005457,-17.5
2026-03-21,WALL,BID,2026-03-21 07:18:57.104626939,1774077537104626939,2156.7,2156.3,96.577,8.318074157013049,11.057476275,0.9079724620978217,3,6.059,0.0627375047889249,2156.4,21.500000000005457,2.5,BOUNCE,0.051126742,0.253668871,False,True,,4.499999999998181,7.4999999999954525,12.5,15.499999999997272,8.500000000003638,11.50000000000091,12.5,15.499999999997272,16.500000000005457,19.50000000000273
2026-03-21,WALL,ASK,2026-03-21 07:19:38.434294573,1774077578434294573,2158.8500000000004,2159.1,18.632,2.182371888726208,10.153440306,0.9058932959466596,2,2.348,0.12601975096607984,2159.0,6.000000000003638,-0.0,BOUNCE,9.289768742,40.226418873,False,True,,-0.0,1.499999999996362,-0.0,1.499999999996362,4.000000000005457,5.500000000001819,1.000000000003638,2.5,6.000000000003638,7.5
2026-03-21,WALL,BID,2026-03-21 07:20:38.313703761,1774077638313703761,2158.55,2158.2,47.818,4.679322830022507,12.35806802,0.9891083532003411,3,0.278,0.005813710318290185,2158.2999999999997,-3.000000000001819,-8.000000000001819,BREAK,2.500916851,0.253632609,False,False,0.05061893,-3.000000000001819,-0.4999999999972715,-5.0,-2.4999999999954525,-6.999999999998181,-4.4999999999936335,-8.000000000001819,-5.4999999999972715,-8.000000000001819,-5.4999999999972715
2026-03-21,WALL,BID,2026-03-21 07:26:00.517404482,1774077960517404482,2159.45,2159.1,73.692,7.523814385624585,21.437274367,0.9812680909370571,3,15.664,0.21256038647342998,2159.2,8.000000000001819,0.0,BOUNCE,21.784842941,11.064925341,False,True,,0.0,2.5,0.0,2.5,0.0,2.5,4.000000000005457,6.500000000005457,8.000000000001819,10.500000000001819
2026-03-21,WALL,ASK,2026-03-21 07:27:51.625909600,1774078071625909600,2160.55,2160.8,30.097,2.688792602849868,10.171549611,1.0,2,2.453,0.08150313984782535,2160.7000000000003,-0.0,-5.0,BREAK,22.564682997,2.655224363,False,False,2.754917354,-0.0,1.5000000000009095,-0.999999999994543,0.5000000000063665,-0.999999999994543,0.5000000000063665,-5.0,-3.4999999999990905,-5.0,-3.4999999999990905
2026-03-21,WALL,ASK,2026-03-21 07:27:54.380826954,1774078074380826954,2160.6499999999996,2161.0,25.538,2.6632599853999377,16.128160968,0.9698991586850337,3,2.498,0.09781502075338712,2160.9,-0.0,-4.000000000005457,BREAK,19.809765643,9.95617593,False,True,19.809765643,-0.0,2.5000000000045475,-0.0,2.5000000000045475,-0.0,2.5000000000045475,-4.000000000005457,-1.5000000000009095,-3.000000000001819,-0.4999999999972715
2026-03-21,WALL,BID,2026-03-21 07:28:53.230457243,1774078133230457243,2160.95,2160.6,77.714,9.39539382216043,25.279699833,0.9741317350949577,3,9.606,0.12360707208482384,2160.7,0.0,-10.0,BREAK,26.781562627,12.451953703,False,False,12.502961024,0.0,2.5,0.0,2.5,0.0,2.5,-6.999999999998181,-4.499999999998181,-10.0,-7.5
2026-03-21,WALL,BID,2026-03-21 07:31:47.910759898,1774078307910759898,2158.8500000000004,2158.5,60.321,8.665565292343054,12.762123636,0.9611275710728431,3,12.254,0.20314649956068367,2158.6,0.0,-12.000000000007276,BREAK,13.452660884,0.047730984,False,True,9.084839118,0.0,2.5000000000045475,0.0,2.5000000000045475,-2.000000000007276,0.4999999999972715,-10.0,-7.4999999999954525,-12.000000000007276,-9.500000000002728
2026-03-21,WALL,BID,2026-03-21 07:35:00.401949820,1774078500401949820,2157.25,2156.9,88.323,6.1239729589183565,15.469415743,0.8925229069008415,3,13.104,0.14836452566149247,2157.0,1.999999999998181,0.0,BOUNCE,37.356743947,0.112723034,False,True,,0.0,2.5,0.0,2.5,0.0,2.5,0.0,2.5,1.000000000003638,3.500000000003638
2026-03-21,WALL,ASK,2026-03-21 07:40:23.280032483,1774078823280032483,2156.95,2157.3,27.092,2.073711202112595,10.043940239,0.9006286941926915,3,5.144,0.18987154879669277,2157.2000000000003,-0.0,-6.000000000003638,BREAK,5.881596653,3.584424851,False,True,4.144397822,-0.0,2.5000000000045475,-3.000000000001819,-0.4999999999972715,-4.000000000005457,-1.5000000000009095,-4.000000000005457,-1.5000000000009095,-6.000000000003638,-3.4999999999990905
2026-03-21,WALL,ASK,2026-03-21 07:41:31.217178404,1774078891217178404,2157.55,2157.8,62.587,3.2985664593654476,10.184334826,0.9463974822777493,2,13.268999999999998,0.21200888363398146,2157.7000000000003,-0.0,-1.999999999998181,NONE,,37.341184643,False,True,37.99246524,-0.0,1.5000000000009095,-0.0,1.5000000000009095,-0.0,1.5000000000009095,-0.0,1.5000000000009095,-1.999999999998181,-0.4999999999972715
2026-03-21,WALL,BID,2026-03-21 07:46:30.672557498,1774079190672557498,2155.55,2155.4,61.959,3.477326299247952,13.222771191,0.9548363909218612,1,3.626,0.05852257137784664,2155.5,0.0,-20.0,BREAK,8.888098066,8.888098066,False,False,,0.0,0.500000000001819,0.0,0.500000000001819,-8.000000000001819,-7.5,-16.000000000003638,-15.500000000001819,-11.000000000003638,-10.500000000001819
2026-03-21,WALL,BID,2026-03-21 07:46:40.173999561,1774079200173999561,2154.75,2154.6,46.9,4.08572175276592,22.724213254,0.9634711205302615,1,0.101,0.0021535181236673777,2154.7,0.0,-11.999999999998181,BREAK,5.611432618,5.56050716,False,False,,0.0,0.500000000001819,-1.000000000003638,-0.500000000001819,-11.999999999998181,-11.499999999996362,-6.000000000003638,-5.500000000001819,-3.000000000001819,-2.5
2026-03-21,WALL,BID,2026-03-21 07:46:45.734506721,1774079205734506721,2154.6499999999996,2154.4,46.9,5.244325170524433,28.284720414,0.9610613064976644,2,0.7689999999999999,0.016396588486140725,2154.5,1.000000000003638,-10.999999999994543,BREAK,0.100100468,0.100100468,False,False,0.050925458,-5.0,-3.500000000003638,-10.999999999994543,-9.499999999998181,-8.999999999996362,-7.5,-5.0,-3.500000000003638,1.000000000003638,2.5
2026-03-21,WALL,BID,2026-03-21 07:50:07.377278657,1774079407377278657,2155.75,2155.4,38.893,5.595310027334197,16.279360274,0.9833811128664502,3,8.337,0.2143573393669812,2155.5,0.0,-3.000000000001819,NONE,,12.045069311,False,False,12.045069311,0.0,2.5,0.0,2.5,-1.000000000003638,1.499999999996362,-3.000000000001819,-0.500000000001819,-3.000000000001819,-0.500000000001819
2026-03-21,WALL,BID,2026-03-21 07:51:07.712970299,1774079467712970299,2155.3500000000004,2155.0,107.892,10.575055133545698,13.745532268,0.9738401668273614,3,4.34,0.04022541059578097,2155.1,0.0,-3.000000000001819,NONE,,20.177095934,False,False,14.953941364,0.0,2.5000000000045475,0.0,2.5000000000045475,0.0,2.5000000000045475,-3.000000000001819,-0.4999999999972715,-3.000000000001819,-0.4999999999972715
2026-03-21,WALL,BID,2026-03-21 07:53:25.337857618,1774079605337857618,2155.25,2155.0,53.521,2.725518154504252,14.398632145,0.9526118055431438,2,4.576,0.08549914986640757,2155.1,-1.000000000003638,-1.999999999998181,NONE,,60.0,True,False,0.051346229,-1.000000000003638,0.4999999999972715,-1.000000000003638,0.4999999999972715,-1.000000000003638,0.4999999999972715,-1.000000000003638,0.4999999999972715,-1.999999999998181,-0.4999999999972715
2026-03-21,WALL,ASK,2026-03-21 07:59:53.543779391,1774079993543779391,2155.05,2155.3,57.832,13.393237610004633,11.49004478,0.89275850568095,2,13.110999999999999,0.2267083967353714,2155.2000000000003,-0.0,-1.999999999998181,NONE,,1.306729655,False,True,3.582869035,-0.0,1.5000000000009095,-1.999999999998181,-0.4999999999972715,-1.999999999998181,-0.4999999999972715,-0.0,1.5000000000009095,-0.0,1.5000000000009095
2026-03-21,WALL,BID,2026-03-21 08:02:04.184644144,1774080124184644144,2155.1499999999996,2154.8,135.994,25.230797773654913,13.942212138,0.9810967144674498,3,20.854,0.15334500051472857,2154.9,0.0,0.0,NONE,,8.524628749,False,True,,0.0,2.4999999999954525,0.0,2.4999999999954525,0.0,2.4999999999954525,0.0,2.4999999999954525,0.0,2.4999999999954525
2026-03-21,WALL,ASK,2026-03-21 08:13:25.873024128,1774080805873024128,2155.95,2156.1,36.464,3.9214927138785822,10.021299947,0.9320008285747402,1,5.457,0.14965445370776656,2156.0,-0.0,-5.0,BREAK,54.118715022,32.31500276,False,False,,-0.0,0.500000000001819,-0.0,0.500000000001819,-0.0,0.500000000001819,-0.0,0.500000000001819,-5.0,-4.499999999998181
2026-03-21,WALL,ASK,2026-03-21 08:14:19.734853993,1774080859734853993,2155.95,2156.1,27.924,2.0716670376140662,16.234788278,0.9306199418980806,1,2.319,0.08304684142672969,2156.0,-0.0,-5.0,BREAK,0.256885157,0.053774479,False,False,,-5.0,-4.499999999998181,-5.0,-4.499999999998181,-4.000000000005457,-3.500000000003638,-4.000000000005457,-3.500000000003638,-0.0,0.500000000001819
2026-03-21,WALL,BID,2026-03-21 08:16:15.310704475,1774080975310704475,2155.05,2154.8,105.027,5.490172503920543,11.583975729,0.8799868144993072,2,17.119,0.16299618193416932,2154.9,0.0,-10.0,BREAK,41.761116473,11.245852656,False,False,10.989216454,0.0,1.5000000000009095,0.0,1.5000000000009095,0.0,1.5000000000009095,-1.999999999998181,-0.4999999999972715,-10.0,-8.49999999999909
2026-03-21,WALL,ASK,2026-03-21 08:20:05.916618964,1774081205916618964,2153.05,2153.2,47.92,3.5006209365183727,27.747556724,0.9397050270897214,1,10.522,0.21957429048414023,2153.1,-0.0,-5.0,BREAK,0.913083208,0.913083208,False,False,,-3.000000000001819,-2.5000000000045475,-3.000000000001819,-2.5000000000045475,-3.000000000001819,-2.5000000000045475,-3.999999999996362,-3.4999999999990905,-3.000000000001819,-2.5000000000045475
2026-03-21,WALL,ASK,2026-03-21 08:26:57.694569725,1774081617694569725,2152.25,2152.4,106.869,14.295899939803357,21.459487584,0.9445387230081216,1,26.299,0.24608632999279492,2152.3,1.000000000003638,-0.0,NONE,,0.145618351,False,False,,-0.0,0.500000000001819,-0.0,0.500000000001819,-0.0,0.500000000001819,-0.0,0.500000000001819,1.000000000003638,1.500000000005457
2026-03-21,WALL,ASK,2026-03-21 08:31:19.712021316,1774081879712021316,2151.1499999999996,2151.4,23.766,2.063647809664394,10.765031871,0.9832962934847961,2,3.469,0.14596482369771943,2151.3,-0.0,-7.000000000007276,BREAK,27.162372776,0.412153936,False,False,0.157998034,-2.000000000007276,-0.500000000001819,-2.000000000007276,-0.500000000001819,-2.000000000007276,-0.500000000001819,-7.000000000007276,-5.500000000001819,-1.000000000003638,0.500000000001819
2026-03-21,WALL,ASK,2026-03-21 08:33:45.089090176,1774082025089090176,2151.95,2152.2,56.717,4.56052747959635,10.052938149,0.8835199793687699,2,13.148,0.23181762081915475,2152.1,-0.0,-13.000000000001819,BREAK,23.584660332,21.544603844,False,True,22.616474678,-0.0,1.5000000000009095,-0.0,1.5000000000009095,-0.0,1.5000000000009095,-6.000000000003638,-4.5000000000027285,-6.999999999998181,-5.4999999999972715
2026-03-21,WALL,ASK,2026-03-21 08:37:17.929194967,1774082237929194967,2152.3500000000004,2152.5,44.256,4.052932826594625,12.344526828,0.9620221330041894,1,7.234,0.16345806218365871,2152.4,-0.0,-0.999999999994543,NONE,,20.010252928,False,False,,-0.0,0.4999999999972715,-0.999999999994543,-0.4999999999972715,-0.999999999994543,-0.4999999999972715,-0.999999999994543,-0.4999999999972715,-0.999999999994543,-0.4999999999972715
2026-03-21,WALL,BID,2026-03-21 08:40:25.722118102,1774082425722118102,2153.05,2152.9,35.74,5.108998641984133,10.257188169,0.9008499412077033,1,5.538,0.15495243424734192,2153.0,0.0,-4.000000000005457,BREAK,42.114698754,7.833966118,False,False,,0.0,0.500000000001819,0.0,0.500000000001819,0.0,0.500000000001819,0.0,0.500000000001819,-1.000000000003638,-0.500000000001819
2026-03-21,WALL,ASK,2026-03-21 08:49:06.235755180,1774082946235755180,2152.45,2152.6,36.109,2.550160669515167,12.399398769,0.9959656597120609,1,8.535,0.23636766457115954,2152.5,-0.0,-6.999999999998181,BREAK,21.718888857,21.667488709,False,False,,-0.0,0.500000000001819,-0.0,0.500000000001819,-0.0,0.500000000001819,-6.999999999998181,-6.499999999996362,-6.999999999998181,-6.499999999996362
2026-03-21,WALL,BID,2026-03-21 08:57:34.549386958,1774083454549386958,2154.55,2154.3,50.31,4.021422005515367,10.179934955,0.9609768900532233,2,8.154,0.16207513416815741,2154.4,0.0,-5.0,BREAK,26.54695849,0.968046458,False,True,8.463297351,0.0,1.5000000000009095,0.0,1.5000000000009095,-1.000000000003638,0.4999999999972715,-4.000000000005457,-2.5000000000045475,-5.0,-3.4999999999990905
2026-03-21,WALL,ASK,2026-03-21 09:03:13.526596574,1774083793526596574,2155.6499999999996,2155.8,25.883,2.066506986027944,13.029088873,0.9275672706511594,1,4.319,0.16686628288838234,2155.7000000000003,-1.000000000003638,-12.000000000007276,BREAK,20.673229872,20.673229872,False,False,,-1.000000000003638,-0.4999999999972715,-1.000000000003638,-0.4999999999972715,-1.000000000003638,-0.4999999999972715,-12.000000000007276,-11.50000000000091,-5.500000000001819,-4.9999999999954525
2026-03-21,WALL,ASK,2026-03-21 09:03:56.635021487,1774083836635021487,2156.8500000000004,2157.0,39.062,2.3779867896386935,11.069291134,0.9590462890069289,1,9.204,0.2356254160053249,2156.9,9.000000000005457,-1.999999999998181,BOUNCE,8.290098443,10.075190054,False,False,,-0.0,0.4999999999972715,-0.0,0.4999999999972715,3.000000000001819,3.4999999999990905,9.000000000005457,9.500000000002728,-1.999999999998181,-1.5000000000009095
2026-03-21,WALL,BID,2026-03-21 09:16:47.603459552,1774084607603459552,2156.55,2156.2,48.752,2.433463112708396,14.56783416,0.942798448290408,3,9.501,0.19488431243846405,2156.2999999999997,0.0,-1.999999999998181,NONE,,60.0,True,False,18.477661778,0.0,2.5000000000045475,0.0,2.5000000000045475,0.0,2.5000000000045475,-1.999999999998181,0.5000000000063665,-1.999999999998181,0.5000000000063665
2026-03-21,WALL,ASK,2026-03-21 09:18:39.837714574,1774084719837714574,2155.55,2155.7,49.629,2.6182537589026644,10.054057286,0.9897611663558608,1,11.379,0.22928126700114854,2155.6,-0.0,-3.000000000001819,BREAK,17.875416755,17.722348302,False,False,,-0.0,0.4999999999972715,-0.0,0.4999999999972715,-0.0,0.4999999999972715,-3.000000000001819,-2.5000000000045475,-3.000000000001819,-2.5000000000045475
2026-03-21,WALL,ASK,2026-03-21 09:26:50.048162014,1774085210048162014,2156.05,2156.4,82.253,5.965117122343897,10.082936964,0.9034706960407414,3,15.971,0.19416920963369116,2156.3,3.000000000001819,-0.0,BOUNCE,42.417857913,13.432730755,False,True,,-0.0,2.5,-0.0,2.5,-0.0,2.5,-0.0,2.5,3.000000000001819,5.500000000001819
2026-03-21,WALL,ASK,2026-03-21 09:29:12.394530281,1774085352394530281,2154.8500000000004,2155.0,72.772,5.004607661096211,27.144113961,0.9316226605640281,1,17.357,0.2385120650799758,2154.9,-0.0,-0.999999999994543,NONE,,27.983554904,False,False,,-0.0,0.4999999999972715,-0.0,0.4999999999972715,-0.0,0.4999999999972715,-0.0,0.4999999999972715,-0.999999999994543,-0.4999999999972715
2026-03-21,WALL,ASK,2026-03-21 09:39:37.872345893,1774085977872345893,2158.05,2158.4,47.277,4.179182320441989,14.752971455,0.9669365898600256,3,11.818,0.2499735600820695,2158.3,-0.0,-5.999999999994543,BREAK,23.281061641,1.122289823,False,False,1.122289823,-0.0,2.5,-1.999999999998181,0.500000000001819,-1.999999999998181,0.500000000001819,-5.999999999994543,-3.499999999994543,-3.000000000001819,-0.500000000001819
2026-03-21,WALL,BID,2026-03-21 09:50:16.054886160,1774086616054886160,2157.8500000000004,2157.6,84.218,4.9909920587886685,14.800898523,0.9500186617150014,2,10.818000000000001,0.12845234985395046,2157.7,0.0,-2.000000000007276,NONE,,60.0,True,False,4.139741686,0.0,1.500000000005457,-2.000000000007276,-0.500000000001819,-2.000000000007276,-0.500000000001819,-2.000000000007276,-0.500000000001819,-2.000000000007276,-0.500000000001819
2026-03-21,WALL,BID,2026-03-21 09:55:00.877770907,1774086900877770907,2157.8500000000004,2157.6,55.569,2.137474757188191,20.144108572,0.922184042525523,2,8.143,0.14653853767388292,2157.7,1.999999999998181,0.0,BOUNCE,40.089443995,60.0,True,False,,0.0,1.500000000005457,0.0,1.500000000005457,0.0,1.500000000005457,0.0,1.500000000005457,1.999999999998181,3.500000000003638
2026-03-21,WALL,ASK,2026-03-21 10:08:44.802207150,1774087724802207150,2157.05,2157.3,82.787,4.8052355109266625,15.208901935,0.9173338472183397,2,16.019000000000002,0.19349656347011004,2157.2000000000003,-0.0,-5.0,BREAK,24.562334408,1.266351864,False,True,3.019748807,-0.0,1.5000000000009095,-1.999999999998181,-0.4999999999972715,-1.999999999998181,-0.4999999999972715,-3.999999999996362,-2.4999999999954525,-5.0,-3.4999999999990905
2026-03-21,WALL,BID,2026-03-21 10:17:55.769633569,1774088275769633569,2155.8500000000004,2155.6,46.8,3.155552558829479,10.075042727,0.9468589081448567,2,1.202,0.025683760683760683,2155.7,0.0,-12.000000000007276,BREAK,12.720714231,12.720714231,False,False,5.984979592,0.0,1.500000000005457,0.0,1.500000000005457,-2.000000000007276,-0.500000000001819,-9.000000000005457,-7.5,-12.000000000007276,-10.500000000001819
2026-03-21,WALL,BID,2026-03-21 10:18:24.219227843,1774088304219227843,2154.95,2154.6,72.633,4.216964700418021,10.139409964,0.9570674568297789,3,0.34099999999999997,0.004694835680751174,2154.7,0.0,-3.000000000001819,NONE,,60.0,True,False,2.384204023,0.0,2.5,-3.000000000001819,-0.500000000001819,-3.000000000001819,-0.500000000001819,-3.000000000001819,-0.500000000001819,-3.000000000001819,-0.500000000001819
2026-03-21,WALL,ASK,2026-03-21 10:41:04.485759681,1774089664485759681,2156.25,2156.4,97.212,9.813941749533088,11.600535694,0.9323339474395138,1,23.481,0.2415442537958277,2156.3,5.0,-0.0,BOUNCE,21.791506906,60.0,True,False,,-0.0,0.500000000001819,-0.0,0.500000000001819,-0.0,0.500000000001819,3.999999999996362,4.499999999998181,5.0,5.500000000001819
2026-03-21,WALL,BID,2026-03-21 10:47:31.615673643,1774090051615673643,2154.1499999999996,2153.8,84.414,7.326650175758365,11.258236947,0.8753332208579958,3,18.027,0.21355462364062833,2153.9,0.0,-2.999999999992724,NONE,,57.831911213,False,False,57.725590584,0.0,2.4999999999954525,0.0,2.4999999999954525,0.0,2.4999999999954525,0.0,2.4999999999954525,-2.999999999992724,-0.4999999999972715
2026-03-21,WALL,BID,2026-03-21 11:08:23.880309227,1774091303880309227,2153.55,2153.3,47.08,4.292095906646002,10.144302722,0.8924976909812689,2,0.108,0.002293967714528462,2153.4,0.0,-1.999999999998181,NONE,,60.0,True,False,30.34161748,0.0,1.5000000000009095,0.0,1.5000000000009095,0.0,1.5000000000009095,0.0,1.5000000000009095,-1.999999999998181,-0.4999999999972715
2026-03-21,WALL,BID,2026-03-21 11:11:51.901450793,1774091511901450793,2153.6499999999996,2153.3,56.209,5.23897846956846,49.865053867,0.9780414677998647,3,2.019,0.03591951466846946,2153.4,0.0,-1.999999999998181,NONE,,60.0,True,False,44.648406771,-0.999999999994543,1.5000000000009095,-0.999999999994543,1.5000000000009095,-0.999999999994543,1.5000000000009095,-0.999999999994543,1.5000000000009095,-1.999999999998181,0.4999999999972715
2026-03-21,WALL,BID,2026-03-21 11:14:34.136582426,1774091674136582426,2153.45,2153.3,44.541,2.993346774193548,10.080594932,0.88631943603227,1,3.093,0.06944163804135516,2153.4,0.0,-0.999999999994543,NONE,,60.0,True,False,,0.0,0.4999999999972715,-0.999999999994543,-0.4999999999972715,-0.999999999994543,-0.4999999999972715,-0.999999999994543,-0.4999999999972715,-0.999999999994543,-0.4999999999972715
2026-03-21,WALL,ASK,2026-03-21 11:17:33.024227068,1774091853024227068,2154.05,2154.3,52.58,3.3538510604369316,31.01467154,0.9364467261741635,2,11.123000000000001,0.21154431342715865,2154.2000000000003,-0.0,-6.999999999998181,BREAK,52.087383048,39.575438077,False,False,0.569018678,-0.999999999994543,0.5000000000063665,-0.999999999994543,0.5000000000063665,-0.999999999994543,0.5000000000063665,-0.999999999994543,0.5000000000063665,-6.999999999998181,-5.4999999999972715
2026-03-21,WALL,ASK,2026-03-21 11:18:01.338754683,1774091881338754683,2154.1499999999996,2154.3,90.568,5.068300735890764,10.42268389,0.9121925001603401,1,21.764,0.24030562671142125,2154.2000000000003,-0.0,-6.000000000003638,BREAK,23.772855433,10.230410413,False,False,,-0.0,0.5000000000063665,-0.0,0.5000000000063665,-1.000000000003638,-0.4999999999972715,-6.000000000003638,-5.4999999999972715,-0.0,0.5000000000063665
2026-03-21,WALL,BID,2026-03-21 11:30:33.837995220,1774092633837995220,2155.3500000000004,2155.0,55.636,2.5862173155142356,13.744172675,0.9585305523673509,3,10.86,0.19519735423107337,2155.1,0.0,-3.000000000001819,NONE,,0.04776065,False,True,0.753124524,-2.000000000007276,0.4999999999972715,-2.000000000007276,0.4999999999972715,-2.000000000007276,0.4999999999972715,-2.000000000007276,0.4999999999972715,-3.000000000001819,-0.4999999999972715
2026-03-21,WALL,BID,2026-03-21 11:44:51.752455925,1774093491752455925,2156.8500000000004,2156.7,40.525,3.0247051798775937,18.567842134,0.8934031466491356,1,9.945,0.24540407156076496,2156.7999999999997,0.0,-6.000000000003638,BREAK,10.170223139,4.554807399,False,False,,0.0,0.5000000000063665,-1.000000000003638,-0.4999999999972715,-1.000000000003638,-0.4999999999972715,-6.000000000003638,-5.4999999999972715,-6.000000000003638,-5.4999999999972715
2026-03-21,WALL,BID,2026-03-21 12:03:03.719430372,1774094583719430372,2158.45,2158.3,69.223,5.070539115147963,13.580532764,0.8361469865969685,1,1.631,0.02356153301648296,2158.4,1.999999999998181,0.0,BOUNCE,29.96581994,0.051276346,False,False,,1.000000000003638,1.5000000000009095,1.000000000003638,1.5000000000009095,1.000000000003638,1.5000000000009095,1.999999999998181,2.4999999999954525,0.0,0.4999999999972715
2026-03-21,WALL,BID,2026-03-21 12:03:54.257305559,1774094634257305559,2158.6499999999996,2158.3,54.675,4.724154318054175,47.835070008,0.9554667563851431,3,7.237,0.1323639689071788,2158.4,5.0,-1.999999999998181,BOUNCE,30.366221124,1.889314416,False,False,1.939884728,-0.999999999994543,1.5000000000009095,-1.999999999998181,0.4999999999972715,-1.999999999998181,0.4999999999972715,0.0,2.4999999999954525,4.000000000005457,6.5000000000009095
2026-03-21,WALL,ASK,2026-03-21 12:06:34.682496293,1774094794682496293,2157.95,2158.1,23.169,2.2674691720493247,10.348519322,0.8397224146382088,1,1.018,0.04393802063101558,2158.0,1.999999999998181,-4.000000000005457,BREAK,13.028935972,9.054829113,False,False,,-0.0,0.500000000001819,-1.000000000003638,-0.500000000001819,-1.000000000003638,-0.500000000001819,-4.000000000005457,-3.500000000003638,0.999999999994543,1.499999999996362
2026-03-21,WALL,ASK,2026-03-21 12:16:13.063273488,1774095373063273488,2157.6499999999996,2158.0,54.461,3.3715718442394604,10.204986869,0.9867963400904205,3,9.362,0.17190282954774977,2157.9,-1.000000000003638,-5.0,BREAK,44.048315981,0.101718243,False,False,0.249438628,-3.000000000001819,-0.4999999999972715,-3.000000000001819,-0.4999999999972715,-2.000000000007276,0.4999999999972715,-2.000000000007276,0.4999999999972715,-5.0,-2.4999999999954525
2026-03-21,WALL,BID,2026-03-21 12:18:46.018328080,1774095526018328080,2157.6499999999996,2157.4,56.329,4.973863134657837,46.641438129,0.9665445367125206,2,6.011,0.10671235065419234,2157.5,0.0,0.0,NONE,,1.92084623,False,True,,0.0,1.499999999996362,0.0,1.499999999996362,0.0,1.499999999996362,0.0,1.499999999996362,0.0,1.499999999996362
2026-03-21,WALL,ASK,2026-03-21 12:25:23.848999846,1774095923848999846,2159.1499999999996,2159.5,49.253,7.1666787922881054,11.229816579,0.91866948337269,3,7.963,0.16167543093821696,2159.4,-0.0,-3.000000000001819,NONE,,0.094966027,False,False,0.188487341,-2.000000000007276,0.4999999999972715,-2.000000000007276,0.4999999999972715,-2.000000000007276,0.4999999999972715,-1.000000000003638,1.5000000000009095,-3.000000000001819,-0.4999999999972715
2026-03-21,WALL,ASK,2026-03-21 13:06:46.368913799,1774098406368913799,2157.75,2158.0,61.236,4.636105538100465,10.730465208,0.9078525929833107,2,2.1430000000000002,0.0349957541315566,2157.9,3.000000000001819,-0.0,BOUNCE,56.515724687,59.423050598,False,True,,-0.0,1.5000000000009095,1.000000000003638,2.5000000000045475,1.000000000003638,2.5000000000045475,1.000000000003638,2.5000000000045475,1.000000000003638,2.5000000000045475
2026-03-21,WALL,BID,2026-03-21 13:08:51.779916620,1774098531779916620,2157.55,2157.3,37.437,2.491398529264965,10.934845848,0.9472365023686614,2,2.5170000000000003,0.06723295135828193,2157.4,0.0,-1.999999999998181,NONE,,60.0,True,False,12.911843097,0.0,1.5000000000009095,0.0,1.5000000000009095,0.0,1.5000000000009095,-1.999999999998181,-0.4999999999972715,-1.999999999998181,-0.4999999999972715
2026-03-21,WALL,ASK,2026-03-21 13:18:58.000397328,1774099138000397328,2158.75,2159.1,119.366,20.385278797711553,13.128266814,0.9676486047231245,3,5.24,0.04389859759060369,2159.0,-0.0,-11.000000000003638,BREAK,29.118211256,29.118211256,False,False,25.849838175,-0.0,2.5,-0.0,2.5,-1.000000000003638,1.499999999996362,-10.0,-7.5,-6.999999999998181,-4.499999999998181
2026-03-21,WALL,BID,2026-03-21 13:24:47.378618880,1774099487378618880,2156.05,2155.9,71.223,3.54528485029493,13.224791721,0.9382766872083278,1,13.884,0.1949370287687966,2156.0,8.999999999996362,0.999999999994543,BOUNCE,2.132132049,2.132132049,False,False,,0.999999999994543,1.499999999996362,1.999999999998181,2.5,1.999999999998181,2.5,6.999999999998181,7.5,8.999999999996362,9.499999999998181
2026-03-21,WALL,ASK,2026-03-21 13:30:35.517308401,1774099835517308401,2156.8500000000004,2157.2,55.592,3.62469844167699,11.588848677,0.937830209964696,3,8.849,0.15917757950784286,2157.1,-0.0,-7.999999999992724,BREAK,23.527613827,16.080974651,False,True,17.553964962,-0.0,2.4999999999954525,-0.0,2.4999999999954525,-0.0,2.4999999999954525,-5.999999999994543,-3.4999999999990905,-7.999999999992724,-5.4999999999972715
2026-03-21,WALL,BID,2026-03-21 13:36:37.823576652,1774100197823576652,2156.6499999999996,2156.5,74.869,3.432861826268369,23.388058168,0.9758453811367312,1,18.614,0.2486209245482109,2156.6,0.0,-5.0,BREAK,45.277943891,0.224626783,False,False,,0.0,0.4999999999972715,-0.999999999994543,-0.4999999999972715,-0.999999999994543,-0.4999999999972715,-0.999999999994543,-0.4999999999972715,-5.0,-4.5000000000027285
2026-03-21,WALL,BID,2026-03-21 13:38:24.714650866,1774100304714650866,2156.2,2156.0,55.937,2.496797375410092,17.400492634,0.9335166025277029,1,3.339,0.05969215367288199,2156.1,-0.500000000001819,-0.500000000001819,NONE,,0.0941464,False,False,,-0.500000000001819,0.4999999999972715,-0.500000000001819,0.4999999999972715,-0.500000000001819,0.4999999999972715,-0.500000000001819,0.4999999999972715,-0.500000000001819,0.4999999999972715
2026-03-21,WALL,BID,2026-03-21 14:03:02.328230046,1774101782328230046,2156.05,2155.9,40.655,2.319696450987105,10.071539767,0.9161208785802534,1,7.944,0.19540031976386668,2156.0,0.999999999994543,0.0,NONE,,10.551330968,False,False,,0.0,0.500000000001819,0.0,0.500000000001819,0.0,0.500000000001819,0.999999999994543,1.499999999996362,0.0,0.500000000001819
2026-03-21,WALL,ASK,2026-03-21 14:07:10.509778472,1774102030509778472,2156.75,2157.1,49.476,4.336196319018405,41.473664263,0.919100315016214,3,9.134,0.1846147627132347,2157.0,-0.0,-8.000000000001819,BREAK,16.234686493,5.661664334,False,True,11.847157066,-0.0,2.5,-0.0,2.5,-0.0,2.5,-5.0,-2.5,-8.000000000001819,-5.500000000001819
2026-03-21,WALL,ASK,2026-03-21 14:09:02.385198202,1774102142385198202,2157.45,2157.6,32.82,2.0314434265907404,22.689257357,0.9535342823516989,1,7.199,0.21934795856185252,2157.5,-0.0,-1.000000000003638,NONE,,38.624571757,False,False,,-0.0,0.500000000001819,-1.000000000003638,-0.500000000001819,-1.000000000003638,-0.500000000001819,-1.000000000003638,-0.500000000001819,-1.000000000003638,-0.500000000001819
2026-03-21,WALL,ASK,2026-03-21 14:18:54.591301183,1774102734591301183,2162.05,2162.2,34.726,2.791815733408369,10.315932057,0.9979107247041846,1,5.808,0.16725220296031792,2162.1,-0.0,-30.0,BREAK,12.91182492,2.602442865,False,False,,-0.0,0.4999999999972715,-0.999999999994543,-0.4999999999972715,-0.999999999994543,-0.4999999999972715,-6.999999999998181,-6.5000000000009095,-30.0,-29.50000000000273
2026-03-21,WALL,BID,2026-03-21 14:21:55.207144845,1774102915207144845,2163.1499999999996,2162.9,15.573,2.219799016463545,19.561237456,0.9594710734541578,2,3.527,0.22648173120143839,2163.0,0.0,-5.0,BREAK,15.992484988,15.890516344,False,False,15.992484988,0.0,1.499999999996362,0.0,1.499999999996362,0.0,1.499999999996362,-0.999999999994543,0.500000000001819,-0.999999999994543,0.500000000001819
2026-03-21,WALL,BID,2026-03-21 14:23:52.541278577,1774103032541278577,2162.8500000000004,2162.7,41.049,5.154319437468609,20.80389682,0.9750330070614146,1,4.682,0.11405880776632805,2162.7999999999997,0.0,-3.000000000001819,BREAK,4.381081668,1.071019831,False,False,,0.0,0.5000000000063665,-2.000000000007276,-1.5000000000009095,-3.000000000001819,-2.4999999999954525,-2.000000000007276,-1.5000000000009095,-1.000000000003638,-0.4999999999972715
2026-03-21,WALL,BID,2026-03-21 14:23:58.101111791,1774103038101111791,2162.55,2162.4,42.332,3.516384931677535,26.363730034,0.9651013070300203,1,5.987,0.14142965132760088,2162.5,1.999999999998181,0.0,BOUNCE,13.582239563,14.590088485,False,False,,0.0,0.500000000001819,0.0,0.500000000001819,0.0,0.500000000001819,0.999999999994543,1.499999999996362,1.999999999998181,2.5
2026-03-21,WALL,BID,2026-03-21 14:29:23.838589844,1774103363838589844,2162.25,2162.1,35.352,2.3950408184004606,10.166591048,0.9655811510123802,1,8.518,0.2409481783208871,2162.2,5.0,0.0,BOUNCE,40.080817513,2.826626592,False,False,,0.0,0.500000000001819,0.0,0.500000000001819,0.0,0.500000000001819,0.0,0.500000000001819,1.000000000003638,1.500000000005457
2026-03-21,WALL,BID,2026-03-21 14:31:25.687407773,1774103485687407773,2162.1499999999996,2161.8,34.691,3.433222821515167,30.035136779,0.9573463638129417,3,6.997,0.20169496411172924,2161.9,-0.999999999994543,-10.0,BREAK,14.600621685,0.090139264,False,True,14.600621685,-0.999999999994543,1.5000000000009095,-0.999999999994543,1.5000000000009095,-0.999999999994543,1.5000000000009095,-6.999999999998181,-4.5000000000027285,-8.999999999996362,-6.5000000000009095
2026-03-21,WALL,ASK,2026-03-21 14:34:13.275491057,1774103653275491057,2163.05,2163.4,35.119,2.8081720774028467,20.005862506,0.9823696583491855,3,1.616,0.04601497764742732,2163.3,-0.999999999994543,-21.99999999999818,BREAK,3.680978582,0.055084803,False,True,2.862096211,-0.999999999994543,1.500000000005457,-8.000000000001819,-5.500000000001819,-10.0,-7.5,-13.000000000001819,-10.500000000001819,-20.0,-17.5
2026-03-21,WALL,ASK,2026-03-21 14:40:37.789317424,1774104037789317424,2161.25,2161.4,54.516,4.024509080171268,13.431781268,0.9687295749819382,1,12.822,0.23519700638344707,2161.3,-0.0,-8.000000000001819,BREAK,42.319212555,32.87078604,False,False,,-0.0,0.500000000001819,-0.0,0.500000000001819,-0.0,0.500000000001819,-0.0,0.500000000001819,-3.000000000001819,-2.5
2026-03-21,WALL,ASK,2026-03-21 14:41:10.611170944,1774104070611170944,2161.25,2161.4,45.502,4.143136808559071,23.175581348,0.9721642059669122,1,5.309,0.11667619005757988,2161.3,-0.0,-8.000000000001819,BREAK,9.497359035,2.490910723,False,False,,-0.0,0.500000000001819,-1.000000000003638,-0.500000000001819,-8.000000000001819,-7.5,-3.000000000001819,-2.5,-5.0,-4.499999999998181
2026-03-21,WALL,BID,2026-03-21 14:44:19.535517509,1774104259535517509,2161.8500000000004,2161.7,34.529,2.833846280109976,12.18535452,0.9662966180158375,1,8.016,0.23215268325175936,2161.7999999999997,0.0,-5.0,BREAK,10.721036966,10.721036966,False,False,,0.0,0.5000000000063665,0.0,0.5000000000063665,0.0,0.5000000000063665,-3.000000000001819,-2.4999999999954525,-3.000000000001819,-2.4999999999954525
2026-03-21,WALL,ASK,2026-03-21 14:53:00.440449009,1774104780440449009,2153.95,2154.1,72.399,5.234545586002459,15.412632276,1.0,1,17.386,0.2401414384176577,2154.0,15.0,-0.0,BOUNCE,5.868092863,0.307266596,False,False,,-0.0,0.500000000001819,-0.0,0.500000000001819,3.999999999996362,4.499999999998181,8.000000000001819,8.500000000003638,6.999999999998181,7.5
2026-03-21,WALL,ASK,2026-03-21 14:54:46.270883931,1774104886270883931,2154.05,2154.4,74.62,5.42434485515938,10.774686123,0.9222607938237757,3,18.484,0.24770838917180382,2154.3,15.0,-5.999999999994543,BREAK,5.924357217,4.035039641,False,True,5.771789502,-0.0,2.5,-0.999999999994543,1.500000000005457,-5.999999999994543,-3.499999999994543,6.999999999998181,9.499999999998181,11.000000000003638,13.500000000003638
2026-03-21,WALL,ASK,2026-03-21 14:56:52.754844100,1774105012754844100,2151.75,2152.1,72.452,6.302366040361864,10.540150179,0.9835587849264932,3,13.745000000000001,0.18971180919781375,2152.0,5.0,-6.999999999998181,BREAK,4.105743025,0.278052645,False,False,0.33010248,-1.999999999998181,0.500000000001819,-5.0,-2.5,-5.0,-2.5,1.000000000003638,3.500000000003638,5.0,7.5
2026-03-21,WALL,ASK,2026-03-21 14:57:38.044863341,1774105058044863341,2151.3500000000004,2151.7,49.393,3.552686470545926,17.620170882,0.9367154098295878,3,11.292,0.22861539084485655,2151.6,2.000000000007276,-0.0,BOUNCE,34.90167828,10.7033383,False,True,,-0.0,2.4999999999954525,-0.0,2.4999999999954525,-0.0,2.4999999999954525,1.000000000003638,3.4999999999990905,-0.0,2.4999999999954525
2026-03-21,WALL,ASK,2026-03-21 14:58:31.586649466,1774105111586649466,2151.1499999999996,2151.4,52.154,5.049767621998451,20.937961762,0.9932031462461508,2,11.222,0.21517045672431642,2151.3,-0.0,-10.0,BREAK,31.024136761,19.284125078,False,False,0.050684069,-2.000000000007276,-0.500000000001819,-2.000000000007276,-0.500000000001819,-2.000000000007276,-0.500000000001819,-2.000000000007276,-0.500000000001819,-10.0,-8.499999999994543
2026-03-21,WALL,BID,2026-03-21 14:58:44.088075436,1774105124088075436,2151.1499999999996,2150.8,38.309,3.152485187623436,12.50142597,0.9506690990707839,3,0.497,0.01297345271346159,2150.9,13.000000000001819,0.0,BOUNCE,7.395322653,1.785529945,False,True,,0.0,2.4999999999954525,0.0,2.4999999999954525,2.000000000007276,4.5000000000027285,5.0,7.4999999999954525,11.000000000003638,13.49999999999909
2026-03-21,WALL,ASK,2026-03-21 15:00:01.446755932,1774105201446755932,2152.45,2152.6,72.451,5.267248273355143,16.278879674,0.9670369043972331,1,11.019,0.15208899808146198,2152.5,13.000000000001819,-0.0,BOUNCE,1.673653742,0.428719496,False,False,,-0.0,0.500000000001819,1.999999999998181,2.5,1.999999999998181,2.5,13.000000000001819,13.500000000003638,5.999999999994543,6.499999999996362
2026-03-21,WALL,BID,2026-03-21 15:08:16.465469987,1774105696465469987,2152.75,2152.4,39.014,3.2668201800293075,11.201425741,0.9283978282278558,3,5.325,0.13648946532014147,2152.5,6.000000000003638,0.0,BOUNCE,20.031304637,20.08249896,False,True,,0.0,2.5,0.0,2.5,0.0,2.5,6.000000000003638,8.500000000003638,6.000000000003638,8.500000000003638
2026-03-21,WALL,BID,2026-03-21 15:13:02.145296700,1774105982145296700,2153.6499999999996,2153.3,74.183,6.090808325464921,18.206704023,0.9697315819873917,3,15.49,0.20880794791259452,2153.4,0.0,-10.0,BREAK,13.520355921,2.351875084,False,False,2.765428142,0.0,2.4999999999954525,-1.999999999998181,0.4999999999972715,-2.999999999992724,-0.4999999999972715,-3.999999999996362,-1.5000000000009095,-10.0,-7.5000000000045475
2026-03-21,WALL,BID,2026-03-21 15:17:35.007883318,1774106255007883318,2151.25,2151.0,27.661,2.368033558770653,21.309025576,0.939738002781024,2,5.984,0.2163334658906041,2151.1,0.0,-46.00000000000364,BREAK,4.19103372,0.368523579,False,False,0.311574737,-1.000000000003638,0.4999999999972715,-3.000000000001819,-1.5000000000009095,-5.0,-3.4999999999990905,-28.00000000000182,-26.50000000000091,-41.99999999999818,-40.49999999999727
2026-03-21,WALL,ASK,2026-03-21 15:20:00.812114834,1774106400812114834,2147.95,2148.1,38.315,2.7723309576353965,14.944892102,0.9700501596836487,1,4.336,0.11316716690591154,2148.0,-0.0,-21.99999999999818,BREAK,0.308181175,0.257542268,False,False,,-3.000000000001819,-2.5,-9.000000000005457,-8.500000000003638,-9.000000000005457,-8.500000000003638,-11.999999999998181,-11.499999999996362,-16.000000000003638,-15.500000000001819
2026-03-21,WALL,ASK,2026-03-21 15:20:20.043995447,1774106420043995447,2148.8500000000004,2149.1,61.624,4.608780195946451,14.912605756,0.9982695322050195,2,8.918,0.14471634428144878,2149.0,-0.0,-12.999999999992724,BREAK,0.718428995,0.518041116,False,False,0.518041116,-2.999999999992724,-1.499999999996362,-2.999999999992724,-1.499999999996362,-2.999999999992724,-1.499999999996362,-1.999999999998181,-0.500000000001819,-5.0,-3.500000000003638
2026-03-21,WALL,ASK,2026-03-21 15:23:52.358563902,1774106632358563902,2150.95,2151.1,131.528,7.458349872412814,14.555806177,0.9528675891491297,1,25.771,0.1959354662125175,2151.0,3.000000000001819,-11.000000000003638,BOUNCE,0.050415827,0.433406373,False,False,,3.000000000001819,3.500000000003638,3.000000000001819,3.500000000003638,3.000000000001819,3.500000000003638,1.999999999998181,2.5,-11.000000000003638,-10.500000000001819
2026-03-21,WALL,BID,2026-03-21 15:26:05.328713271,1774106765328713271,2151.95,2151.6,78.31,7.109719006763812,16.188529576,0.9385628671627786,3,1.631,0.02082748052611416,2151.7,5.0,-5.999999999994543,BREAK,30.37495441,0.051092106,False,True,1.371160098,-0.999999999994543,1.500000000005457,-3.000000000001819,-0.500000000001819,-3.000000000001819,-0.500000000001819,-3.000000000001819,-0.500000000001819,5.0,7.5
2026-03-21,WALL,ASK,2026-03-21 15:26:42.387753114,1774106802387753114,2151.6499999999996,2152.0,89.092,9.080364877949345,10.75229903,0.9076179756321379,3,14.289000000000001,0.16038477079872493,2151.9,-0.0,-13.000000000001819,BREAK,6.126913413,0.66556427,False,True,6.126913413,-0.0,2.5000000000045475,-1.000000000003638,1.5000000000009095,-5.0,-2.4999999999954525,-10.0,-7.4999999999954525,-13.000000000001819,-10.499999999997272
2026-03-21,WALL,ASK,2026-03-21 15:30:01.395425521,1774107001395425521,2152.6499999999996,2153.0,25.241,2.0363034972369003,10.029019964,0.9206125304508368,3,0.888,0.035180856542926194,2152.9,0.999999999994543,-0.0,NONE,,0.524692205,False,True,,-0.0,2.5000000000045475,-0.0,2.5000000000045475,-0.0,2.5000000000045475,0.999999999994543,3.4999999999990905,-0.0,2.5000000000045475
2026-03-21,WALL,BID,2026-03-21 15:35:02.961213757,1774107302961213757,2157.75,2157.4,79.006,7.067674553831015,24.650321364,0.9720402286922494,3,17.122999999999998,0.2167303749082348,2157.5,0.0,-20.0,BREAK,3.51213653,0.295728765,False,False,0.503682494,-3.000000000001819,-0.500000000001819,-7.5,-5.0,-13.000000000001819,-10.500000000001819,-15.0,-12.5,-20.0,-17.5
2026-03-21,WALL,ASK,2026-03-21 15:35:32.002583926,1774107332002583926,2156.25,2156.4,24.204,2.187833318268101,16.403829504,0.9772081339964651,1,0.87,0.03594447198810114,2156.3,8.000000000001819,-3.000000000001819,BREAK,7.300139928,7.300139928,False,False,,-0.0,0.500000000001819,-0.0,0.500000000001819,-1.000000000003638,-0.500000000001819,5.0,5.500000000001819,8.000000000001819,8.500000000003638
2026-03-21,WALL,ASK,2026-03-21 15:48:58.807466444,1774108138807466444,2154.8500000000004,2155.2,45.521,2.6284608944192627,10.023325212,0.8828298576410593,3,6.333,0.13912260275477253,2155.1,-0.0,-6.999999999998181,BREAK,26.166664325,1.156164891,False,False,1.156164891,-0.0,2.4999999999954525,-1.999999999998181,0.4999999999972715,-1.999999999998181,0.4999999999972715,-6.999999999998181,-4.5000000000027285,-6.999999999998181,-4.5000000000027285
2026-03-21,WALL,BID,2026-03-21 15:50:13.337983456,1774108213337983456,2155.1499999999996,2155.0,77.068,4.321650871978916,15.779640622,0.9454615552016974,1,18.303,0.2374915658898635,2155.1,0.0,-7.999999999992724,BREAK,48.609700999,48.609700999,False,False,,0.0,0.4999999999972715,0.0,0.4999999999972715,-0.999999999994543,-0.4999999999972715,-0.999999999994543,-0.4999999999972715,-7.999999999992724,-7.4999999999954525
2026-03-21,WALL,ASK,2026-03-21 15:53:29.920036591,1774108409920036591,2155.55,2155.9,149.969,12.096225197612519,15.617175192,0.9772943088848971,3,24.62,0.16416726123398837,2155.8,-0.0,-3.000000000001819,NONE,,0.612717938,False,True,7.142664587,-0.0,2.5,-0.0,2.5,-3.000000000001819,-0.500000000001819,-3.000000000001819,-0.500000000001819,-0.999999999994543,1.500000000005457
2026-03-21,WALL,BID,2026-03-21 15:54:56.216662060,1774108496216662060,2155.55,2155.4,27.797,2.1028861065930324,11.030206265,0.9151626195813484,1,6.396,0.2300967730330611,2155.5,0.0,-6.000000000003638,BREAK,0.203333079,0.041106748,False,False,,-1.999999999998181,-1.499999999996362,-6.000000000003638,-5.500000000001819,-1.000000000003638,-0.500000000001819,0.0,0.500000000001819,-1.999999999998181,-1.499999999996362
2026-03-21,WALL,ASK,2026-03-21 15:57:17.522250600,1774108637522250600,2155.3500000000004,2155.7,79.061,7.383358236832276,11.233810462,0.9726328368241611,3,15.667,0.1981634434171083,2155.6,-0.0,-5.0,BREAK,21.797705352,0.544858884,False,True,16.724830332,-0.0,2.4999999999954525,-0.0,2.4999999999954525,-0.0,2.4999999999954525,-5.0,-2.5000000000045475,-5.0,-2.5000000000045475
2026-03-21,WALL,ASK,2026-03-21 15:57:39.670476200,1774108659670476200,2155.75,2155.9,50.331,3.1833907846051672,10.106085167,0.957022336659277,1,11.801,0.23446782301166277,2155.8,-0.0,-1.000000000003638,NONE,,60.0,True,False,,-0.0,0.500000000001819,-0.0,0.500000000001819,-1.000000000003638,-0.500000000001819,-1.000000000003638,-0.500000000001819,-1.000000000003638,-0.500000000001819
2026-03-21,WALL,ASK,2026-03-21 16:00:03.493990469,1774108803493990469,2155.45,2155.8,81.135,19.20809659090909,10.66928824,0.9272790582139151,3,11.567,0.142564861034079,2155.7000000000003,28.00000000000182,-0.0,BOUNCE,2.811445651,0.254234017,False,True,,-0.0,2.5000000000045475,3.000000000001819,5.5000000000063665,3.000000000001819,5.5000000000063665,13.999999999996362,16.50000000000091,23.00000000000182,25.500000000006366
2026-03-21,WALL,BID,2026-03-21 16:00:06.044135649,1774108806044135649,2155.45,2155.3,30.426,2.0866166032301203,13.21943342,0.9333654724818002,1,0.96,0.03155196213764543,2155.4,-0.999999999994543,-28.00000000000182,BREAK,0.261300471,0.15544919,False,False,,-3.000000000001819,-2.5000000000045475,-3.000000000001819,-2.5000000000045475,-3.000000000001819,-2.5000000000045475,-13.999999999996362,-13.49999999999909,-18.999999999996362,-18.49999999999909
2026-03-21,WALL,BID,2026-03-21 16:02:54.313925331,1774108974313925331,2154.95,2154.6,22.025,2.658579274548856,16.121486385,0.9231178670253859,3,4.273,0.19400681044267878,2154.7,0.0,-8.999999999996362,BREAK,22.363452885,5.208703683,False,True,22.363452885,-0.999999999994543,1.500000000005457,-0.999999999994543,1.500000000005457,-0.999999999994543,1.500000000005457,-3.999999999996362,-1.499999999996362,-8.000000000001819,-5.500000000001819
2026-03-21,WALL,BID,2026-03-21 16:08:44.617532610,1774109324617532610,2154.95,2154.6,57.062,4.054858767098952,13.279306398,0.8809034531925407,3,4.281,0.0750236584767446,2154.7,0.0,-10.999999999994543,BREAK,0.305854451,0.255146067,False,False,0.255146067,-3.999999999996362,-1.499999999996362,-3.999999999996362,-1.499999999996362,-3.999999999996362,-1.499999999996362,-3.999999999996362,-1.499999999996362,-8.999999999996362,-6.499999999996362
2026-03-21,WALL,BID,2026-03-21 16:08:44.872678677,1774109324872678677,2154.8,2154.4,32.749,4.632762767010893,13.534452465,0.8752356183327878,2,6.98,0.21313627897035023,2154.5,-2.0000000000027285,-9.499999999998181,BREAK,30.974937349,0.050708384,False,False,0.050708384,-2.5,0.500000000001819,-2.5,0.500000000001819,-2.5,0.500000000001819,-2.5,0.500000000001819,-7.5,-4.499999999998181
2026-03-21,WALL,BID,2026-03-21 16:11:59.477538906,1774109519477538906,2153.45,2153.3,27.436,2.377881781937944,12.909562943,0.9065088030223023,1,6.543,0.2384822860475288,2153.4,6.000000000003638,-13.000000000001819,BOUNCE,4.695808103,5.460955667,False,False,,0.0,0.4999999999972715,1.999999999998181,2.4999999999954525,-0.999999999994543,-0.4999999999972715,-5.999999999994543,-5.4999999999972715,-13.000000000001819,-12.500000000004547
2026-03-21,WALL,ASK,2026-03-21 16:15:49.660075882,1774109749660075882,2152.3500000000004,2152.7,57.368,6.054350693894781,12.522364988,0.8955758164489623,3,11.649,0.20305745363268718,2152.6,-0.0,-16.99999999999818,BREAK,2.30267363,0.295438197,False,True,2.30267363,-0.0,2.4999999999954525,-3.999999999996362,-1.5000000000009095,-11.999999999998181,-9.500000000002728,-15.0,-12.500000000004547,-16.99999999999818,-14.500000000002728
2026-03-21,WALL,ASK,2026-03-21 16:17:50.546125700,1774109870546125700,2151.75,2152.1,79.264,5.8764132409089225,11.20679409,0.9742155120653243,3,16.003,0.2018949333871619,2152.0,6.999999999998181,-8.000000000001819,BOUNCE,9.516298101,2.158107029,False,True,32.164649259,-0.0,2.5,-1.000000000003638,1.499999999996362,3.999999999996362,6.499999999996362,6.999999999998181,9.499999999998181,-8.000000000001819,-5.500000000001819
2026-03-21,WALL,ASK,2026-03-21 16:22:53.937370127,1774110173937370127,2151.6499999999996,2151.9,33.723,2.795805007461449,10.201996258,0.9856920029856376,2,4.578,0.13575304688195003,2151.8,1.999999999998181,-2.000000000007276,BOUNCE,51.443920072,1.537346417,False,False,1.537346417,-0.0,1.500000000005457,-1.000000000003638,0.500000000001819,-2.000000000007276,-0.500000000001819,-2.000000000007276,-0.500000000001819,1.999999999998181,3.500000000003638
2026-03-21,WALL,BID,2026-03-21 16:23:30.583338493,1774110210583338493,2151.6499999999996,2151.4,43.857,2.6353994531742932,10.525490091,0.9746501943668971,2,6.6690000000000005,0.15206238456802793,2151.5,0.0,-5.999999999994543,BREAK,28.780675596,28.730252111,False,False,0.100435525,-0.999999999994543,0.500000000001819,-0.999999999994543,0.500000000001819,-0.999999999994543,0.500000000001819,-3.999999999996362,-2.5,-5.999999999994543,-4.499999999998181
2026-03-21,WALL,ASK,2026-03-21 16:30:50.628692403,1774110650628692403,2148.95,2149.3,84.948,10.248280854144046,15.717731436,0.9801077133635279,2,7.220000000000001,0.08499317229363848,2149.2000000000003,-1.000000000003638,-14.000000000005457,BREAK,4.268397686,0.142795442,False,True,2.192834964,-1.000000000003638,1.5000000000009095,-5.0,-2.4999999999954525,-5.0,-2.4999999999954525,-10.0,-7.4999999999954525,-14.000000000005457,-11.50000000000091
2026-03-21,WALL,ASK,2026-03-21 16:42:52.775593736,1774111372775593736,2148.45,2148.6,68.174,6.593549011074036,19.443617479,0.9616953797921401,1,4.0,0.05867339454924164,2148.5,6.999999999998181,-1.000000000003638,BOUNCE,23.6318186,0.050256353,False,False,,-1.000000000003638,-0.500000000001819,-0.0,0.500000000001819,0.999999999994543,1.499999999996362,5.999999999994543,6.499999999996362,5.0,5.500000000001819
2026-03-21,WALL,ASK,2026-03-21 16:43:59.112328393,1774111439112328393,2147.95,2148.1,34.498,2.913067342199704,10.039768379,0.8693550804674396,1,0.749,0.021711403559626648,2148.0,-0.0,-6.000000000003638,BREAK,1.091457513,1.091457513,False,False,,-1.000000000003638,-0.500000000001819,-1.999999999998181,-1.499999999996362,-3.000000000001819,-2.5,-6.000000000003638,-5.500000000001819,-6.000000000003638,-5.500000000001819
2026-03-21,WALL,ASK,2026-03-21 16:46:20.218647665,1774111580218647665,2149.25,2149.6,34.49,3.2407798919426827,10.047037971,0.9577404171034759,3,5.919,0.17161496085821976,2149.5,-0.0,-8.000000000001819,BREAK,3.529014298,3.477763965,False,False,3.529014298,-0.0,2.5,-6.999999999998181,-4.499999999998181,-8.000000000001819,-5.500000000001819,-3.999999999996362,-1.499999999996362,-1.999999999998181,0.500000000001819
2026-03-21,WALL,BID,2026-03-21 16:46:50.736422912,1774111610736422912,2149.6499999999996,2149.4,72.536,6.309124119335479,10.000461078,0.9583292895447836,2,17.678,0.24371346641667588,2149.5,3.000000000001819,-1.999999999998181,BOUNCE,34.391768791,3.47472066,False,False,3.605630466,0.0,1.499999999996362,-0.999999999994543,0.500000000001819,-1.999999999998181,-0.500000000001819,-1.999999999998181,-0.500000000001819,3.000000000001819,4.499999999998181
2026-03-21,WALL,BID,2026-03-21 16:49:35.649444178,1774111775649444178,2150.3500000000004,2150.2,30.243,2.60906698874175,10.004692828,0.9184236426813763,1,5.921,0.1957808418477003,2150.2999999999997,0.0,-6.000000000003638,BREAK,25.998137887,18.030256339,False,False,,0.0,0.5000000000063665,0.0,0.5000000000063665,0.0,0.5000000000063665,-4.000000000005457,-3.4999999999990905,-6.000000000003638,-5.4999999999972715
2026-03-21,WALL,ASK,2026-03-21 16:58:53.269432644,1774112333269432644,2146.3500000000004,2146.6,78.31,3.4694962562580307,14.637981068,0.9244279673637299,2,17.913,0.22874473247350274,2146.5,-0.0,-5.0,BREAK,12.792776242,1.828075692,False,True,12.792776242,-0.0,1.499999999996362,-0.0,1.499999999996362,-0.0,1.499999999996362,-5.0,-3.500000000003638,-3.999999999996362,-2.5
2026-03-21,WALL,ASK,2026-03-21 17:04:32.425335105,1774112672425335105,2148.3500000000004,2148.7,96.266,5.903173386478614,10.052214352,0.9626142712600205,3,22.165999999999997,0.23025782727027191,2148.6,3.000000000001819,-2.999999999992724,BOUNCE,54.410253798,1.940674593,False,True,20.721677712,-0.0,2.4999999999954525,-0.0,2.4999999999954525,-0.0,2.4999999999954525,-2.999999999992724,-0.4999999999972715,3.000000000001819,5.4999999999972715
2026-03-21,WALL,ASK,2026-03-21 17:10:48.757495551,1774113048757495551,2143.6499999999996,2143.8,26.632,3.686855402505711,10.021502363,0.9739364501909064,1,1.0,0.037548813457494744,2143.7000000000003,-0.0,-6.000000000003638,BREAK,4.594158954,0.050065087,False,False,,-0.0,0.5000000000063665,-4.000000000005457,-3.4999999999990905,-4.000000000005457,-3.4999999999990905,-2.000000000007276,-1.5000000000009095,-3.000000000001819,-2.4999999999954525
2026-03-21,WALL,ASK,2026-03-21 17:11:54.437675367,1774113114437675367,2144.05,2144.4,128.588,14.231420507996239,21.893020124,0.9777471277036862,3,10.754999999999999,0.08363921983388807,2144.3,1.000000000003638,-6.999999999998181,BREAK,50.225843806,5.81039078,False,True,15.874651378,-0.999999999994543,1.500000000005457,-0.999999999994543,1.500000000005457,-0.999999999994543,1.500000000005457,1.000000000003638,3.500000000003638,-6.999999999998181,-4.499999999998181
2026-03-21,WALL,ASK,2026-03-21 17:12:40.136416745,1774113160136416745,2144.25,2144.4,76.942,4.1408966148215915,10.0118811,0.9896927760158878,1,14.575,0.1894284006134491,2144.3,-0.0,-5.0,BREAK,4.527102428,0.799994236,False,False,,-0.0,0.500000000001819,-5.0,-4.499999999998181,-5.0,-4.499999999998181,-3.000000000001819,-2.5,-3.999999999996362,-3.499999999994543
2026-03-21,WALL,ASK,2026-03-21 17:13:23.510409125,1774113203510409125,2144.55,2144.7,80.772,4.528847771236333,11.875262946,0.964972913956393,1,18.83,0.23312534046451738,2144.6,-0.0,-3.000000000001819,BREAK,27.288320638,13.11759448,False,False,,-0.0,0.4999999999972715,-0.0,0.4999999999972715,-0.0,0.4999999999972715,-3.000000000001819,-2.5000000000045475,-0.999999999994543,-0.4999999999972715
2026-03-21,WALL,BID,2026-03-21 17:15:21.655672276,1774113321655672276,2144.25,2144.1,37.196,2.816705160728484,10.057358419,0.9453840012341316,1,6.043,0.1624637057748145,2144.2,8.999999999996362,0.0,BOUNCE,17.666945491,15.911308543,False,False,,0.0,0.500000000001819,0.0,0.500000000001819,0.0,0.500000000001819,3.999999999996362,4.499999999998181,8.999999999996362,9.499999999998181
2026-03-21,WALL,ASK,2026-03-21 17:16:08.726590991,1774113368726590991,2144.6499999999996,2144.9,36.124,3.8807541494333146,12.144422408,0.9788302198027432,2,5.95,0.16471044181153802,2144.8,-0.0,-12.000000000007276,BREAK,4.904336411,1.103648127,False,True,4.904336411,-0.0,1.500000000005457,-3.000000000001819,-1.499999999996362,-5.0,-3.499999999994543,-8.000000000001819,-6.499999999996362,-11.000000000003638,-9.499999999998181
2026-03-21,WALL,ASK,2026-03-21 17:20:51.273098028,1774113651273098028,2145.55,2145.7,36.846,2.6390201976794154,10.155140788,0.9167450257312967,1,8.884,0.2411116539108723,2145.6,-0.0,-20.999999999994543,BREAK,14.096216378,12.533003332,False,False,,-0.0,0.4999999999972715,-0.0,0.4999999999972715,-0.0,0.4999999999972715,-20.0,-19.50000000000273,-20.999999999994543,-20.49999999999727
2026-03-21,WALL,ASK,2026-03-21 17:27:07.972265854,1774114027972265854,2147.95,2148.3,44.26,3.980573792607249,11.447815542,0.9441156634946766,3,7.8740000000000006,0.1779032986895617,2148.2000000000003,-0.0,-4.000000000005457,BREAK,58.19374756,10.317319796,False,False,6.124365003,-0.0,2.5000000000045475,-1.000000000003638,1.5000000000009095,-3.000000000001819,-0.4999999999972715,-3.000000000001819,-0.4999999999972715,-4.000000000005457,-1.5000000000009095
2026-03-21,WALL,BID,2026-03-21 17:29:03.214745620,1774114143214745620,2148.3500000000004,2148.0,34.744,2.9802710585006005,13.139148103,0.9590172827204032,3,7.182,0.20671195026479394,2148.1,0.0,-3.000000000001819,NONE,,1.887561845,False,True,17.509859617,0.0,2.5000000000045475,0.0,2.5000000000045475,0.0,2.5000000000045475,-3.000000000001819,-0.4999999999972715,-3.000000000001819,-0.4999999999972715
2026-03-21,WALL,ASK,2026-03-21 17:32:13.236374261,1774114333236374261,2148.75,2149.1,38.561,2.813439369619145,11.600815604,0.9046418805572112,3,7.5169999999999995,0.19493789061486994,2149.0,-0.0,-11.999999999998181,BREAK,12.555660611,3.008265987,False,False,1.589268827,-0.0,2.5,-1.999999999998181,0.500000000001819,-3.000000000001819,-0.500000000001819,-10.0,-7.5,-1.000000000003638,1.499999999996362
2026-03-21,WALL,ASK,2026-03-21 17:45:34.954637785,1774115134954637785,2150.6499999999996,2151.0,50.192,6.039588472414416,16.897601273,0.9198379372837744,3,7.276999999999999,0.14498326426522154,2150.9,2.999999999992724,-0.0,BOUNCE,9.855603275,60.0,True,False,,-0.0,2.5000000000045475,-0.0,2.5000000000045475,2.999999999992724,5.4999999999972715,2.999999999992724,5.4999999999972715,2.999999999992724,5.4999999999972715
2026-03-21,WALL,ASK,2026-03-21 17:53:38.435801026,1774115618435801026,2148.3500000000004,2148.6,125.989,7.955860065673151,10.234799686,0.9861109381364398,2,25.439,0.20191445284905823,2148.5,-0.0,-5.0,BREAK,17.914695051,2.201479732,False,True,17.863792899,-0.0,1.499999999996362,-0.0,1.499999999996362,-0.0,1.499999999996362,-5.0,-3.500000000003638,-5.0,-3.500000000003638
2026-03-21,WALL,BID,2026-03-21 18:02:49.599409380,1774116169599409380,2149.6499999999996,2149.5,36.717,3.2910859140411413,20.717320299,0.9310885175594398,1,0.911,0.02481139526649781,2149.6,0.0,-0.999999999994543,NONE,,0.101128215,False,False,,-0.999999999994543,-0.4999999999972715,-0.999999999994543,-0.4999999999972715,-0.999999999994543,-0.4999999999972715,-0.999999999994543,-0.4999999999972715,-0.999999999994543,-0.4999999999972715
2026-03-21,WALL,ASK,2026-03-21 18:16:59.160227902,1774117019160227902,2150.75,2151.0,47.078,4.003061094341227,14.665909073,0.934107765145013,2,0.847,0.017991418496962487,2150.9,3.999999999996362,-8.000000000001819,BREAK,32.514038418,32.514038418,False,False,0.054114276,-1.000000000003638,0.4999999999972715,-1.000000000003638,0.4999999999972715,-1.000000000003638,0.4999999999972715,1.000000000003638,2.5000000000045475,3.999999999996362,5.4999999999972715
2026-03-21,WALL,ASK,2026-03-21 18:35:36.778008947,1774118136778008947,2153.3500000000004,2153.5,26.848,2.4737860499401085,10.423072238,0.9079107659351521,1,5.572,0.20753873659118,2153.4,-0.0,-0.999999999994543,NONE,,2.470644495,False,False,,-0.999999999994543,-0.4999999999972715,-0.999999999994543,-0.4999999999972715,-0.999999999994543,-0.4999999999972715,-0.999999999994543,-0.4999999999972715,-0.999999999994543,-0.4999999999972715
2026-03-21,WALL,BID,2026-03-21 18:53:26.151009873,1774119206151009873,2150.75,2150.5,84.802,7.6684903015779735,10.029889431,0.9560015436824211,2,16.015,0.18885167802646163,2150.6,6.000000000003638,0.0,BOUNCE,21.992898138,60.0,True,False,,0.0,1.5000000000009095,0.0,1.5000000000009095,0.0,1.5000000000009095,3.000000000001819,4.5000000000027285,5.0,6.5000000000009095
2026-03-21,WALL,BID,2026-03-21 18:54:23.971992440,1774119263971992440,2151.25,2150.9,76.065,5.765557492609717,22.036725649,0.9409287103840188,3,17.684,0.23248537435088412,2151.0,6.000000000003638,-3.000000000001819,BOUNCE,31.955915817,1.633813061,False,True,5.211139523,0.0,2.5,-1.999999999998181,0.500000000001819,-3.000000000001819,-0.500000000001819,1.000000000003638,3.500000000003638,6.000000000003638,8.500000000003638
2026-03-21,WALL,BID,2026-03-21 18:59:57.208300791,1774119597208300791,2151.6499999999996,2151.3,101.042,17.845637583892618,25.061789259,0.9798712102401531,3,6.646,0.06577462837236,2151.4,6.000000000003638,-0.999999999994543,BOUNCE,6.329098343,60.0,True,False,,0.0,2.4999999999954525,-0.999999999994543,1.5000000000009095,6.000000000003638,8.49999999999909,6.000000000003638,8.49999999999909,2.000000000007276,4.5000000000027285
2026-03-21,WALL,ASK,2026-03-21 19:00:03.950674083,1774119603950674083,2152.1499999999996,2152.3,58.823,5.534459236957238,31.804162551,0.9817724147878318,1,12.945,0.22006698060282542,2152.2000000000003,2.999999999992724,-1.000000000003638,BOUNCE,31.189747762,60.0,True,False,,-1.000000000003638,-0.4999999999972715,-1.000000000003638,-0.4999999999972715,-1.000000000003638,-0.4999999999972715,-1.000000000003638,-0.4999999999972715,2.999999999992724,3.4999999999990905
2026-03-21,WALL,BID,2026-03-21 19:00:34.987287788,1774119634987287788,2152.1499999999996,2151.8,46.9,5.388327205882352,15.370826921,0.9747632602335774,3,1.9820000000000002,0.042260127931769725,2151.9,0.0,-2.999999999992724,NONE,,0.20430417,False,False,0.153134057,-2.999999999992724,-0.4999999999972715,-2.999999999992724,-0.4999999999972715,-2.999999999992724,-0.4999999999972715,-2.999999999992724,-0.4999999999972715,0.0,2.4999999999954525
2026-03-21,WALL,ASK,2026-03-21 19:09:12.945530324,1774120152945530324,2152.3500000000004,2152.5,25.844,2.371661925300542,10.045095599,0.9554138833636798,1,4.164,0.16112056957127377,2152.4,2.000000000007276,-0.0,BOUNCE,46.50100163,60.0,True,False,,-0.0,0.4999999999972715,-0.0,0.4999999999972715,-0.0,0.4999999999972715,-0.0,0.4999999999972715,2.000000000007276,2.5000000000045475
2026-03-21,WALL,BID,2026-03-21 19:09:51.329404203,1774120191329404203,2152.3500000000004,2152.0,100.447,5.148224078724821,24.967892704,0.9328170535701129,3,24.284,0.24175933576911204,2152.1,0.0,-3.000000000001819,NONE,,8.063754288,False,False,8.117127751,0.0,2.5000000000045475,0.0,2.5000000000045475,-2.000000000007276,0.4999999999972715,-3.000000000001819,-0.4999999999972715,-3.000000000001819,-0.4999999999972715
2026-03-21,WALL,ASK,2026-03-21 19:17:12.792625828,1774120632792625828,2151.45,2151.6,36.319,2.000771243630354,19.917423589,0.9094861870088633,1,6.361,0.17514248740328753,2151.5,-0.0,-4.000000000005457,BREAK,22.058967083,0.058438181,False,False,,-0.0,0.500000000001819,-0.0,0.500000000001819,-0.0,0.500000000001819,-4.000000000005457,-3.500000000003638,-4.000000000005457,-3.500000000003638
2026-03-21,WALL,ASK,2026-03-21 19:20:03.490640551,1774120803490640551,2152.6499999999996,2152.9,78.369,5.599985708671264,11.029857935,0.9433835846590167,2,5.734,0.07316668580688793,2152.8,0.999999999994543,-1.000000000003638,NONE,,60.0,True,False,2.389507881,-0.0,1.500000000005457,-1.000000000003638,0.500000000001819,-0.0,1.500000000005457,0.999999999994543,2.5,0.999999999994543,2.5
2026-03-21,WALL,ASK,2026-03-21 19:22:36.736393959,1774120956736393959,2152.6499999999996,2152.9,65.078,4.83743402958448,10.02726128,0.910642022185344,2,7.592,0.1166600079904115,2152.8,-0.0,-2.000000000007276,NONE,,60.0,True,False,3.477632048,-0.0,1.500000000005457,-1.000000000003638,0.500000000001819,-1.000000000003638,0.500000000001819,-1.000000000003638,0.500000000001819,-2.000000000007276,-0.500000000001819
2026-03-21,WALL,ASK,2026-03-21 19:23:02.944426996,1774120982944426996,2152.75,2152.9,61.444,3.708035364050572,10.105530851,0.9423296681200741,1,14.946,0.24324588242952933,2152.8,-0.0,-1.000000000003638,NONE,,60.0,True,False,,-0.0,0.500000000001819,-0.0,0.500000000001819,-0.0,0.500000000001819,-1.000000000003638,-0.500000000001819,-1.000000000003638,-0.500000000001819
2026-03-21,WALL,ASK,2026-03-21 19:28:34.991361453,1774121314991361453,2153.25,2153.4,49.967,2.3150018532246106,10.06395435,0.9143980670977507,1,7.137,0.1428342706186083,2153.3,6.000000000003638,-0.0,BOUNCE,3.405497542,60.0,True,False,,-0.0,0.500000000001819,1.999999999998181,2.5,3.999999999996362,4.499999999998181,3.999999999996362,4.499999999998181,6.000000000003638,6.500000000005457
2026-03-21,WALL,BID,2026-03-21 19:32:22.545238155,1774121542545238155,2151.45,2151.3,50.446,3.5185882681174583,10.008974788,0.931902126397883,1,11.059,0.21922451730563375,2151.4,0.0,-8.999999999996362,BREAK,16.675403861,16.558129772,False,False,,0.0,0.4999999999972715,0.0,0.4999999999972715,0.0,0.4999999999972715,-8.999999999996362,-8.49999999999909,-8.999999999996362,-8.49999999999909
2026-03-21,WALL,BID,2026-03-21 19:33:59.775273372,1774121639775273372,2150.75,2150.5,47.363,2.323310114784656,19.666882442,0.9393180069327431,2,2.388,0.05041910351962502,2150.6,0.0,-6.000000000003638,BREAK,9.429883355,9.429883355,False,False,2.94958608,0.0,1.5000000000009095,-1.999999999998181,-0.4999999999972715,-6.000000000003638,-4.5000000000027285,-6.000000000003638,-4.5000000000027285,-3.999999999996362,-2.4999999999954525
2026-03-21,WALL,BID,2026-03-21 19:38:10.087297245,1774121890087297245,2150.05,2149.7,27.625,2.7864635868468834,10.952104151,0.9401637392262961,3,4.243,0.1535927601809955,2149.7999999999997,0.0,-4.000000000005457,BREAK,9.086813869,3.312267865,False,False,3.372615379,0.0,2.5000000000045475,-3.000000000001819,-0.4999999999972715,-4.000000000005457,-1.5000000000009095,-1.999999999998181,0.5000000000063665,-1.999999999998181,0.5000000000063665
2026-03-21,WALL,BID,2026-03-21 19:49:37.827568829,1774122577827568829,2151.1499999999996,2150.8,86.919,4.541103941903294,14.603377641,0.9172536631794415,3,6.845,0.0787514812641655,2150.9,0.0,-3.999999999996362,BREAK,37.369549677,1.047622137,False,True,21.293790005,-0.999999999994543,1.5000000000009095,-0.999999999994543,1.5000000000009095,-0.999999999994543,1.5000000000009095,-1.999999999998181,0.4999999999972715,-3.999999999996362,-1.5000000000009095
2026-03-21,WALL,ASK,2026-03-21 20:01:26.497645130,1774123286497645130,2153.05,2153.4,74.003,5.624183006535947,17.370745286,0.9775932292718784,3,3.722,0.05029525830033917,2153.3,4.000000000005457,-1.999999999998181,BOUNCE,9.244909801,60.0,True,False,3.879763332,-0.0,2.5,-1.999999999998181,0.500000000001819,1.999999999998181,4.499999999998181,4.000000000005457,6.500000000005457,4.000000000005457,6.500000000005457
2026-03-21,WALL,BID,2026-03-21 20:03:00.435463155,1774123380435463155,2153.05,2152.8,70.125,4.5206936565239815,10.169784609,0.9389783575700507,2,10.651,0.15188591800356505,2152.9,0.0,-8.000000000001819,BREAK,8.166140209,0.200763176,False,False,0.25312155,-1.999999999998181,-0.4999999999972715,-1.999999999998181,-0.4999999999972715,-5.0,-3.4999999999990905,-5.0,-3.4999999999990905,-8.000000000001819,-6.5000000000009095
2026-03-21,WALL,BID,2026-03-21 20:07:15.935418790,1774123635935418790,2151.45,2151.1,50.08,3.452840595697738,13.497159603,0.9930216008574823,3,12.401,0.24762380191693292,2151.2,0.0,-1.999999999998181,NONE,,1.024213052,False,False,1.586754804,0.0,2.5,-1.999999999998181,0.500000000001819,-1.999999999998181,0.500000000001819,-1.999999999998181,0.500000000001819,-1.999999999998181,0.500000000001819
2026-03-21,WALL,BID,2026-03-21 20:13:03.874597256,1774123983874597256,2152.55,2152.4,64.627,3.689176846671994,26.034276862,0.9750431744870794,1,15.539,0.2404413016231606,2152.5,6.999999999998181,0.0,BOUNCE,0.203558464,0.097267502,False,False,,3.999999999996362,4.499999999998181,5.0,5.500000000001819,5.999999999994543,6.499999999996362,6.999999999998181,7.5,6.999999999998181,7.5
2026-03-21,WALL,ASK,2026-03-21 20:13:17.702252712,1774123997702252712,2153.1499999999996,2153.4,68.928,3.304868985687915,40.614081762,0.9634600274925206,2,14.567,0.21133646703806871,2153.3,-0.0,-1.000000000003638,NONE,,60.0,True,False,0.406365355,-1.000000000003638,0.500000000001819,-1.000000000003638,0.500000000001819,-1.000000000003638,0.500000000001819,-1.000000000003638,0.500000000001819,-1.000000000003638,0.500000000001819
2026-03-21,WALL,BID,2026-03-21 20:15:31.459943051,1774124131459943051,2152.6499999999996,2152.4,52.017,4.7691390849912905,10.121826578,0.9542576347824085,2,12.075999999999999,0.2321548724455466,2152.5,0.0,-0.999999999994543,NONE,,18.348163056,False,False,18.449168955,0.0,1.499999999996362,0.0,1.499999999996362,0.0,1.499999999996362,-0.999999999994543,0.500000000001819,0.0,1.499999999996362
2026-03-21,WALL,BID,2026-03-21 20:24:41.504614556,1774124681504614556,2154.45,2154.1,52.415,4.3058407952024975,11.366656756,0.9595692715223924,3,13.061,0.24918439378040638,2154.2,0.0,-1.999999999998181,NONE,,24.880681562,False,True,38.55420807,0.0,2.5,0.0,2.5,-0.999999999994543,1.500000000005457,-0.999999999994543,1.500000000005457,-1.999999999998181,0.500000000001819
2026-03-21,WALL,ASK,2026-03-21 20:30:00.984093933,1774125000984093933,2154.25,2154.5,65.287,3.4687458491618632,16.289605033,0.9428010652122973,2,15.103,0.23133242452555636,2154.4,-0.0,-8.999999999996362,BREAK,13.967559969,4.733657476,False,False,0.099891457,-1.999999999998181,-0.4999999999972715,-1.999999999998181,-0.4999999999972715,-1.999999999998181,-0.4999999999972715,-6.000000000003638,-4.5000000000027285,-8.999999999996362,-7.4999999999954525
2026-03-21,WALL,ASK,2026-03-21 20:31:19.546461619,1774125079546461619,2155.25,2155.6,75.508,2.7913716936840354,10.017016916,0.9022780646964418,3,2.492,0.03300312549663612,2155.5,1.000000000003638,-1.999999999998181,NONE,,60.0,True,False,25.052187362,-0.0,2.5,-0.0,2.5,-1.000000000003638,1.499999999996362,-1.999999999998181,0.500000000001819,-1.999999999998181,0.500000000001819
2026-03-21,WALL,BID,2026-03-21 20:31:38.200546149,1774125098200546149,2155.3500000000004,2155.2,72.417,4.700571206023627,11.912265,0.9355220617573569,1,15.699,0.21678611375781928,2155.2999999999997,1.999999999998181,-2.000000000007276,BREAK,6.245078103,0.982916137,False,False,,0.0,0.5000000000063665,0.0,0.5000000000063665,0.999999999994543,1.5000000000009095,0.999999999994543,1.5000000000009095,1.999999999998181,2.5000000000045475
2026-03-21,WALL,ASK,2026-03-21 20:31:44.598648981,1774125104598648981,2155.45,2155.6,49.493,2.638852603236384,18.310367832,0.9403021482130103,1,8.906,0.17994463863576668,2155.5,-0.0,-1.000000000003638,NONE,,60.0,True,False,,-0.0,0.500000000001819,-0.0,0.500000000001819,-0.0,0.500000000001819,-0.0,0.500000000001819,-1.000000000003638,-0.500000000001819
2026-03-21,WALL,BID,2026-03-21 20:33:00.639602718,1774125180639602718,2155.55,2155.4,54.786,3.3691654879773694,16.699664762,0.9330242800714732,1,11.916,0.21750082137772422,2155.5,0.0,0.0,NONE,,0.20390022,False,False,,0.0,0.500000000001819,0.0,0.500000000001819,0.0,0.500000000001819,0.0,0.500000000001819,0.0,0.500000000001819
2026-03-21,WALL,ASK,2026-03-21 20:34:07.349555501,1774125247349555501,2155.45,2155.6,95.038,7.614919274067546,10.213428961,0.9345396124501424,1,12.519,0.1317262568656748,2155.5,8.000000000001819,-0.0,BOUNCE,13.678884279,18.764816042,False,False,,-0.0,0.500000000001819,-0.0,0.500000000001819,-0.0,0.500000000001819,5.999999999994543,6.499999999996362,8.000000000001819,8.500000000003638
2026-03-21,WALL,ASK,2026-03-21 20:54:38.859633781,1774126478859633781,2155.75,2156.1,53.565,2.876127577319587,15.877273474,0.9382080727773198,3,5.728999999999999,0.10695416783347333,2156.0,-1.999999999998181,-6.000000000003638,BREAK,22.661644659,22.445583144,False,False,0.04793923,-1.999999999998181,0.500000000001819,-1.999999999998181,0.500000000001819,-1.999999999998181,0.500000000001819,-6.000000000003638,-3.500000000003638,-3.000000000001819,-0.500000000001819
2026-03-21,WALL,BID,2026-03-21 21:02:51.567133888,1774126971567133888,2154.95,2154.6,66.642,2.5661147477859068,14.687564329,0.963884986093122,3,12.43,0.18651901203445276,2154.7,0.0,-3.999999999996362,BREAK,26.011187115,0.051083356,False,True,3.413574082,-0.999999999994543,1.500000000005457,-1.999999999998181,0.500000000001819,-3.000000000001819,-0.500000000001819,-3.999999999996362,-1.499999999996362,-1.999999999998181,0.500000000001819
2026-03-21,WALL,BID,2026-03-21 21:10:32.172723715,1774127432172723715,2156.6499999999996,2156.4,75.452,4.803718087476921,10.021817818,0.9398255800542632,2,16.528,0.21905317287812118,2156.5,0.0,-3.999999999996362,BREAK,39.690402191,0.412817768,False,True,12.593122573,0.0,1.499999999996362,0.0,1.499999999996362,0.0,1.499999999996362,-1.999999999998181,-0.500000000001819,-3.999999999996362,-2.5
2026-03-21,WALL,ASK,2026-03-21 21:14:50.837904005,1774127690837904005,2154.45,2154.7,47.92,3.3604488078541372,10.007534718,0.895758487839802,2,10.1,0.21076794657762937,2154.6,-0.0,-6.999999999998181,BREAK,30.216631189,1.034450355,False,True,9.593072023,-0.0,1.5000000000009095,-0.0,1.5000000000009095,-1.999999999998181,-0.4999999999972715,-1.999999999998181,-0.4999999999972715,-4.000000000005457,-2.5000000000045475
2026-03-21,WALL,BID,2026-03-21 21:16:50.480658093,1774127810480658093,2153.95,2153.6,57.793,3.8282383333885335,12.079917475,0.9217887200839507,3,14.31,0.2476078417801464,2153.7,9.000000000005457,-0.999999999994543,BOUNCE,28.980114553,60.0,True,False,,-0.999999999994543,1.500000000005457,-0.999999999994543,1.500000000005457,-0.999999999994543,1.500000000005457,4.000000000005457,6.500000000005457,9.000000000005457,11.500000000005457
2026-03-21,WALL,BID,2026-03-21 21:17:05.693100397,1774127825693100397,2153.8500000000004,2153.6,73.737,6.393566288043006,10.037731441,0.9289069474318485,2,6.712,0.09102621479040374,2153.7,10.0,0.0,BOUNCE,12.543905434,60.0,True,False,,0.0,1.500000000005457,0.0,1.500000000005457,0.0,1.500000000005457,10.0,11.500000000005457,10.0,11.500000000005457
2026-03-21,WALL,ASK,2026-03-21 21:37:11.036069352,1774129031036069352,2154.75,2155.1,89.435,7.623492307036611,10.062833918,0.8911352390462856,3,15.323,0.17133113434337788,2155.0,-0.0,-3.000000000001819,NONE,,60.0,True,False,49.233502673,-0.0,2.5,-0.0,2.5,-0.0,2.5,-0.0,2.5,-3.000000000001819,-0.500000000001819
2026-03-21,WALL,BID,2026-03-21 21:39:55.523947316,1774129195523947316,2155.55,2155.4,50.019,3.894195959360037,10.106909287,0.954466737166432,1,10.437,0.20866070893060637,2155.5,0.0,-1.999999999998181,BREAK,24.652397184,5.411726594,False,False,,0.0,0.500000000001819,0.0,0.500000000001819,0.0,0.500000000001819,-1.999999999998181,-1.499999999996362,-1.999999999998181,-1.499999999996362
2026-03-21,WALL,BID,2026-03-21 21:44:38.713851691,1774129478713851691,2155.8500000000004,2155.5,79.963,3.4359437103877966,10.066611852,0.9989540049666356,3,15.408000000000001,0.19268911871740682,2155.6,0.0,-12.000000000007276,BREAK,20.406410844,7.52343844,False,True,18.315556794,0.0,2.5000000000045475,0.0,2.5000000000045475,-1.000000000003638,1.5000000000009095,-8.000000000001819,-5.4999999999972715,-12.000000000007276,-9.500000000002728
2026-03-21,WALL,BID,2026-03-21 21:44:50.137252377,1774129490137252377,2155.75,2155.4,109.006,6.001541595551395,10.049369052,0.9520763964873842,3,16.71,0.15329431407445462,2155.5,0.0,-11.000000000003638,BREAK,9.845523168,2.952606945,False,True,6.892156108,0.0,2.5,0.0,2.5,-3.999999999996362,-1.499999999996362,-8.000000000001819,-5.500000000001819,-5.0,-2.5
2026-03-21,WALL,BID,2026-03-21 21:46:01.697142100,1774129561697142100,2155.25,2154.9,77.235,4.307464934050918,11.359302273,0.9627576774670797,3,16.326999999999998,0.21139379814850778,2155.0,0.0,-8.000000000001819,BREAK,9.64048343,2.682229978,False,False,3.057974089,0.0,2.5,-3.000000000001819,-0.500000000001819,-5.0,-2.5,-3.999999999996362,-1.499999999996362,-3.999999999996362,-1.499999999996362
2026-03-21,WALL,BID,2026-03-21 21:52:37.587436201,1774129957587436201,2153.95,2153.6,81.021,4.320428731402975,10.032029756,0.9301906018987689,3,17.886,0.22075758136779353,2153.7,0.0,-15.0,BREAK,20.17126402,17.61823618,False,False,9.909816273,0.0,2.5,-0.999999999994543,1.500000000005457,-3.000000000001819,-0.500000000001819,-11.999999999998181,-9.499999999998181,-8.999999999996362,-6.499999999996362
2026-03-21,WALL,ASK,2026-03-21 22:01:30.455476736,1774130490455476736,2151.2,2151.5,58.436,5.516993957703928,17.768235289,0.8947570167445006,2,5.96,0.10199192278732289,2151.4,2.5,-5.500000000001819,BREAK,33.774212725,5.447631856,False,True,12.397890057,-0.500000000001819,1.5000000000009095,-0.500000000001819,1.5000000000009095,-0.500000000001819,1.5000000000009095,-2.5,-0.4999999999972715,2.5,4.5000000000027285
2026-03-21,WALL,BID,2026-03-21 22:19:49.432813807,1774131589432813807,2151.55,2151.4,50.068,2.722714666376638,10.045025386,0.9939619171013213,1,10.001,0.19974834225453383,2151.5,1.999999999998181,0.0,BOUNCE,5.104897775,60.0,True,False,,0.0,0.500000000001819,0.0,0.500000000001819,1.999999999998181,2.5,0.999999999994543,1.499999999996362,1.999999999998181,2.5
2026-03-21,WALL,ASK,2026-03-21 22:19:54.486445407,1774131594486445407,2151.6,2151.9,53.041,4.566005251151379,11.998055605,0.9939755159186062,2,7.648000000000001,0.14419034331931904,2151.8,0.4999999999972715,-1.5000000000009095,NONE,,0.051266175,False,False,0.051266175,-1.5000000000009095,0.500000000001819,-1.5000000000009095,0.500000000001819,0.4999999999972715,2.5,-0.4999999999972715,1.500000000005457,-1.5000000000009095,0.500000000001819
2026-03-21,WALL,BID,2026-03-21 22:21:43.489109867,1774131703489109867,2151.6499999999996,2151.4,70.751,3.8131450591500715,10.028548487,0.8706157194451425,2,13.394000000000002,0.18931181184718238,2151.5,0.0,-1.999999999998181,NONE,,60.0,True,False,1.278527569,0.0,1.499999999996362,-1.999999999998181,-0.500000000001819,-1.999999999998181,-0.500000000001819,-1.999999999998181,-0.500000000001819,-1.999999999998181,-0.500000000001819
2026-03-21,WALL,BID,2026-03-21 22:26:29.330631795,1774131989330631795,2151.25,2151.0,73.412,4.9634562726074165,10.075517461,0.9615801167038442,2,10.983,0.14960769356508472,2151.1,0.0,-1.999999999998181,NONE,,60.0,True,False,5.69012282,0.0,1.5000000000009095,0.0,1.5000000000009095,-1.999999999998181,-0.4999999999972715,-1.999999999998181,-0.4999999999972715,-1.999999999998181,-0.4999999999972715
2026-03-21,WALL,ASK,2026-03-21 22:33:06.150831020,1774132386150831020,2151.55,2151.9,57.618,4.175519965214871,10.046577148,0.9343705758402244,3,13.445,0.23334721788330035,2151.8,-0.0,-10.999999999994543,BREAK,38.041015905,37.99316471,False,False,32.838788603,-0.0,2.5,-0.0,2.5,-0.0,2.5,-0.999999999994543,1.500000000005457,-10.999999999994543,-8.499999999994543
2026-03-21,WALL,BID,2026-03-21 22:46:21.194844729,1774133181194844729,2151.1499999999996,2150.9,56.014,2.6880053746670822,24.571783153,0.9131959271853013,2,7.256,0.12953904381047596,2151.0,0.0,-3.999999999996362,BREAK,2.502795804,2.451738275,False,False,2.502795804,0.0,1.499999999996362,-2.999999999992724,-1.499999999996362,-2.999999999992724,-1.499999999996362,-2.999999999992724,-1.499999999996362,-3.999999999996362,-2.5
2026-03-21,WALL,ASK,2026-03-21 22:49:19.535925740,1774133359535925740,2151.05,2151.3,47.0,2.7930470955281534,10.027778043,0.9395914878248767,2,5.448,0.11591489361702129,2151.2000000000003,1.999999999998181,-1.999999999998181,BOUNCE,28.277271451,60.0,True,False,13.266873846,-0.0,1.5000000000009095,-0.0,1.5000000000009095,-0.0,1.5000000000009095,1.999999999998181,3.4999999999990905,1.999999999998181,3.4999999999990905
2026-03-21,WALL,ASK,2026-03-21 22:49:56.183602631,1774133396183602631,2151.0,2151.3,72.785,5.679893870225136,21.090626767,0.9561545223754611,2,12.022,0.165171395205056,2151.2000000000003,3.500000000003638,-2.5,BOUNCE,42.920659402,60.0,True,False,0.050878927,-2.5,-0.4999999999972715,-2.5,-0.4999999999972715,-1.499999999996362,0.5000000000063665,1.499999999996362,3.4999999999990905,3.500000000003638,5.5000000000063665
2026-03-21,WALL,BID,2026-03-21 23:00:58.512855197,1774134058512855197,2149.25,2149.1,73.961,4.824120275250302,10.105286459,0.9850563932440027,1,15.104,0.20421573531996592,2149.2,0.0,-15.0,BREAK,17.192997212,17.192997212,False,False,,0.0,0.500000000001819,0.0,0.500000000001819,0.0,0.500000000001819,-15.0,-14.499999999998181,-6.999999999998181,-6.499999999996362
2026-03-21,WALL,ASK,2026-03-21 23:13:34.586578090,1774134814586578090,2145.55,2145.9,73.516,6.949896010588014,52.576956662,0.9623410065035004,3,17.18,0.233690625170031,2145.8,-0.0,-13.000000000001819,BREAK,6.58617773,4.702374162,False,True,5.459967294,-0.0,2.5,-0.999999999994543,1.500000000005457,-3.999999999996362,-1.499999999996362,-8.000000000001819,-5.500000000001819,-11.999999999998181,-9.499999999998181
2026-03-21,WALL,BID,2026-03-21 23:22:06.689190640,1774135326689190640,2147.45,2147.3,48.024,2.359206130870505,10.05018066,0.8428539878605525,1,0.96,0.019990004997501247,2147.4,0.0,-5.999999999994543,BREAK,37.735885024,36.749916958,False,False,,0.0,0.4999999999972715,-0.999999999994543,-0.4999999999972715,-0.999999999994543,-0.4999999999972715,-0.999999999994543,-0.4999999999972715,-5.999999999994543,-5.4999999999972715
2026-03-21,WALL,ASK,2026-03-21 23:32:25.642810043,1774135945642810043,2144.75,2145.0,54.164,4.735650273224044,10.189650528,0.973546652629616,2,11.994,0.22143859390000736,2144.9,-0.0,-6.999999999998181,BREAK,1.327319959,1.221157316,False,False,1.276887259,-0.0,1.5000000000009095,-3.000000000001819,-1.5000000000009095,-5.0,-3.4999999999990905,-6.999999999998181,-5.4999999999972715,-0.0,1.5000000000009095
2026-03-21,WALL,ASK,2026-03-21 23:32:26.863967359,1774135946863967359,2144.75,2145.1,77.794,7.255549337810109,11.436804267,0.9719136094750829,3,16.727,0.21501658225570097,2145.0,-0.0,-6.999999999998181,BREAK,4.959418457,0.055729943,False,False,0.106162643,-3.000000000001819,-0.500000000001819,-3.999999999996362,-1.499999999996362,-5.0,-2.5,-6.999999999998181,-4.499999999998181,-0.0,2.5
2026-03-21,WALL,ASK,2026-03-21 23:32:48.117194874,1774135968117194874,2145.45,2145.8,99.281,8.223050482461591,10.018939177,0.9094746055468543,3,18.649,0.18784057372508334,2145.7000000000003,6.999999999998181,-0.0,BOUNCE,20.851447076,1.870584407,False,True,,-0.0,2.5000000000045475,-0.0,2.5000000000045475,-0.0,2.5000000000045475,6.999999999998181,9.500000000002728,6.999999999998181,9.500000000002728
2026-03-21,WALL,ASK,2026-03-21 23:36:08.135650221,1774136168135650221,2145.55,2145.7,86.813,3.9704093299794194,11.348688909,0.9939170109821891,1,21.679,0.24972066395585912,2145.6,3.000000000001819,-0.999999999994543,BOUNCE,42.166692227,1.741359997,False,False,,-0.0,0.4999999999972715,-0.0,0.4999999999972715,-0.0,0.4999999999972715,-0.999999999994543,-0.4999999999972715,-0.999999999994543,-0.4999999999972715
