date,eventType,side,timestamp,timestampNs,wallAgeSeconds,presenceShare,wallPrice,wallVolume,wallRatio,distanceTicks,distanceBucket,approachTicks,approachBucket,thinVolume,thinVolumeRatio,entryPrice,targetPrice,grossEdgeTicks,signalBestBid,signalBestAsk,roundTripFee0_0bpsTicks,netEdgeIfHit0_0bpsTicks,roundTripFee0_5bpsTicks,netEdgeIfHit0_5bpsTicks,roundTripFee1_0bpsTicks,netEdgeIfHit1_0bpsTicks,outcome,outcomeSeconds,targetHitWithinWindow,timeToTargetSeconds,wallRemoved,timeToWallRemovalSeconds,wallRemovedBeforeHit,targetHitAfterWallRemoved,secondsFromRemovalToHit,movedAwayBeforeHit,timeToMovedAwaySeconds,maxMovedAwayTicks
2026-03-19,YOUNG_LEVEL,ASK,2026-03-19 00:00:26.308281885,1773878426308281885,1.120157492,1.0,2204.2,109.269,13.003570153516604,5,5,7.9999999999972715,6+,39.906,0.365208796639486,2203.6,2204.1,5.0,2203.6,2203.7,0.0,5.0,2.2038499999999996,2.7961500000000004,4.407699999999999,0.5923000000000007,TIMEOUT,60.0,False,,True,2.298314753,True,False,,True,4.94767238,20.0
2026-03-19,YOUNG_LEVEL,ASK,2026-03-19 00:00:51.527691709,1773878451527691709,1.840727441,0.9954252645924454,2204.1,57.518,14.442686754551161,2,2,7.0000000000027285,6+,4.819,0.08378246809694356,2203.8,2204.0,1.999999999998181,2203.8,2203.9,0.0,1.999999999998181,2.2039,-0.20390000000181896,4.4078,-2.407800000001819,TIMEOUT,60.0,False,,True,4.689665851,True,False,,True,0.306040788,22.00000000000273
2026-03-19,YOUNG_LEVEL,BID,2026-03-19 00:00:58.041488496,1773878458041488496,1.050904738,1.0,2202.7,48.069,3.576828633082819,4,4,4.0000000000009095,4-5,16.056,0.3340198464706984,2203.2,2202.7999999999997,4.0000000000009095,2203.1,2203.2,0.0,4.0000000000009095,2.203,1.7970000000009096,4.406,-0.4059999999990902,HIT_TARGET,5.627817966,True,5.627817966,True,0.116424834,True,True,5.511393132,False,,0.0
2026-03-19,YOUNG_LEVEL,ASK,2026-03-19 00:01:21.162525855,1773878481162525855,0.550367334,1.0,2202.4,34.196,3.166442890874577,2,2,5.0,4-5,11.293000000000001,0.33024330331032875,2202.1,2202.3,2.0000000000027285,2202.1,2202.2,0.0,2.0000000000027285,2.2021999999999995,-0.202199999997271,4.404399999999999,-2.4043999999972705,HIT_TARGET,3.945132375,True,3.945132375,True,1.273466347,True,True,2.671666028,False,,0.0
2026-03-19,YOUNG_LEVEL,ASK,2026-03-19 00:01:26.588086995,1773878486588086995,1.53105489,0.7138306014619763,2202.9,50.156,4.427612994350283,3,3,4.0000000000009095,4-5,20.683,0.41237339500757636,2202.5,2202.8,3.000000000001819,2202.5,2202.6,0.0,3.000000000001819,2.20265,0.7973500000018188,4.4053,-1.4052999999981814,HIT_TARGET,4.339044584,True,4.339044584,True,0.358519493,True,True,3.980525091,False,,0.0
2026-03-19,YOUNG_LEVEL,BID,2026-03-19 00:01:53.952508427,1773878513952508427,1.225423302,1.0,2201.9,90.748,8.155290945854864,4,4,10.99999999999909,6+,22.71,0.2502534491118262,2202.4,2202.0,4.0000000000009095,2202.3,2202.4,0.0,4.0000000000009095,2.2021999999999995,1.79780000000091,4.404399999999999,-0.4043999999990895,HIT_TARGET,1.526474444,True,1.526474444,True,0.305589214,True,True,1.22088523,False,,0.0
2026-03-19,YOUNG_LEVEL,BID,2026-03-19 00:01:55.431050541,1773878515431050541,1.478542114,1.0,2201.6,75.991,7.5190224113194475,5,5,5.0,4-5,15.416,0.2028661288836836,2202.2,2201.7,5.0,2202.1,2202.2,0.0,5.0,2.2019499999999996,2.7980500000000004,4.403899999999999,0.5961000000000007,TIMEOUT,60.0,False,,True,0.717813158,True,False,,True,5.811265625,10.0
2026-03-19,YOUNG_LEVEL,ASK,2026-03-19 00:02:01.726997491,1773878521726997491,0.528960988,1.0,2203.3,54.584,4.1507167027869665,3,3,9.00000000000091,6+,20.56,0.376667155210318,2202.9,2203.2000000000003,3.000000000001819,2202.9,2203.0,0.0,3.000000000001819,2.20305,0.7969500000018188,4.4061,-1.4060999999981814,HIT_TARGET,9.370365251,True,9.370365251,True,3.402565673,True,True,5.967799578,True,4.168894894,5.9999999999990905
2026-03-19,YOUNG_LEVEL,ASK,2026-03-19 00:03:44.512340550,1773878624512340550,0.50785941,1.0,2204.0,54.542,6.282916714664209,5,5,5.9999999999990905,4-5,26.863,0.4925195262366616,2203.4,2203.9,5.0,2203.4,2203.5,0.0,5.0,2.20365,2.79635,4.4073,0.5926999999999998,HIT_TARGET,8.061587247,True,8.061587247,True,2.708297721,True,True,5.353289526,False,,0.0
2026-03-19,YOUNG_LEVEL,BID,2026-03-19 00:04:53.041755008,1773878693041755008,0.722533951,1.0,2207.2,48.8,4.258661314250807,3,3,5.9999999999990905,4-5,7.324,0.15008196721311476,2207.6,2207.2999999999997,3.000000000001819,2207.5,2207.6,0.0,3.000000000001819,2.2074499999999997,0.7925500000018193,4.414899999999999,-1.4148999999981804,HIT_TARGET,0.29989543,True,0.29989543,False,,False,False,,False,,0.0
2026-03-19,YOUNG_LEVEL,BID,2026-03-19 00:04:56.959950467,1773878696959950467,0.506262573,1.0,2205.8,28.669,3.1948515072156902,3,3,9.00000000000091,6+,8.557,0.2984757054658342,2206.2,2205.9,2.9999999999972715,2206.1,2206.2,0.0,2.9999999999972715,2.2060500000000003,0.7939499999972712,4.412100000000001,-1.412100000002729,HIT_TARGET,0.104229186,True,0.104229186,False,,False,False,,False,,0.0
2026-03-19,YOUNG_LEVEL,ASK,2026-03-19 00:05:03.686976978,1773878703686976978,0.750937553,0.7037041361014476,2207.2,38.87,7.760806628731157,4,4,9.00000000000091,6+,14.695,0.37805505531258043,2206.7,2207.1,4.0000000000009095,2206.7,2206.8,0.0,4.0000000000009095,2.2068999999999996,1.7931000000009099,4.413799999999999,-0.4137999999990898,HIT_TARGET,4.557770124,True,4.557770124,True,2.76518341,True,True,1.792586714,False,,0.0
2026-03-19,YOUNG_LEVEL,ASK,2026-03-19 00:05:10.865014770,1773878710865014770,0.580617284,1.0,2208.4,39.874,9.604721185113815,7,7,8.999999999996362,6+,11.203,0.28096002407583887,2207.6,2208.3,7.0000000000027285,2207.6,2207.7,0.0,7.0000000000027285,2.20795,4.792050000002728,4.4159,2.5841000000027288,TIMEOUT,60.0,False,,True,0.798218269,True,False,,True,10.544855835,47.99999999999727
2026-03-19,YOUNG_LEVEL,BID,2026-03-19 00:05:23.342786050,1773878723342786050,1.984169899,1.0,2206.4,45.868,5.063252014571145,2,2,9.00000000000091,6+,7.36,0.16046045173105433,2206.7,2206.5,1.999999999998181,2206.6,2206.7,0.0,1.999999999998181,2.2066,-0.20660000000181888,4.4132,-2.413200000001819,HIT_TARGET,0.464966743,True,0.464966743,False,,False,False,,False,,0.0
2026-03-19,YOUNG_LEVEL,ASK,2026-03-19 00:05:47.388766315,1773878747388766315,1.785811763,1.0,2205.5,28.205,4.202175208581645,1,1,5.9999999999990905,4-5,0.453,0.016060982095373162,2204.8,2205.4,5.9999999999990905,2204.8,2205.4,0.0,5.9999999999990905,2.2051000000000003,3.7948999999990902,4.410200000000001,1.58979999999909,HIT_TARGET,0.048793703,True,0.048793703,False,,False,False,,False,,0.0
2026-03-19,YOUNG_LEVEL,ASK,2026-03-19 00:07:38.821199721,1773878858821199721,1.123990171,1.0,2205.6,34.899,6.274541531823085,6,6,5.9999999999990905,4-5,8.092,0.23186910799736382,2204.9,2205.5,5.9999999999990905,2204.9,2205.0,0.0,5.9999999999990905,2.2051999999999996,3.794799999999091,4.410399999999999,1.5895999999990913,HIT_TARGET,0.101885216,True,0.101885216,False,,False,False,,False,,0.0
2026-03-19,YOUNG_LEVEL,BID,2026-03-19 00:08:27.007363185,1773878907007363185,0.521855228,1.0,2205.3,25.567,3.499452504790583,2,2,4.0000000000009095,4-5,4.975,0.19458677201079516,2205.6,2205.4,1.999999999998181,2205.5,2205.6,0.0,1.999999999998181,2.2055,-0.20550000000181878,4.411,-2.4110000000018186,HIT_TARGET,5.413221429,True,5.413221429,True,0.466080793,True,True,4.947140636,False,,0.0
2026-03-19,YOUNG_LEVEL,ASK,2026-03-19 00:08:44.819444701,1773878924819444701,0.968673192,1.0,2206.1,62.02,7.716329704510108,4,4,3.999999999996362,2-3,9.649000000000001,0.1555788455336988,2205.6,2206.0,4.0000000000009095,2205.6,2205.7,0.0,4.0000000000009095,2.2058,1.7942000000009095,4.4116,-0.41159999999909047,TIMEOUT,60.0,False,,True,3.717709329,True,False,,True,8.883732932,30.99999999999909
2026-03-19,YOUNG_LEVEL,BID,2026-03-19 00:09:54.352462905,1773878994352462905,0.529252869,1.0,2201.1,87.62,9.544142475900006,6,6,4.0000000000009095,4-5,39.49,0.45069618808491213,2201.8,2201.2,6.000000000003638,2201.7,2201.8,0.0,6.000000000003638,2.2015,3.798500000003638,4.403,1.5970000000036384,HIT_TARGET,14.424142192,True,14.424142192,True,0.593269439,True,True,13.830872753,False,,0.0
2026-03-19,YOUNG_LEVEL,ASK,2026-03-19 00:10:19.385202183,1773879019385202183,0.8615799,1.0,2201.2,108.183,6.4169286434545345,4,4,5.0,4-5,51.936,0.48007542774742795,2200.7,2201.1,4.0000000000009095,2200.7,2200.8,0.0,4.0000000000009095,2.2008999999999994,1.79910000000091,4.401799999999999,-0.40179999999908933,HIT_TARGET,2.458412989,True,2.458412989,False,,False,False,,False,,0.0
2026-03-19,YOUNG_LEVEL,ASK,2026-03-19 00:11:01.599634989,1773879061599634989,1.013217664,1.0,2196.7,47.981,6.813547287702358,5,5,3.999999999996362,2-3,21.081,0.43936141389299926,2196.1,2196.6,5.0,2196.1,2196.2,0.0,5.0,2.19635,2.80365,4.3927,0.6073000000000004,HIT_TARGET,35.017691976,True,35.017691976,True,1.885692395,True,True,33.131999581,True,2.298444938,18.999999999996362
2026-03-19,YOUNG_LEVEL,ASK,2026-03-19 00:12:07.149077358,1773879127149077358,0.509861791,1.0,2199.3,52.094,5.721157542144858,2,2,5.0,4-5,23.589,0.4528160632702422,2199.0,2199.2000000000003,2.0000000000027285,2199.0,2199.1,0.0,2.0000000000027285,2.1991000000000005,-0.19909999999727201,4.398200000000001,-2.3981999999972725,HIT_TARGET,2.041555918,True,2.041555918,False,,False,False,,False,,0.0
2026-03-19,YOUNG_LEVEL,BID,2026-03-19 00:12:16.902499420,1773879136902499420,0.513838179,1.0,2198.2,77.277,13.33281573498965,5,5,6.000000000003638,6+,32.774,0.4241106668219522,2198.8,2198.2999999999997,5.0000000000045475,2198.7,2198.8,0.0,5.0000000000045475,2.19855,2.8014500000045475,4.3971,0.6029000000045475,HIT_TARGET,30.467063455,True,30.467063455,True,1.016211584,True,True,29.450851871,False,,2.0000000000027285
2026-03-19,YOUNG_LEVEL,ASK,2026-03-19 00:14:24.036481189,1773879264036481189,0.500899114,0.7007038826584948,2201.2,35.906,4.170509321098786,2,2,4.0000000000009095,4-5,6.776,0.18871497799810616,2200.9,2201.1,1.999999999998181,2200.9,2201.0,0.0,1.999999999998181,2.2009999999999996,-0.2010000000018186,4.401999999999999,-2.4020000000018182,HIT_TARGET,0.721478976,True,0.721478976,False,,False,False,,False,,0.0
2026-03-19,YOUNG_LEVEL,BID,2026-03-19 00:16:13.318485218,1773879373318485218,1.377875128,1.0,2199.3,104.464,8.41569322484492,5,5,3.999999999996362,2-3,42.974000000000004,0.41137616786644204,2199.9,2199.4,5.0,2199.8,2199.9,0.0,5.0,2.19965,2.80035,4.3993,0.6006999999999998,TIMEOUT,60.0,False,,True,2.860197751,True,False,,True,33.187450854,7.9999999999972715
2026-03-19,YOUNG_LEVEL,ASK,2026-03-19 00:21:24.079497149,1773879684079497149,1.531286378,1.0,2199.9,58.534,5.038433397891112,2,2,3.999999999996362,2-3,4.9990000000000006,0.08540335531485975,2199.6,2199.8,2.0000000000027285,2199.6,2199.7,0.0,2.0000000000027285,2.1996999999999995,-0.19969999999727106,4.399399999999999,-2.3993999999972706,HIT_TARGET,0.667146523,True,0.667146523,False,,False,False,,False,,0.0
2026-03-19,YOUNG_LEVEL,BID,2026-03-19 00:21:39.999429916,1773879699999429916,0.516199947,1.0,2199.0,27.351,5.710616974632007,4,4,4.0000000000009095,4-5,12.687000000000001,0.46385872545793577,2199.5,2199.1,4.0000000000009095,2199.4,2199.5,0.0,4.0000000000009095,2.1993,1.8007000000009095,4.3986,-0.39859999999909057,HIT_TARGET,5.977243352,True,5.977243352,True,0.105897712,True,True,5.87134564,False,,0.0
2026-03-19,YOUNG_LEVEL,ASK,2026-03-19 00:22:13.239796292,1773879733239796292,0.817459491,1.0,2198.5,36.911,3.3980207134637515,3,3,3.999999999996362,2-3,15.302,0.4145647638915228,2198.1,2198.4,3.000000000001819,2198.1,2198.2,0.0,3.000000000001819,2.19825,0.8017500000018192,4.3965,-1.3964999999981806,HIT_TARGET,4.441545168,True,4.441545168,True,3.095583528,True,True,1.34596164,False,,0.0
2026-03-19,YOUNG_LEVEL,ASK,2026-03-19 00:22:22.874305228,1773879742874305228,0.509312016,1.0,2199.1,79.957,8.690505950763542,3,3,4.0000000000009095,4-5,23.168,0.28975574371224533,2198.7,2199.0,3.000000000001819,2198.7,2198.8,0.0,3.000000000001819,2.1988499999999997,0.8011500000018192,4.3976999999999995,-1.3976999999981805,TIMEOUT,60.0,False,,True,2.461592519,True,False,,True,3.077287342,21.000000000003638
2026-03-19,YOUNG_LEVEL,BID,2026-03-19 00:23:42.431278077,1773879822431278077,0.509611185,1.0,2196.9,46.5,6.5419245920090034,1,1,5.0,4-5,0.455,0.00978494623655914,2197.1,2197.0,0.9999999999990905,2197.0,2197.1,0.0,0.9999999999990905,2.19705,-1.1970500000009094,4.3941,-3.3941000000009094,HIT_TARGET,0.050417172,True,0.050417172,False,,False,False,,False,,0.0
2026-03-19,YOUNG_LEVEL,ASK,2026-03-19 00:29:35.635328429,1773880175635328429,0.552704539,1.0,2204.5,76.107,6.1285179369489065,1,1,15.0,6+,32.11,0.42190600076208495,2204.3,2204.4,0.9999999999990905,2204.3,2204.4,0.0,0.9999999999990905,2.2043500000000003,-1.2043500000009097,4.4087000000000005,-3.40870000000091,HIT_TARGET,0.111228737,True,0.111228737,False,,False,False,,False,,0.0
2026-03-19,YOUNG_LEVEL,BID,2026-03-19 00:30:45.619645187,1773880245619645187,0.51762004,1.0,2203.3,25.502,3.251354624848601,1,1,7.9999999999972715,6+,2.722,0.10673672653125245,2203.5,2203.4,0.9999999999990905,2203.4,2203.5,0.0,0.9999999999990905,2.2034499999999997,-1.2034500000009092,4.406899999999999,-3.406900000000909,HIT_TARGET,0.080312831,True,0.080312831,False,,False,False,,False,,0.0
2026-03-19,YOUNG_LEVEL,BID,2026-03-19 00:33:02.172641843,1773880382172641843,0.507016495,1.0,2200.1,74.349,8.646237934643564,4,4,5.9999999999990905,4-5,23.364,0.31424766977363516,2200.6,2200.2,4.0000000000009095,2200.5,2200.6,0.0,4.0000000000009095,2.2003999999999992,1.7996000000009102,4.4007999999999985,-0.400799999999089,HIT_TARGET,12.809726789,True,12.809726789,True,1.62979747,True,True,11.179929319,False,,0.0
2026-03-19,YOUNG_LEVEL,ASK,2026-03-19 00:35:32.681618703,1773880532681618703,0.562447754,1.0,2194.3,12.99,3.603828547648772,4,4,4.0000000000009095,4-5,3.173,0.24426481909160894,2193.8,2194.2000000000003,4.0000000000009095,2193.8,2193.9,0.0,4.0000000000009095,2.194,1.8060000000009095,4.388,-0.3879999999990904,HIT_TARGET,0.049968673,True,0.049968673,False,,False,False,,False,,0.0
2026-03-19,YOUNG_LEVEL,ASK,2026-03-19 00:36:22.391712242,1773880582391712242,0.51175513,1.0,2195.3,35.636,4.445886095689602,1,1,3.999999999996362,2-3,9.258,0.2597934672802783,2195.1,2195.2000000000003,1.000000000003638,2195.1,2195.2,0.0,1.000000000003638,2.19515,-1.195149999996362,4.3903,-3.390299999996362,HIT_TARGET,0.043475841,True,0.043475841,False,,False,False,,False,,0.0
2026-03-19,YOUNG_LEVEL,ASK,2026-03-19 00:37:03.071545710,1773880623071545710,0.534221599,1.0,2195.6,26.004,3.0290040768782758,2,2,5.0,4-5,10.655,0.4097446546685125,2195.3,2195.5,1.999999999998181,2195.3,2195.4,0.0,1.999999999998181,2.1954,-0.19540000000181879,4.3908,-2.3908000000018186,HIT_TARGET,2.351098007,True,2.351098007,False,,False,False,,False,,0.0
2026-03-19,YOUNG_LEVEL,BID,2026-03-19 00:38:13.494638732,1773880693494638732,0.737415238,1.0,2195.4,55.876,6.481006785362175,4,4,3.999999999996362,2-3,25.756,0.460949244756246,2195.9,2195.5,4.0000000000009095,2195.8,2195.9,0.0,4.0000000000009095,2.1956999999999995,1.80430000000091,4.391399999999999,-0.3913999999990896,HIT_TARGET,4.371863602,True,4.371863602,False,,False,False,,False,,0.9999999999990905
2026-03-19,YOUNG_LEVEL,ASK,2026-03-19 00:42:40.693688993,1773880960693688993,0.513622138,0.597992166373483,2193.7,32.798,4.12683233721296,1,1,4.0000000000009095,4-5,0.455,0.013872797121775717,2193.5,2193.6,0.9999999999990905,2193.5,2193.6,0.0,0.9999999999990905,2.19355,-1.1935500000009096,4.3871,-3.3871000000009097,HIT_TARGET,0.049849471,True,0.049849471,False,,False,False,,False,,0.0
2026-03-19,YOUNG_LEVEL,BID,2026-03-19 00:48:08.263417347,1773881288263417347,1.68262764,1.0,2195.0,36.728,4.098421023266194,3,3,3.999999999996362,2-3,15.279,0.41600413853191026,2195.4,2195.1,3.000000000001819,2195.3,2195.4,0.0,3.000000000001819,2.1952499999999997,0.8047500000018193,4.390499999999999,-1.3904999999981804,HIT_TARGET,2.347204115,True,2.347204115,False,,False,False,,False,,0.0
2026-03-19,YOUNG_LEVEL,BID,2026-03-19 00:48:10.824554380,1773881290824554380,0.520406734,1.0,2194.7,33.319,4.052666788298973,4,4,5.9999999999990905,4-5,14.559999999999999,0.4369879047990635,2195.2,2194.7999999999997,4.0000000000009095,2195.1,2195.2,0.0,4.0000000000009095,2.195,1.8050000000009097,4.39,-0.3899999999990902,HIT_TARGET,39.447606356,True,39.447606356,True,1.417737192,True,True,38.029869164,True,3.870811126,5.9999999999990905
2026-03-19,YOUNG_LEVEL,ASK,2026-03-19 00:50:03.123531154,1773881403123531154,0.941353844,1.0,2193.0,35.281,3.0018718625031906,2,2,4.0000000000009095,4-5,0.524,0.014852186729401095,2192.7,2192.9,2.0000000000027285,2192.7,2192.8,0.0,2.0000000000027285,2.1928,-0.1927999999972716,4.3856,-2.3855999999972717,HIT_TARGET,0.205028112,True,0.205028112,False,,False,False,,False,,0.0
2026-03-19,YOUNG_LEVEL,ASK,2026-03-19 00:52:37.932224028,1773881557932224028,1.224615425,1.0,2192.7,101.481,9.595858351850977,6,6,10.99999999999909,6+,48.661,0.4795084794197929,2192.0,2192.6,5.9999999999990905,2192.0,2192.1,0.0,5.9999999999990905,2.1923,3.8076999999990906,4.3846,1.6153999999990907,HIT_TARGET,25.776568466,True,25.776568466,True,1.990336431,True,True,23.786232035,True,2.041167472,5.9999999999990905
2026-03-19,YOUNG_LEVEL,ASK,2026-03-19 00:58:24.400401124,1773881904400401124,0.767913781,1.0,2193.1,46.601,5.081066346835305,2,2,5.9999999999990905,4-5,11.425,0.2451664127379241,2192.8,2193.0,1.999999999998181,2192.8,2192.9,0.0,1.999999999998181,2.1929,-0.19290000000181884,4.3858,-2.3858000000018187,HIT_TARGET,0.101578493,True,0.101578493,False,,False,False,,False,,0.0
2026-03-19,YOUNG_LEVEL,BID,2026-03-19 01:03:25.443441980,1773882205443441980,0.664760887,1.0,2194.7,57.21,11.606816798539256,6,6,8.999999999996362,6+,17.853,0.3120608285264814,2195.4,2194.7999999999997,6.000000000003638,2195.3,2195.4,0.0,6.000000000003638,2.1950999999999996,3.8049000000036384,4.390199999999999,1.6098000000036388,HIT_TARGET,0.765001616,True,0.765001616,False,,False,False,,False,,0.0
2026-03-19,YOUNG_LEVEL,BID,2026-03-19 01:03:39.627497710,1773882219627497710,0.50836341,0.9927425303878578,2192.9,37.073,6.598380350627393,1,1,4.0000000000009095,4-5,13.358,0.3603161330348232,2193.1,2193.0,0.9999999999990905,2193.0,2193.1,0.0,0.9999999999990905,2.19305,-1.1930500000009094,4.3861,-3.3861000000009094,HIT_TARGET,0.047131336,True,0.047131336,False,,False,False,,False,,0.0
2026-03-19,YOUNG_LEVEL,BID,2026-03-19 01:11:03.935593923,1773882663935593923,0.525153118,1.0,2191.2,38.045,3.8241946022013376,2,2,4.0000000000009095,4-5,11.193000000000001,0.2942042318307268,2191.5,2191.2999999999997,2.0000000000027285,2191.4,2191.5,0.0,2.0000000000027285,2.1914,-0.1913999999972713,4.3828,-2.382799999997271,HIT_TARGET,5.655570658,True,5.655570658,False,,False,False,,False,,0.0
2026-03-19,YOUNG_LEVEL,ASK,2026-03-19 01:17:37.642200503,1773883057642200503,0.508716948,1.0,2191.2,57.194,5.045342272406494,4,4,4.0000000000009095,4-5,28.215,0.49332097772493616,2190.7,2191.1,4.0000000000009095,2190.7,2190.8,0.0,4.0000000000009095,2.190899999999999,1.8091000000009103,4.381799999999998,-0.38179999999908887,HIT_TARGET,1.07443663,True,1.07443663,False,,False,False,,False,,0.0
2026-03-19,YOUNG_LEVEL,BID,2026-03-19 01:19:42.738044922,1773883182738044922,0.540601239,1.0,2190.7,35.677,3.071367079889807,1,1,3.999999999996362,2-3,9.692,0.2716596126355916,2190.9,2190.7999999999997,1.000000000003638,2190.8,2190.9,0.0,1.000000000003638,2.1908499999999997,-1.1908499999963618,4.3816999999999995,-3.3816999999963615,HIT_TARGET,0.054260377,True,0.054260377,False,,False,False,,False,,0.0
2026-03-19,YOUNG_LEVEL,ASK,2026-03-19 01:23:56.057815604,1773883436057815604,0.5848397,0.9241821493992285,2188.5,33.318,3.0031096489251428,1,1,5.9999999999990905,4-5,1.37,0.04111891470076236,2188.3,2188.4,0.9999999999990905,2188.3,2188.4,0.0,0.9999999999990905,2.1883500000000002,-1.1883500000009097,4.3767000000000005,-3.37670000000091,HIT_TARGET,0.043722742,True,0.043722742,False,,False,False,,False,,0.0
2026-03-19,YOUNG_LEVEL,ASK,2026-03-19 01:25:06.436190250,1773883506436190250,0.54210212,1.0,2189.7,59.34,4.234790365744871,2,2,5.9999999999990905,4-5,3.5540000000000003,0.05989214694978093,2189.4,2189.6,1.999999999998181,2189.4,2189.5,0.0,1.999999999998181,2.1895,-0.18950000000181877,4.379,-2.3790000000018185,HIT_TARGET,29.880224644,True,29.880224644,True,2.060531252,True,True,27.819693392,True,19.623397923,5.0
2026-03-19,YOUNG_LEVEL,ASK,2026-03-19 01:30:42.472286988,1773883842472286988,1.427668883,1.0,2195.1,32.766,3.835196348100895,4,4,7.9999999999972715,6+,14.426000000000002,0.4402734541903193,2194.6,2195.0,4.0000000000009095,2194.6,2194.7,0.0,4.0000000000009095,2.1948,1.8052000000009096,4.3896,-0.38959999999909023,HIT_TARGET,0.306168881,True,0.306168881,False,,False,False,,False,,0.0
2026-03-19,YOUNG_LEVEL,BID,2026-03-19 01:32:40.145983436,1773883960145983436,0.518425748,1.0,2191.5,96.286,15.219473642614401,4,4,4.0000000000009095,4-5,36.462,0.3786843362482604,2192.0,2191.6,4.0000000000009095,2191.9,2192.0,0.0,4.0000000000009095,2.1918,1.8082000000009093,4.3836,-0.3835999999990909,HIT_TARGET,4.127678032,True,4.127678032,False,,False,False,,False,,0.0
2026-03-19,YOUNG_LEVEL,ASK,2026-03-19 01:32:53.664678891,1773883973664678891,1.175243698,1.0,2192.0,53.138,11.115573684761008,5,5,5.9999999999990905,4-5,15.894,0.2991079829876924,2191.4,2191.9,5.0,2191.4,2191.5,0.0,5.0,2.1916499999999997,2.8083500000000003,4.383299999999999,0.6167000000000007,HIT_TARGET,0.101509017,True,0.101509017,False,,False,False,,False,,0.0
2026-03-19,YOUNG_LEVEL,ASK,2026-03-19 01:37:13.735561772,1773884233735561772,1.837157518,0.8851845152452518,2197.0,105.803,12.029903354178508,3,3,5.9999999999990905,4-5,50.831,0.48043061160836653,2196.6,2196.9,3.000000000001819,2196.6,2196.7,0.0,3.000000000001819,2.1967499999999998,0.8032500000018192,4.3934999999999995,-1.3934999999981805,HIT_TARGET,9.939789115,True,9.939789115,True,2.857857537,True,True,7.081931578,False,,1.999999999998181
2026-03-19,YOUNG_LEVEL,ASK,2026-03-19 01:42:00.580593421,1773884520580593421,0.676799532,1.0,2198.5,27.122,3.470727493761597,3,3,3.999999999996362,2-3,13.465,0.4964604380207949,2198.0,2198.4,4.0000000000009095,2198.0,2198.2,0.0,4.0000000000009095,2.1982,1.8018000000009096,4.3964,-0.39639999999909037,HIT_TARGET,0.050261232,True,0.050261232,False,,False,False,,False,,0.0
2026-03-19,YOUNG_LEVEL,ASK,2026-03-19 01:46:37.752280239,1773884797752280239,0.695964759,1.0,2201.0,41.09,4.283108354615104,2,2,5.0,4-5,12.441,0.3027743976636651,2200.7,2200.9,2.0000000000027285,2200.7,2200.8,0.0,2.0000000000027285,2.2008,-0.2007999999972716,4.4016,-2.4015999999972717,HIT_TARGET,1.039423249,True,1.039423249,False,,False,False,,False,,0.0
2026-03-19,YOUNG_LEVEL,BID,2026-03-19 01:51:22.642172577,1773885082642172577,1.212561664,1.0,2198.2,81.007,8.057591883423685,3,3,4.0000000000009095,4-5,33.902,0.41850704260125665,2198.6,2198.2999999999997,3.000000000001819,2198.5,2198.6,0.0,3.000000000001819,2.19845,0.8015500000018192,4.3969,-1.3968999999981806,HIT_TARGET,9.654385641,True,9.654385641,True,0.215442018,True,True,9.438943623,False,,0.0
2026-03-19,YOUNG_LEVEL,BID,2026-03-19 01:57:46.541528852,1773885466541528852,0.548257713,1.0,2200.3,32.477,3.732559475922307,1,1,4.0000000000009095,4-5,0.96,0.029559380484650677,2200.5,2200.4,0.9999999999990905,2200.4,2200.5,0.0,0.9999999999990905,2.2004499999999996,-1.200450000000909,4.400899999999999,-3.4009000000009086,HIT_TARGET,0.015674332,True,0.015674332,False,,False,False,,False,,0.0
2026-03-19,YOUNG_LEVEL,BID,2026-03-19 02:01:02.110198001,1773885662110198001,0.50745859,1.0,2193.9,88.478,9.158739195693805,4,4,3.999999999996362,2-3,30.001,0.33907864101810625,2194.4,2194.0,4.0000000000009095,2194.3,2194.4,0.0,4.0000000000009095,2.1941999999999995,1.80580000000091,4.388399999999999,-0.3883999999990895,HIT_TARGET,0.662113872,True,0.662113872,False,,False,False,,False,,0.0
2026-03-19,YOUNG_LEVEL,BID,2026-03-19 02:01:24.935735014,1773885684935735014,0.612221708,1.0,2190.4,147.172,22.64358796830525,4,4,15.0,6+,29.345999999999997,0.1993993422661919,2190.9,2190.5,4.0000000000009095,2190.8,2190.9,0.0,4.0000000000009095,2.1906999999999996,1.8093000000009098,4.381399999999999,-0.3813999999990898,HIT_TARGET,6.227186357,True,6.227186357,True,0.202431362,True,True,6.024754995,True,2.295274826,3.999999999996362
2026-03-19,YOUNG_LEVEL,ASK,2026-03-19 02:01:45.860218899,1773885705860218899,0.77482413,1.0,2189.8,51.488,3.137599024984765,2,2,4.0000000000009095,4-5,25.739,0.49990288999378496,2189.5,2189.7000000000003,2.0000000000027285,2189.5,2189.6,0.0,2.0000000000027285,2.1896000000000004,-0.18959999999727195,4.379200000000001,-2.3791999999972724,HIT_TARGET,2.449322918,True,2.449322918,False,,False,False,,False,,0.0
2026-03-19,YOUNG_LEVEL,ASK,2026-03-19 02:02:03.218755001,1773885723218755001,1.887006355,0.9732523492216856,2191.7,102.589,9.295849945632476,3,3,7.0000000000027285,6+,42.678999999999995,0.4160192613243135,2191.3,2191.6,2.9999999999972715,2191.3,2191.4,0.0,2.9999999999972715,2.1914499999999997,0.8085499999972718,4.382899999999999,-1.3829000000027278,HIT_TARGET,0.869302057,True,0.869302057,True,0.257396243,True,True,0.611905814,False,,0.0
2026-03-19,YOUNG_LEVEL,ASK,2026-03-19 02:07:09.916195339,1773886029916195339,1.053857862,1.0,2195.1,61.302,5.89867693047871,2,2,7.0000000000027285,6+,21.892,0.3571172229291051,2194.8,2195.0,1.999999999998181,2194.8,2194.9,0.0,1.999999999998181,2.1949,-0.19490000000181906,4.3898,-2.389800000001819,HIT_TARGET,0.425882883,True,0.425882883,False,,False,False,,False,,0.0
2026-03-19,YOUNG_LEVEL,BID,2026-03-19 02:08:06.022649969,1773886086022649969,1.282143959,0.8014617569164868,2198.7,76.917,7.27519508157957,3,3,8.000000000001819,6+,28.736,0.3735975142036221,2199.1,2198.7999999999997,3.000000000001819,2199.0,2199.1,0.0,3.000000000001819,2.1989499999999995,0.8010500000018195,4.397899999999999,-1.39789999999818,HIT_TARGET,5.158532902,True,5.158532902,True,0.564923257,True,True,4.593609645,False,,1.999999999998181
2026-03-19,YOUNG_LEVEL,BID,2026-03-19 02:09:01.342104402,1773886141342104402,0.500479103,1.0,2197.6,77.988,8.504689203925846,5,5,8.000000000001819,6+,37.028999999999996,0.4748038159716879,2198.2,2197.7,5.0,2198.1,2198.2,0.0,5.0,2.1979499999999996,2.8020500000000004,4.395899999999999,0.6041000000000007,HIT_TARGET,0.470159311,True,0.470159311,False,,False,False,,False,,0.0
2026-03-19,YOUNG_LEVEL,ASK,2026-03-19 02:10:55.451894585,1773886255451894585,0.50628377,1.0,2200.9,63.176,9.25520070319367,4,4,5.0,4-5,23.51,0.37213498797011524,2200.4,2200.8,4.0000000000009095,2200.4,2200.5,0.0,4.0000000000009095,2.2006,1.7994000000009094,4.4012,-0.40119999999909073,HIT_TARGET,2.147896586,True,2.147896586,False,,False,False,,False,,0.0
2026-03-19,YOUNG_LEVEL,BID,2026-03-19 02:11:24.947410502,1773886284947410502,0.61280271,1.0,2200.0,42.738,6.1128513194593435,2,2,5.0,4-5,6.231,0.14579531096448126,2200.3,2200.1,2.0000000000027285,2200.2,2200.3,0.0,2.0000000000027285,2.2001999999999997,-0.20019999999727123,4.400399999999999,-2.400399999997271,HIT_TARGET,41.242304382,True,41.242304382,True,1.436788708,True,True,39.805515674,True,7.459232272,10.0
2026-03-19,YOUNG_LEVEL,ASK,2026-03-19 02:17:00.143548976,1773886620143548976,0.612383038,1.0,2200.8,29.028,3.304080587331398,3,3,4.0000000000009095,4-5,10.921,0.3762229571448257,2200.4,2200.7000000000003,3.000000000001819,2200.4,2200.5,0.0,3.000000000001819,2.2005500000000002,0.7994500000018188,4.4011000000000005,-1.4010999999981815,HIT_TARGET,0.050620087,True,0.050620087,False,,False,False,,False,,0.0
2026-03-19,YOUNG_LEVEL,BID,2026-03-19 02:18:42.091752829,1773886722091752829,1.988806888,0.8848360198358283,2200.1,100.752,11.164275029087484,4,4,4.0000000000009095,4-5,27.242,0.2703866920755916,2200.6,2200.2,4.0000000000009095,2200.5,2200.6,0.0,4.0000000000009095,2.2003999999999992,1.7996000000009102,4.4007999999999985,-0.400799999999089,HIT_TARGET,1.328129963,True,1.328129963,True,0.716100164,True,True,0.612029799,False,,0.0
2026-03-19,YOUNG_LEVEL,ASK,2026-03-19 02:33:57.543333633,1773887637543333633,1.75230556,0.9633738707078006,2203.2,29.072,3.3160716322573287,2,2,4.0000000000009095,4-5,13.555,0.46625619152449094,2202.9,2203.1,1.999999999998181,2202.9,2203.0,0.0,1.999999999998181,2.203,-0.20300000000181884,4.406,-2.4060000000018187,HIT_TARGET,9.66334992,True,9.66334992,True,0.05553544,True,True,9.60781448,False,,0.0
2026-03-19,YOUNG_LEVEL,ASK,2026-03-19 02:51:17.689501187,1773888677689501187,0.705184053,0.9952580408110845,2198.7,78.625,4.576409301242688,1,1,4.0000000000009095,4-5,38.245,0.48642289348171697,2198.5,2198.6,0.9999999999990905,2198.5,2198.6,0.0,0.9999999999990905,2.19855,-1.1985500000009095,4.3971,-3.3971000000009095,HIT_TARGET,0.047298263,True,0.047298263,False,,False,False,,False,,0.0
2026-03-19,YOUNG_LEVEL,ASK,2026-03-19 03:10:48.856885149,1773889848856885149,1.019250511,1.0,2206.6,67.871,5.045608296472512,2,2,5.0,4-5,26.293,0.3873966789939739,2206.3,2206.5,1.999999999998181,2206.3,2206.4,0.0,1.999999999998181,2.2064,-0.2064000000018189,4.4128,-2.412800000001819,TIMEOUT,60.0,False,,True,3.162934752,True,False,,True,3.622445449,7.0000000000027285
2026-03-19,YOUNG_LEVEL,ASK,2026-03-19 03:11:03.555593758,1773889863555593758,0.523764519,1.0,2206.6,48.65,4.429976324895283,4,4,5.0,4-5,16.956,0.348530318602261,2206.1,2206.5,4.0000000000009095,2206.1,2206.2,0.0,4.0000000000009095,2.2063,1.7937000000009093,4.4126,-0.4125999999990908,TIMEOUT,60.0,False,,True,1.478528461,True,False,,False,,1.999999999998181
2026-03-19,YOUNG_LEVEL,BID,2026-03-19 03:15:16.358470439,1773890116358470439,0.51045115,0.6896368026597648,2205.1,77.453,6.400016526194017,4,4,4.0000000000009095,4-5,19.649,0.25368933417685563,2205.6,2205.2,4.0000000000009095,2205.5,2205.6,0.0,4.0000000000009095,2.2053999999999996,1.79460000000091,4.410799999999999,-0.41079999999908967,TIMEOUT,60.0,False,,True,1.784257701,True,False,,True,13.530004658,24.00000000000091
2026-03-19,YOUNG_LEVEL,ASK,2026-03-19 03:17:26.644553177,1773890246644553177,0.663856067,1.0,2210.5,50.615,12.23175447075882,5,5,10.0,6+,21.463,0.42404425565543813,2209.9,2210.4,5.0,2209.9,2210.0,0.0,5.0,2.21015,2.78985,4.4203,0.5796999999999999,HIT_TARGET,1.120610267,True,1.120610267,True,0.050986857,True,True,1.06962341,False,,0.0
2026-03-19,YOUNG_LEVEL,ASK,2026-03-19 03:17:36.285542694,1773890256285542694,0.509823789,0.9680027033811088,2215.8,47.856,6.202177293934682,5,5,4.0000000000009095,4-5,23.813,0.49759695753928446,2215.2,2215.7000000000003,5.0000000000045475,2215.2,2215.3,0.0,5.0000000000045475,2.2154499999999997,2.7845500000045478,4.430899999999999,0.5691000000045481,HIT_TARGET,1.681577595,True,1.681577595,True,0.051085218,True,True,1.630492377,False,,0.0
2026-03-19,YOUNG_LEVEL,BID,2026-03-19 03:21:32.140017553,1773890492140017553,0.514881557,1.0,2221.4,121.809,19.421077806122447,7,7,12.000000000002728,6+,49.092,0.4030244070635175,2222.2,2221.5,6.999999999998181,2222.1,2222.2,0.0,6.999999999998181,2.22185,4.778149999998181,4.4437,2.5562999999981812,TIMEOUT,60.0,False,,True,2.090346514,True,False,,True,4.59037403,22.00000000000273
2026-03-19,YOUNG_LEVEL,ASK,2026-03-19 03:22:35.339450444,1773890555339450444,0.558502496,1.0,2225.7,70.989,8.801016612943219,4,4,8.000000000001819,6+,16.244,0.22882418402851143,2225.2,2225.6,4.0000000000009095,2225.2,2225.3,0.0,4.0000000000009095,2.2253999999999996,1.77460000000091,4.450799999999999,-0.4507999999990897,HIT_TARGET,0.360904197,True,0.360904197,False,,False,False,,False,,0.0
2026-03-19,YOUNG_LEVEL,BID,2026-03-19 03:24:03.653681843,1773890643653681843,1.10073592,1.0,2228.3,103.186,10.433367037411527,5,5,10.0,6+,45.065,0.4367356036671641,2228.9,2228.4,5.0,2228.8,2228.9,0.0,5.0,2.22865,2.77135,4.4573,0.5427,HIT_TARGET,43.245041719,True,43.245041719,True,0.993889808,True,True,42.251151911,True,1.298548371,20.99999999999909
2026-03-19,YOUNG_LEVEL,BID,2026-03-19 03:24:25.440732065,1773890665440732065,1.346246166,0.9089489596362572,2229.0,78.209,5.646859205776173,4,4,5.0,4-5,34.142,0.43654822335025384,2229.5,2229.1,4.0000000000009095,2229.4,2229.5,0.0,4.0000000000009095,2.2293,1.7707000000009097,4.4586,-0.4585999999990902,HIT_TARGET,13.356250448,True,13.356250448,True,0.236878465,True,True,13.119371983,True,1.257792062,5.0
2026-03-19,YOUNG_LEVEL,BID,2026-03-19 03:26:54.135760883,1773890814135760883,0.560724299,1.0,2226.8,56.094,5.914904834712923,4,4,8.000000000001819,6+,20.813,0.371037900666738,2227.3,2226.9,4.0000000000009095,2227.2,2227.3,0.0,4.0000000000009095,2.2271000000000005,1.772900000000909,4.454200000000001,-0.45419999999909155,TIMEOUT,60.0,False,,True,2.50598315,True,False,,True,13.42282634,36.00000000000364
2026-03-19,YOUNG_LEVEL,BID,2026-03-19 03:27:50.157983726,1773890870157983726,0.975547472,0.8565290157401997,2229.5,54.521,8.015436636283447,7,7,6.000000000003638,6+,25.034,0.45916252453183176,2230.3,2229.6,7.0000000000027285,2230.2,2230.3,0.0,7.0000000000027285,2.2299499999999997,4.770050000002729,4.459899999999999,2.540100000002729,TIMEOUT,60.0,False,,True,10.772444017,True,False,,True,21.180541962,29.00000000000091
2026-03-19,YOUNG_LEVEL,BID,2026-03-19 03:29:51.522681206,1773890991522681206,0.517452987,1.0,2227.3,30.522,3.8477150961235425,3,3,5.0,4-5,10.492,0.34375204770329604,2227.7,2227.4,2.9999999999972715,2227.6,2227.7,0.0,2.9999999999972715,2.22755,0.7724499999972716,4.4551,-1.4551000000027283,HIT_TARGET,11.840970275,True,11.840970275,True,4.64099641,True,True,7.199973865,True,8.780623199,9.00000000000091
2026-03-19,YOUNG_LEVEL,BID,2026-03-19 03:31:05.644538043,1773891065644538043,1.383724759,1.0,2223.2,79.229,10.174521638628484,7,7,5.0,4-5,34.076,0.4300950409572253,2224.0,2223.2999999999997,7.0000000000027285,2223.9,2224.0,0.0,7.0000000000027285,2.2236499999999992,4.776350000002729,4.4472999999999985,2.55270000000273,TIMEOUT,60.0,False,,True,0.714696369,True,False,,True,4.746041417,10.0
2026-03-19,YOUNG_LEVEL,BID,2026-03-19 03:32:19.888461249,1773891139888461249,1.134014358,1.0,2222.6,41.319,4.100124038700074,6,6,9.00000000000091,6+,17.212,0.41656380841743507,2223.3,2222.7,6.000000000003638,2223.2,2223.3,0.0,6.000000000003638,2.223,3.777000000003638,4.446,1.5540000000036382,HIT_TARGET,11.636772602,True,11.636772602,True,0.050127547,True,True,11.586645055,False,,1.000000000003638
2026-03-19,YOUNG_LEVEL,ASK,2026-03-19 03:36:29.809204139,1773891389809204139,1.553037027,1.0,2218.3,39.172,4.042518059855521,2,2,5.0,4-5,4.405,0.11245277238844074,2218.0,2218.2000000000003,2.0000000000027285,2218.0,2218.1,0.0,2.0000000000027285,2.2181,-0.2180999999972717,4.4362,-2.436199999997272,HIT_TARGET,1.227378508,True,1.227378508,True,0.04914179,True,True,1.178236718,False,,0.0
2026-03-19,YOUNG_LEVEL,ASK,2026-03-19 03:36:30.369564568,1773891390369564568,0.511218639,1.0,2218.4,34.876,3.5895430218196784,3,3,5.0,4-5,9.993,0.2865294185112972,2218.0,2218.3,3.000000000001819,2218.0,2218.1,0.0,3.000000000001819,2.21815,0.7818500000018189,4.4363,-1.4362999999981811,HIT_TARGET,0.667018079,True,0.667018079,True,0.053491891,True,True,0.613526188,False,,0.0
2026-03-19,YOUNG_LEVEL,ASK,2026-03-19 03:36:31.036582647,1773891391036582647,0.97191048,1.0,2219.1,87.816,11.436608712639188,7,7,5.0,4-5,31.34,0.35688257265190854,2218.3,2219.0,6.999999999998181,2218.3,2218.4,0.0,6.999999999998181,2.21865,4.781349999998181,4.4373,2.5626999999981814,HIT_TARGET,39.254825211,True,39.254825211,True,0.560741002,True,True,38.694084209,True,6.227703203,13.000000000001819
2026-03-19,YOUNG_LEVEL,ASK,2026-03-19 03:37:01.197091133,1773891421197091133,0.554736362,0.6412961550193099,2218.1,34.513,3.585021294276514,4,4,5.9999999999990905,4-5,5.205,0.1508127372294498,2217.6,2218.0,4.0000000000009095,2217.6,2217.7,0.0,4.0000000000009095,2.2178,1.7822000000009095,4.4356,-0.4355999999990905,HIT_TARGET,2.612040696,True,2.612040696,False,,False,False,,False,,0.0
2026-03-19,YOUNG_LEVEL,BID,2026-03-19 03:46:11.658180928,1773891971658180928,1.074321703,1.0,2207.4,78.738,9.067541889790984,4,4,5.9999999999990905,4-5,23.360999999999997,0.2966928293835251,2207.9,2207.5,4.0000000000009095,2207.8,2207.9,0.0,4.0000000000009095,2.2077,1.7923000000009095,4.4154,-0.4153999999990905,HIT_TARGET,0.204412333,True,0.204412333,False,,False,False,,False,,0.0
2026-03-19,YOUNG_LEVEL,BID,2026-03-19 03:46:22.983516003,1773891982983516003,0.757234091,1.0,2206.0,115.749,9.834239592183517,5,5,4.0000000000009095,4-5,50.92700000000001,0.4399778831782565,2206.6,2206.1,5.0,2206.5,2206.6,0.0,5.0,2.20635,2.79365,4.4127,0.5872999999999999,TIMEOUT,60.0,False,,True,0.059483191,True,False,,True,2.610807631,40.99999999999909
2026-03-19,YOUNG_LEVEL,ASK,2026-03-19 03:49:01.803580096,1773892141803580096,1.58670736,1.0,2213.8,36.211,8.406500290191525,3,3,10.0,6+,16.709,0.4614343707713126,2213.3,2213.7000000000003,4.0000000000009095,2213.3,2213.5,0.0,4.0000000000009095,2.2135,1.7865000000009097,4.427,-0.4269999999990901,HIT_TARGET,0.051206491,True,0.051206491,False,,False,False,,False,,0.0
2026-03-19,YOUNG_LEVEL,BID,2026-03-19 03:50:02.185220342,1773892202185220342,0.513052523,1.0,2213.3,112.25,13.698212215510404,5,5,6.999999999998181,6+,26.186,0.23328285077951003,2213.9,2213.4,5.0,2213.8,2213.9,0.0,5.0,2.21365,2.78635,4.4273,0.5727000000000002,HIT_TARGET,5.206721545,True,5.206721545,True,0.30628426,True,True,4.900437285,False,,0.0
2026-03-19,YOUNG_LEVEL,ASK,2026-03-19 03:58:45.139943852,1773892725139943852,0.58078882,1.0,2212.1,35.556,3.163204483786308,2,2,4.0000000000009095,4-5,14.274,0.40145123185960174,2211.8,2212.0,1.999999999998181,2211.8,2211.9,0.0,1.999999999998181,2.2119,-0.21190000000181897,4.4238,-2.423800000001819,HIT_TARGET,16.481096867,True,16.481096867,True,2.124054753,True,True,14.357042114,False,,0.9999999999990905
2026-03-19,YOUNG_LEVEL,BID,2026-03-19 04:00:04.992322983,1773892804992322983,0.935606288,0.8955440538894711,2211.0,8.897,3.2757731958762886,1,1,5.9999999999990905,4-5,0.452,0.05080364167696977,2211.2,2211.1,0.9999999999990905,2211.1,2211.2,0.0,0.9999999999990905,2.2111499999999995,-1.211150000000909,4.422299999999999,-3.4223000000009085,HIT_TARGET,0.049985554,True,0.049985554,False,,False,False,,False,,0.0
2026-03-19,YOUNG_LEVEL,BID,2026-03-19 04:07:25.467029097,1773893245467029097,0.514725365,0.8015695185334416,2201.4,31.205,5.510330213667666,3,3,13.000000000001819,6+,14.013,0.44906265021631153,2201.8,2201.5,3.000000000001819,2201.7,2201.8,0.0,3.000000000001819,2.20165,0.7983500000018191,4.4033,-1.4032999999981808,HIT_TARGET,8.524605204,True,8.524605204,True,0.356566423,True,True,8.168038781,True,1.683366847,9.00000000000091
2026-03-19,YOUNG_LEVEL,ASK,2026-03-19 04:08:35.845805487,1773893315845805487,0.671459253,1.0,2203.1,52.75,3.208149612285236,1,1,4.0000000000009095,4-5,25.34,0.4803791469194313,2202.9,2203.0,0.9999999999990905,2202.9,2203.0,0.0,0.9999999999990905,2.20295,-1.2029500000009095,4.4059,-3.4059000000009094,HIT_TARGET,0.048621098,True,0.048621098,False,,False,False,,False,,0.0
2026-03-19,YOUNG_LEVEL,ASK,2026-03-19 04:11:45.812337581,1773893505812337581,0.96867591,1.0,2200.8,54.382,6.156336672892963,4,4,4.0000000000009095,4-5,25.988999999999997,0.47789709830458604,2200.3,2200.7000000000003,4.0000000000009095,2200.3,2200.4,0.0,4.0000000000009095,2.2005,1.7995000000009096,4.401,-0.4009999999990903,HIT_TARGET,0.35870456,True,0.35870456,False,,False,False,,False,,0.0
2026-03-19,YOUNG_LEVEL,ASK,2026-03-19 04:17:00.902670364,1773893820902670364,1.528018463,1.0,2200.9,57.513,4.514895788358127,2,2,5.0,4-5,22.185,0.385738876427938,2200.6,2200.8,2.0000000000027285,2200.6,2200.7,0.0,2.0000000000027285,2.2007,-0.2006999999972714,4.4014,-2.4013999999972713,HIT_TARGET,0.716823011,True,0.716823011,True,0.054421377,True,True,0.662401634,False,,0.0
2026-03-19,YOUNG_LEVEL,ASK,2026-03-19 04:19:53.258018742,1773893993258018742,1.789408043,0.876602833063269,2199.8,57.895,4.51969241578516,3,3,4.0000000000009095,4-5,27.958,0.4829087140512997,2199.4,2199.7000000000003,3.000000000001819,2199.4,2199.5,0.0,3.000000000001819,2.19955,0.8004500000018191,4.3991,-1.3990999999981808,TIMEOUT,60.0,False,,True,9.800277436,True,False,,True,3.980563877,19.00000000000091
2026-03-19,YOUNG_LEVEL,BID,2026-03-19 04:20:20.313207727,1773894020313207727,0.562003407,1.0,2198.2,64.488,5.409159536990438,4,4,4.0000000000009095,4-5,27.697,0.4294907579704751,2198.7,2198.2999999999997,4.0000000000009095,2198.6,2198.7,0.0,4.0000000000009095,2.1984999999999997,1.8015000000009098,4.396999999999999,-0.39699999999908986,HIT_TARGET,12.636152732,True,12.636152732,True,1.832727563,True,True,10.803425169,False,,0.0
2026-03-19,YOUNG_LEVEL,ASK,2026-03-19 04:22:11.432629216,1773894131432629216,1.795178086,1.0,2197.9,40.055,4.552221843391295,2,2,3.999999999996362,2-3,15.352,0.3832729996255149,2197.6,2197.8,2.0000000000027285,2197.6,2197.7,0.0,2.0000000000027285,2.1976999999999998,-0.19769999999727128,4.3953999999999995,-2.395399999997271,HIT_TARGET,0.551973536,True,0.551973536,False,,False,False,,False,,0.0
2026-03-19,YOUNG_LEVEL,BID,2026-03-19 04:25:19.274712173,1773894319274712173,0.762270192,1.0,2194.3,95.455,9.237431654328155,5,5,8.999999999996362,6+,42.589999999999996,0.44617882771986794,2194.9,2194.4,5.0,2194.8,2194.9,0.0,5.0,2.19465,2.80535,4.3893,0.6106999999999996,HIT_TARGET,0.871116327,True,0.871116327,False,,False,False,,False,,0.0
2026-03-19,YOUNG_LEVEL,ASK,2026-03-19 04:25:50.151686946,1773894350151686946,1.074476322,1.0,2195.3,55.015,5.447838787938802,3,3,5.0,4-5,12.833000000000002,0.2332636553667182,2194.9,2195.2000000000003,3.000000000001819,2194.9,2195.0,0.0,3.000000000001819,2.1950499999999997,0.8049500000018193,4.3900999999999994,-1.3900999999981805,HIT_TARGET,11.945940313,True,11.945940313,True,4.390360002,True,True,7.555580311,False,,1.999999999998181
2026-03-19,YOUNG_LEVEL,ASK,2026-03-19 04:31:33.741773676,1773894693741773676,1.987548143,1.0,2195.9,80.011,8.112237655885632,4,4,6.999999999998181,6+,31.788,0.39729537188636566,2195.4,2195.8,4.0000000000009095,2195.4,2195.5,0.0,4.0000000000009095,2.1956,1.8044000000009093,4.3912,-0.39119999999909094,HIT_TARGET,0.815478771,True,0.815478771,True,0.303316226,True,True,0.512162545,False,,0.0
2026-03-19,YOUNG_LEVEL,ASK,2026-03-19 04:43:24.178124091,1773895404178124091,0.504538126,1.0,2195.6,42.186,4.203467516939019,3,3,4.0000000000009095,4-5,11.215,0.2658464893566586,2195.2,2195.5,3.000000000001819,2195.2,2195.3,0.0,3.000000000001819,2.1953499999999995,0.8046500000018195,4.390699999999999,-1.39069999999818,HIT_TARGET,58.14652764,True,58.14652764,True,14.549354951,True,True,43.597172689,True,18.535114821,8.000000000001819
2026-03-19,YOUNG_LEVEL,ASK,2026-03-19 04:44:22.020177884,1773895462020177884,0.821035759,1.0,2195.5,75.82,5.773242975710043,3,3,3.999999999996362,2-3,27.73,0.36573463466103934,2195.1,2195.4,3.000000000001819,2195.1,2195.2,0.0,3.000000000001819,2.1952499999999997,0.8047500000018193,4.390499999999999,-1.3904999999981804,HIT_TARGET,0.051981126,True,0.051981126,False,,False,False,,False,,0.0
2026-03-19,YOUNG_LEVEL,BID,2026-03-19 04:48:15.517731160,1773895695517731160,0.502168674,0.6861629465162536,2192.0,34.667,3.220642883686362,2,2,5.0,4-5,12.08,0.34845818790203936,2192.3,2192.1,2.0000000000027285,2192.2,2192.3,0.0,2.0000000000027285,2.1921999999999997,-0.19219999999727122,4.384399999999999,-2.384399999997271,TIMEOUT,60.0,False,,True,11.727286298,True,False,,True,9.094924534,8.000000000001819
2026-03-19,YOUNG_LEVEL,ASK,2026-03-19 04:56:00.673381650,1773896160673381650,0.935160007,1.0,2196.5,72.428,5.577176298463789,2,2,4.0000000000009095,4-5,33.526,0.46288728116198163,2196.2,2196.4,2.0000000000027285,2196.2,2196.3,0.0,2.0000000000027285,2.1963,-0.19629999999727143,4.3926,-2.3925999999972714,HIT_TARGET,0.205500008,True,0.205500008,False,,False,False,,False,,0.0
2026-03-19,YOUNG_LEVEL,ASK,2026-03-19 05:02:33.731627820,1773896553731627820,0.578180446,1.0,2195.1,30.361,3.092223863115547,2,2,4.0000000000009095,4-5,9.655,0.3180066532722901,2194.8,2195.0,1.999999999998181,2194.8,2194.9,0.0,1.999999999998181,2.1949,-0.19490000000181906,4.3898,-2.389800000001819,HIT_TARGET,6.228989712,True,6.228989712,True,4.39058731,True,True,1.838402402,False,,0.0
2026-03-19,YOUNG_LEVEL,ASK,2026-03-19 05:02:51.756625337,1773896571756625337,1.275912081,0.6762733771779373,2195.6,35.783,3.3930400151716293,2,2,5.0,4-5,13.375,0.3737808456529637,2195.2,2195.5,3.000000000001819,2195.2,2195.4,0.0,3.000000000001819,2.1953499999999995,0.8046500000018195,4.390699999999999,-1.39069999999818,HIT_TARGET,0.050899207,True,0.050899207,False,,False,False,,False,,0.0
2026-03-19,YOUNG_LEVEL,ASK,2026-03-19 05:07:03.747658213,1773896823747658213,0.50503816,1.0,2192.9,103.725,8.628649862740204,5,5,15.0,6+,45.319,0.4369149192576525,2192.3,2192.8,5.0,2192.3,2192.4,0.0,5.0,2.1925499999999998,2.8074500000000002,4.3850999999999996,0.6149000000000004,HIT_TARGET,44.099968081,True,44.099968081,True,12.298834448,True,True,31.801133633,True,22.918033039,3.000000000001819
2026-03-19,YOUNG_LEVEL,ASK,2026-03-19 05:07:50.136796150,1773896870136796150,0.565598255,1.0,2193.7,38.267,4.306921778277997,2,2,11.999999999998181,6+,10.529,0.27514568688426055,2193.4,2193.6,1.999999999998181,2193.4,2193.5,0.0,1.999999999998181,2.1935,-0.19350000000181877,4.387,-2.3870000000018186,HIT_TARGET,0.103967308,True,0.103967308,False,,False,False,,False,,0.0
2026-03-19,YOUNG_LEVEL,ASK,2026-03-19 05:08:26.082737865,1773896906082737865,1.117893861,0.8174854821928395,2196.2,22.933,3.5911368618853747,3,3,8.000000000001819,6+,11.096,0.48384424192212094,2195.8,2196.1,2.9999999999972715,2195.8,2195.9,0.0,2.9999999999972715,2.19595,0.8040499999972717,4.3919,-1.3919000000027282,HIT_TARGET,58.3526125,True,58.3526125,True,5.059682416,True,True,53.292930084,True,16.953450719,7.0000000000027285
2026-03-19,YOUNG_LEVEL,BID,2026-03-19 05:10:25.988776845,1773897025988776845,1.044143272,0.8387125459541341,2193.1,30.002,3.0708290685772774,2,2,3.999999999996362,2-3,10.755,0.3584761015932272,2193.4,2193.2,2.0000000000027285,2193.3,2193.4,0.0,2.0000000000027285,2.1933000000000002,-0.19329999999727177,4.3866000000000005,-2.386599999997272,TIMEOUT,60.0,False,,True,4.550508274,True,False,,True,4.50479931,13.999999999996362
2026-03-19,YOUNG_LEVEL,ASK,2026-03-19 05:15:07.342547738,1773897307342547738,0.766143143,1.0,2193.9,82.652,5.678403352684553,4,4,4.0000000000009095,4-5,36.929,0.4468010453467551,2193.3,2193.8,5.0,2193.3,2193.5,0.0,5.0,2.19355,2.80645,4.3871,0.6128999999999998,HIT_TARGET,0.152280496,True,0.152280496,False,,False,False,,False,,0.0
2026-03-19,YOUNG_LEVEL,ASK,2026-03-19 05:16:31.355927251,1773897391355927251,0.620380201,1.0,2195.2,36.524,3.2609258515244854,3,3,5.9999999999990905,4-5,8.897,0.24359325375095828,2194.8,2195.1,2.9999999999972715,2194.8,2194.9,0.0,2.9999999999972715,2.19495,0.8050499999972716,4.3899,-1.3899000000027284,HIT_TARGET,2.564515242,True,2.564515242,True,1.48984445,True,True,1.074670792,False,,0.0
2026-03-19,YOUNG_LEVEL,ASK,2026-03-19 05:19:11.469642879,1773897551469642879,0.5251913,1.0,2198.6,41.756,3.5254981425194187,5,5,5.0,4-5,2.508,0.06006322444678609,2198.0,2198.5,5.0,2198.0,2198.1,0.0,5.0,2.19825,2.80175,4.3965,0.6035000000000004,HIT_TARGET,0.05329363,True,0.05329363,False,,False,False,,False,,0.0
2026-03-19,YOUNG_LEVEL,BID,2026-03-19 05:25:55.922355421,1773897955922355421,0.613289165,1.0,2194.2,58.484,4.72102034226671,4,4,5.0,4-5,21.511,0.36780999931605224,2194.7,2194.2999999999997,4.0000000000009095,2194.6,2194.7,0.0,4.0000000000009095,2.1945,1.8055000000009094,4.389,-0.38899999999909074,HIT_TARGET,1.632165187,True,1.632165187,False,,False,False,,False,,0.0
2026-03-19,YOUNG_LEVEL,BID,2026-03-19 05:28:51.523277885,1773898131523277885,0.530142125,0.776458190339053,2191.1,91.199,8.900068312676881,4,4,15.0,6+,30.159,0.33069441550894196,2191.6,2191.2,4.0000000000009095,2191.5,2191.6,0.0,4.0000000000009095,2.1914,1.8086000000009097,4.3828,-0.3827999999990901,HIT_TARGET,0.459229143,True,0.459229143,False,,False,False,,False,,0.0
2026-03-19,YOUNG_LEVEL,BID,2026-03-19 05:28:52.793681522,1773898132793681522,0.762662108,1.0,2190.4,52.234,5.8815448710730776,6,6,14.00000000000091,6+,24.662999999999997,0.4721637247769651,2191.1,2190.5,5.9999999999990905,2191.0,2191.1,0.0,5.9999999999990905,2.1908000000000003,3.80919999999909,4.381600000000001,1.61839999999909,HIT_TARGET,2.710743702,True,2.710743702,True,0.259934634,True,True,2.450809068,False,,0.0
2026-03-19,YOUNG_LEVEL,ASK,2026-03-19 05:31:33.686982701,1773898293686982701,1.837581827,0.8727144856553917,2188.7,86.682,8.739866908650939,2,2,4.0000000000009095,4-5,32.667,0.3768602478023119,2188.4,2188.6,1.999999999998181,2188.4,2188.5,0.0,1.999999999998181,2.1885,-0.18850000000181888,4.377,-2.3770000000018188,HIT_TARGET,13.323466486,True,13.323466486,True,0.051590161,True,True,13.271876325,True,3.36766015,5.0
2026-03-19,YOUNG_LEVEL,ASK,2026-03-19 05:35:36.242129377,1773898536242129377,1.421675425,1.0,2188.4,29.211,3.3420284880727644,6,6,6.000000000003638,6+,10.701,0.36633459997945983,2187.7,2188.3,6.000000000003638,2187.7,2187.8,0.0,6.000000000003638,2.1879999999999997,3.8120000000036383,4.3759999999999994,1.6240000000036385,HIT_TARGET,0.669362267,True,0.669362267,False,,False,False,,False,,0.0
2026-03-19,YOUNG_LEVEL,ASK,2026-03-19 05:38:52.937542696,1773898732937542696,0.816327098,1.0,2188.7,66.815,4.568234650622179,4,4,5.0,4-5,28.656,0.42888572925241336,2188.2,2188.6,4.0000000000009095,2188.2,2188.3,0.0,4.0000000000009095,2.1883999999999992,1.8116000000009103,4.3767999999999985,-0.376799999999089,HIT_TARGET,8.428040527,True,8.428040527,True,3.410195118,True,True,5.017845409,False,,0.0
2026-03-19,YOUNG_LEVEL,ASK,2026-03-19 05:40:02.359377548,1773898802359377548,1.119783769,1.0,2190.2,39.852,3.784435686814491,1,1,5.0,4-5,3.082,0.0773361437318077,2190.0,2190.1,0.9999999999990905,2190.0,2190.1,0.0,0.9999999999990905,2.19005,-1.1900500000009093,4.3801,-3.380100000000909,HIT_TARGET,0.045902866,True,0.045902866,False,,False,False,,False,,0.0
2026-03-19,YOUNG_LEVEL,BID,2026-03-19 05:59:10.776506420,1773899950776506420,1.021496521,1.0,2189.2,45.491,3.5914419926577983,3,3,4.0000000000009095,4-5,3.6079999999999997,0.07931239146204742,2189.6,2189.2999999999997,3.000000000001819,2189.5,2189.6,0.0,3.000000000001819,2.1894499999999995,0.8105500000018195,4.378899999999999,-1.37889999999818,HIT_TARGET,19.549137862,True,19.549137862,True,5.001630345,True,True,14.547507517,False,,0.0
2026-03-19,YOUNG_LEVEL,ASK,2026-03-19 05:59:57.096807822,1773899997096807822,0.534821056,1.0,2189.6,84.994,9.730837483542274,3,3,5.0,4-5,38.048,0.44765512859731277,2189.2,2189.5,3.000000000001819,2189.2,2189.3,0.0,3.000000000001819,2.1893499999999997,0.8106500000018193,4.378699999999999,-1.3786999999981804,HIT_TARGET,5.032777437,True,5.032777437,True,1.289365334,True,True,3.743412103,False,,0.0
2026-03-19,YOUNG_LEVEL,ASK,2026-03-19 06:00:52.371189789,1773900052371189789,0.867731173,1.0,2190.6,46.67,4.141082519964508,4,4,3.999999999996362,2-3,19.322,0.41401328476537386,2190.1,2190.5,4.0000000000009095,2190.1,2190.2,0.0,4.0000000000009095,2.1903,1.8097000000009094,4.3806,-0.3805999999990908,TIMEOUT,60.0,False,,True,2.142705263,True,False,,True,20.772386088,17.99999999999727
2026-03-19,YOUNG_LEVEL,ASK,2026-03-19 06:02:41.891969900,1773900161891969900,0.905207803,1.0,2184.9,48.488,6.4154538237629,4,4,4.0000000000009095,4-5,16.59,0.342146510476819,2184.4,2184.8,4.0000000000009095,2184.4,2184.5,0.0,4.0000000000009095,2.1846,1.8154000000009094,4.3692,-0.3691999999990907,HIT_TARGET,24.095821768,True,24.095821768,True,0.82890643,True,True,23.266915338,True,5.315289216,11.999999999998181
2026-03-19,YOUNG_LEVEL,BID,2026-03-19 06:07:27.636322862,1773900447636322862,1.016846251,0.9481431436186708,2186.0,35.975,4.25412404659138,3,3,3.999999999996362,2-3,1.871,0.052008339124391935,2186.4,2186.1,3.000000000001819,2186.3,2186.4,0.0,3.000000000001819,2.18625,0.8137500000018192,4.3725,-1.3724999999981806,HIT_TARGET,2.251076072,True,2.251076072,False,,False,False,,False,,0.0
2026-03-19,YOUNG_LEVEL,BID,2026-03-19 06:09:01.746580421,1773900541746580421,1.174126356,1.0,2189.7,84.623,8.825468008551912,4,4,4.0000000000009095,4-5,17.473,0.20648050766340117,2190.2,2189.7999999999997,4.0000000000009095,2190.1,2190.2,0.0,4.0000000000009095,2.19,1.8100000000009095,4.38,-0.3799999999990904,HIT_TARGET,16.330452107,True,16.330452107,True,0.05081603,True,True,16.279636077,False,,0.0
2026-03-19,YOUNG_LEVEL,ASK,2026-03-19 06:16:22.918242834,1773900982918242834,1.839739033,0.9919780861658763,2193.7,108.176,11.805096305996619,6,6,5.9999999999990905,4-5,46.028,0.42549179115515456,2193.0,2193.6,5.9999999999990905,2193.0,2193.1,0.0,5.9999999999990905,2.1933000000000002,3.8066999999990903,4.3866000000000005,1.61339999999909,HIT_TARGET,9.793775206,True,9.793775206,True,0.765799481,True,True,9.027975725,False,,0.0
2026-03-19,YOUNG_LEVEL,ASK,2026-03-19 06:16:25.817302932,1773900985817302932,0.559116286,1.0,2193.5,42.908,3.3178426445002898,3,3,5.9999999999990905,4-5,15.503,0.3613079146079985,2193.1,2193.4,3.000000000001819,2193.1,2193.2,0.0,3.000000000001819,2.19325,0.8067500000018191,4.3865,-1.3864999999981809,HIT_TARGET,5.882923517,True,5.882923517,True,3.317993449,True,True,2.564930068,False,,0.0
2026-03-19,YOUNG_LEVEL,BID,2026-03-19 06:19:38.237324962,1773901178237324962,0.509313338,1.0,2193.0,36.669,3.815514281254877,1,1,4.0000000000009095,4-5,2.279,0.06215059041697347,2193.2,2193.1,0.9999999999990905,2193.1,2193.2,0.0,0.9999999999990905,2.1931499999999993,-1.1931500000009088,4.3862999999999985,-3.386300000000908,HIT_TARGET,0.002826683,True,0.002826683,False,,False,False,,False,,0.0
2026-03-19,YOUNG_LEVEL,ASK,2026-03-19 06:25:03.705201351,1773901503705201351,0.553330256,1.0,2191.0,33.385,3.2467785071723805,1,1,4.0000000000009095,4-5,14.382,0.43079227197843345,2190.8,2190.9,0.9999999999990905,2190.8,2190.9,0.0,0.9999999999990905,2.19085,-1.1908500000009097,4.3817,-3.38170000000091,HIT_TARGET,0.030745064,True,0.030745064,False,,False,False,,False,,0.0
2026-03-19,YOUNG_LEVEL,ASK,2026-03-19 06:25:55.171297503,1773901555171297503,0.758267586,0.9652651287140738,2192.0,36.653,3.781388630970804,2,2,4.0000000000009095,4-5,2.056,0.05609363490028102,2191.7,2191.9,2.0000000000027285,2191.7,2191.8,0.0,2.0000000000027285,2.1918,-0.1917999999972717,4.3836,-2.383599999997272,HIT_TARGET,6.026363009,True,6.026363009,True,0.667888398,True,True,5.358474611,False,,0.0
2026-03-19,YOUNG_LEVEL,BID,2026-03-19 06:29:06.113728345,1773901746113728345,1.390995211,0.9306781991501767,2188.4,46.844,4.356365665395703,2,2,5.9999999999990905,4-5,19.658,0.41964819400563574,2188.7,2188.5,1.999999999998181,2188.6,2188.7,0.0,1.999999999998181,2.1885999999999997,-0.18860000000181865,4.377199999999999,-2.3772000000018183,HIT_TARGET,3.773656678,True,3.773656678,False,,False,False,,False,,0.0
2026-03-19,YOUNG_LEVEL,ASK,2026-03-19 06:32:21.384585380,1773901941384585380,0.767560094,1.0,2186.6,108.779,13.20293724966622,5,5,5.0,4-5,16.773,0.15419336452807986,2186.0,2186.5,5.0,2186.0,2186.1,0.0,5.0,2.18625,2.81375,4.3725,0.6275000000000004,HIT_TARGET,1.530386881,True,1.530386881,False,,False,False,,False,,0.0
2026-03-19,YOUNG_LEVEL,BID,2026-03-19 06:35:08.912648858,1773902108912648858,0.764944988,1.0,2181.1,79.927,16.55488815244408,5,5,20.99999999999909,6+,19.25,0.24084477085340372,2181.7,2181.2,5.0,2181.6,2181.7,0.0,5.0,2.1814499999999994,2.8185500000000006,4.362899999999999,0.6371000000000011,HIT_TARGET,0.101927531,True,0.101927531,False,,False,False,,False,,0.0
2026-03-19,YOUNG_LEVEL,BID,2026-03-19 06:35:54.888540243,1773902154888540243,0.917882801,1.0,2179.2,67.903,4.107119095143047,4,4,5.9999999999990905,4-5,31.161,0.45890461393458315,2179.7,2179.2999999999997,4.0000000000009095,2179.6,2179.7,0.0,4.0000000000009095,2.1795,1.8205000000009095,4.359,-0.3589999999990905,HIT_TARGET,3.520273476,True,3.520273476,True,2.958741667,True,True,0.561531809,False,,0.0
2026-03-19,YOUNG_LEVEL,BID,2026-03-19 06:48:11.517984114,1773902891517984114,1.274029651,0.9997038287141089,2184.2,104.749,14.999498818643946,5,5,4.0000000000009095,4-5,16.682,0.15925689028057546,2184.8,2184.2999999999997,5.0000000000045475,2184.7,2184.8,0.0,5.0000000000045475,2.1845499999999998,2.8154500000045477,4.3690999999999995,0.6309000000045479,HIT_TARGET,50.988803776,True,50.988803776,True,1.226368373,True,True,49.762435403,True,7.195787963,8.000000000001819
2026-03-19,YOUNG_LEVEL,BID,2026-03-19 06:51:21.981111622,1773903081981111622,0.528535454,1.0,2181.9,109.933,15.985604187872621,4,4,3.999999999996362,2-3,16.168,0.14707139803334757,2182.4,2182.0,4.0000000000009095,2182.3,2182.4,0.0,4.0000000000009095,2.1821999999999995,1.81780000000091,4.364399999999999,-0.36439999999908945,HIT_TARGET,9.287935439,True,9.287935439,True,3.167304079,True,True,6.12063136,False,,0.0
2026-03-19,YOUNG_LEVEL,BID,2026-03-19 06:56:18.602643838,1773903378602643838,1.020034572,0.857005328050783,2179.1,41.501,3.658893541988098,2,2,15.0,6+,1.0,0.024095804920363367,2179.4,2179.2,2.0000000000027285,2179.3,2179.4,0.0,2.0000000000027285,2.1793,-0.17929999999727153,4.3586,-2.3585999999972715,HIT_TARGET,0.254476028,True,0.254476028,False,,False,False,,False,,0.0
2026-03-19,YOUNG_LEVEL,ASK,2026-03-19 06:56:50.810999717,1773903410810999717,0.528624455,1.0,2179.5,54.043,6.093815188588825,4,4,4.0000000000009095,4-5,23.984,0.4437947560276077,2179.0,2179.4,4.0000000000009095,2179.0,2179.1,0.0,4.0000000000009095,2.1792,1.8208000000009097,4.3584,-0.3583999999990901,HIT_TARGET,2.840887259,True,2.840887259,True,1.982678648,True,True,0.858208611,False,,0.0
2026-03-19,YOUNG_LEVEL,ASK,2026-03-19 06:56:51.632460323,1773903411632460323,0.637892853,0.7688966425839544,2179.3,35.805,4.157812227834873,2,2,4.0000000000009095,4-5,2.7520000000000002,0.07686077363496718,2179.0,2179.2000000000003,2.0000000000027285,2179.0,2179.1,0.0,2.0000000000027285,2.1791000000000005,-0.179099999997272,4.358200000000001,-2.3581999999972725,HIT_TARGET,1.161218042,True,1.161218042,False,,False,False,,False,,0.0
2026-03-19,YOUNG_LEVEL,ASK,2026-03-19 06:58:01.982630001,1773903481982630001,1.940663484,0.9962783769264759,2179.5,51.176,3.4742701968771215,3,3,3.999999999996362,2-3,21.945999999999998,0.4288338283570423,2179.1,2179.4,3.000000000001819,2179.1,2179.2,0.0,3.000000000001819,2.17925,0.8207500000018189,4.3585,-1.3584999999981813,HIT_TARGET,46.589488081,True,46.589488081,True,0.556665437,True,True,46.032822644,True,0.356881594,10.0
2026-03-19,YOUNG_LEVEL,BID,2026-03-19 07:00:01.768997878,1773903601768997878,0.650496135,1.0,2180.1,121.912,6.363669581104007,2,2,3.999999999996362,2-3,30.721,0.25199324102631404,2180.4,2180.2,2.0000000000027285,2180.3,2180.4,0.0,2.0000000000027285,2.1803000000000003,-0.18029999999727186,4.360600000000001,-2.360599999997272,HIT_TARGET,1.718392862,True,1.718392862,False,,False,False,,False,,0.0
2026-03-19,YOUNG_LEVEL,ASK,2026-03-19 07:01:10.030246703,1773903670030246703,1.171646593,0.943257185744234,2180.5,75.537,8.284836852207295,4,4,7.9999999999972715,6+,17.747999999999998,0.23495770284761106,2180.0,2180.4,4.0000000000009095,2180.0,2180.1,0.0,4.0000000000009095,2.1801999999999997,1.8198000000009098,4.360399999999999,-0.3603999999990899,TIMEOUT,60.0,False,,True,0.052185478,True,False,,True,28.380425425,72.99999999999727
2026-03-19,YOUNG_LEVEL,BID,2026-03-19 07:01:45.962103205,1773903705962103205,0.713917664,0.7959730871710159,2176.8,34.149,3.8345965976082197,3,3,7.0000000000027285,6+,2.283,0.06685408064657823,2177.4,2176.9,5.0,2177.1,2177.4,0.0,5.0,2.17715,2.82285,4.3543,0.6456999999999997,HIT_TARGET,0.102585829,True,0.102585829,False,,False,False,,False,,0.0
2026-03-19,YOUNG_LEVEL,ASK,2026-03-19 07:02:39.746374978,1773903759746374978,0.506904051,1.0,2177.0,65.605,6.041254201390488,3,3,5.0,4-5,30.756,0.4688057312704824,2176.6,2176.9,3.000000000001819,2176.6,2176.7,0.0,3.000000000001819,2.1767499999999997,0.8232500000018192,4.3534999999999995,-1.3534999999981805,HIT_TARGET,14.702853323,True,14.702853323,True,5.311890592,True,True,9.390962731,True,9.29385448,6.999999999998181
2026-03-19,YOUNG_LEVEL,BID,2026-03-19 07:03:07.408604024,1773903787408604024,0.507012608,0.6927959925604059,2177.9,64.707,8.193352326685659,4,4,5.0,4-5,30.416999999999998,0.47007278965181515,2178.4,2178.0,4.0000000000009095,2178.3,2178.4,0.0,4.0000000000009095,2.1782,1.8218000000009096,4.3564,-0.35639999999909033,HIT_TARGET,5.513970976,True,5.513970976,True,0.156045163,True,True,5.357925813,True,0.250833271,2.9999999999972715
2026-03-19,YOUNG_LEVEL,ASK,2026-03-19 07:05:44.323496403,1773903944323496403,0.900813409,0.9315762827415905,2180.6,36.19,4.04064087534193,1,1,5.0,4-5,10.058,0.27792207792207796,2180.4,2180.5,0.9999999999990905,2180.4,2180.5,0.0,0.9999999999990905,2.1804499999999996,-1.180450000000909,4.360899999999999,-3.3609000000009086,HIT_TARGET,0.018631573,True,0.018631573,False,,False,False,,False,,0.0
2026-03-19,YOUNG_LEVEL,BID,2026-03-19 07:06:59.038778100,1773904019038778100,0.524063331,1.0,2180.0,75.84,8.222920958473383,4,4,6.999999999998181,6+,29.083000000000002,0.3834783755274262,2180.5,2180.1,4.0000000000009095,2180.4,2180.5,0.0,4.0000000000009095,2.1803000000000003,1.8197000000009091,4.360600000000001,-0.3605999999990912,HIT_TARGET,9.991251659,True,9.991251659,True,5.753417701,True,True,4.237833958,False,,0.0
2026-03-19,YOUNG_LEVEL,ASK,2026-03-19 07:09:35.937169501,1773904175937169501,0.501311479,1.0,2173.2,68.275,4.506451932279463,2,2,4.0000000000009095,4-5,32.56,0.47689491028927133,2172.9,2173.1,1.999999999998181,2172.9,2173.0,0.0,1.999999999998181,2.1729999999999996,-0.1730000000018186,4.345999999999999,-2.346000000001818,HIT_TARGET,2.77409857,True,2.77409857,True,1.639280626,True,True,1.134817944,True,0.22354392,6.999999999998181
2026-03-19,YOUNG_LEVEL,ASK,2026-03-19 07:11:33.721653115,1773904293721653115,0.791414521,1.0,2170.1,67.129,11.055500658761531,5,5,12.999999999997272,6+,31.915,0.4754279074617527,2169.5,2170.0,5.0,2169.5,2169.6,0.0,5.0,2.16975,2.83025,4.3395,0.6604999999999999,HIT_TARGET,5.744715098,True,5.744715098,True,0.690763465,True,True,5.053951633,False,,0.0
2026-03-19,YOUNG_LEVEL,ASK,2026-03-19 07:11:39.466368213,1773904299466368213,1.633631545,0.9075133970922433,2170.5,91.162,14.19637156427626,5,5,4.0000000000009095,4-5,22.834999999999997,0.2504881419889866,2169.8,2170.4,5.9999999999990905,2169.8,2170.0,0.0,5.9999999999990905,2.1701,3.8298999999990904,4.3402,1.6597999999990902,HIT_TARGET,7.244551435,True,7.244551435,True,0.815978153,True,True,6.428573282,False,,0.0
2026-03-19,YOUNG_LEVEL,ASK,2026-03-19 07:12:37.187417587,1773904357187417587,1.020964587,0.9007403260697033,2168.8,52.121,6.193452557780287,3,3,14.00000000000091,6+,14.473,0.2776807812589935,2168.4,2168.7000000000003,3.000000000001819,2168.4,2168.5,0.0,3.000000000001819,2.16855,0.8314500000018188,4.3371,-1.3370999999981814,HIT_TARGET,0.459942767,True,0.459942767,False,,False,False,,False,,0.0
2026-03-19,YOUNG_LEVEL,ASK,2026-03-19 07:14:33.569831608,1773904473569831608,0.571444957,0.8035881538105866,2160.8,91.516,6.766182396214559,4,4,8.000000000001819,6+,29.777,0.32537479784955636,2160.3,2160.7000000000003,4.0000000000009095,2160.3,2160.4,0.0,4.0000000000009095,2.1605,1.8395000000009096,4.321,-0.32099999999909024,HIT_TARGET,2.036946205,True,2.036946205,True,0.307346948,True,True,1.729599257,False,,0.0
2026-03-19,YOUNG_LEVEL,ASK,2026-03-19 07:14:35.560208975,1773904475560208975,1.632473361,1.0,2161.0,41.625,4.225459344229012,4,4,5.0,4-5,13.982,0.3359039039039039,2160.5,2160.9,4.0000000000009095,2160.5,2160.6,0.0,4.0000000000009095,2.1607,1.8393000000009097,4.3214,-0.3213999999990902,HIT_TARGET,0.510499225,True,0.510499225,False,,False,False,,False,,0.0
2026-03-19,YOUNG_LEVEL,ASK,2026-03-19 07:15:18.812562804,1773904518812562804,0.516019409,1.0,2162.6,41.667,4.055577185127507,2,2,5.0,4-5,17.994,0.43185254517963856,2162.3,2162.5,1.999999999998181,2162.3,2162.4,0.0,1.999999999998181,2.1624,-0.16240000000181887,4.3248,-2.3248000000018187,HIT_TARGET,1.536477815,True,1.536477815,True,0.953518254,True,True,0.582959561,False,,0.0
2026-03-19,YOUNG_LEVEL,BID,2026-03-19 07:15:23.465521673,1773904523465521673,0.562031815,1.0,2160.4,74.539,13.121908282721591,6,6,15.99999999999909,6+,19.631,0.2633654865238332,2161.1,2160.5,5.9999999999990905,2161.0,2161.1,0.0,5.9999999999990905,2.1608,3.8391999999990905,4.3216,1.6783999999990904,HIT_TARGET,1.582473211,True,1.582473211,True,0.302498233,True,True,1.279974978,False,,0.0
2026-03-19,YOUNG_LEVEL,ASK,2026-03-19 07:16:29.592641414,1773904589592641414,0.507013582,1.0,2158.5,55.368,6.033344230140569,3,3,5.0,4-5,24.066,0.43465539661898567,2158.1,2158.4,3.000000000001819,2158.1,2158.2,0.0,3.000000000001819,2.15825,0.8417500000018192,4.3165,-1.3164999999981806,HIT_TARGET,32.707631164,True,32.707631164,True,1.529572149,True,True,31.178059015,True,4.287842164,26.99999999999818
2026-03-19,YOUNG_LEVEL,ASK,2026-03-19 07:18:26.535440852,1773904706535440852,0.808280309,1.0,2161.1,91.149,8.376895505927765,4,4,5.9999999999990905,4-5,35.251,0.38674039210523425,2160.6,2161.0,4.0000000000009095,2160.6,2160.7,0.0,4.0000000000009095,2.1608,1.8392000000009094,4.3216,-0.3215999999990906,HIT_TARGET,39.045315055,True,39.045315055,True,1.233349151,True,True,37.811965904,True,1.233349151,12.999999999997272
2026-03-19,YOUNG_LEVEL,BID,2026-03-19 07:19:55.340248855,1773904795340248855,0.713779442,1.0,2159.9,62.055,7.765125445786148,2,2,4.0000000000009095,4-5,10.756,0.17333011038594795,2160.2,2160.0,1.999999999998181,2160.1,2160.2,0.0,1.999999999998181,2.1600999999999995,-0.16010000000181845,4.320199999999999,-2.320200000001818,HIT_TARGET,0.151973215,True,0.151973215,False,,False,False,,False,,0.0
2026-03-19,YOUNG_LEVEL,ASK,2026-03-19 07:20:08.606287164,1773904808606287164,0.668514492,0.7198115803897935,2158.3,38.974,5.936181555098621,1,1,5.9999999999990905,4-5,15.591,0.4000359213834864,2158.1,2158.2000000000003,1.000000000003638,2158.1,2158.2,0.0,1.000000000003638,2.15815,-1.158149999996362,4.3163,-3.316299999996362,HIT_TARGET,0.0409485,True,0.0409485,False,,False,False,,False,,0.0
2026-03-19,YOUNG_LEVEL,BID,2026-03-19 07:20:29.120447556,1773904829120447556,1.324015569,1.0,2153.8,76.86,6.730887117961292,4,4,4.0000000000009095,4-5,37.5,0.4879000780640125,2154.3,2153.9,4.0000000000009095,2154.2,2154.3,0.0,4.0000000000009095,2.1541,1.8459000000009094,4.3082,-0.30819999999909076,HIT_TARGET,16.225400421,True,16.225400421,True,0.411090525,True,True,15.814309896,True,3.42130572,11.000000000003638
2026-03-19,YOUNG_LEVEL,ASK,2026-03-19 07:21:14.708294098,1773904874708294098,0.509907488,0.9884451020260365,2153.5,36.269,5.930667974818085,2,2,5.0,4-5,14.120000000000001,0.38931318757065264,2153.2,2153.4,2.0000000000027285,2153.2,2153.3,0.0,2.0000000000027285,2.1533,-0.15329999999727173,4.3066,-2.306599999997272,TIMEOUT,60.0,False,,True,0.916929428,True,False,,True,0.102477674,61.00000000000364
2026-03-19,YOUNG_LEVEL,BID,2026-03-19 07:21:30.677189443,1773904890677189443,0.611483767,1.0,2148.5,45.435,11.792110044121465,5,5,20.0,6+,14.344999999999999,0.3157257620776934,2149.1,2148.6,5.0,2149.0,2149.1,0.0,5.0,2.14885,2.85115,4.2977,0.7023000000000001,HIT_TARGET,0.101918401,True,0.101918401,False,,False,False,,False,,0.0
2026-03-19,YOUNG_LEVEL,ASK,2026-03-19 07:21:50.417479236,1773904910417479236,0.501581651,1.0,2149.3,77.822,10.443803261088373,3,3,11.999999999998181,6+,25.156,0.32325049471871703,2148.9,2149.2000000000003,3.000000000001819,2148.9,2149.0,0.0,3.000000000001819,2.14905,0.8509500000018191,4.2981,-1.2980999999981808,HIT_TARGET,0.416310695,True,0.416310695,False,,False,False,,False,,0.0
2026-03-19,YOUNG_LEVEL,ASK,2026-03-19 07:21:54.456153090,1773904914456153090,0.766919775,0.9821856660300616,2151.4,76.24,8.077126814281174,4,4,15.99999999999909,6+,14.763,0.19363850996852047,2150.9,2151.3,4.0000000000009095,2150.9,2151.0,0.0,4.0000000000009095,2.1511,1.8489000000009095,4.3022,-0.30219999999909053,HIT_TARGET,0.246473298,True,0.246473298,False,,False,False,,False,,0.0
2026-03-19,YOUNG_LEVEL,ASK,2026-03-19 07:24:36.974040862,1773905076974040862,0.613635767,1.0,2149.1,78.506,7.494606205250595,4,4,5.0,4-5,25.401,0.32355488752452044,2148.6,2149.0,4.0000000000009095,2148.6,2148.7,0.0,4.0000000000009095,2.1488,1.8512000000009095,4.2976,-0.2975999999990906,HIT_TARGET,1.27522738,True,1.27522738,False,,False,False,,False,,0.0
2026-03-19,YOUNG_LEVEL,ASK,2026-03-19 07:25:15.095000195,1773905115095000195,0.560116066,0.9987661075231504,2146.5,26.458,3.7486540096344574,3,3,5.9999999999990905,4-5,10.377,0.39220651598760303,2146.1,2146.4,3.000000000001819,2146.1,2146.2,0.0,3.000000000001819,2.1462499999999998,0.8537500000018192,4.2924999999999995,-1.2924999999981805,HIT_TARGET,1.276514112,True,1.276514112,False,,False,False,,False,,0.0
2026-03-19,YOUNG_LEVEL,ASK,2026-03-19 07:25:18.718218546,1773905118718218546,0.509554597,1.0,2147.2,75.348,11.145329487463945,5,5,5.0,4-5,13.575000000000001,0.18016403885969104,2146.6,2147.1,5.0,2146.6,2146.7,0.0,5.0,2.1468499999999997,2.8531500000000003,4.293699999999999,0.7063000000000006,HIT_TARGET,2.500901307,True,2.500901307,True,0.66454875,True,True,1.836352557,False,,0.0
2026-03-19,YOUNG_LEVEL,BID,2026-03-19 07:26:07.542052294,1773905167542052294,0.512093154,0.8861989883192228,2156.2,59.213,11.82250174703005,1,1,5.9999999999990905,4-5,24.081,0.4066843429652272,2156.4,2156.2999999999997,1.000000000003638,2156.3,2156.4,0.0,1.000000000003638,2.1563499999999998,-1.1563499999963618,4.3126999999999995,-3.3126999999963616,HIT_TARGET,9.128271504,True,9.128271504,True,0.050181907,True,True,9.078089597,True,1.836738549,8.999999999996362
2026-03-19,YOUNG_LEVEL,BID,2026-03-19 07:26:07.694243894,1773905167694243894,0.664284754,1.0,2156.1,53.437,8.875103803354925,3,3,5.0,4-5,15.943,0.298351329603084,2156.5,2156.2,3.000000000001819,2156.4,2156.5,0.0,3.000000000001819,2.1563499999999998,0.8436500000018192,4.3126999999999995,-1.3126999999981805,HIT_TARGET,12.19271567,True,12.19271567,True,1.009321001,True,True,11.183394669,True,1.684546949,7.9999999999972715
2026-03-19,YOUNG_LEVEL,BID,2026-03-19 07:26:20.396906046,1773905180396906046,0.509946482,0.7925497542700961,2155.3,73.158,10.507432675044884,3,3,10.99999999999909,6+,25.412,0.3473577735859373,2155.7,2155.4,2.9999999999972715,2155.6,2155.7,0.0,2.9999999999972715,2.1555500000000003,0.8444499999972712,4.311100000000001,-1.311100000002729,HIT_TARGET,25.978063774,True,25.978063774,True,0.255633669,True,True,25.722430105,True,7.756599999,20.0
2026-03-19,YOUNG_LEVEL,BID,2026-03-19 07:26:22.489992287,1773905182489992287,0.815487467,0.7394737900981132,2154.9,80.098,12.856821829855537,6,6,8.000000000001819,6+,21.683,0.2707058852905191,2155.6,2155.0,5.9999999999990905,2155.5,2155.6,0.0,5.9999999999990905,2.1553,3.8446999999990905,4.3106,1.6893999999990905,HIT_TARGET,26.687016554,True,26.687016554,True,0.510035173,True,True,26.176981381,True,5.607130989,20.99999999999909
2026-03-19,YOUNG_LEVEL,BID,2026-03-19 07:26:35.604706352,1773905195604706352,0.918141633,0.9970642535932144,2156.5,53.755,4.987474485062164,4,4,6.999999999998181,6+,18.127,0.33721514277741604,2157.0,2156.6,4.0000000000009095,2156.9,2157.0,0.0,4.0000000000009095,2.1568,1.8432000000009094,4.3136,-0.3135999999990906,HIT_TARGET,1.88787618,True,1.88787618,False,,False,False,,False,,0.0
2026-03-19,YOUNG_LEVEL,BID,2026-03-19 07:29:43.273150738,1773905383273150738,0.508033914,1.0,2154.1,52.192,8.02645136485967,4,4,5.0,4-5,14.244,0.27291538933169834,2154.6,2154.2,4.0000000000009095,2154.5,2154.6,0.0,4.0000000000009095,2.1543999999999994,1.84560000000091,4.308799999999999,-0.30879999999908936,HIT_TARGET,18.600973163,True,18.600973163,True,0.079492844,True,True,18.521480319,True,0.895697044,8.000000000001819
2026-03-19,YOUNG_LEVEL,ASK,2026-03-19 07:31:50.415493363,1773905510415493363,1.022811427,1.0,2157.3,77.048,11.270918665886484,6,6,3.999999999996362,2-3,21.945,0.28482244834388953,2156.6,2157.2000000000003,6.000000000003638,2156.6,2156.7,0.0,6.000000000003638,2.1569000000000003,3.8431000000036377,4.3138000000000005,1.6862000000036375,HIT_TARGET,9.446057556,True,9.446057556,True,2.137703529,True,True,7.308354027,True,3.471343364,10.0
2026-03-19,YOUNG_LEVEL,ASK,2026-03-19 07:33:14.858860449,1773905594858860449,0.54012915,1.0,2159.9,106.98,9.53136136849608,4,4,14.00000000000091,6+,45.67699999999999,0.4269676575060758,2159.4,2159.8,4.0000000000009095,2159.4,2159.5,0.0,4.0000000000009095,2.1596,1.8404000000009093,4.3192,-0.3191999999990909,HIT_TARGET,3.238608932,True,3.238608932,True,0.38042324,True,True,2.858185692,False,,0.0
2026-03-19,YOUNG_LEVEL,ASK,2026-03-19 07:34:12.582427940,1773905652582427940,0.659120644,1.0,2162.7,42.163,4.500026682320295,2,2,4.0000000000009095,4-5,20.979,0.497568958565567,2162.4,2162.6,1.999999999998181,2162.4,2162.5,0.0,1.999999999998181,2.1624999999999996,-0.16250000000181863,4.324999999999999,-2.3250000000018183,HIT_TARGET,3.578531085,True,3.578531085,True,0.108244061,True,True,3.470287024,False,,0.0
2026-03-19,YOUNG_LEVEL,ASK,2026-03-19 07:36:26.336649826,1773905786336649826,0.715983094,1.0,2161.6,37.689,3.6541593949970914,1,1,5.0,4-5,9.153,0.24285600573111518,2161.4,2161.5,0.9999999999990905,2161.4,2161.5,0.0,0.9999999999990905,2.1614499999999994,-1.161450000000909,4.322899999999999,-3.3229000000009083,HIT_TARGET,0.028600683,True,0.028600683,False,,False,False,,False,,0.0
2026-03-19,YOUNG_LEVEL,ASK,2026-03-19 07:36:51.395595618,1773905811395595618,0.716928462,0.9104439349208039,2165.1,51.384,4.8464041499646315,3,3,19.00000000000091,6+,16.555,0.3221820021796668,2164.6,2165.0,4.0000000000009095,2164.6,2164.8,0.0,4.0000000000009095,2.1648,1.8352000000009094,4.3296,-0.3295999999990906,HIT_TARGET,2.089220104,True,2.089220104,True,0.611572548,True,True,1.477647556,True,0.611572548,3.000000000001819
2026-03-19,YOUNG_LEVEL,ASK,2026-03-19 07:36:53.282897169,1773905813282897169,1.022833931,0.9450095374280265,2165.1,38.984,3.920945436258487,2,2,13.000000000001819,6+,6.0729999999999995,0.15578185922429713,2164.8,2165.0,1.999999999998181,2164.8,2164.9,0.0,1.999999999998181,2.1649,-0.16490000000181881,4.3298,-2.3298000000018186,HIT_TARGET,0.201918553,True,0.201918553,False,,False,False,,False,,0.0
2026-03-19,YOUNG_LEVEL,ASK,2026-03-19 07:37:38.279439509,1773905858279439509,1.786279409,0.968487174113756,2169.2,25.629,5.996490407112775,6,6,7.9999999999972715,6+,12.099,0.47208240664871826,2168.5,2169.1,5.9999999999990905,2168.5,2168.6,0.0,5.9999999999990905,2.1688,3.8311999999990904,4.3376,1.6623999999990904,HIT_TARGET,0.663025049,True,0.663025049,False,,False,False,,False,,0.0
2026-03-19,YOUNG_LEVEL,BID,2026-03-19 07:37:58.322213513,1773905878322213513,0.60567314,1.0,2167.1,51.695,5.167949615115465,4,4,5.9999999999990905,4-5,20.941000000000003,0.40508753264338915,2167.6,2167.2,4.0000000000009095,2167.5,2167.6,0.0,4.0000000000009095,2.1673999999999993,1.8326000000009102,4.334799999999999,-0.33479999999908916,HIT_TARGET,2.099071548,True,2.099071548,False,,False,False,,False,,0.0
2026-03-19,YOUNG_LEVEL,ASK,2026-03-19 07:38:27.737448370,1773905907737448370,0.601039171,1.0,2168.2,37.95,3.9819526782435344,1,1,7.9999999999972715,6+,10.302,0.2714624505928853,2168.0,2168.1,0.9999999999990905,2168.0,2168.1,0.0,0.9999999999990905,2.16805,-1.1680500000009095,4.3361,-3.3361000000009096,HIT_TARGET,0.101951165,True,0.101951165,False,,False,False,,False,,0.0
2026-03-19,YOUNG_LEVEL,ASK,2026-03-19 07:38:51.072364434,1773905931072364434,0.506138131,1.0,2171.3,58.51,7.575090626618332,5,5,12.000000000002728,6+,23.419,0.4002563664330884,2170.7,2171.2000000000003,5.0000000000045475,2170.7,2170.8,0.0,5.0000000000045475,2.1709499999999995,2.829050000004548,4.341899999999999,0.6581000000045485,HIT_TARGET,43.649337171,True,43.649337171,True,5.475018625,True,True,38.174318546,True,16.906227544,14.00000000000091
2026-03-19,YOUNG_LEVEL,BID,2026-03-19 07:39:19.146860623,1773905959146860623,0.50780533,1.0,2169.2,72.565,6.224214092722048,6,6,5.0,4-5,33.85,0.4664783297733067,2169.9,2169.2999999999997,6.000000000003638,2169.8,2169.9,0.0,6.000000000003638,2.1695999999999995,3.8304000000036384,4.339199999999999,1.660800000003639,HIT_TARGET,0.925635992,True,0.925635992,False,,False,False,,False,,0.0
2026-03-19,YOUNG_LEVEL,BID,2026-03-19 07:43:00.210710200,1773906180210710200,1.685225442,1.0,2168.5,61.032,8.540722082283795,7,7,6.000000000003638,6+,29.903,0.48995608860925416,2169.3,2168.6,7.0000000000027285,2169.2,2169.3,0.0,7.0000000000027285,2.1689499999999997,4.831050000002729,4.337899999999999,2.662100000002729,HIT_TARGET,2.651758532,True,2.651758532,True,0.611907195,True,True,2.039851337,False,,0.0
2026-03-19,YOUNG_LEVEL,BID,2026-03-19 07:44:14.853307035,1773906254853307035,0.543644221,1.0,2167.5,103.654,7.889933396764986,4,4,6.999999999998181,6+,50.997,0.4919925907345592,2168.0,2167.6,4.0000000000009095,2167.9,2168.0,0.0,4.0000000000009095,2.1678,1.8322000000009093,4.3356,-0.33559999999909085,HIT_TARGET,26.190768722,True,26.190768722,True,0.474175349,True,True,25.716593373,True,1.704324293,2.9999999999972715
2026-03-19,YOUNG_LEVEL,BID,2026-03-19 07:46:44.492351184,1773906404492351184,1.728658187,1.0,2165.1,102.698,8.702851574085843,4,4,4.0000000000009095,4-5,44.533,0.43363064519270095,2165.6,2165.2,4.0000000000009095,2165.5,2165.6,0.0,4.0000000000009095,2.1653999999999995,1.83460000000091,4.330799999999999,-0.3307999999990896,HIT_TARGET,1.687869232,True,1.687869232,True,0.873931762,True,True,0.81393747,False,,0.0
2026-03-19,YOUNG_LEVEL,ASK,2026-03-19 07:47:19.303551636,1773906439303551636,1.738803746,1.0,2166.2,73.943,10.537694171298275,4,4,4.0000000000009095,4-5,34.606,0.4680091421770824,2165.7,2166.1,4.0000000000009095,2165.7,2165.8,0.0,4.0000000000009095,2.1658999999999997,1.8341000000009098,4.331799999999999,-0.33179999999908993,HIT_TARGET,6.529004412,True,6.529004412,True,0.689125844,True,True,5.839878568,False,,1.000000000003638
2026-03-19,YOUNG_LEVEL,ASK,2026-03-19 07:51:05.752363605,1773906665752363605,0.509937321,1.0,2166.0,66.828,4.869425823375109,3,3,3.999999999996362,2-3,20.705000000000002,0.30982522296043574,2165.6,2165.9,3.000000000001819,2165.6,2165.7,0.0,3.000000000001819,2.1657499999999996,0.8342500000018194,4.331499999999999,-1.3314999999981803,HIT_TARGET,1.886805617,True,1.886805617,True,0.771375606,True,True,1.115430011,False,,0.0
2026-03-19,YOUNG_LEVEL,ASK,2026-03-19 07:54:10.937701343,1773906850937701343,0.539418518,1.0,2173.2,108.762,11.83031489639419,2,2,5.0,4-5,52.418000000000006,0.4819514168551517,2172.9,2173.1,1.999999999998181,2172.9,2173.0,0.0,1.999999999998181,2.1729999999999996,-0.1730000000018186,4.345999999999999,-2.346000000001818,TIMEOUT,60.0,False,,True,1.349212925,True,False,,True,5.739700705,23.00000000000182
2026-03-19,YOUNG_LEVEL,BID,2026-03-19 07:56:59.188387507,1773907019188387507,0.919706844,0.9981558754171889,2170.5,33.384,3.2994662976872897,2,2,11.000000000003638,6+,14.799,0.44329618979151686,2170.8,2170.6,2.0000000000027285,2170.7,2170.8,0.0,2.0000000000027285,2.1706999999999996,-0.17069999999727115,4.341399999999999,-2.3413999999972708,HIT_TARGET,1.771733806,True,1.771733806,True,1.17387376,True,True,0.597860046,False,,0.0
2026-03-19,YOUNG_LEVEL,ASK,2026-03-19 07:57:37.559015470,1773907057559015470,0.556219982,1.0,2169.9,114.287,14.58300370039556,5,5,5.0,4-5,32.103,0.2808980898964887,2169.3,2169.8,5.0,2169.3,2169.4,0.0,5.0,2.16955,2.83045,4.3391,0.6608999999999998,TIMEOUT,60.0,False,,True,1.127603881,True,False,,True,8.270733971,25.0
2026-03-19,YOUNG_LEVEL,BID,2026-03-19 07:57:46.235583726,1773907066235583726,0.558479653,0.6315235140715144,2168.6,35.547,3.4224233379868094,1,1,4.0000000000009095,4-5,4.785,0.13461051565532958,2168.8,2168.7,1.000000000003638,2168.7,2168.8,0.0,1.000000000003638,2.16875,-1.1687499999963622,4.3375,-3.3374999999963624,HIT_TARGET,0.028134193,True,0.028134193,False,,False,False,,False,,0.0
2026-03-19,YOUNG_LEVEL,BID,2026-03-19 08:00:32.120797000,1773907232120797000,0.604598599,1.0,2169.7,33.32,4.644226078472367,1,1,3.999999999996362,2-3,4.401,0.1320828331332533,2169.9,2169.7999999999997,1.000000000003638,2169.8,2169.9,0.0,1.000000000003638,2.16985,-1.1698499999963619,4.3397,-3.3396999999963617,HIT_TARGET,0.063717633,True,0.063717633,False,,False,False,,False,,0.0
2026-03-19,YOUNG_LEVEL,BID,2026-03-19 08:00:41.616602248,1773907241616602248,0.5041204,1.0,2169.0,74.061,11.512669050209857,5,5,8.000000000001819,6+,29.804000000000002,0.40242502801744506,2169.6,2169.1,5.0,2169.5,2169.6,0.0,5.0,2.1693499999999997,2.8306500000000003,4.338699999999999,0.6613000000000007,HIT_TARGET,6.490078205,True,6.490078205,True,0.26074144,True,True,6.229336765,False,,0.0
2026-03-19,YOUNG_LEVEL,ASK,2026-03-19 08:01:33.995291836,1773907293995291836,0.612226829,1.0,2169.3,55.922,5.092382643536857,3,3,4.0000000000009095,4-5,12.659,0.22636887092736313,2168.9,2169.2000000000003,3.000000000001819,2168.9,2169.0,0.0,3.000000000001819,2.16905,0.8309500000018191,4.3381,-1.3380999999981809,HIT_TARGET,0.870107605,True,0.870107605,True,0.050366345,True,True,0.81974126,False,,0.0
2026-03-19,YOUNG_LEVEL,BID,2026-03-19 08:03:33.455281506,1773907413455281506,0.561563227,0.9242657995481602,2163.9,34.756,5.982614682847061,3,3,4.0000000000009095,4-5,11.203000000000001,0.32233283461848317,2164.3,2164.0,3.000000000001819,2164.2,2164.3,0.0,3.000000000001819,2.16415,0.8358500000018192,4.3283,-1.3282999999981806,HIT_TARGET,0.091181029,True,0.091181029,False,,False,False,,False,,0.0
2026-03-19,YOUNG_LEVEL,ASK,2026-03-19 08:03:39.839700193,1773907419839700193,0.517114544,1.0,2165.9,31.989,3.991888687839271,1,1,5.0,4-5,9.535,0.29807121197911784,2165.7,2165.8,1.000000000003638,2165.7,2165.8,0.0,1.000000000003638,2.1657499999999996,-1.1657499999963616,4.331499999999999,-3.3314999999963613,HIT_TARGET,0.093771832,True,0.093771832,False,,False,False,,False,,0.0
2026-03-19,YOUNG_LEVEL,BID,2026-03-19 08:03:44.970905118,1773907424970905118,0.54226276,1.0,2164.9,67.545,8.546754397064406,7,7,8.000000000001819,6+,33.731,0.4993855947886594,2165.7,2165.0,6.999999999998181,2165.6,2165.7,0.0,6.999999999998181,2.1653499999999997,4.834649999998181,4.330699999999999,2.6692999999981817,HIT_TARGET,13.236709621,True,13.236709621,True,0.427041301,True,True,12.80966832,False,,0.0
2026-03-19,YOUNG_LEVEL,BID,2026-03-19 08:06:34.610718629,1773907594610718629,1.672290893,0.8939091711001741,2162.1,76.519,9.857520128824477,5,5,5.9999999999990905,4-5,25.059,0.327487290738248,2163.0,2162.2,8.000000000001819,2162.6,2163.0,0.0,8.000000000001819,2.1626,5.83740000000182,4.3252,3.6748000000018193,HIT_TARGET,5.509927421,True,5.509927421,True,0.050011972,True,True,5.459915449,False,,0.0
2026-03-19,YOUNG_LEVEL,BID,2026-03-19 08:09:05.863730134,1773907745863730134,0.815803642,1.0,2162.8,115.709,11.81125912315623,1,1,7.9999999999972715,6+,27.334,0.23623054386434936,2163.0,2162.9,0.9999999999990905,2162.9,2163.0,0.0,0.9999999999990905,2.16295,-1.1629500000009094,4.3259,-3.3259000000009094,HIT_TARGET,0.049061961,True,0.049061961,False,,False,False,,False,,0.0
2026-03-19,YOUNG_LEVEL,ASK,2026-03-19 08:09:11.567444709,1773907751567444709,1.070504542,1.0,2164.1,54.535,5.462513146692042,2,2,5.9999999999990905,4-5,18.11,0.3320803153937838,2163.8,2164.0,1.999999999998181,2163.8,2163.9,0.0,1.999999999998181,2.1639,-0.16390000000181892,4.3278,-2.327800000001819,HIT_TARGET,3.985468508,True,3.985468508,False,,False,False,,False,,0.9999999999990905
2026-03-19,YOUNG_LEVEL,BID,2026-03-19 08:10:54.804085650,1773907854804085650,0.810366786,1.0,2163.2,52.664,3.449079834959723,3,3,13.000000000001819,6+,17.939,0.3406311711985417,2163.6,2163.2999999999997,3.000000000001819,2163.5,2163.6,0.0,3.000000000001819,2.1634499999999997,0.8365500000018193,4.326899999999999,-1.3268999999981803,HIT_TARGET,0.975083528,True,0.975083528,False,,False,False,,False,,0.0
2026-03-19,YOUNG_LEVEL,ASK,2026-03-19 08:11:51.711753265,1773907911711753265,0.713200627,1.0,2169.3,32.9,3.886362294016892,6,6,5.0,4-5,16.366,0.4974468085106383,2168.6,2169.2000000000003,6.000000000003638,2168.6,2168.7,0.0,6.000000000003638,2.1689,3.831100000003638,4.3378,1.6622000000036383,TIMEOUT,60.0,False,,True,1.327882588,True,False,,True,1.327882588,38.99999999999636
2026-03-19,YOUNG_LEVEL,BID,2026-03-19 08:14:52.490837318,1773908092490837318,0.524733759,0.6709652427756225,2165.3,28.536,3.7638989645848446,2,2,5.9999999999990905,4-5,14.266,0.49992991309223433,2165.6,2165.4,1.999999999998181,2165.5,2165.6,0.0,1.999999999998181,2.1654999999999998,-0.16550000000181875,4.3309999999999995,-2.3310000000018185,HIT_TARGET,0.239741653,True,0.239741653,False,,False,False,,False,,0.0
2026-03-19,YOUNG_LEVEL,ASK,2026-03-19 08:15:25.899722862,1773908125899722862,0.818675182,1.0,2168.0,31.583,3.2424413531132896,3,3,5.9999999999990905,4-5,12.443000000000001,0.393977772852484,2167.5,2167.9,4.0000000000009095,2167.5,2167.7,0.0,4.0000000000009095,2.1677,1.8323000000009095,4.3354,-0.3353999999990904,TIMEOUT,60.0,False,,True,2.852106424,True,False,,True,3.318841187,35.0
2026-03-19,YOUNG_LEVEL,ASK,2026-03-19 08:15:25.899722862,1773908125899722862,1.891130862,1.0,2168.1,130.224,13.369334223089162,4,4,5.9999999999990905,4-5,44.025999999999996,0.3380790023344391,2167.5,2168.0,5.0,2167.5,2167.7,0.0,5.0,2.16775,2.83225,4.3355,0.6645000000000003,TIMEOUT,60.0,False,,True,9.851670746,True,False,,True,3.318841187,35.0
2026-03-19,YOUNG_LEVEL,ASK,2026-03-19 08:17:55.569560501,1773908275569560501,0.50609092,1.0,2167.7,79.706,8.500159965873948,4,4,9.00000000000091,6+,33.543,0.42083406518957167,2167.2,2167.6,4.0000000000009095,2167.2,2167.3,0.0,4.0000000000009095,2.1673999999999993,1.8326000000009102,4.334799999999999,-0.33479999999908916,HIT_TARGET,1.739044486,True,1.739044486,True,0.309751053,True,True,1.429293433,False,,0.0
2026-03-19,YOUNG_LEVEL,BID,2026-03-19 08:18:44.077260326,1773908324077260326,0.518324993,1.0,2166.7,34.262,3.4683403350711144,1,1,5.0,4-5,7.046,0.20565057498102854,2166.9,2166.7999999999997,1.000000000003638,2166.8,2166.9,0.0,1.000000000003638,2.1668499999999997,-1.1668499999963617,4.333699999999999,-3.3336999999963615,HIT_TARGET,0.061190406,True,0.061190406,False,,False,False,,False,,0.0
2026-03-19,YOUNG_LEVEL,ASK,2026-03-19 08:20:10.655506019,1773908410655506019,0.817725866,1.0,2167.2,48.579,4.848929480461147,2,2,5.0,4-5,2.719,0.055970686922332695,2166.9,2167.1,1.999999999998181,2166.9,2167.0,0.0,1.999999999998181,2.167,-0.1670000000018188,4.334,-2.3340000000018186,HIT_TARGET,0.052181002,True,0.052181002,False,,False,False,,False,,0.0
2026-03-19,YOUNG_LEVEL,BID,2026-03-19 08:20:37.145357383,1773908437145357383,0.509902655,1.0,2166.4,102.86,10.97817386199904,4,4,3.999999999996362,2-3,32.333,0.3143398794477931,2166.9,2166.5,4.0000000000009095,2166.8,2166.9,0.0,4.0000000000009095,2.1666999999999996,1.8333000000009099,4.333399999999999,-0.33339999999908976,TIMEOUT,60.0,False,,True,0.2044,True,False,,True,0.254988003,16.99999999999818
2026-03-19,YOUNG_LEVEL,ASK,2026-03-19 08:21:36.002324332,1773908496002324332,0.50662107,1.0,2168.3,133.904,13.798845836768342,3,3,6.999999999998181,6+,41.794000000000004,0.3121191301230733,2167.9,2168.2000000000003,3.000000000001819,2167.9,2168.0,0.0,3.000000000001819,2.16805,0.831950000001819,4.3361,-1.336099999998181,HIT_TARGET,10.207691224,True,10.207691224,True,0.514225889,True,True,9.693465335,True,9.392242263,3.000000000001819
2026-03-19,YOUNG_LEVEL,ASK,2026-03-19 08:21:37.165606148,1773908497165606148,0.548486939,1.0,2168.0,114.782,6.7061229259172705,1,1,5.9999999999990905,4-5,44.467,0.38740394835427155,2167.8,2167.9,0.9999999999990905,2167.8,2167.9,0.0,0.9999999999990905,2.16785,-1.1678500000009095,4.3357,-3.3357000000009096,HIT_TARGET,0.017614717,True,0.017614717,False,,False,False,,False,,0.0
2026-03-19,YOUNG_LEVEL,ASK,2026-03-19 08:25:17.673389859,1773908717673389859,1.425865757,1.0,2164.8,81.407,6.720353324802907,4,4,4.0000000000009095,4-5,39.57099999999999,0.48608841991474927,2164.3,2164.7000000000003,4.0000000000009095,2164.3,2164.4,0.0,4.0000000000009095,2.1645,1.8355000000009096,4.329,-0.32899999999909024,HIT_TARGET,1.736786399,True,1.736786399,False,,False,False,,False,,0.9999999999990905
2026-03-19,YOUNG_LEVEL,BID,2026-03-19 08:25:23.185102303,1773908723185102303,0.612508114,1.0,2164.0,22.903,3.6922456875705305,4,4,4.0000000000009095,4-5,1.673,0.07304719905689212,2164.6,2164.1,5.0,2164.4,2164.6,0.0,5.0,2.1643499999999998,2.8356500000000002,4.3286999999999995,0.6713000000000005,HIT_TARGET,0.354848109,True,0.354848109,False,,False,False,,False,,0.0
2026-03-19,YOUNG_LEVEL,BID,2026-03-19 08:30:57.035738507,1773909057035738507,1.842823906,1.0,2159.3,70.791,8.981919685339085,3,3,4.0000000000009095,4-5,27.179000000000002,0.3839329858315323,2159.7,2159.4,2.9999999999972715,2159.6,2159.7,0.0,2.9999999999972715,2.15955,0.8404499999972717,4.3191,-1.3191000000027282,HIT_TARGET,1.023879092,True,1.023879092,False,,False,False,,False,,0.0
2026-03-19,YOUNG_LEVEL,BID,2026-03-19 08:38:22.335832171,1773909502335832171,1.107586264,1.0,2160.1,54.911,4.286238388884552,4,4,5.0,4-5,23.081000000000003,0.42033472346160156,2160.6,2160.2,4.0000000000009095,2160.5,2160.6,0.0,4.0000000000009095,2.160399999999999,1.8396000000009103,4.320799999999998,-0.3207999999990889,HIT_TARGET,39.712844115,True,39.712844115,True,4.197790705,True,True,35.51505341,True,4.401384242,13.000000000001819
2026-03-19,YOUNG_LEVEL,ASK,2026-03-19 08:38:28.267766480,1773909508267766480,1.225459804,1.0,2161.7,65.54,7.061739036741732,7,7,4.0000000000009095,4-5,23.662,0.36103143118706127,2160.9,2161.6,6.999999999998181,2160.9,2161.0,0.0,6.999999999998181,2.16125,4.838749999998181,4.3225,2.6774999999981812,HIT_TARGET,0.103952629,True,0.103952629,False,,False,False,,False,,0.0
2026-03-19,YOUNG_LEVEL,BID,2026-03-19 08:39:17.271203521,1773909557271203521,0.834673499,1.0,2157.7,75.018,6.586882079199228,4,4,10.99999999999909,6+,19.975,0.26626942867045245,2158.2,2157.7999999999997,4.0000000000009095,2158.1,2158.2,0.0,4.0000000000009095,2.158,1.8420000000009096,4.316,-0.31599999999909034,TIMEOUT,60.0,False,,True,0.237960132,True,False,,True,1.717339141,23.00000000000182
2026-03-19,YOUNG_LEVEL,ASK,2026-03-19 08:39:37.661918238,1773909577661918238,0.714406803,1.0,2159.0,60.681,6.07660725015021,4,4,4.0000000000009095,4-5,24.233999999999998,0.3993671824788649,2158.5,2158.9,4.0000000000009095,2158.5,2158.6,0.0,4.0000000000009095,2.1586999999999996,1.8413000000009099,4.317399999999999,-0.31739999999908974,HIT_TARGET,27.099834765,True,27.099834765,True,0.151572242,True,True,26.948262523,True,20.209174084,5.0
2026-03-19,YOUNG_LEVEL,ASK,2026-03-19 08:40:05.116422567,1773909605116422567,0.507874734,1.0,2159.4,50.742,5.89269538961793,2,2,10.99999999999909,6+,15.359,0.30268810847030075,2159.1,2159.3,2.0000000000027285,2159.1,2159.2,0.0,2.0000000000027285,2.1592,-0.1591999999972713,4.3184,-2.318399999997271,HIT_TARGET,1.481783282,True,1.481783282,True,0.360227322,True,True,1.12155596,False,,0.0
2026-03-19,YOUNG_LEVEL,ASK,2026-03-19 08:41:01.123137581,1773909661123137581,0.647405775,0.8548471242784327,2162.6,27.05,3.873970640887934,5,5,5.9999999999990905,4-5,3.36,0.12421441774491682,2162.0,2162.5,5.0,2162.0,2162.1,0.0,5.0,2.16225,2.83775,4.3245,0.6755000000000004,HIT_TARGET,0.322387871,True,0.322387871,False,,False,False,,False,,0.0
2026-03-19,YOUNG_LEVEL,BID,2026-03-19 08:41:35.065676450,1773909695065676450,0.613464492,1.0,2164.1,51.176,5.492755178705592,4,4,5.0,4-5,20.542,0.4013990933249961,2164.6,2164.2,4.0000000000009095,2164.5,2164.6,0.0,4.0000000000009095,2.1643999999999997,1.8356000000009098,4.328799999999999,-0.3287999999990898,HIT_TARGET,3.46960938,True,3.46960938,True,1.53047252,True,True,1.93913686,False,,0.0
2026-03-19,YOUNG_LEVEL,ASK,2026-03-19 08:43:49.137084633,1773909829137084633,0.559113966,1.0,2160.2,55.523,5.774622984919397,2,2,5.9999999999990905,4-5,13.212,0.2379554418889469,2159.9,2160.1,1.999999999998181,2159.9,2160.0,0.0,1.999999999998181,2.1599999999999997,-0.1600000000018187,4.319999999999999,-2.3200000000018184,HIT_TARGET,0.669322077,True,0.669322077,True,0.105628617,True,True,0.56369346,False,,0.0
2026-03-19,YOUNG_LEVEL,ASK,2026-03-19 08:43:49.954407707,1773909829954407707,0.711694457,0.9178545688743506,2160.4,31.86,3.431525661047983,3,3,4.0000000000009095,4-5,10.317,0.3238229755178908,2160.0,2160.3,3.000000000001819,2160.0,2160.1,0.0,3.000000000001819,2.16015,0.8398500000018192,4.3203,-1.3202999999981806,HIT_TARGET,10.213230253,True,10.213230253,False,,False,False,,False,,0.9999999999990905
2026-03-19,YOUNG_LEVEL,BID,2026-03-19 08:45:28.090049112,1773909928090049112,0.578841025,1.0,2160.2,34.332,3.3099060014461315,2,2,4.0000000000009095,4-5,6.2059999999999995,0.18076430152627285,2160.5,2160.2999999999997,2.0000000000027285,2160.4,2160.5,0.0,2.0000000000027285,2.160399999999999,-0.16039999999727073,4.320799999999998,-2.32079999999727,HIT_TARGET,38.472622833,True,38.472622833,True,1.471313482,True,True,37.001309351,True,22.398222232,2.9999999999972715
2026-03-19,YOUNG_LEVEL,ASK,2026-03-19 08:46:42.547388732,1773910002547388732,1.685278803,0.8729987455968732,2160.7,49.926,5.019201769377703,2,2,4.0000000000009095,4-5,11.450000000000001,0.2293394223450707,2160.4,2160.6,1.999999999998181,2160.4,2160.5,0.0,1.999999999998181,2.1605,-0.16050000000181885,4.321,-2.3210000000018187,HIT_TARGET,1.993129745,True,1.993129745,True,1.125490665,True,True,0.86763908,False,,0.0
2026-03-19,YOUNG_LEVEL,ASK,2026-03-19 08:52:53.224743986,1773910373224743986,1.997762561,1.0,2160.7,46.838,4.309320084644401,4,4,4.0000000000009095,4-5,10.889999999999999,0.23250352278064815,2160.2,2160.6,4.0000000000009095,2160.2,2160.3,0.0,4.0000000000009095,2.160399999999999,1.8396000000009103,4.320799999999998,-0.3207999999990889,HIT_TARGET,0.050953121,True,0.050953121,False,,False,False,,False,,0.0
2026-03-19,YOUNG_LEVEL,ASK,2026-03-19 08:53:06.183407962,1773910386183407962,0.773839694,0.7153127828565485,2161.9,107.409,10.41087525443443,4,4,8.000000000001819,6+,49.742,0.4631083056354681,2161.4,2161.8,4.0000000000009095,2161.4,2161.5,0.0,4.0000000000009095,2.1616000000000004,1.838400000000909,4.323200000000001,-0.3231999999990913,HIT_TARGET,37.311855557,True,37.311855557,True,2.605170795,True,True,34.706684762,True,2.656384458,9.00000000000091
2026-03-19,YOUNG_LEVEL,ASK,2026-03-19 08:54:09.408967458,1773910449408967458,0.501698095,1.0,2163.7,106.571,13.816166461398847,5,5,12.999999999997272,6+,42.463,0.39844798303478435,2163.1,2163.6,5.0,2163.1,2163.2,0.0,5.0,2.16335,2.83665,4.3267,0.6733000000000002,HIT_TARGET,5.116751934,True,5.116751934,True,0.87919613,True,True,4.237555804,False,,0.0
2026-03-19,YOUNG_LEVEL,BID,2026-03-19 08:56:40.626228669,1773910600626228669,0.574145333,0.9935679595605108,2159.6,35.839,3.2843658357771264,2,2,3.999999999996362,2-3,5.43,0.15151092385390216,2159.9,2159.7,2.0000000000027285,2159.8,2159.9,0.0,2.0000000000027285,2.1597999999999997,-0.15979999999727124,4.319599999999999,-2.319599999997271,TIMEOUT,60.0,False,,True,1.775621322,True,False,,True,5.963349517,11.999999999998181
2026-03-19,YOUNG_LEVEL,ASK,2026-03-19 09:00:02.715617128,1773910802715617128,0.5049033,1.0,2160.8,73.76,19.06435771517188,1,1,3.999999999996362,2-3,28.876,0.3914859002169197,2160.6,2160.7000000000003,1.000000000003638,2160.6,2160.7,0.0,1.000000000003638,2.16065,-1.160649999996362,4.3213,-3.321299999996362,HIT_TARGET,0.020008948,True,0.020008948,False,,False,False,,False,,0.0
2026-03-19,YOUNG_LEVEL,BID,2026-03-19 09:08:44.245918183,1773911324245918183,0.503382545,1.0,2164.8,34.998,5.985121846943137,5,5,7.9999999999972715,6+,6.7,0.19143951082919025,2165.4,2164.9,5.0,2165.3,2165.4,0.0,5.0,2.16515,2.83485,4.3303,0.6696999999999997,HIT_TARGET,5.716570335,True,5.716570335,True,2.657657863,True,True,3.058912472,True,3.473887899,2.9999999999972715
2026-03-19,YOUNG_LEVEL,BID,2026-03-19 09:13:33.816684847,1773911613816684847,0.660593324,1.0,2159.8,36.89,6.360344827586207,6,6,26.99999999999818,6+,17.641000000000002,0.4782054757386826,2160.5,2159.9,5.9999999999990905,2160.4,2160.5,0.0,5.9999999999990905,2.1601999999999997,3.839799999999091,4.320399999999999,1.6795999999990912,TIMEOUT,60.0,False,,True,0.308836675,True,False,,True,2.91163562,30.0
2026-03-19,YOUNG_LEVEL,ASK,2026-03-19 09:14:03.139820131,1773911643139820131,0.537184288,1.0,2161.7,34.089,3.0435248426409536,1,1,5.9999999999990905,4-5,5.133,0.1505764322802077,2161.5,2161.6,0.9999999999990905,2161.5,2161.6,0.0,0.9999999999990905,2.16155,-1.1615500000009096,4.3231,-3.3231000000009097,HIT_TARGET,0.078346605,True,0.078346605,False,,False,False,,False,,0.0
2026-03-19,YOUNG_LEVEL,ASK,2026-03-19 09:15:56.959053178,1773911756959053178,0.505431108,1.0,2164.1,125.407,11.13936756084562,4,4,5.0,4-5,59.391999999999996,0.4735939780076072,2163.6,2164.0,4.0000000000009095,2163.6,2163.7,0.0,4.0000000000009095,2.1638,1.8362000000009093,4.3276,-0.32759999999909084,HIT_TARGET,16.48563512,True,16.48563512,True,1.279611453,True,True,15.206023667,True,1.68565604,3.999999999996362
2026-03-19,YOUNG_LEVEL,BID,2026-03-19 09:17:57.953473846,1773911877953473846,0.665054668,1.0,2162.7,51.392,7.882208588957056,4,4,4.0000000000009095,4-5,6.704000000000001,0.13044831880448318,2163.2,2162.7999999999997,4.0000000000009095,2163.1,2163.2,0.0,4.0000000000009095,2.163,1.8370000000009097,4.326,-0.32599999999909013,TIMEOUT,60.0,False,,True,1.251795533,True,False,,True,5.665217464,25.0
2026-03-19,YOUNG_LEVEL,ASK,2026-03-19 09:18:18.569792776,1773911898569792776,0.511505476,1.0,2166.0,49.801,3.9911043436448153,3,3,5.0,4-5,12.745000000000001,0.2559185558522921,2165.6,2165.9,3.000000000001819,2165.6,2165.7,0.0,3.000000000001819,2.1657499999999996,0.8342500000018194,4.331499999999999,-1.3314999999981803,TIMEOUT,60.0,False,,True,1.225768715,True,False,,True,1.225768715,11.999999999998181
2026-03-19,YOUNG_LEVEL,BID,2026-03-19 09:23:20.505705172,1773912200505705172,0.765205158,1.0,2182.4,34.919,3.218192710013363,1,1,5.9999999999990905,4-5,16.701,0.47827830121137493,2182.6,2182.5,0.9999999999990905,2182.5,2182.6,0.0,0.9999999999990905,2.18255,-1.1825500000009095,4.3651,-3.3651000000009095,HIT_TARGET,0.043374164,True,0.043374164,False,,False,False,,False,,0.0
2026-03-19,YOUNG_LEVEL,BID,2026-03-19 09:23:38.269574451,1773912218269574451,0.612450669,1.0,2181.5,47.756,8.07985788004399,2,2,5.0,4-5,13.305,0.2786037356562526,2181.8,2181.6,2.0000000000027285,2181.7,2181.8,0.0,2.0000000000027285,2.1816999999999998,-0.18169999999727127,4.3633999999999995,-2.363399999997271,HIT_TARGET,9.543830631,True,9.543830631,True,0.149954136,True,True,9.393876495,True,4.034094632,4.0000000000009095
2026-03-19,YOUNG_LEVEL,BID,2026-03-19 09:26:26.355101358,1773912386355101358,0.560457562,1.0,2176.6,82.007,9.751709376300612,3,3,5.0,4-5,40.94,0.499225675856939,2177.0,2176.7,3.000000000001819,2176.9,2177.0,0.0,3.000000000001819,2.17685,0.823150000001819,4.3537,-1.353699999998181,HIT_TARGET,1.172897888,True,1.172897888,False,,False,False,,False,,0.0
2026-03-19,YOUNG_LEVEL,BID,2026-03-19 09:26:42.113920495,1773912402113920495,0.507782762,1.0,2174.8,80.959,12.956549571897256,4,4,8.000000000001819,6+,30.287999999999997,0.37411529292604895,2175.3,2174.9,4.0000000000009095,2175.2,2175.3,0.0,4.0000000000009095,2.1751,1.8249000000009095,4.3502,-0.35019999999909057,HIT_TARGET,6.383151006,True,6.383151006,True,1.618486915,True,True,4.764664091,True,1.179619361,7.0000000000027285
2026-03-19,YOUNG_LEVEL,ASK,2026-03-19 09:28:22.441570698,1773912502441570698,1.43041952,1.0,2176.1,74.806,7.943297053358109,4,4,3.999999999996362,2-3,22.121000000000002,0.29571157393791947,2175.6,2176.0,4.0000000000009095,2175.6,2175.7,0.0,4.0000000000009095,2.1758,1.8242000000009093,4.3516,-0.35159999999909086,HIT_TARGET,39.91214346,True,39.91214346,True,2.036516589,True,True,37.875626871,True,6.377811952,5.9999999999990905
2026-03-19,YOUNG_LEVEL,BID,2026-03-19 09:30:09.206514690,1773912609206514690,1.384737428,1.0,2178.9,28.893,5.3774427694025695,6,6,8.000000000001819,6+,12.879999999999999,0.4457827155366351,2179.6,2179.0,5.9999999999990905,2179.5,2179.6,0.0,5.9999999999990905,2.1793,3.8206999999990905,4.3586,1.6413999999990905,HIT_TARGET,0.098635714,True,0.098635714,False,,False,False,,False,,0.0
2026-03-19,YOUNG_LEVEL,ASK,2026-03-19 09:30:21.711120080,1773912621711120080,0.866541856,0.810804242328486,2178.8,106.655,10.251345636293733,4,4,4.0000000000009095,4-5,49.30199999999999,0.4622568093385213,2178.3,2178.7000000000003,4.0000000000009095,2178.3,2178.4,0.0,4.0000000000009095,2.1784999999999997,1.8215000000009098,4.356999999999999,-0.3569999999990898,HIT_TARGET,11.997285688,True,11.997285688,True,0.925283793,True,True,11.072001895,False,,2.0000000000027285
2026-03-19,YOUNG_LEVEL,ASK,2026-03-19 09:30:50.703600348,1773912650703600348,1.071306035,1.0,2180.9,34.808,3.146770329521313,5,5,4.0000000000009095,4-5,14.615,0.4198747414387497,2180.2,2180.8,6.000000000003638,2180.2,2180.4,0.0,6.000000000003638,2.1805,3.819500000003638,4.361,1.6390000000036382,HIT_TARGET,0.151831143,True,0.151831143,False,,False,False,,False,,0.0
2026-03-19,YOUNG_LEVEL,ASK,2026-03-19 09:32:03.834297798,1773912723834297798,0.514270374,1.0,2179.4,62.487,5.317137508509191,3,3,9.00000000000091,6+,29.86,0.4778593947541088,2179.0,2179.3,3.000000000001819,2179.0,2179.1,0.0,3.000000000001819,2.17915,0.8208500000018191,4.3583,-1.3582999999981809,HIT_TARGET,0.666632946,True,0.666632946,False,,False,False,,False,,0.0
2026-03-19,YOUNG_LEVEL,ASK,2026-03-19 09:36:38.927656713,1773912998927656713,0.767484914,1.0,2178.8,84.007,10.817976949327154,2,2,4.0000000000009095,4-5,10.907,0.12983441856035804,2178.5,2178.7000000000003,2.0000000000027285,2178.5,2178.6,0.0,2.0000000000027285,2.1786000000000003,-0.17859999999727183,4.357200000000001,-2.357199999997272,HIT_TARGET,3.011023085,True,3.011023085,True,0.152760419,True,True,2.858262666,False,,0.0
2026-03-19,YOUNG_LEVEL,ASK,2026-03-19 09:41:33.514821339,1773913293514821339,0.612651708,1.0,2184.9,80.226,6.991067927323428,4,4,8.000000000001819,6+,38.541,0.4804053548724852,2184.4,2184.8,4.0000000000009095,2184.4,2184.5,0.0,4.0000000000009095,2.1846,1.8154000000009094,4.3692,-0.3691999999990907,TIMEOUT,60.0,False,,True,0.050544003,True,False,,True,4.696594553,15.99999999999909
2026-03-19,YOUNG_LEVEL,BID,2026-03-19 09:41:50.303426702,1773913310303426702,0.610767201,0.9975283299471086,2182.9,78.72,6.923482849604221,4,4,5.9999999999990905,4-5,20.359,0.25862550813008134,2183.4,2183.0,4.0000000000009095,2183.3,2183.4,0.0,4.0000000000009095,2.1832,1.8168000000009097,4.3664,-0.3663999999990901,HIT_TARGET,10.968698405,True,10.968698405,True,0.559968265,True,True,10.40873014,False,,0.0
2026-03-19,YOUNG_LEVEL,ASK,2026-03-19 09:46:06.973654274,1773913566973654274,1.784945644,1.0,2183.2,29.382,4.2019306399713985,2,2,9.00000000000091,6+,10.161,0.34582397386154784,2182.9,2183.1,1.999999999998181,2182.9,2183.0,0.0,1.999999999998181,2.183,-0.18300000000181882,4.366,-2.3660000000018186,HIT_TARGET,0.049593449,True,0.049593449,False,,False,False,,False,,0.0
2026-03-19,YOUNG_LEVEL,ASK,2026-03-19 09:49:34.963893555,1773913774963893555,0.509575512,1.0,2184.4,34.902,3.7490735270422686,1,1,6.000000000003638,6+,14.661,0.42006188757091284,2184.2,2184.3,1.000000000003638,2184.2,2184.3,0.0,1.000000000003638,2.18425,-1.184249999996362,4.3685,-3.368499999996362,HIT_TARGET,0.030790218,True,0.030790218,False,,False,False,,False,,0.0
2026-03-19,YOUNG_LEVEL,BID,2026-03-19 09:50:21.095036215,1773913821095036215,0.97026591,1.0,2184.7,47.069,4.882929612531771,5,5,6.000000000003638,6+,20.79,0.4416919841084365,2185.3,2184.7999999999997,5.0000000000045475,2185.2,2185.3,0.0,5.0000000000045475,2.18505,2.8149500000045475,4.3701,0.6299000000045476,HIT_TARGET,4.130395262,True,4.130395262,True,0.204081816,True,True,3.926313446,False,,1.000000000003638
2026-03-19,YOUNG_LEVEL,BID,2026-03-19 09:52:38.106227199,1773913958106227199,0.96451782,0.9961330771472942,2184.3,41.471,3.3898152689226744,2,2,10.99999999999909,6+,17.939999999999998,0.4325914494466012,2184.6,2184.4,1.999999999998181,2184.5,2184.6,0.0,1.999999999998181,2.1845,-0.18450000000181888,4.369,-2.3690000000018188,HIT_TARGET,44.30584664,True,44.30584664,True,0.058965205,True,True,44.246881435,True,2.560091829,11.999999999998181
2026-03-19,YOUNG_LEVEL,BID,2026-03-19 09:52:40.563987223,1773913960563987223,1.379193413,0.9960264347637223,2184.5,96.398,7.672556510665393,1,1,5.0,4-5,26.33,0.2731384468557439,2184.7,2184.6,0.9999999999990905,2184.6,2184.7,0.0,0.9999999999990905,2.1846499999999995,-1.184650000000909,4.369299999999999,-3.3693000000009086,HIT_TARGET,41.848086616,True,41.848086616,True,0.459650131,True,True,41.388436485,True,0.102331805,10.99999999999909
2026-03-19,YOUNG_LEVEL,BID,2026-03-19 09:54:05.787650258,1773914045787650258,1.376424451,1.0,2185.0,53.624,5.922686105588691,5,5,5.0,4-5,17.383,0.3241645531851409,2185.6,2185.1,5.0,2185.5,2185.6,0.0,5.0,2.1853499999999997,2.8146500000000003,4.370699999999999,0.6293000000000006,HIT_TARGET,31.644765757,True,31.644765757,True,3.772115669,True,True,27.872650088,True,9.241329249,13.000000000001819
2026-03-19,YOUNG_LEVEL,BID,2026-03-19 09:54:40.340386288,1773914080340386288,0.511531603,0.6974295466941072,2184.4,35.932,3.4576597382602006,3,3,6.000000000003638,6+,12.356,0.34387175776466655,2184.9,2184.5,4.0000000000009095,2184.7,2184.9,0.0,4.0000000000009095,2.1846999999999994,1.81530000000091,4.369399999999999,-0.36939999999908935,HIT_TARGET,5.453326897,True,5.453326897,True,0.041241549,True,True,5.412085348,False,,0.0
2026-03-19,YOUNG_LEVEL,ASK,2026-03-19 09:54:55.806877576,1773914095806877576,0.767365937,0.7202757268075088,2185.0,34.617,3.1535938781087727,1,1,4.0000000000009095,4-5,11.42,0.32989571597769884,2184.8,2184.9,0.9999999999990905,2184.8,2184.9,0.0,0.9999999999990905,2.1848500000000004,-1.18485000000091,4.369700000000001,-3.3697000000009103,HIT_TARGET,0.031826233,True,0.031826233,False,,False,False,,False,,0.0
2026-03-19,YOUNG_LEVEL,ASK,2026-03-19 09:57:02.718954305,1773914222718954305,1.375943842,0.843478745697239,2189.8,31.013,3.068922863787047,3,3,5.0,4-5,13.576,0.4377519104891497,2189.4,2189.7000000000003,3.000000000001819,2189.4,2189.5,0.0,3.000000000001819,2.18955,0.8104500000018189,4.3791,-1.3790999999981812,HIT_TARGET,9.137737617,True,9.137737617,True,0.272257944,True,True,8.865479673,True,1.536630117,4.0000000000009095
2026-03-19,YOUNG_LEVEL,BID,2026-03-19 10:01:10.243142598,1773914470243142598,0.508024834,1.0,2187.1,81.976,7.847597166379476,4,4,4.0000000000009095,4-5,20.493000000000002,0.24998780130769985,2187.6,2187.2,4.0000000000009095,2187.5,2187.6,0.0,4.0000000000009095,2.1873999999999993,1.8126000000009101,4.374799999999999,-0.3747999999990892,HIT_TARGET,0.864271546,True,0.864271546,True,0.04950766,True,True,0.814763886,False,,0.0
2026-03-19,YOUNG_LEVEL,ASK,2026-03-19 10:02:04.535898466,1773914524535898466,0.552790617,1.0,2186.9,53.99,4.9254207909501435,4,4,4.0000000000009095,4-5,18.458,0.34187812557881087,2186.4,2186.8,4.0000000000009095,2186.4,2186.5,0.0,4.0000000000009095,2.1866000000000003,1.8134000000009092,4.373200000000001,-0.37319999999909115,HIT_TARGET,16.806799235,True,16.806799235,True,3.743790009,True,True,13.063009226,True,2.519847732,4.0000000000009095
2026-03-19,YOUNG_LEVEL,ASK,2026-03-19 10:13:51.547786067,1773915231547786067,1.126602829,1.0,2183.4,31.889,4.0291869353717855,2,2,3.999999999996362,2-3,4.457,0.13976606353287968,2183.1,2183.3,2.0000000000027285,2183.1,2183.2,0.0,2.0000000000027285,2.1832,-0.18319999999727132,4.3664,-2.366399999997271,HIT_TARGET,1.01952995,True,1.01952995,False,,False,False,,False,,0.0
2026-03-19,YOUNG_LEVEL,ASK,2026-03-19 10:15:01.782333873,1773915301782333873,0.823662961,1.0,2184.7,48.488,4.208297170630099,2,2,5.0,4-5,4.7490000000000006,0.09794175878567894,2184.4,2184.6,1.999999999998181,2184.4,2184.5,0.0,1.999999999998181,2.1845,-0.18450000000181888,4.369,-2.3690000000018188,HIT_TARGET,0.049732531,True,0.049732531,False,,False,False,,False,,0.0
2026-03-19,YOUNG_LEVEL,ASK,2026-03-19 10:22:13.258870577,1773915733258870577,0.853595484,1.0,2185.4,64.06,5.7293623110634115,5,5,7.0000000000027285,6+,31.682000000000002,0.49456759288167346,2184.8,2185.3,5.0,2184.8,2184.9,0.0,5.0,2.18505,2.81495,4.3701,0.6299000000000001,HIT_TARGET,10.928847752,True,10.928847752,True,9.347792997,True,True,1.581054755,False,,0.0
2026-03-19,YOUNG_LEVEL,ASK,2026-03-19 10:32:07.380435889,1773916327380435889,0.612663033,1.0,2181.0,33.947,3.6378931575845264,3,3,5.9999999999990905,4-5,12.123,0.35711550357910854,2180.6,2180.9,3.000000000001819,2180.6,2180.7,0.0,3.000000000001819,2.1807499999999997,0.8192500000018192,4.3614999999999995,-1.3614999999981805,HIT_TARGET,44.710915178,True,44.710915178,True,0.047505082,True,True,44.663410096,True,8.111778896,5.0
2026-03-19,YOUNG_LEVEL,ASK,2026-03-19 10:32:52.091351067,1773916372091351067,0.956289501,1.0,2181.3,76.397,8.24487373192316,4,4,4.0000000000009095,4-5,37.14,0.4861447439035564,2180.7,2181.2000000000003,5.0000000000045475,2180.7,2180.9,0.0,5.0000000000045475,2.1809499999999997,2.8190500000045478,4.3618999999999994,0.638100000004548,TIMEOUT,60.0,False,,True,0.051155432,True,False,,True,34.660308905,13.000000000001819
2026-03-19,YOUNG_LEVEL,BID,2026-03-19 10:36:19.889122805,1773916579889122805,0.553831172,1.0,2177.8,34.533,4.341043368950346,2,2,4.0000000000009095,4-5,14.448,0.41838241681869515,2178.1,2177.9,1.999999999998181,2178.0,2178.1,0.0,1.999999999998181,2.178,-0.17800000000181893,4.356,-2.356000000001819,HIT_TARGET,12.160915686,True,12.160915686,True,3.940850777,True,True,8.220064909,False,,0.9999999999990905
2026-03-19,YOUNG_LEVEL,ASK,2026-03-19 10:42:50.438743950,1773916970438743950,1.115140638,1.0,2177.8,56.292,3.6923682398084683,2,2,4.0000000000009095,4-5,12.311,0.2186989270233781,2177.5,2177.7000000000003,2.0000000000027285,2177.5,2177.6,0.0,2.0000000000027285,2.1776000000000004,-0.17759999999727194,4.355200000000001,-2.3551999999972724,TIMEOUT,60.0,False,,True,9.158971049,True,False,,True,14.976806731,11.999999999998181
2026-03-19,YOUNG_LEVEL,BID,2026-03-19 10:46:48.792512993,1773917208792512993,0.567191386,1.0,2176.8,92.774,11.16212476688925,6,6,5.0,4-5,33.934,0.36577058227520637,2177.5,2176.9,5.9999999999990905,2177.4,2177.5,0.0,5.9999999999990905,2.1771999999999996,3.822799999999091,4.354399999999999,1.6455999999990913,HIT_TARGET,5.559507804,True,5.559507804,True,0.153193988,True,True,5.406313816,False,,0.0
2026-03-19,YOUNG_LEVEL,BID,2026-03-19 11:04:38.214413864,1773918278214413864,1.122113825,1.0,2172.9,26.462,3.2225537356146865,4,4,5.0,4-5,11.718,0.44282367168014514,2173.4,2173.0,4.0000000000009095,2173.3,2173.4,0.0,4.0000000000009095,2.1731999999999996,1.82680000000091,4.346399999999999,-0.34639999999908966,HIT_TARGET,0.15492952,True,0.15492952,False,,False,False,,False,,0.0
2026-03-19,YOUNG_LEVEL,BID,2026-03-19 11:05:40.983591862,1773918340983591862,0.506425399,1.0,2169.9,78.4,6.762993314643088,4,4,8.999999999996362,6+,39.05,0.4980867346938775,2170.4,2170.0,4.0000000000009095,2170.3,2170.4,0.0,4.0000000000009095,2.1702,1.8298000000009096,4.3404,-0.3403999999990903,HIT_TARGET,3.37601558,True,3.37601558,True,1.436162317,True,True,1.939853263,False,,0.9999999999990905
2026-03-19,YOUNG_LEVEL,ASK,2026-03-19 11:09:21.712927495,1773918561712927495,0.51756791,1.0,2171.9,81.569,5.633218232044199,4,4,5.9999999999990905,4-5,31.953000000000003,0.39172970123453765,2171.4,2171.8,4.0000000000009095,2171.4,2171.5,0.0,4.0000000000009095,2.1716,1.8284000000009093,4.3432,-0.3431999999990909,TIMEOUT,60.0,False,,True,0.810764251,True,False,,True,9.182179752,16.99999999999818
2026-03-19,YOUNG_LEVEL,ASK,2026-03-19 11:13:27.186205523,1773918807186205523,0.573497143,1.0,2172.6,34.898,3.870674356699202,2,2,4.0000000000009095,4-5,7.907,0.22657458880165052,2172.3,2172.5,1.999999999998181,2172.3,2172.4,0.0,1.999999999998181,2.1724,-0.1724000000018191,4.3448,-2.344800000001819,HIT_TARGET,0.408643242,True,0.408643242,False,,False,False,,False,,0.0
2026-03-19,YOUNG_LEVEL,BID,2026-03-19 11:13:49.747572452,1773918829747572452,0.511634059,1.0,2171.0,32.068,3.001778526631096,1,1,4.0000000000009095,4-5,9.061,0.2825558188848697,2171.2,2171.1,0.9999999999990905,2171.1,2171.2,0.0,0.9999999999990905,2.1711499999999995,-1.171150000000909,4.342299999999999,-3.3423000000009084,HIT_TARGET,0.043735365,True,0.043735365,False,,False,False,,False,,0.0
2026-03-19,YOUNG_LEVEL,ASK,2026-03-19 11:20:02.784563701,1773919202784563701,0.739258601,0.9900692207164459,2173.2,23.487,3.6874165947091604,3,3,4.0000000000009095,4-5,0.1,0.004257674458210926,2172.8,2173.1,2.9999999999972715,2172.8,2172.9,0.0,2.9999999999972715,2.1729499999999997,0.8270499999972718,4.345899999999999,-1.345900000002728,HIT_TARGET,3.265234682,True,3.265234682,True,2.244529472,True,True,1.02070521,False,,0.0
2026-03-19,YOUNG_LEVEL,ASK,2026-03-19 11:22:14.535337379,1773919334535337379,0.606802936,1.0,2175.0,103.327,9.883495145631068,5,5,5.0,4-5,32.882000000000005,0.31823240779273576,2174.4,2174.9,5.0,2174.4,2174.5,0.0,5.0,2.17465,2.82535,4.3493,0.6506999999999996,TIMEOUT,60.0,False,,True,0.051966605,True,False,,True,14.807388588,10.0
2026-03-19,YOUNG_LEVEL,ASK,2026-03-19 11:36:05.116388813,1773920165116388813,0.612765247,1.0,2168.3,61.043,5.97085146965325,2,2,5.0,4-5,30.071,0.49261995642416007,2168.0,2168.2000000000003,2.0000000000027285,2168.0,2168.1,0.0,2.0000000000027285,2.1681000000000004,-0.16809999999727188,4.336200000000001,-2.3361999999972722,HIT_TARGET,0.664651321,True,0.664651321,False,,False,False,,False,,0.0
2026-03-19,YOUNG_LEVEL,ASK,2026-03-19 11:37:35.642583474,1773920255642583474,0.547501434,1.0,2167.6,36.451,3.845245002373543,3,3,5.0,4-5,11.122,0.3051219445282708,2167.2,2167.5,3.000000000001819,2167.2,2167.3,0.0,3.000000000001819,2.16735,0.8326500000018191,4.3347,-1.3346999999981808,HIT_TARGET,28.550019008,True,28.550019008,True,8.694666347,True,True,19.855352661,True,16.29769907,6.000000000003638
2026-03-19,YOUNG_LEVEL,ASK,2026-03-19 11:40:03.058469484,1773920403058469484,0.64187943,0.7814607690419367,2167.9,67.932,3.9235300912556315,3,3,6.999999999998181,6+,23.872,0.35141023376317493,2167.5,2167.8,3.000000000001819,2167.5,2167.6,0.0,3.000000000001819,2.16765,0.8323500000018189,4.3353,-1.3352999999981812,TIMEOUT,60.0,False,,True,3.904740836,True,False,,True,28.101550347,19.00000000000091
2026-03-19,YOUNG_LEVEL,ASK,2026-03-19 11:45:25.177534743,1773920725177534743,0.510885468,1.0,2168.0,35.165,4.0906182748793105,1,1,5.0,4-5,2.767,0.07868619365846723,2167.8,2167.9,0.9999999999990905,2167.8,2167.9,0.0,0.9999999999990905,2.16785,-1.1678500000009095,4.3357,-3.3357000000009096,HIT_TARGET,0.045980049,True,0.045980049,False,,False,False,,False,,0.0
2026-03-19,YOUNG_LEVEL,ASK,2026-03-19 11:47:09.192943931,1773920829192943931,1.988410964,1.0,2168.8,81.099,9.001498418336203,4,4,5.0,4-5,21.631,0.26672338746470364,2168.3,2168.7000000000003,4.0000000000009095,2168.3,2168.4,0.0,4.0000000000009095,2.1685,1.8315000000009096,4.337,-0.33699999999909025,HIT_TARGET,3.877204868,True,3.877204868,True,0.204985076,True,True,3.672219792,False,,0.0
2026-03-19,YOUNG_LEVEL,BID,2026-03-19 11:55:33.950456550,1773921333950456550,0.513436729,1.0,2165.4,82.726,8.373924486284036,4,4,5.0,4-5,26.735,0.3231753015980466,2165.9,2165.5,4.0000000000009095,2165.8,2165.9,0.0,4.0000000000009095,2.1656999999999997,1.8343000000009098,4.3313999999999995,-0.33139999999909,HIT_TARGET,3.364220187,True,3.364220187,True,1.272994321,True,True,2.091225866,False,,0.0
2026-03-19,YOUNG_LEVEL,BID,2026-03-19 12:00:06.902558919,1773921606902558919,0.503403462,1.0,2165.0,109.429,10.779058313632781,5,5,10.0,6+,48.971,0.4475139131308885,2165.6,2165.1,5.0,2165.5,2165.6,0.0,5.0,2.1653499999999997,2.8346500000000003,4.330699999999999,0.6693000000000007,HIT_TARGET,6.437488048,True,6.437488048,True,4.244153428,True,True,2.19333462,False,,0.0
2026-03-19,YOUNG_LEVEL,ASK,2026-03-19 12:00:29.265583232,1773921629265583232,1.385775242,0.8837087291533529,2167.5,107.785,10.923232835064606,2,2,4.0000000000009095,4-5,34.084,0.31622210882775903,2167.2,2167.4,2.0000000000027285,2167.2,2167.3,0.0,2.0000000000027285,2.1673,-0.16729999999727152,4.3346,-2.3345999999972715,TIMEOUT,60.0,False,,True,0.611853649,True,False,,True,0.102051982,19.00000000000091
2026-03-19,YOUNG_LEVEL,BID,2026-03-19 12:01:47.618257279,1773921707618257279,1.125395464,1.0,2163.8,78.962,10.056291390728477,3,3,4.0000000000009095,4-5,15.305,0.1938274106532256,2164.2,2163.9,2.9999999999972715,2164.1,2164.2,0.0,2.9999999999972715,2.16405,0.8359499999972715,4.3281,-1.3281000000027285,TIMEOUT,60.0,False,,True,0.195763186,True,False,,True,1.528247736,20.99999999999909
2026-03-19,YOUNG_LEVEL,BID,2026-03-19 12:02:06.657607133,1773921726657607133,0.613525168,1.0,2165.4,38.147,4.2151381215469605,1,1,4.0000000000009095,4-5,17.266,0.4526175059637717,2165.6,2165.5,0.9999999999990905,2165.5,2165.6,0.0,0.9999999999990905,2.16555,-1.1655500000009096,4.3311,-3.3311000000009097,HIT_TARGET,0.037892431,True,0.037892431,False,,False,False,,False,,0.0
2026-03-19,YOUNG_LEVEL,ASK,2026-03-19 12:02:18.814610268,1773921738814610268,0.663758066,1.0,2166.7,146.096,16.124496440593788,4,4,7.0000000000027285,6+,43.67,0.29891304347826086,2166.2,2166.6,4.0000000000009095,2166.2,2166.3,0.0,4.0000000000009095,2.1663999999999994,1.83360000000091,4.332799999999999,-0.3327999999990894,TIMEOUT,60.0,False,,True,3.750527575,True,False,,True,5.869095974,36.00000000000364
2026-03-19,YOUNG_LEVEL,BID,2026-03-19 12:05:26.388143498,1773921926388143498,0.505159207,1.0,2158.7,83.71,7.141882091971675,6,6,12.999999999997272,6+,38.83,0.46386333771353483,2159.4,2158.7999999999997,6.000000000003638,2159.3,2159.4,0.0,6.000000000003638,2.1590999999999996,3.8409000000036384,4.318199999999999,1.6818000000036388,HIT_TARGET,7.964774926,True,7.964774926,True,0.968338981,True,True,6.996435945,False,,1.999999999998181
2026-03-19,YOUNG_LEVEL,ASK,2026-03-19 12:06:24.259422990,1773921984259422990,0.540597258,1.0,2157.7,34.584,3.541265615400369,1,1,4.0000000000009095,4-5,4.35,0.12578070784177653,2157.5,2157.6,0.9999999999990905,2157.5,2157.6,0.0,0.9999999999990905,2.15755,-1.1575500000009096,4.3151,-3.3151000000009097,HIT_TARGET,0.054818639,True,0.054818639,False,,False,False,,False,,0.0
2026-03-19,YOUNG_LEVEL,ASK,2026-03-19 12:06:49.739834986,1773922009739834986,0.813194155,1.0,2157.4,114.118,17.952961535436167,5,5,5.0,4-5,31.157,0.27302441332655675,2156.8,2157.3,5.0,2156.8,2156.9,0.0,5.0,2.15705,2.84295,4.3141,0.6859000000000002,HIT_TARGET,0.762654037,True,0.762654037,True,0.195608809,True,True,0.567045228,False,,0.0
2026-03-19,YOUNG_LEVEL,BID,2026-03-19 12:08:42.094448277,1773922122094448277,0.503191856,1.0,2155.9,109.342,9.539105779716467,2,2,4.0000000000009095,4-5,48.287,0.44161438422564064,2156.2,2156.0,1.999999999998181,2156.1,2156.2,0.0,1.999999999998181,2.1561,-0.1561000000018189,4.3122,-2.312200000001819,TIMEOUT,60.0,False,,True,0.615313576,True,False,,True,0.874628764,20.99999999999909
2026-03-19,YOUNG_LEVEL,ASK,2026-03-19 12:08:45.343528517,1773922125343528517,0.535786854,1.0,2158.5,130.76,15.601956807063594,6,6,15.99999999999909,6+,59.086,0.45186601407158156,2157.8,2158.4,5.9999999999990905,2157.8,2157.9,0.0,5.9999999999990905,2.1581,3.8418999999990904,4.3162,1.6837999999990902,HIT_TARGET,59.93591751,True,59.93591751,True,1.657428329,True,True,58.278489181,True,2.011469398,12.000000000002728
2026-03-19,YOUNG_LEVEL,BID,2026-03-19 12:11:05.707325924,1773922265707325924,1.842074938,1.0,2160.0,89.031,9.96541302887844,4,4,4.0000000000009095,4-5,24.297,0.2729049432220238,2160.5,2160.1,4.0000000000009095,2160.4,2160.5,0.0,4.0000000000009095,2.1603000000000003,1.8397000000009092,4.320600000000001,-0.32059999999909117,TIMEOUT,60.0,False,,True,0.096403229,True,False,,True,5.354560022,25.0
2026-03-19,YOUNG_LEVEL,ASK,2026-03-19 12:14:56.100558816,1773922496100558816,0.506724514,1.0,2161.9,35.53,3.9838537870718165,1,1,4.0000000000009095,4-5,8.614,0.2424430059104982,2161.7,2161.8,1.000000000003638,2161.7,2161.8,0.0,1.000000000003638,2.16175,-1.161749999996362,4.3235,-3.323499999996362,HIT_TARGET,0.038519197,True,0.038519197,False,,False,False,,False,,0.0
2026-03-19,YOUNG_LEVEL,ASK,2026-03-19 12:16:31.342287936,1773922591342287936,0.514231098,1.0,2158.8,37.933,10.327525183773481,3,3,5.9999999999990905,4-5,4.746,0.1251153349326444,2158.4,2158.7000000000003,3.000000000001819,2158.4,2158.5,0.0,3.000000000001819,2.15855,0.841450000001819,4.3171,-1.317099999998181,HIT_TARGET,2.150301678,True,2.150301678,True,0.307628775,True,True,1.842672903,False,,0.0
2026-03-19,YOUNG_LEVEL,ASK,2026-03-19 12:20:06.707368880,1773922806707368880,0.509034701,1.0,2159.2,34.186,3.1706547950287516,2,2,6.999999999998181,6+,12.926,0.37810799742584683,2158.9,2159.1,1.999999999998181,2158.9,2159.0,0.0,1.999999999998181,2.159,-0.1590000000018188,4.318,-2.3180000000018186,HIT_TARGET,2.048315086,True,2.048315086,False,,False,False,,False,,0.0
2026-03-19,YOUNG_LEVEL,ASK,2026-03-19 12:20:23.920650061,1773922823920650061,1.378421365,1.0,2160.2,47.469,17.646468401486988,2,2,4.0000000000009095,4-5,5.555,0.1170237418104447,2159.9,2160.1,1.999999999998181,2159.9,2160.0,0.0,1.999999999998181,2.1599999999999997,-0.1600000000018187,4.319999999999999,-2.3200000000018184,HIT_TARGET,0.050944431,True,0.050944431,False,,False,False,,False,,0.0
2026-03-19,YOUNG_LEVEL,ASK,2026-03-19 12:21:26.737565355,1773922886737565355,0.664621975,1.0,2159.8,37.953,4.006862331081082,1,1,3.999999999996362,2-3,2.778,0.07319579479883012,2159.6,2159.7000000000003,1.000000000003638,2159.6,2159.7,0.0,1.000000000003638,2.15965,-1.159649999996362,4.3193,-3.319299999996362,HIT_TARGET,0.045708458,True,0.045708458,False,,False,False,,False,,0.0
2026-03-19,YOUNG_LEVEL,ASK,2026-03-19 12:22:16.554084075,1773922936554084075,0.715459651,1.0,2160.3,120.679,11.657554095826892,5,5,11.000000000003638,6+,52.97899999999999,0.4390076152437457,2159.7,2160.2000000000003,5.0000000000045475,2159.7,2159.8,0.0,5.0000000000045475,2.15995,2.8400500000045477,4.3199,0.6801000000045478,HIT_TARGET,29.704413095,True,29.704413095,True,0.154152571,True,True,29.550260524,True,1.319122015,7.0000000000027285
2026-03-19,YOUNG_LEVEL,BID,2026-03-19 12:22:25.083797098,1773922945083797098,0.817440334,1.0,2158.6,58.138,5.501845367654017,4,4,4.0000000000009095,4-5,28.538,0.49086655887715436,2159.1,2158.7,4.0000000000009095,2159.0,2159.1,0.0,4.0000000000009095,2.1588999999999996,1.84110000000091,4.317799999999999,-0.3177999999990897,TIMEOUT,60.0,False,,True,4.035774767,True,False,,True,6.533653754,18.00000000000182
2026-03-19,YOUNG_LEVEL,ASK,2026-03-19 12:25:07.967637771,1773923107967637771,0.808698247,1.0,2160.0,77.533,10.343249733191035,4,4,4.0000000000009095,4-5,38.765,0.4999806533991978,2159.5,2159.9,4.0000000000009095,2159.5,2159.6,0.0,4.0000000000009095,2.1597,1.8403000000009095,4.3194,-0.3193999999990904,TIMEOUT,60.0,False,,True,0.669770157,True,False,,True,10.379456892,10.99999999999909
2026-03-19,YOUNG_LEVEL,BID,2026-03-19 12:26:52.906140813,1773923212906140813,0.659106071,0.6732546528159653,2153.4,67.291,6.127948274291959,5,5,9.00000000000091,6+,32.838,0.4879998811133733,2154.0,2153.5,5.0,2153.9,2154.0,0.0,5.0,2.15375,2.84625,4.3075,0.6924999999999999,HIT_TARGET,12.045049091,True,12.045049091,True,0.974217393,True,True,11.070831698,True,2.810924199,9.00000000000091
2026-03-19,YOUNG_LEVEL,ASK,2026-03-19 12:32:21.753583753,1773923541753583753,0.503797421,1.0,2154.3,35.076,4.202228345513358,1,1,5.0,4-5,2.321,0.06617060098072756,2154.1,2154.2000000000003,1.000000000003638,2154.1,2154.2,0.0,1.000000000003638,2.15415,-1.154149999996362,4.3083,-3.308299999996362,HIT_TARGET,0.057373543,True,0.057373543,False,,False,False,,False,,0.0
2026-03-19,YOUNG_LEVEL,ASK,2026-03-19 12:33:28.524486518,1773923608524486518,0.670527946,1.0,2156.0,52.672,5.389542617415328,3,3,3.999999999996362,2-3,14.192,0.26944106925880923,2155.6,2155.9,3.000000000001819,2155.6,2155.7,0.0,3.000000000001819,2.15575,0.8442500000018192,4.3115,-1.3114999999981807,TIMEOUT,60.0,False,,True,1.5326809,True,False,,True,0.869898628,22.99999999999727
2026-03-19,YOUNG_LEVEL,BID,2026-03-19 12:35:58.017607711,1773923758017607711,0.547934909,1.0,2155.6,56.038,3.957206411976555,3,3,5.9999999999990905,4-5,17.187,0.30670259466790395,2156.0,2155.7,3.000000000001819,2155.9,2156.0,0.0,3.000000000001819,2.15585,0.844150000001819,4.3117,-1.311699999998181,HIT_TARGET,5.985863368,True,5.985863368,True,3.121268798,True,True,2.86459457,False,,0.0
2026-03-19,YOUNG_LEVEL,ASK,2026-03-19 12:37:55.428899211,1773923875428899211,0.769535927,1.0,2157.3,44.984,5.768658630418056,3,3,4.0000000000009095,4-5,15.734,0.349768806686822,2156.9,2157.2000000000003,3.000000000001819,2156.9,2157.0,0.0,3.000000000001819,2.15705,0.8429500000018191,4.3141,-1.3140999999981808,HIT_TARGET,6.636840366,True,6.636840366,False,,False,False,,False,,0.0
2026-03-19,YOUNG_LEVEL,ASK,2026-03-19 12:38:09.462185649,1773923889462185649,0.659881405,1.0,2158.2,86.486,11.001908154178857,4,4,5.0,4-5,26.897000000000002,0.31099831186550425,2157.7,2158.1,4.0000000000009095,2157.7,2157.8,0.0,4.0000000000009095,2.1578999999999993,1.8421000000009102,4.3157999999999985,-0.31579999999908903,TIMEOUT,60.0,False,,True,0.311704955,True,False,,True,13.578568652,30.0
2026-03-19,YOUNG_LEVEL,BID,2026-03-19 12:38:39.629955872,1773923919629955872,0.674352219,1.0,2154.9,36.613,3.3329995448338643,4,4,8.999999999996362,6+,16.784,0.4584164094720454,2155.4,2155.0,4.0000000000009095,2155.3,2155.4,0.0,4.0000000000009095,2.1552,1.8448000000009097,4.3104,-0.31039999999909007,HIT_TARGET,4.803490847,True,4.803490847,True,2.302952243,True,True,2.500538604,False,,0.0
2026-03-19,YOUNG_LEVEL,BID,2026-03-19 12:43:51.695393757,1773924231695393757,0.66776608,1.0,2156.4,56.291,5.1664448625579364,4,4,3.999999999996362,2-3,23.351999999999997,0.4148442912721394,2156.9,2156.5,4.0000000000009095,2156.8,2156.9,0.0,4.0000000000009095,2.1566999999999994,1.84330000000091,4.313399999999999,-0.3133999999990893,HIT_TARGET,12.814273793,True,12.814273793,True,0.56168442,True,True,12.252589373,True,0.461287904,5.9999999999990905
2026-03-19,YOUNG_LEVEL,BID,2026-03-19 12:43:58.075611559,1773924238075611559,1.134742553,1.0,2156.5,77.382,9.655249859629423,5,5,4.0000000000009095,4-5,25.343999999999998,0.3275180274482437,2157.1,2156.6,5.0,2157.0,2157.1,0.0,5.0,2.15685,2.84315,4.3137,0.6863000000000001,HIT_TARGET,6.434055991,True,6.434055991,False,,False,False,,False,,0.0
2026-03-19,YOUNG_LEVEL,BID,2026-03-19 12:44:57.722350122,1773924297722350122,0.892152898,1.0,2153.5,75.641,5.069262473611903,4,4,5.0,4-5,33.139,0.4381089620708346,2154.0,2153.6,4.0000000000009095,2153.9,2154.0,0.0,4.0000000000009095,2.1538,1.8462000000009096,4.3076,-0.3075999999990904,HIT_TARGET,3.853142156,True,3.853142156,True,2.47541802,True,True,1.377724136,False,,0.0
2026-03-19,YOUNG_LEVEL,BID,2026-03-19 12:45:03.308192372,1773924303308192372,1.682493368,1.0,2152.8,32.887,3.5509366733250554,3,3,8.000000000001819,6+,16.198999999999998,0.49256545139416785,2153.2,2152.9,2.9999999999972715,2153.1,2153.2,0.0,2.9999999999972715,2.15305,0.8469499999972716,4.3061,-1.3061000000027283,HIT_TARGET,0.766623103,True,0.766623103,False,,False,False,,False,,0.0
2026-03-19,YOUNG_LEVEL,ASK,2026-03-19 12:45:19.378681582,1773924319378681582,1.018888308,1.0,2153.2,126.089,13.58717672413793,5,5,5.0,4-5,22.494,0.178397798380509,2152.6,2153.1,5.0,2152.6,2152.7,0.0,5.0,2.15285,2.84715,4.3057,0.6943000000000001,HIT_TARGET,39.710872003,True,39.710872003,True,2.448546983,True,True,37.26232502,True,20.169194276,10.99999999999909
2026-03-19,YOUNG_LEVEL,ASK,2026-03-19 12:50:45.181025085,1773924645181025085,0.858081089,0.9941809940062669,2145.1,47.9,3.4676222535925,3,3,6.000000000003638,6+,19.678,0.4108141962421712,2144.7,2145.0,3.000000000001819,2144.7,2144.8,0.0,3.000000000001819,2.1448499999999995,0.8551500000018195,4.289699999999999,-1.28969999999818,HIT_TARGET,0.111012345,True,0.111012345,False,,False,False,,False,,0.0
2026-03-19,YOUNG_LEVEL,ASK,2026-03-19 12:50:47.182122236,1773924647182122236,0.513996485,1.0,2145.1,65.93,9.066281628162818,2,2,5.0,4-5,31.844,0.4829971181556196,2144.8,2145.0,1.999999999998181,2144.8,2144.9,0.0,1.999999999998181,2.1449,-0.1449000000018188,4.2898,-2.2898000000018186,HIT_TARGET,0.401522194,True,0.401522194,False,,False,False,,False,,0.0
2026-03-19,YOUNG_LEVEL,ASK,2026-03-19 12:51:01.871185569,1773924661871185569,0.508730718,1.0,2140.3,53.642,18.91466854724965,4,4,10.99999999999909,6+,13.960999999999999,0.26026248089183845,2139.8,2140.2000000000003,4.0000000000009095,2139.8,2139.9,0.0,4.0000000000009095,2.1399999999999997,1.8600000000009098,4.279999999999999,-0.27999999999908987,HIT_TARGET,0.561638999,True,0.561638999,False,,False,False,,False,,0.0
2026-03-19,YOUNG_LEVEL,ASK,2026-03-19 12:51:19.882699862,1773924679882699862,1.116581439,0.9024903511762566,2138.3,49.056,8.791397849462365,4,4,5.9999999999990905,4-5,22.805,0.46487687540769734,2137.8,2138.2000000000003,4.0000000000009095,2137.8,2137.9,0.0,4.0000000000009095,2.138,1.8620000000009096,4.276,-0.2759999999990903,TIMEOUT,60.0,False,,True,0.363852343,True,False,,True,0.363852343,35.99999999999909
2026-03-19,YOUNG_LEVEL,BID,2026-03-19 12:51:22.588985551,1773924682588985551,0.709918493,0.849130311358152,2136.4,120.735,20.555886609347066,2,2,12.000000000002728,6+,30.866,0.2556508054830828,2136.7,2136.5,1.999999999998181,2136.6,2136.7,0.0,1.999999999998181,2.1365999999999996,-0.1366000000018186,4.273199999999999,-2.273200000001818,HIT_TARGET,0.715478049,True,0.715478049,True,0.054281736,True,True,0.661196313,False,,0.0
2026-03-19,YOUNG_LEVEL,ASK,2026-03-19 12:53:04.382968080,1773924784382968080,0.97457539,1.0,2134.5,75.275,11.797664759815063,6,6,5.0,4-5,31.857,0.42320823646629024,2133.8,2134.4,5.9999999999990905,2133.8,2133.9,0.0,5.9999999999990905,2.1341,3.8658999999990904,4.2682,1.7317999999990903,HIT_TARGET,51.812804565,True,51.812804565,True,1.226516879,True,True,50.586287686,True,1.277764184,44.00000000000091
2026-03-19,YOUNG_LEVEL,ASK,2026-03-19 12:54:01.755841972,1773924841755841972,1.078218659,0.8493474429846609,2135.4,79.495,10.297279792746115,2,2,5.9999999999990905,4-5,33.418,0.42037864016604815,2135.1,2135.3,2.0000000000027285,2135.1,2135.2,0.0,2.0000000000027285,2.1351999999999998,-0.13519999999727128,4.2703999999999995,-2.270399999997271,TIMEOUT,60.0,False,,True,1.071434338,True,False,,True,0.459340296,51.99999999999818
2026-03-19,YOUNG_LEVEL,ASK,2026-03-19 12:55:56.357416434,1773924956357416434,0.659885331,1.0,2134.8,51.027,8.291006580550818,4,4,4.0000000000009095,4-5,25.402,0.4978148823172046,2134.3,2134.7000000000003,4.0000000000009095,2134.3,2134.4,0.0,4.0000000000009095,2.1345,1.8655000000009094,4.269,-0.26899999999909063,TIMEOUT,60.0,False,,True,1.485061739,True,False,,True,1.536317416,44.00000000000091
2026-03-19,YOUNG_LEVEL,ASK,2026-03-19 12:56:39.529052074,1773924999529052074,0.510671804,1.0,2133.3,78.423,14.512028127313101,5,5,7.0000000000027285,6+,25.066000000000003,0.3196256200349388,2132.7,2133.2000000000003,5.0000000000045475,2132.7,2132.8,0.0,5.0000000000045475,2.1329499999999997,2.867050000004548,4.265899999999999,0.7341000000045481,HIT_TARGET,1.07014986,True,1.07014986,True,0.458093213,True,True,0.612056647,False,,0.0
2026-03-19,YOUNG_LEVEL,ASK,2026-03-19 13:00:44.567512889,1773925244567512889,0.765048649,1.0,2131.0,127.848,15.920303841603886,4,4,10.0,6+,34.756,0.27185407671610035,2130.5,2130.9,4.0000000000009095,2130.5,2130.6,0.0,4.0000000000009095,2.1306999999999996,1.86930000000091,4.261399999999999,-0.2613999999990897,HIT_TARGET,13.72474866,True,13.72474866,True,0.254972453,True,True,13.469776207,True,4.285933046,17.99999999999727
2026-03-19,YOUNG_LEVEL,ASK,2026-03-19 13:03:51.087457066,1773925431087457066,0.815965549,1.0,2123.8,80.563,7.56495610122541,4,4,10.99999999999909,6+,35.194,0.43685066345592893,2123.3,2123.7000000000003,4.0000000000009095,2123.3,2123.4,0.0,4.0000000000009095,2.1235,1.8765000000009096,4.247,-0.2469999999990904,HIT_TARGET,0.459121456,True,0.459121456,False,,False,False,,False,,0.0
2026-03-19,YOUNG_LEVEL,ASK,2026-03-19 13:04:06.950616548,1773925446950616548,1.172971523,0.9100355166934432,2130.5,102.346,46.637502848029165,6,6,24.00000000000091,6+,27.599000000000004,0.26966368983643724,2129.4,2130.4,10.0,2129.4,2129.9,0.0,10.0,2.1299,7.8701,4.2598,5.7402,HIT_TARGET,1.018917047,True,1.018917047,True,0.440723782,True,True,0.578193265,False,,0.0
2026-03-19,YOUNG_LEVEL,BID,2026-03-19 13:04:53.531536744,1773925493531536744,1.175614878,1.0,2132.5,78.938,6.045414512732146,5,5,13.000000000001819,6+,23.041,0.2918873039600699,2133.1,2132.6,5.0,2133.0,2133.1,0.0,5.0,2.13285,2.86715,4.2657,0.7343000000000002,HIT_TARGET,3.369431325,True,3.369431325,True,0.204270309,True,True,3.165161016,False,,0.0
2026-03-19,YOUNG_LEVEL,BID,2026-03-19 13:05:25.270018056,1773925525270018056,0.818046414,0.863353369580323,2134.4,49.642,3.9508157580580985,2,2,5.0,4-5,17.506,0.35264493775432093,2134.7,2134.5,1.999999999998181,2134.6,2134.7,0.0,1.999999999998181,2.1346,-0.13460000000181882,4.2692,-2.2692000000018187,HIT_TARGET,0.302525761,True,0.302525761,False,,False,False,,False,,0.0
2026-03-19,YOUNG_LEVEL,BID,2026-03-19 13:05:27.922554337,1773925527922554337,0.91846307,0.9161370984682051,2132.9,83.681,19.780404207540478,4,4,12.999999999997272,6+,17.413,0.20808785745868238,2133.4,2133.0,4.0000000000009095,2133.3,2133.4,0.0,4.0000000000009095,2.1331999999999995,1.86680000000091,4.266399999999999,-0.2663999999990896,HIT_TARGET,1.123103182,True,1.123103182,False,,False,False,,False,,0.0
2026-03-19,YOUNG_LEVEL,BID,2026-03-19 13:05:38.125612271,1773925538125612271,0.918282595,1.0,2131.9,50.038,6.662405964982357,4,4,5.9999999999990905,4-5,24.451,0.488648627043447,2132.4,2132.0,4.0000000000009095,2132.3,2132.4,0.0,4.0000000000009095,2.1321999999999997,1.8678000000009098,4.264399999999999,-0.2643999999990898,HIT_TARGET,1.716854122,True,1.716854122,True,0.050281484,True,True,1.666572638,False,,0.0
2026-03-19,YOUNG_LEVEL,ASK,2026-03-19 13:06:28.447609067,1773925588447609067,0.815416687,0.9345494041870154,2131.2,68.611,7.739537507050198,4,4,5.0,4-5,10.695,0.1558787949454169,2130.7,2131.1,4.0000000000009095,2130.7,2130.8,0.0,4.0000000000009095,2.1308999999999996,1.86910000000091,4.261799999999999,-0.26179999999908965,HIT_TARGET,32.654786326,True,32.654786326,True,0.917485365,True,True,31.737300961,True,3.469976655,17.00000000000273
2026-03-19,YOUNG_LEVEL,ASK,2026-03-19 13:06:29.769591104,1773925589769591104,0.504934412,1.0,2131.0,120.938,13.987739995373582,3,3,5.9999999999990905,4-5,42.055,0.3477401643817493,2130.6,2130.9,3.000000000001819,2130.6,2130.7,0.0,3.000000000001819,2.13075,0.8692500000018191,4.2615,-1.2614999999981809,HIT_TARGET,31.332804289,True,31.332804289,True,0.359576594,True,True,30.973227695,True,2.147994618,15.99999999999909
2026-03-19,YOUNG_LEVEL,BID,2026-03-19 13:06:37.121411190,1773925597121411190,0.510856361,1.0,2128.7,77.637,9.456394640682094,3,3,11.999999999998181,6+,27.610000000000003,0.3556294035060603,2129.1,2128.7999999999997,3.000000000001819,2129.0,2129.1,0.0,3.000000000001819,2.1289499999999997,0.8710500000018193,4.257899999999999,-1.2578999999981804,TIMEOUT,60.0,False,,True,0.232956677,True,False,,True,2.195393342,36.99999999999818
2026-03-19,YOUNG_LEVEL,ASK,2026-03-19 13:06:55.948437894,1773925615948437894,0.662229304,1.0,2131.1,61.591,7.227718124743297,5,5,5.0,4-5,30.625,0.4972317384033381,2130.5,2131.0,5.0,2130.5,2130.6,0.0,5.0,2.13075,2.86925,4.2615,0.7385000000000002,HIT_TARGET,5.153957499,True,5.153957499,True,0.665083798,True,True,4.488873701,False,,1.999999999998181
2026-03-19,YOUNG_LEVEL,BID,2026-03-19 13:07:30.494344966,1773925650494344966,1.066448387,1.0,2131.9,51.245,4.5742211907524775,3,3,5.0,4-5,24.969,0.48724753634500934,2132.3,2132.0,3.000000000001819,2132.2,2132.3,0.0,3.000000000001819,2.13215,0.8678500000018188,4.2643,-1.2642999999981814,HIT_TARGET,0.923223903,True,0.923223903,False,,False,False,,False,,0.0
2026-03-19,YOUNG_LEVEL,BID,2026-03-19 13:08:27.191554936,1773925707191554936,0.706390657,0.9311735135251088,2133.6,82.447,6.0321188176763245,2,2,3.999999999996362,2-3,35.894,0.43535847271580524,2133.9,2133.7,2.0000000000027285,2133.8,2133.9,0.0,2.0000000000027285,2.1338,-0.13379999999727143,4.2676,-2.2675999999972714,HIT_TARGET,2.304037616,True,2.304037616,True,0.099862823,True,True,2.204174793,True,1.690267504,3.999999999996362
2026-03-19,YOUNG_LEVEL,ASK,2026-03-19 13:10:08.897365807,1773925808897365807,1.274590592,1.0,2131.0,52.582,7.334123718529884,2,2,13.000000000001819,6+,2.656,0.05051158191015937,2130.7,2130.9,2.0000000000027285,2130.7,2130.8,0.0,2.0000000000027285,2.1308000000000002,-0.13079999999727177,4.2616000000000005,-2.261599999997272,HIT_TARGET,0.152679462,True,0.152679462,False,,False,False,,False,,0.0
2026-03-19,YOUNG_LEVEL,BID,2026-03-19 13:10:49.252298730,1773925849252298730,0.503124339,1.0,2128.5,102.94,9.791686483401502,4,4,5.0,4-5,40.306,0.39154847483971245,2129.0,2128.6,4.0000000000009095,2128.9,2129.0,0.0,4.0000000000009095,2.1288,1.8712000000009095,4.2576,-0.25759999999909056,HIT_TARGET,11.032869793,True,11.032869793,True,1.324881517,True,True,9.707988276,False,,0.0
2026-03-19,YOUNG_LEVEL,ASK,2026-03-19 13:11:10.439474010,1773925870439474010,0.511823461,1.0,2128.1,34.564,3.2480383404595217,1,1,11.999999999998181,6+,10.252,0.29660918875130193,2127.9,2128.0,0.9999999999990905,2127.9,2128.0,0.0,0.9999999999990905,2.12795,-1.1279500000009093,4.2559,-3.255900000000909,HIT_TARGET,0.047922559,True,0.047922559,False,,False,False,,False,,0.0
2026-03-19,YOUNG_LEVEL,ASK,2026-03-19 13:12:58.308356725,1773925978308356725,1.376643058,1.0,2124.1,35.106,3.4808388280204254,2,2,4.0000000000009095,4-5,8.276,0.2357431778043639,2123.8,2124.0,1.999999999998181,2123.8,2123.9,0.0,1.999999999998181,2.1239,-0.12390000000181889,4.2478,-2.247800000001819,TIMEOUT,60.0,False,,True,2.452414884,True,False,,True,2.144639978,67.00000000000273
2026-03-19,YOUNG_LEVEL,BID,2026-03-19 13:13:02.992874230,1773925982992874230,0.550035859,0.8100071053731063,2121.2,45.005,7.276475343573161,5,5,21.000000000003638,6+,20.925,0.4649483390734363,2121.8,2121.2999999999997,5.0000000000045475,2121.7,2121.8,0.0,5.0000000000045475,2.12155,2.8784500000045474,4.2431,0.7569000000045474,HIT_TARGET,3.836899196,True,3.836899196,True,0.213654054,True,True,3.623245142,False,,0.0
2026-03-19,YOUNG_LEVEL,BID,2026-03-19 13:14:01.217738831,1773926041217738831,0.510388466,1.0,2118.0,50.494,5.217669852751227,3,3,3.999999999996362,2-3,13.302,0.2634372400681269,2118.4,2118.1,3.000000000001819,2118.3,2118.4,0.0,3.000000000001819,2.11825,0.8817500000018188,4.2365,-1.2364999999981814,HIT_TARGET,1.072854443,True,1.072854443,False,,False,False,,False,,0.0
2026-03-19,YOUNG_LEVEL,ASK,2026-03-19 13:15:57.291908087,1773926157291908087,1.844691355,0.9240168136419764,2122.9,90.507,17.40519230769231,5,5,12.000000000002728,6+,45.171,0.4990884682952699,2122.3,2122.8,5.0,2122.3,2122.4,0.0,5.0,2.12255,2.87745,4.2451,0.7549000000000001,HIT_TARGET,2.858471612,True,2.858471612,True,0.356278008,True,True,2.502193604,False,,0.0
2026-03-19,YOUNG_LEVEL,ASK,2026-03-19 13:17:38.859555863,1773926258859555863,1.121999508,1.0,2125.8,23.126,3.1928758801601544,2,2,5.0,4-5,4.975,0.21512583239643687,2125.5,2125.7000000000003,2.0000000000027285,2125.5,2125.6,0.0,2.0000000000027285,2.1256,-0.12559999999727145,4.2512,-2.2511999999972714,HIT_TARGET,0.713280803,True,0.713280803,True,0.048393642,True,True,0.664887161,False,,0.0
2026-03-19,YOUNG_LEVEL,ASK,2026-03-19 13:18:13.192880628,1773926293192880628,0.76641202,1.0,2125.1,125.236,28.534062428799277,7,7,7.0000000000027285,6+,49.42000000000001,0.39461496694241277,2124.3,2125.0,6.999999999998181,2124.3,2124.4,0.0,6.999999999998181,2.12465,4.875349999998181,4.2493,2.750699999998181,HIT_TARGET,11.272725027,True,11.272725027,True,0.144439009,True,True,11.128286018,False,,0.9999999999990905
2026-03-19,YOUNG_LEVEL,ASK,2026-03-19 13:18:40.994528468,1773926320994528468,1.940261258,1.0,2126.9,35.775,3.088711418087632,2,2,3.999999999996362,2-3,6.205,0.173445143256464,2126.6,2126.8,2.0000000000027285,2126.6,2126.7,0.0,2.0000000000027285,2.1266999999999996,-0.1266999999972711,4.253399999999999,-2.2533999999972707,HIT_TARGET,19.28049658,True,19.28049658,True,0.141483893,True,True,19.139012687,True,18.414018081,5.9999999999990905
2026-03-19,YOUNG_LEVEL,BID,2026-03-19 13:20:36.975775973,1773926436975775973,0.514830661,1.0,2132.1,60.077,13.326752440106477,4,4,8.000000000001819,6+,26.967,0.4488739451037835,2132.6,2132.2,4.0000000000009095,2132.5,2132.6,0.0,4.0000000000009095,2.1323999999999996,1.8676000000009099,4.264799999999999,-0.26479999999908976,HIT_TARGET,0.561934019,True,0.561934019,False,,False,False,,False,,0.0
2026-03-19,YOUNG_LEVEL,BID,2026-03-19 13:21:22.897809148,1773926482897809148,1.837390566,1.0,2132.0,77.237,8.642869132210597,4,4,5.0,4-5,25.357999999999997,0.32831414995403757,2132.5,2132.1,4.0000000000009095,2132.4,2132.5,0.0,4.0000000000009095,2.1323000000000003,1.8677000000009092,4.264600000000001,-0.2645999999990911,HIT_TARGET,0.560419863,True,0.560419863,False,,False,False,,False,,0.0
2026-03-19,YOUNG_LEVEL,ASK,2026-03-19 13:25:03.558487963,1773926703558487963,1.390503584,1.0,2129.1,34.355,3.328489076200164,3,3,4.0000000000009095,4-5,14.247,0.4146994615048756,2128.7,2129.0,3.000000000001819,2128.7,2128.8,0.0,3.000000000001819,2.12885,0.8711500000018191,4.2577,-1.2576999999981808,HIT_TARGET,2.342709889,True,2.342709889,True,0.049804072,True,True,2.292905817,False,,1.000000000003638
2026-03-19,YOUNG_LEVEL,ASK,2026-03-19 13:25:05.801942419,1773926705801942419,1.485547035,1.0,2129.0,43.975,3.287727561586483,1,1,4.0000000000009095,4-5,21.288,0.4840932347924957,2128.8,2128.9,0.9999999999990905,2128.8,2128.9,0.0,0.9999999999990905,2.1288500000000004,-1.1288500000009098,4.257700000000001,-3.25770000000091,HIT_TARGET,0.052290094,True,0.052290094,False,,False,False,,False,,0.0
2026-03-19,YOUNG_LEVEL,BID,2026-03-19 13:28:40.548669127,1773926920548669127,0.507914976,1.0,2129.7,86.024,8.781543487137608,4,4,5.9999999999990905,4-5,15.189,0.17656700455686786,2130.2,2129.7999999999997,4.0000000000009095,2130.1,2130.2,0.0,4.0000000000009095,2.13,1.8700000000009096,4.26,-0.2599999999990903,HIT_TARGET,1.231449134,True,1.231449134,True,0.057330611,True,True,1.174118523,False,,0.0
2026-03-19,YOUNG_LEVEL,BID,2026-03-19 13:30:01.131959025,1773927001131959025,0.662188425,0.6831273666554953,2128.3,54.344,8.834986181108762,5,5,8.999999999996362,6+,17.677,0.32527969969085824,2128.9,2128.4,5.0,2128.8,2128.9,0.0,5.0,2.12865,2.87135,4.2573,0.7427000000000001,HIT_TARGET,0.153399374,True,0.153399374,False,,False,False,,False,,0.0
2026-03-19,YOUNG_LEVEL,BID,2026-03-19 13:30:25.873265513,1773927025873265513,1.123837005,1.0,2124.2,27.068,7.975250441956394,3,3,10.0,6+,10.309,0.38085562287572033,2124.6,2124.2999999999997,3.000000000001819,2124.5,2124.6,0.0,3.000000000001819,2.12445,0.875550000001819,4.2489,-1.248899999998181,HIT_TARGET,0.25445797,True,0.25445797,False,,False,False,,False,,0.0
2026-03-19,YOUNG_LEVEL,ASK,2026-03-19 13:30:53.933709764,1773927053933709764,0.510251504,1.0,2125.1,32.478,10.131960692559664,4,4,23.999999999996362,6+,11.743,0.36156783053143665,2124.6,2125.0,4.0000000000009095,2124.6,2124.7,0.0,4.0000000000009095,2.1248,1.8752000000009095,4.2496,-0.24959999999909055,HIT_TARGET,0.456993035,True,0.456993035,False,,False,False,,False,,0.0
2026-03-19,YOUNG_LEVEL,BID,2026-03-19 13:31:14.750716993,1773927074750716993,1.98988639,0.8903677284812225,2121.3,83.927,19.481662024141134,4,4,17.00000000000273,6+,19.803,0.23595505617977527,2121.8,2121.4,4.0000000000009095,2121.7,2121.8,0.0,4.0000000000009095,2.1216000000000004,1.8784000000009091,4.243200000000001,-0.24319999999909125,HIT_TARGET,0.509418747,True,0.509418747,False,,False,False,,False,,0.0
2026-03-19,YOUNG_LEVEL,ASK,2026-03-19 13:31:18.423702544,1773927078423702544,1.175080322,0.8211194094015303,2122.4,50.026,14.435435002164192,5,5,5.9999999999990905,4-5,13.725,0.27435733418622316,2121.8,2122.3,5.0,2121.8,2121.9,0.0,5.0,2.1220499999999998,2.8779500000000002,4.2440999999999995,0.7559000000000005,HIT_TARGET,4.793715888,True,4.793715888,True,0.966650423,True,True,3.827065465,True,0.662775926,10.99999999999909
2026-03-19,YOUNG_LEVEL,ASK,2026-03-19 13:31:20.565353637,1773927080565353637,1.376727152,0.8445537391420606,2121.6,78.473,18.90460130089135,4,4,5.9999999999990905,4-5,16.128,0.2055229187108942,2121.1,2121.5,4.0000000000009095,2121.1,2121.2,0.0,4.0000000000009095,2.1213,1.8787000000009093,4.2426,-0.24259999999909088,HIT_TARGET,1.581428296,True,1.581428296,True,0.302530906,True,True,1.27889739,True,0.560921131,2.9999999999972715
2026-03-19,YOUNG_LEVEL,BID,2026-03-19 13:31:22.090268420,1773927082090268420,0.863138986,1.0,2120.8,85.693,16.348945912429645,3,3,4.0000000000009095,4-5,34.049,0.39733700535633015,2121.2,2120.9,2.9999999999972715,2121.1,2121.2,0.0,2.9999999999972715,2.12105,0.8789499999972716,4.2421,-1.2421000000027282,TIMEOUT,60.0,False,,True,1.175291853,True,False,,True,0.056513513,55.0
2026-03-19,YOUNG_LEVEL,ASK,2026-03-19 13:31:23.727448964,1773927083727448964,0.665242804,0.837352853199747,2122.8,25.004,9.840220385674932,3,3,10.99999999999909,6+,1.06,0.04239321708526636,2122.3,2122.7000000000003,4.0000000000009095,2122.3,2122.5,0.0,4.0000000000009095,2.1224999999999996,1.8775000000009099,4.244999999999999,-0.24499999999908972,HIT_TARGET,0.051286659,True,0.051286659,False,,False,False,,False,,0.0
2026-03-19,YOUNG_LEVEL,ASK,2026-03-19 13:31:44.129562569,1773927104129562569,0.714029391,0.993743023667775,2122.7,78.599,20.120056316395754,2,2,8.000000000001819,6+,26.125,0.33238336365602617,2122.4,2122.6,1.999999999998181,2122.4,2122.5,0.0,1.999999999998181,2.1224999999999996,-0.1225000000018186,4.244999999999999,-2.245000000001818,HIT_TARGET,1.274506688,True,1.274506688,True,0.45842255,True,True,0.816084138,False,,0.0
2026-03-19,YOUNG_LEVEL,BID,2026-03-19 13:32:08.871279140,1773927128871279140,0.864935755,0.8719793876482769,2125.1,33.281,5.443408570493947,1,1,10.0,6+,10.526,0.31627655419007844,2125.3,2125.2,1.000000000003638,2125.2,2125.3,0.0,1.000000000003638,2.12525,-1.1252499999963619,4.2505,-3.2504999999963617,HIT_TARGET,0.053135073,True,0.053135073,False,,False,False,,False,,0.0
2026-03-19,YOUNG_LEVEL,BID,2026-03-19 13:32:08.871279140,1773927128871279140,0.76289626,0.8548562749540809,2124.7,108.383,17.727019954203463,5,5,10.0,6+,46.807,0.4318666211490732,2125.3,2124.7999999999997,5.0000000000045475,2125.2,2125.3,0.0,5.0000000000045475,2.1250500000000003,2.874950000004547,4.250100000000001,0.7499000000045468,HIT_TARGET,1.634254488,True,1.634254488,True,0.103636233,True,True,1.530618255,False,,0.0
2026-03-19,YOUNG_LEVEL,ASK,2026-03-19 13:32:44.887609394,1773927164887609394,1.068677308,1.0,2122.8,153.343,39.94347486324563,3,3,4.0000000000009095,4-5,64.40899999999999,0.42003221536033597,2122.4,2122.7000000000003,3.000000000001819,2122.4,2122.5,0.0,3.000000000001819,2.12255,0.877450000001819,4.2451,-1.2450999999981809,HIT_TARGET,1.379655596,True,1.379655596,True,0.511070083,True,True,0.868585513,False,,0.0
2026-03-19,YOUNG_LEVEL,ASK,2026-03-19 13:33:03.307220741,1773927183307220741,0.765022999,1.0,2122.1,31.729,4.993547371734341,6,6,6.999999999998181,6+,11.042,0.3480097072079171,2121.4,2122.0,5.9999999999990905,2121.4,2121.5,0.0,5.9999999999990905,2.1216999999999997,3.878299999999091,4.243399999999999,1.756599999999091,HIT_TARGET,0.051252243,True,0.051252243,False,,False,False,,False,,0.0
2026-03-19,YOUNG_LEVEL,BID,2026-03-19 13:33:18.456973492,1773927198456973492,1.268372748,0.9203669409018239,2123.1,27.407,3.309624441492574,2,2,6.999999999998181,6+,10.088000000000001,0.3680811471521874,2123.4,2123.2,2.0000000000027285,2123.3,2123.4,0.0,2.0000000000027285,2.1233,-0.12329999999727148,4.2466,-2.2465999999972714,HIT_TARGET,0.209512731,True,0.209512731,False,,False,False,,False,,0.0
2026-03-19,YOUNG_LEVEL,BID,2026-03-19 13:33:40.407399143,1773927220407399143,0.507054511,1.0,2122.8,62.574,3.444851220787801,4,4,24.00000000000091,6+,24.806,0.39642663086905106,2123.3,2122.9,4.0000000000009095,2123.2,2123.3,0.0,4.0000000000009095,2.1231,1.8769000000009095,4.2462,-0.24619999999909048,HIT_TARGET,21.793024981,True,21.793024981,True,0.817625283,True,True,20.975399698,True,0.97214777,15.0
2026-03-19,YOUNG_LEVEL,BID,2026-03-19 13:34:07.555557229,1773927247555557229,1.274013318,0.8246675911122618,2121.0,56.122,14.695470018329406,5,5,5.9999999999990905,4-5,15.177000000000001,0.27042870888421655,2121.6,2121.1,5.0,2121.5,2121.6,0.0,5.0,2.1213499999999996,2.8786500000000004,4.242699999999999,0.7573000000000008,HIT_TARGET,25.820129643,True,25.820129643,True,2.343170055,True,True,23.476959588,True,2.499882064,14.00000000000091
2026-03-19,YOUNG_LEVEL,ASK,2026-03-19 13:34:27.196163788,1773927267196163788,0.660902447,1.0,2122.7,40.186,6.896516217607688,1,1,5.9999999999990905,4-5,10.99,0.2734783257850993,2122.5,2122.6,0.9999999999990905,2122.5,2122.6,0.0,0.9999999999990905,2.12255,-1.1225500000009094,4.2451,-3.2451000000009094,HIT_TARGET,0.054000491,True,0.054000491,False,,False,False,,False,,0.0
2026-03-19,YOUNG_LEVEL,ASK,2026-03-19 13:35:12.555971918,1773927312555971918,1.17253115,0.7763186240297326,2121.4,107.062,21.787138787138787,4,4,6.999999999998181,6+,31.422,0.29349348975360073,2120.9,2121.3,4.0000000000009095,2120.9,2121.0,0.0,4.0000000000009095,2.1211,1.8789000000009093,4.2422,-0.24219999999909092,HIT_TARGET,1.786708032,True,1.786708032,True,0.203873033,True,True,1.582834999,False,,1.999999999998181
2026-03-19,YOUNG_LEVEL,BID,2026-03-19 13:35:41.736554818,1773927341736554818,0.867176604,1.0,2120.2,32.187,5.220501175898143,4,4,5.9999999999990905,4-5,10.089,0.31344952931307674,2120.8,2120.2999999999997,5.0000000000045475,2120.6,2120.8,0.0,5.0000000000045475,2.12055,2.8794500000045473,4.2411,0.7589000000045472,HIT_TARGET,0.203580883,True,0.203580883,False,,False,False,,False,,0.0
2026-03-19,YOUNG_LEVEL,ASK,2026-03-19 13:35:45.255469658,1773927345255469658,1.172915786,0.8139348096385839,2121.3,123.941,26.737353036349905,3,3,5.9999999999990905,4-5,60.521,0.4883049192761072,2120.9,2121.2000000000003,3.000000000001819,2120.9,2121.0,0.0,3.000000000001819,2.12105,0.8789500000018191,4.2421,-1.2420999999981808,TIMEOUT,60.0,False,,True,0.102099858,True,False,,True,0.152874785,35.99999999999909
2026-03-19,YOUNG_LEVEL,BID,2026-03-19 13:36:01.369392909,1773927361369392909,1.31971314,0.6821112222918384,2117.9,74.848,11.630487141636237,5,5,6.999999999998181,6+,25.252000000000002,0.3373770842240274,2118.5,2118.0,5.0,2118.4,2118.5,0.0,5.0,2.11825,2.88175,4.2365,0.7634999999999996,HIT_TARGET,5.568215004,True,5.568215004,True,0.567700621,True,True,5.000514383,True,0.515829734,11.999999999998181
2026-03-19,YOUNG_LEVEL,ASK,2026-03-19 13:36:16.731204874,1773927376731204874,1.017715151,0.99533267830853,2120.6,11.528,4.042075736325385,2,2,5.0,4-5,5.704000000000001,0.49479528105482307,2120.3,2120.5,1.999999999998181,2120.3,2120.4,0.0,1.999999999998181,2.1204,-0.12040000000181905,4.2408,-2.240800000001819,HIT_TARGET,38.221499511,True,38.221499511,True,0.256992397,True,True,37.964507114,True,0.767778273,30.0
2026-03-19,YOUNG_LEVEL,ASK,2026-03-19 13:37:50.869681988,1773927470869681988,0.612578255,0.8595572234277236,2119.4,105.053,27.90993623804463,3,3,5.0,4-5,51.611,0.4912853512036781,2119.0,2119.3,3.000000000001819,2119.0,2119.1,0.0,3.000000000001819,2.11915,0.8808500000018191,4.2383,-1.2382999999981807,HIT_TARGET,3.718472559,True,3.718472559,True,0.254698693,True,True,3.463773866,True,0.459749993,5.0
2026-03-19,YOUNG_LEVEL,ASK,2026-03-19 13:38:05.152301514,1773927485152301514,0.611660879,1.0,2120.0,35.631,14.886567787758514,1,1,10.99999999999909,6+,0.471,0.013218826302938452,2119.8,2119.9,0.9999999999990905,2119.8,2119.9,0.0,0.9999999999990905,2.11985,-1.1198500000009095,4.2397,-3.2397000000009095,HIT_TARGET,0.050366003,True,0.050366003,False,,False,False,,False,,0.0
2026-03-19,YOUNG_LEVEL,ASK,2026-03-19 13:38:05.152301514,1773927485152301514,0.662825517,1.0,2120.4,102.489,42.819720075203676,5,5,10.99999999999909,6+,47.629999999999995,0.46473280059323435,2119.8,2120.3,5.0,2119.8,2119.9,0.0,5.0,2.12005,2.87995,4.2401,0.7599,HIT_TARGET,5.458348173,True,5.458348173,True,0.408322816,True,True,5.050025357,True,4.589858139,5.0
2026-03-19,YOUNG_LEVEL,ASK,2026-03-19 13:38:19.435667437,1773927499435667437,0.560968373,1.0,2121.9,14.472,4.828023352793995,2,2,12.999999999997272,6+,5.995,0.41424820342730795,2121.6,2121.8,2.0000000000027285,2121.6,2121.7,0.0,2.0000000000027285,2.1216999999999997,-0.12169999999727121,4.243399999999999,-2.243399999997271,TIMEOUT,60.0,False,,True,1.427730098,True,False,,True,0.101364273,77.99999999999727
2026-03-19,YOUNG_LEVEL,BID,2026-03-19 13:38:37.755542376,1773927517755542376,1.070801564,0.6570695632641045,2114.0,33.426,5.155548700547544,4,4,26.99999999999818,6+,5.817,0.1740262071441393,2114.5,2114.1,4.0000000000009095,2114.4,2114.5,0.0,4.0000000000009095,2.1143,1.8857000000009094,4.2286,-0.22859999999909064,HIT_TARGET,0.305902461,True,0.305902461,False,,False,False,,False,,0.0
2026-03-19,YOUNG_LEVEL,ASK,2026-03-19 13:38:55.596344355,1773927535596344355,0.546660794,1.0,2117.2,30.811,5.41541435978557,3,3,13.000000000001819,6+,11.667,0.37866346434714876,2116.8,2117.1,2.9999999999972715,2116.8,2116.9,0.0,2.9999999999972715,2.1169499999999997,0.8830499999972719,4.233899999999999,-1.2339000000027278,HIT_TARGET,0.881301689,True,0.881301689,False,,False,False,,False,,0.0
2026-03-19,YOUNG_LEVEL,BID,2026-03-19 13:39:01.272535772,1773927541272535772,0.510196086,1.0,2116.9,64.159,19.14336864090706,6,6,8.000000000001819,6+,12.504,0.19489081812372386,2117.6,2117.0,5.9999999999990905,2117.5,2117.6,0.0,5.9999999999990905,2.1173,3.8826999999990903,4.2346,1.7653999999990901,HIT_TARGET,0.254716302,True,0.254716302,False,,False,False,,False,,0.0
2026-03-19,YOUNG_LEVEL,BID,2026-03-19 13:39:04.689260348,1773927544689260348,0.816243246,1.0,2115.8,25.004,4.606909258406264,2,2,4.0000000000009095,4-5,0.472,0.018876979683250677,2116.1,2115.9,1.999999999998181,2116.0,2116.1,0.0,1.999999999998181,2.116,-0.11600000000181909,4.232,-2.232000000001819,HIT_TARGET,0.050767885,True,0.050767885,False,,False,False,,False,,0.0
2026-03-19,YOUNG_LEVEL,ASK,2026-03-19 13:39:18.565447392,1773927558565447392,0.557763172,0.7947883317760535,2117.0,54.856,7.505267478451223,2,2,4.0000000000009095,4-5,19.176000000000002,0.34956978270380634,2116.7,2116.9,2.0000000000027285,2116.7,2116.8,0.0,2.0000000000027285,2.1168,-0.11679999999727153,4.2336,-2.2335999999972715,HIT_TARGET,4.393155204,True,4.393155204,True,0.105128231,True,True,4.288026973,True,0.923336568,8.000000000001819
2026-03-19,YOUNG_LEVEL,ASK,2026-03-19 13:39:28.198609570,1773927568198609570,1.517902648,0.8973782638792788,2117.9,54.205,13.70543615676359,4,4,5.9999999999990905,4-5,23.329,0.4303846508624666,2117.4,2117.8,4.0000000000009095,2117.4,2117.5,0.0,4.0000000000009095,2.1176000000000004,1.8824000000009091,4.235200000000001,-0.23519999999909125,HIT_TARGET,0.216944629,True,0.216944629,False,,False,False,,False,,0.0
2026-03-19,YOUNG_LEVEL,BID,2026-03-19 13:40:35.753539751,1773927635753539751,0.770057744,1.0,2112.5,53.279,9.067222600408442,7,7,7.0000000000027285,6+,24.889999999999997,0.46716342273691314,2113.3,2112.6,7.0000000000027285,2113.2,2113.3,0.0,7.0000000000027285,2.1129499999999997,4.887050000002729,4.225899999999999,2.774100000002729,HIT_TARGET,1.682909216,True,1.682909216,True,0.153048002,True,True,1.529861214,False,,0.0
2026-03-19,YOUNG_LEVEL,ASK,2026-03-19 13:40:56.209416917,1773927656209416917,0.663135337,1.0,2113.6,38.125,4.474765258215963,4,4,18.999999999996362,6+,15.676000000000002,0.4111737704918033,2113.1,2113.5,4.0000000000009095,2113.1,2113.2,0.0,4.0000000000009095,2.1133,1.8867000000009093,4.2266,-0.22659999999909086,HIT_TARGET,1.529664371,True,1.529664371,True,0.095813476,True,True,1.433850895,False,,0.0
2026-03-19,YOUNG_LEVEL,ASK,2026-03-19 13:41:30.186619367,1773927690186619367,0.664666011,0.9924420236376432,2122.2,57.026,4.4574197834838,3,3,4.0000000000009095,4-5,28.462,0.4991056710973941,2121.8,2122.1,2.9999999999972715,2121.8,2121.9,0.0,2.9999999999972715,2.12195,0.8780499999972715,4.2439,-1.2439000000027285,HIT_TARGET,0.354549971,True,0.354549971,False,,False,False,,False,,0.9999999999990905
2026-03-19,YOUNG_LEVEL,BID,2026-03-19 13:42:01.913623893,1773927721913623893,0.507848875,1.0,2126.8,52.563,21.058894230769234,1,1,4.0000000000009095,4-5,18.695,0.3556684359720716,2128.0,2126.9,10.99999999999909,2126.9,2128.0,0.0,10.99999999999909,2.1274499999999996,8.87254999999909,4.254899999999999,6.745099999999091,TIMEOUT,60.0,False,,True,0.103806823,True,False,,True,0.052893007,120.99999999999909
2026-03-19,YOUNG_LEVEL,ASK,2026-03-19 13:42:17.264347704,1773927737264347704,0.507090077,0.7835668356018728,2134.7,33.254,6.0395931710860875,1,1,5.9999999999990905,4-5,8.572,0.2577735009322187,2134.5,2134.6,0.9999999999990905,2134.5,2134.6,0.0,0.9999999999990905,2.13455,-1.1345500000009094,4.2691,-3.2691000000009094,HIT_TARGET,0.057375784,True,0.057375784,False,,False,False,,False,,0.0
2026-03-19,YOUNG_LEVEL,ASK,2026-03-19 13:42:18.442524706,1773927738442524706,1.233086463,0.7804307336719177,2135.6,34.183,9.826936898088256,6,6,10.0,6+,5.993,0.17532106602697248,2134.9,2135.5,5.9999999999990905,2134.9,2135.0,0.0,5.9999999999990905,2.1351999999999998,3.8647999999990907,4.2703999999999995,1.729599999999091,HIT_TARGET,1.174309881,True,1.174309881,True,0.663108331,True,True,0.51120155,False,,0.0
2026-03-19,YOUNG_LEVEL,BID,2026-03-19 13:42:35.577586408,1773927755577586408,0.658793722,1.0,2136.9,80.307,15.978312773577398,5,5,15.99999999999909,6+,32.709,0.4072994882139789,2137.5,2137.0,5.0,2137.4,2137.5,0.0,5.0,2.13725,2.86275,4.2745,0.7255000000000003,HIT_TARGET,0.157696869,True,0.157696869,False,,False,False,,False,,0.0
2026-03-19,YOUNG_LEVEL,BID,2026-03-19 13:42:37.366665061,1773927757366665061,1.072756938,0.8487423345846494,2137.2,11.739,3.411508282476025,1,1,3.999999999996362,2-3,2.339,0.1992503620410597,2137.4,2137.2999999999997,1.000000000003638,2137.3,2137.4,0.0,1.000000000003638,2.1373499999999996,-1.1373499999963617,4.274699999999999,-3.2746999999963613,HIT_TARGET,0.050592286,True,0.050592286,False,,False,False,,False,,0.0
2026-03-19,YOUNG_LEVEL,BID,2026-03-19 13:42:39.655762151,1773927759655762151,0.507681861,1.0,2136.5,75.382,27.821369256320352,4,4,5.0,4-5,24.389000000000003,0.32353877583508,2137.0,2136.6,4.0000000000009095,2136.9,2137.0,0.0,4.0000000000009095,2.1368,1.8632000000009095,4.2736,-0.27359999999909057,HIT_TARGET,0.77173131,True,0.77173131,True,0.089312267,True,True,0.682419043,False,,0.0
2026-03-19,YOUNG_LEVEL,BID,2026-03-19 13:42:49.606567552,1773927769606567552,0.506806835,1.0,2133.1,50.917,11.518380273724691,3,3,10.0,6+,24.168,0.4746548304102755,2133.5,2133.2,3.000000000001819,2133.4,2133.5,0.0,3.000000000001819,2.1333499999999996,0.8666500000018194,4.266699999999999,-1.2666999999981803,TIMEOUT,60.0,False,,True,0.514141086,True,False,,True,0.562007087,85.99999999999909
2026-03-19,YOUNG_LEVEL,ASK,2026-03-19 13:43:19.452103754,1773927799452103754,1.172802608,1.0,2138.0,85.015,22.145089867152905,4,4,6.999999999998181,6+,22.484,0.2644709757101688,2137.5,2137.9,4.0000000000009095,2137.5,2137.6,0.0,4.0000000000009095,2.1376999999999997,1.8623000000009098,4.275399999999999,-0.27539999999908993,HIT_TARGET,0.357371635,True,0.357371635,False,,False,False,,False,,0.0
2026-03-19,YOUNG_LEVEL,ASK,2026-03-19 13:43:20.520052705,1773927800520052705,1.628922085,0.8270073807735254,2138.3,78.768,13.19396984924623,3,3,4.0000000000009095,4-5,33.595,0.42650568758886853,2137.9,2138.2000000000003,3.000000000001819,2137.9,2138.0,0.0,3.000000000001819,2.1380500000000002,0.8619500000018188,4.2761000000000005,-1.2760999999981815,HIT_TARGET,1.227813091,True,1.227813091,False,,False,False,,False,,1.999999999998181
2026-03-19,YOUNG_LEVEL,ASK,2026-03-19 13:43:27.409515479,1773927807409515479,1.886924789,0.9973618503349897,2140.9,31.564,10.90105335865999,5,5,10.0,6+,10.389999999999999,0.32917247497148644,2140.3,2140.8,5.0,2140.3,2140.4,0.0,5.0,2.14055,2.85945,4.2811,0.7188999999999997,HIT_TARGET,0.204227991,True,0.204227991,False,,False,False,,False,,0.0
2026-03-19,YOUNG_LEVEL,ASK,2026-03-19 13:43:58.536987246,1773927838536987246,1.378373434,0.8807706772735145,2137.6,103.952,15.346866464899977,5,5,4.0000000000009095,4-5,38.271,0.3681603047560413,2137.0,2137.5,5.0,2137.0,2137.1,0.0,5.0,2.13725,2.86275,4.2745,0.7255000000000003,HIT_TARGET,3.7232108,True,3.7232108,True,0.358055028,True,True,3.365155772,False,,0.0
2026-03-19,YOUNG_LEVEL,ASK,2026-03-19 13:44:10.832620653,1773927850832620653,1.124643909,0.8976461304073092,2140.8,20.942,3.2698883597470525,3,3,10.99999999999909,6+,6.143000000000001,0.2933339700124153,2140.4,2140.7000000000003,3.000000000001819,2140.4,2140.5,0.0,3.000000000001819,2.14055,0.8594500000018188,4.2811,-1.2810999999981814,HIT_TARGET,0.051130271,True,0.051130271,False,,False,False,,False,,0.0
2026-03-19,YOUNG_LEVEL,BID,2026-03-19 13:44:16.649372013,1773927856649372013,0.509765861,1.0,2138.3,73.615,17.413364872856295,4,4,11.000000000003638,6+,23.246,0.3157780343679957,2138.8,2138.4,4.0000000000009095,2138.7,2138.8,0.0,4.0000000000009095,2.1386000000000003,1.8614000000009092,4.277200000000001,-0.27719999999909106,HIT_TARGET,0.30353071,True,0.30353071,False,,False,False,,False,,0.0
2026-03-19,YOUNG_LEVEL,BID,2026-03-19 13:44:34.867637897,1773927874867637897,0.717431465,1.0,2135.9,49.71,7.881093935790726,4,4,3.999999999996362,2-3,18.358,0.3693019513176423,2136.4,2136.0,4.0000000000009095,2136.3,2136.4,0.0,4.0000000000009095,2.1361999999999997,1.8638000000009098,4.272399999999999,-0.2723999999990898,HIT_TARGET,28.00921529,True,28.00921529,True,2.295702973,True,True,25.713512317,True,1.581809629,25.0
2026-03-19,YOUNG_LEVEL,ASK,2026-03-19 13:44:53.030522840,1773927893030522840,0.512658004,1.0,2138.5,95.125,13.802234474753337,4,4,5.9999999999990905,4-5,44.364000000000004,0.46637582128777927,2138.0,2138.4,4.0000000000009095,2138.0,2138.1,0.0,4.0000000000009095,2.1382,1.8618000000009096,4.2764,-0.27639999999909026,HIT_TARGET,2.036781566,True,2.036781566,True,0.049361511,True,True,1.987420055,False,,0.0
2026-03-19,YOUNG_LEVEL,BID,2026-03-19 13:45:33.647967557,1773927933647967557,0.660111547,0.7601595204332943,2133.1,76.669,8.407610483605659,4,4,4.0000000000009095,4-5,20.734,0.27043524762289844,2133.6,2133.2,4.0000000000009095,2133.5,2133.6,0.0,4.0000000000009095,2.1333999999999995,1.86660000000091,4.266799999999999,-0.26679999999908954,HIT_TARGET,1.176030218,True,1.176030218,False,,False,False,,False,,0.0
2026-03-19,YOUNG_LEVEL,BID,2026-03-19 13:46:07.169444424,1773927967169444424,0.870227019,1.0,2132.0,52.16,9.646754207508785,6,6,10.0,6+,18.543,0.35550230061349697,2132.7,2132.1,5.9999999999990905,2132.6,2132.7,0.0,5.9999999999990905,2.1323999999999996,3.867599999999091,4.264799999999999,1.7351999999990912,HIT_TARGET,9.649260598,True,9.649260598,True,0.191349401,True,True,9.457911197,True,2.655915295,7.0000000000027285
2026-03-19,YOUNG_LEVEL,ASK,2026-03-19 13:46:36.704833137,1773927996704833137,0.742502193,1.0,2134.8,110.087,15.68302585654249,2,2,5.9999999999990905,4-5,47.864,0.4347833985847557,2134.5,2134.7000000000003,2.0000000000027285,2134.5,2134.6,0.0,2.0000000000027285,2.1346000000000003,-0.1345999999972718,4.2692000000000005,-2.269199999997272,TIMEOUT,60.0,False,,True,0.583792263,True,False,,True,0.632293494,62.99999999999727
2026-03-19,YOUNG_LEVEL,BID,2026-03-19 13:46:39.124527364,1773927999124527364,0.51007545,1.0,2133.0,62.252,16.868175044031975,5,5,10.0,6+,23.594,0.3790079033605346,2133.6,2133.1,5.0,2133.5,2133.6,0.0,5.0,2.1333499999999996,2.8666500000000004,4.266699999999999,0.7333000000000007,HIT_TARGET,0.6117394,True,0.6117394,False,,False,False,,False,,0.0
2026-03-19,YOUNG_LEVEL,ASK,2026-03-19 13:48:15.450500478,1773928095450500478,0.662537355,1.0,2132.5,103.977,18.86204081632653,6,6,18.00000000000182,6+,41.424,0.39839579907094835,2131.8,2132.4,5.9999999999990905,2131.8,2131.9,0.0,5.9999999999990905,2.1321000000000003,3.86789999999909,4.264200000000001,1.7357999999990898,HIT_TARGET,0.356686811,True,0.356686811,False,,False,False,,False,,0.0
2026-03-19,YOUNG_LEVEL,ASK,2026-03-19 13:49:18.366780949,1773928158366780949,0.560149345,1.0,2135.6,49.641,15.977148374637913,3,3,5.0,4-5,5.265,0.10606152172599262,2135.2,2135.5,3.000000000001819,2135.2,2135.3,0.0,3.000000000001819,2.13535,0.8646500000018191,4.2707,-1.2706999999981807,HIT_TARGET,3.877594768,True,3.877594768,True,0.255251948,True,True,3.62234282,True,1.784767554,3.000000000001819
2026-03-19,YOUNG_LEVEL,BID,2026-03-19 13:49:28.569965834,1773928168569965834,0.779748757,0.8517613654881402,2134.6,52.528,16.744660503665923,6,6,6.000000000003638,6+,19.797,0.37688470910752364,2135.3,2134.7,6.000000000003638,2135.2,2135.3,0.0,6.000000000003638,2.135,3.865000000003638,4.27,1.7300000000036384,HIT_TARGET,0.512198461,True,0.512198461,False,,False,False,,False,,0.0
2026-03-19,YOUNG_LEVEL,BID,2026-03-19 13:49:49.697645841,1773928189697645841,0.612023782,0.6572165883579995,2137.3,47.901,11.942408376963352,3,3,5.0,4-5,17.724999999999998,0.3700340285171499,2137.7,2137.4,2.9999999999972715,2137.6,2137.7,0.0,2.9999999999972715,2.13755,0.8624499999972715,4.2751,-1.2751000000027286,HIT_TARGET,3.467711933,True,3.467711933,True,2.040023233,True,True,1.4276887,True,2.040023233,9.00000000000091
2026-03-19,YOUNG_LEVEL,ASK,2026-03-19 13:49:56.276502418,1773928196276502418,0.969382002,1.0,2138.6,47.2,34.04255319148937,1,1,10.0,6+,0.467,0.00989406779661017,2138.4,2138.5,0.9999999999990905,2138.4,2138.5,0.0,0.9999999999990905,2.1384499999999997,-1.1384500000009092,4.2768999999999995,-3.276900000000909,HIT_TARGET,0.050441989,True,0.050441989,False,,False,False,,False,,0.0
2026-03-19,YOUNG_LEVEL,BID,2026-03-19 13:50:09.591531442,1773928209591531442,1.392075558,0.9835371680306451,2138.4,9.351,5.234256926952142,1,1,5.0,4-5,1.19,0.12725911667201367,2138.6,2138.5,0.9999999999990905,2138.5,2138.6,0.0,0.9999999999990905,2.13855,-1.1385500000009094,4.2771,-3.2771000000009094,HIT_TARGET,0.050400755,True,0.050400755,False,,False,False,,False,,0.0
2026-03-19,YOUNG_LEVEL,ASK,2026-03-19 13:50:18.818894849,1773928218818894849,1.31722567,1.0,2138.0,74.093,16.426781953220264,4,4,11.999999999998181,6+,26.503999999999998,0.3577126044295682,2137.5,2137.9,4.0000000000009095,2137.5,2137.6,0.0,4.0000000000009095,2.1376999999999997,1.8623000000009098,4.275399999999999,-0.27539999999908993,HIT_TARGET,0.672701846,True,0.672701846,False,,False,False,,False,,0.0
2026-03-19,YOUNG_LEVEL,ASK,2026-03-19 13:50:45.552346509,1773928245552346509,0.50054945,1.0,2137.1,56.316,9.777932112162514,4,4,5.0,4-5,23.478,0.4168975069252078,2136.6,2137.0,4.0000000000009095,2136.6,2136.7,0.0,4.0000000000009095,2.1368,1.8632000000009095,4.2736,-0.27359999999909057,HIT_TARGET,1.590194399,True,1.590194399,False,,False,False,,False,,0.0
2026-03-19,YOUNG_LEVEL,ASK,2026-03-19 13:50:59.029309172,1773928259029309172,0.509140792,0.7822824182588772,2139.2,32.474,14.1160617257118,2,2,5.0,4-5,1.2670000000000001,0.03901582804705304,2138.9,2139.1,1.999999999998181,2138.9,2139.0,0.0,1.999999999998181,2.139,-0.13900000000181878,4.278,-2.2780000000018186,HIT_TARGET,48.014446507,True,48.014446507,True,0.052960055,True,True,47.961486452,True,1.021917037,35.99999999999909
2026-03-19,YOUNG_LEVEL,BID,2026-03-19 13:50:59.949687116,1773928259949687116,1.532393107,0.894563150106887,2138.6,11.304,3.656477438136827,1,1,7.0000000000027285,6+,0.903,0.0798832271762208,2138.8,2138.7,1.000000000003638,2138.7,2138.8,0.0,1.000000000003638,2.13875,-1.138749999996362,4.2775,-3.277499999996362,HIT_TARGET,0.050969412,True,0.050969412,False,,False,False,,False,,0.0
2026-03-19,YOUNG_LEVEL,ASK,2026-03-19 13:51:38.671588049,1773928298671588049,0.761828234,1.0,2139.0,31.628,4.101672934768512,7,7,4.0000000000009095,4-5,14.333,0.45317440242822815,2138.2,2138.9,7.0000000000027285,2138.2,2138.3,0.0,7.0000000000027285,2.13855,4.861450000002728,4.2771,2.7229000000027286,HIT_TARGET,8.37216763,True,8.37216763,True,4.086843657,True,True,4.285323973,True,4.138138379,3.000000000001819
2026-03-19,YOUNG_LEVEL,ASK,2026-03-19 13:51:38.927054702,1773928298927054702,0.778107516,0.8012453063105999,2138.8,74.083,11.29055856130458,5,5,4.0000000000009095,4-5,35.056,0.47319897952296747,2138.2,2138.7000000000003,5.0000000000045475,2138.2,2138.3,0.0,5.0000000000045475,2.1384499999999997,2.8615500000045477,4.2768999999999995,0.723100000004548,HIT_TARGET,2.244779839,True,2.244779839,True,0.053188243,True,True,2.191591596,False,,0.0
2026-03-19,YOUNG_LEVEL,ASK,2026-03-19 13:51:54.341376347,1773928314341376347,0.919041901,0.9936094371827776,2140.3,77.049,9.951436874394577,4,4,5.0,4-5,21.528,0.27940661137717554,2139.8,2140.2000000000003,4.0000000000009095,2139.8,2139.9,0.0,4.0000000000009095,2.1399999999999997,1.8600000000009098,4.279999999999999,-0.27999999999908987,HIT_TARGET,0.357294756,True,0.357294756,False,,False,False,,False,,0.0
2026-03-19,YOUNG_LEVEL,ASK,2026-03-19 13:51:54.749125632,1773928314749125632,0.509845929,0.6893178134996936,2140.6,9.061,3.46368501529052,3,3,9.00000000000091,6+,0.98,0.10815583268954862,2140.2,2140.5,3.000000000001819,2140.2,2140.3,0.0,3.000000000001819,2.1403499999999998,0.8596500000018192,4.2806999999999995,-1.2806999999981805,HIT_TARGET,0.051402414,True,0.051402414,False,,False,False,,False,,0.0
2026-03-19,YOUNG_LEVEL,ASK,2026-03-19 13:52:10.766854712,1773928330766854712,0.913695517,1.0,2139.2,75.246,7.877924933256556,3,3,5.0,4-5,27.666,0.3676740291842756,2138.8,2139.1,2.9999999999972715,2138.8,2138.9,0.0,2.9999999999972715,2.1389499999999995,0.861049999997272,4.277899999999999,-1.2779000000027274,TIMEOUT,60.0,False,,True,0.205858513,True,False,,True,0.513329376,27.00000000000273
2026-03-19,YOUNG_LEVEL,BID,2026-03-19 13:52:11.988748257,1773928331988748257,0.656697093,0.9921438756848585,2137.5,74.514,14.665223381224166,4,4,7.9999999999972715,6+,22.141,0.29713879271009475,2138.0,2137.6,4.0000000000009095,2137.9,2138.0,0.0,4.0000000000009095,2.1378,1.8622000000009096,4.2756,-0.27559999999909035,HIT_TARGET,0.312694562,True,0.312694562,False,,False,False,,False,,0.0
2026-03-19,YOUNG_LEVEL,ASK,2026-03-19 13:52:31.232751186,1773928351232751186,1.426844649,1.0,2138.8,111.176,14.03914635686324,5,5,7.0000000000027285,6+,21.962000000000003,0.19754263510110098,2138.2,2138.7000000000003,5.0000000000045475,2138.2,2138.3,0.0,5.0000000000045475,2.1384499999999997,2.8615500000045477,4.2768999999999995,0.723100000004548,TIMEOUT,60.0,False,,True,1.940850797,True,False,,True,2.401623483,32.00000000000273
2026-03-19,YOUNG_LEVEL,BID,2026-03-19 13:52:35.164622290,1773928355164622290,0.665919093,1.0,2137.0,35.197,7.614277988101676,7,7,6.000000000003638,6+,13.411000000000001,0.38102679205614115,2137.8,2137.1,7.0000000000027285,2137.7,2137.8,0.0,7.0000000000027285,2.13745,4.862550000002729,4.2749,2.725100000002729,HIT_TARGET,0.764604577,True,0.764604577,True,0.050450792,True,True,0.714153785,False,,0.0
2026-03-19,YOUNG_LEVEL,ASK,2026-03-19 13:52:38.224903970,1773928358224903970,1.12251071,1.0,2138.4,37.072,3.209558027791005,2,2,8.999999999996362,6+,2.005,0.054083944756150186,2138.1,2138.3,2.0000000000027285,2138.1,2138.2,0.0,2.0000000000027285,2.1382,-0.1381999999972714,4.2764,-2.2763999999972713,HIT_TARGET,0.03769861,True,0.03769861,False,,False,False,,False,,0.0
2026-03-19,YOUNG_LEVEL,ASK,2026-03-19 13:54:45.480575106,1773928485480575106,1.785328166,1.0,2140.4,78.807,6.794585506746562,4,4,4.0000000000009095,4-5,15.035,0.19078254469780603,2139.9,2140.3,4.0000000000009095,2139.9,2140.0,0.0,4.0000000000009095,2.1401000000000003,1.8599000000009092,4.280200000000001,-0.2801999999990912,HIT_TARGET,0.15593774,True,0.15593774,False,,False,False,,False,,0.0
2026-03-19,YOUNG_LEVEL,BID,2026-03-19 13:55:27.874244520,1773928527874244520,0.861477694,1.0,2138.5,34.602,5.214678622560469,2,2,7.0000000000027285,6+,15.527999999999999,0.448760187272412,2138.8,2138.6,2.0000000000027285,2138.7,2138.8,0.0,2.0000000000027285,2.1386999999999996,-0.13869999999727112,4.277399999999999,-2.2773999999972707,HIT_TARGET,4.090030111,True,4.090030111,True,1.735649579,True,True,2.354380532,False,,2.0000000000027285
2026-03-19,YOUNG_LEVEL,ASK,2026-03-19 13:56:09.864006642,1773928569864006642,0.703273944,1.0,2140.7,34.585,3.871816400783655,1,1,4.0000000000009095,4-5,16.911,0.4889692063033107,2140.5,2140.6,0.9999999999990905,2140.5,2140.6,0.0,0.9999999999990905,2.14055,-1.1405500000009097,4.2811,-3.28110000000091,HIT_TARGET,0.062869946,True,0.062869946,False,,False,False,,False,,0.0
2026-03-19,YOUNG_LEVEL,BID,2026-03-19 13:56:16.653738179,1773928576653738179,0.610949412,0.667851813891262,2139.6,61.478,6.19862875579754,4,4,4.0000000000009095,4-5,26.842,0.43661147077003154,2140.1,2139.7,4.0000000000009095,2140.0,2140.1,0.0,4.0000000000009095,2.1398999999999995,1.86010000000091,4.279799999999999,-0.27979999999908944,HIT_TARGET,3.986851415,True,3.986851415,True,0.514341487,True,True,3.472509928,True,0.722218323,4.0000000000009095
2026-03-19,YOUNG_LEVEL,ASK,2026-03-19 13:56:31.917135409,1773928591917135409,1.12227003,0.6664843059205635,2139.9,81.08,7.715658752438502,3,3,5.9999999999990905,4-5,33.978,0.41906758756783424,2139.5,2139.8,3.000000000001819,2139.5,2139.6,0.0,3.000000000001819,2.13965,0.8603500000018189,4.2793,-1.2792999999981811,HIT_TARGET,11.434601556,True,11.434601556,True,0.095254049,True,True,11.339347507,True,0.71746615,6.999999999998181
2026-03-19,YOUNG_LEVEL,ASK,2026-03-19 13:58:39.756376934,1773928719756376934,1.607700314,0.9618760216277472,2137.3,53.262,5.4329576171775384,2,2,4.0000000000009095,4-5,26.069,0.4894483872179039,2137.0,2137.2000000000003,2.0000000000027285,2137.0,2137.1,0.0,2.0000000000027285,2.1371,-0.13709999999727174,4.2742,-2.274199999997272,HIT_TARGET,2.348163546,True,2.348163546,False,,False,False,,False,,0.0
2026-03-19,YOUNG_LEVEL,BID,2026-03-19 13:59:10.673150658,1773928750673150658,0.501824244,1.0,2136.0,40.147,4.7833909210056,1,1,5.9999999999990905,4-5,19.942,0.49672453732532945,2136.2,2136.1,0.9999999999990905,2136.1,2136.2,0.0,0.9999999999990905,2.1361499999999998,-1.1361500000009093,4.2722999999999995,-3.272300000000909,HIT_TARGET,0.059310777,True,0.059310777,False,,False,False,,False,,0.0
2026-03-19,YOUNG_LEVEL,ASK,2026-03-19 14:00:17.019640020,1773928817019640020,0.768574643,0.7744162800853683,2142.3,80.786,8.08709144601832,3,3,5.0,4-5,26.465,0.3275938900304508,2141.9,2142.2000000000003,3.000000000001819,2141.9,2142.0,0.0,3.000000000001819,2.14205,0.8579500000018192,4.2841,-1.2840999999981806,HIT_TARGET,0.358722473,True,0.358722473,False,,False,False,,False,,0.0
2026-03-19,YOUNG_LEVEL,ASK,2026-03-19 14:00:42.275579563,1773928842275579563,0.968946521,1.0,2140.5,124.295,21.64475402699173,4,4,7.9999999999972715,6+,43.565,0.3504968019630717,2140.0,2140.4,4.0000000000009095,2140.0,2140.1,0.0,4.0000000000009095,2.1401999999999997,1.8598000000009098,4.280399999999999,-0.2803999999990898,HIT_TARGET,0.101769028,True,0.101769028,False,,False,False,,False,,0.0
2026-03-19,YOUNG_LEVEL,ASK,2026-03-19 14:00:45.537731261,1773928845537731261,0.506959912,1.0,2141.4,49.807,10.980379188712522,4,4,4.0000000000009095,4-5,15.706,0.3153372015981689,2140.9,2141.3,4.0000000000009095,2140.9,2141.0,0.0,4.0000000000009095,2.1411000000000002,1.8589000000009093,4.2822000000000005,-0.28219999999909096,HIT_TARGET,0.101618527,True,0.101618527,False,,False,False,,False,,0.0
2026-03-19,YOUNG_LEVEL,ASK,2026-03-19 14:00:50.947714993,1773928850947714993,0.509686716,0.7915658468917208,2142.6,73.234,29.523886313243295,3,3,17.00000000000273,6+,25.895999999999997,0.35360624846382827,2142.2,2142.5,3.000000000001819,2142.2,2142.3,0.0,3.000000000001819,2.1423499999999995,0.8576500000018195,4.284699999999999,-1.28469999999818,HIT_TARGET,1.32702742,True,1.32702742,True,0.408809353,True,True,0.918218067,False,,0.0
2026-03-19,YOUNG_LEVEL,ASK,2026-03-19 14:00:58.247730505,1773928858247730505,0.715180593,1.0,2144.8,80.73,13.906976744186048,7,7,10.99999999999909,6+,32.621,0.404075312770965,2144.0,2144.7000000000003,7.0000000000027285,2144.0,2144.1,0.0,7.0000000000027285,2.14435,4.855650000002728,4.2887,2.711300000002728,HIT_TARGET,0.968367785,True,0.968367785,True,0.0509792,True,True,0.917388585,False,,0.0
2026-03-19,YOUNG_LEVEL,BID,2026-03-19 14:01:39.866819545,1773928899866819545,1.115399086,0.8853709828125141,2138.4,102.866,10.325838185103393,5,5,5.0,4-5,39.086999999999996,0.3799797795189858,2139.0,2138.5,5.0,2138.9,2139.0,0.0,5.0,2.13875,2.86125,4.2775,0.7225000000000001,HIT_TARGET,8.990377006,True,8.990377006,True,0.115975208,True,True,8.874401798,True,2.330573755,4.0000000000009095
2026-03-19,YOUNG_LEVEL,BID,2026-03-19 14:01:51.102877918,1773928911102877918,0.766042875,1.0,2137.1,83.724,9.383468758755955,5,5,14.00000000000091,6+,38.762,0.46297357985762744,2137.7,2137.2,5.0,2137.6,2137.7,0.0,5.0,2.13745,2.86255,4.2749,0.7251000000000003,HIT_TARGET,0.204738251,True,0.204738251,False,,False,False,,False,,0.0
2026-03-19,YOUNG_LEVEL,BID,2026-03-19 14:04:01.931569185,1773929041931569185,0.773938842,0.9550038554596798,2136.6,73.636,6.453354366592174,4,4,10.99999999999909,6+,26.485,0.35967461567711445,2137.1,2136.7,4.0000000000009095,2137.0,2137.1,0.0,4.0000000000009095,2.1368999999999994,1.8631000000009101,4.273799999999999,-0.2737999999990892,HIT_TARGET,1.121870518,True,1.121870518,True,0.101184629,True,True,1.020685889,False,,0.0
2026-03-19,YOUNG_LEVEL,ASK,2026-03-19 14:04:15.091447030,1773929055091447030,1.632587183,1.0,2136.3,105.993,19.05834756810213,3,3,4.0000000000009095,4-5,21.908,0.20669289481380848,2135.9,2136.2000000000003,3.000000000001819,2135.9,2136.0,0.0,3.000000000001819,2.13605,0.863950000001819,4.2721,-1.272099999998181,HIT_TARGET,49.705222989,True,49.705222989,True,0.156179853,True,True,49.549043136,True,0.818816723,24.00000000000091
2026-03-19,YOUNG_LEVEL,ASK,2026-03-19 14:04:51.880791824,1773929091880791824,0.507709989,1.0,2134.9,76.574,11.602121212121212,4,4,5.0,4-5,34.689,0.45301277195915063,2134.4,2134.8,4.0000000000009095,2134.4,2134.5,0.0,4.0000000000009095,2.1346000000000003,1.8654000000009092,4.2692000000000005,-0.26919999999909106,HIT_TARGET,0.668296039,True,0.668296039,False,,False,False,,False,,0.0
2026-03-19,YOUNG_LEVEL,ASK,2026-03-19 14:06:13.113001541,1773929173113001541,1.478928009,0.9214555094682773,2135.8,101.932,15.467678300455235,2,2,5.9999999999990905,4-5,32.480000000000004,0.3186438017501864,2135.5,2135.7000000000003,2.0000000000027285,2135.5,2135.6,0.0,2.0000000000027285,2.1356,-0.13559999999727168,4.2712,-2.271199999997272,HIT_TARGET,0.917963001,True,0.917963001,False,,False,False,,False,,1.999999999998181
2026-03-19,YOUNG_LEVEL,ASK,2026-03-19 14:06:18.299282296,1773929178299282296,0.695672722,0.9926374186625072,2137.7,58.981,20.47951388888889,4,4,16.000000000003638,6+,24.431,0.414218138044455,2137.2,2137.6,4.0000000000009095,2137.2,2137.3,0.0,4.0000000000009095,2.1373999999999995,1.86260000000091,4.274799999999999,-0.27479999999908955,HIT_TARGET,0.937162416,True,0.937162416,False,,False,False,,False,,0.0
2026-03-19,YOUNG_LEVEL,BID,2026-03-19 14:06:43.012224719,1773929203012224719,0.509726007,1.0,2136.0,75.772,8.277022229504615,4,4,5.0,4-5,17.205000000000002,0.22706276724911578,2136.5,2136.1,4.0000000000009095,2136.4,2136.5,0.0,4.0000000000009095,2.1363,1.8637000000009096,4.2726,-0.27259999999909024,HIT_TARGET,6.174829639,True,6.174829639,True,0.051140366,True,True,6.123689273,True,4.234614382,5.9999999999990905
2026-03-19,YOUNG_LEVEL,ASK,2026-03-19 14:07:08.735111124,1773929228735111124,0.518198017,1.0,2134.5,74.534,19.912904087630245,3,3,5.9999999999990905,4-5,26.074999999999996,0.34984034132073943,2134.1,2134.4,3.000000000001819,2134.1,2134.2,0.0,3.000000000001819,2.1342499999999998,0.8657500000018192,4.2684999999999995,-1.2684999999981805,HIT_TARGET,0.609561876,True,0.609561876,False,,False,False,,False,,0.0
2026-03-19,YOUNG_LEVEL,ASK,2026-03-19 14:07:51.895044997,1773929271895044997,0.566640734,1.0,2133.3,59.244,6.698778833107192,3,3,10.0,6+,24.658,0.4162109243130106,2132.9,2133.2000000000003,3.000000000001819,2132.9,2133.0,0.0,3.000000000001819,2.13305,0.8669500000018191,4.2661,-1.2660999999981808,HIT_TARGET,0.657879183,True,0.657879183,False,,False,False,,False,,0.0
2026-03-19,YOUNG_LEVEL,ASK,2026-03-19 14:08:15.055704812,1773929295055704812,1.478837134,1.0,2132.7,47.939,6.62690074647498,1,1,5.9999999999990905,4-5,10.622,0.22157324933769998,2132.5,2132.6,0.9999999999990905,2132.5,2132.6,0.0,0.9999999999990905,2.13255,-1.1325500000009097,4.2651,-3.26510000000091,HIT_TARGET,0.050186515,True,0.050186515,False,,False,False,,False,,0.0
2026-03-19,YOUNG_LEVEL,BID,2026-03-19 14:09:07.091388944,1773929347091388944,0.918385982,1.0,2130.3,90.005,14.000933343703819,2,2,4.0000000000009095,4-5,33.53,0.37253485917449036,2130.6,2130.4,1.999999999998181,2130.5,2130.6,0.0,1.999999999998181,2.1304999999999996,-0.1305000000018186,4.260999999999999,-2.261000000001818,HIT_TARGET,0.404361764,True,0.404361764,False,,False,False,,False,,0.0
2026-03-19,YOUNG_LEVEL,BID,2026-03-19 14:09:25.766274962,1773929365766274962,0.715277343,1.0,2129.2,76.823,7.139020537124803,3,3,4.0000000000009095,4-5,38.272999999999996,0.4981971544980019,2129.6,2129.2999999999997,3.000000000001819,2129.5,2129.6,0.0,3.000000000001819,2.12945,0.8705500000018191,4.2589,-1.2588999999981807,HIT_TARGET,5.816875911,True,5.816875911,True,0.102226732,True,True,5.714649179,True,0.308354936,10.0
2026-03-19,YOUNG_LEVEL,ASK,2026-03-19 14:09:26.839519063,1773929366839519063,0.764889165,0.7516047936173864,2130.5,57.771,10.107777097366808,3,3,3.999999999996362,2-3,26.177000000000003,0.4531166156029842,2130.1,2130.4,3.000000000001819,2130.1,2130.2,0.0,3.000000000001819,2.1302499999999998,0.8697500000018192,4.2604999999999995,-1.2604999999981805,HIT_TARGET,0.558399239,True,0.558399239,False,,False,False,,False,,0.0
2026-03-19,YOUNG_LEVEL,BID,2026-03-19 14:10:23.160695095,1773929423160695095,1.011217575,0.923244729008987,2125.5,55.243,9.28687904513743,4,4,12.999999999997272,6+,16.695,0.3022102347808772,2126.0,2125.6,4.0000000000009095,2125.9,2126.0,0.0,4.0000000000009095,2.1258,1.8742000000009096,4.2516,-0.25159999999909033,HIT_TARGET,0.263837897,True,0.263837897,False,,False,False,,False,,0.0
2026-03-19,YOUNG_LEVEL,BID,2026-03-19 14:10:25.613729084,1773929425613729084,0.506146607,1.0,2125.2,50.938,8.34433614546646,4,4,5.0,4-5,23.378,0.45895009619537475,2125.7,2125.2999999999997,4.0000000000009095,2125.6,2125.7,0.0,4.0000000000009095,2.1254999999999997,1.8745000000009098,4.2509999999999994,-0.25099999999908995,TIMEOUT,60.0,False,,True,0.054564774,True,False,,True,3.117721718,63.00000000000182
2026-03-19,YOUNG_LEVEL,ASK,2026-03-19 14:10:57.354181643,1773929457354181643,1.218898842,1.0,2127.6,55.056,7.216673220605584,5,5,10.99999999999909,6+,27.126,0.4926983435047952,2127.0,2127.5,5.0,2127.0,2127.1,0.0,5.0,2.1272499999999996,2.8727500000000004,4.254499999999999,0.7455000000000007,HIT_TARGET,4.596689076,True,4.596689076,True,1.634759935,True,True,2.961929141,False,,0.0
2026-03-19,YOUNG_LEVEL,ASK,2026-03-19 14:11:07.814408826,1773929467814408826,0.813747117,0.793725204681739,2131.1,38.614,5.140651001797244,2,2,24.00000000000091,6+,10.606,0.27466721914331593,2130.8,2131.0,1.999999999998181,2130.8,2130.9,0.0,1.999999999998181,2.1309,-0.130900000001819,4.2618,-2.261800000001819,HIT_TARGET,1.02180019,True,1.02180019,False,,False,False,,False,,0.0
2026-03-19,YOUNG_LEVEL,BID,2026-03-19 14:11:15.826366800,1773929475826366800,0.668038627,1.0,2130.4,44.93,7.5096105632625765,1,1,5.9999999999990905,4-5,8.552,0.1903405297128867,2130.6,2130.5,0.9999999999990905,2130.5,2130.6,0.0,0.9999999999990905,2.13055,-1.1305500000009094,4.2611,-3.2611000000009094,HIT_TARGET,0.021214783,True,0.021214783,False,,False,False,,False,,0.0
2026-03-19,YOUNG_LEVEL,BID,2026-03-19 14:12:17.103696559,1773929537103696559,1.277169563,1.0,2132.7,72.509,8.952281005000307,3,3,8.000000000001819,6+,31.538,0.43495290239832296,2133.1,2132.7999999999997,3.000000000001819,2133.0,2133.1,0.0,3.000000000001819,2.1329499999999997,0.8670500000018193,4.265899999999999,-1.2658999999981804,HIT_TARGET,0.509908913,True,0.509908913,False,,False,False,,False,,0.9999999999990905
2026-03-19,YOUNG_LEVEL,ASK,2026-03-19 14:12:31.435479980,1773929551435479980,0.577746725,1.0,2133.1,36.171,4.703029515017553,2,2,4.0000000000009095,4-5,5.338,0.14757678803461338,2132.8,2133.0,1.999999999998181,2132.8,2132.9,0.0,1.999999999998181,2.1329,-0.13290000000181879,4.2658,-2.2658000000018186,HIT_TARGET,5.162864501,True,5.162864501,True,0.467856037,True,True,4.695008464,False,,2.0000000000027285
2026-03-19,YOUNG_LEVEL,ASK,2026-03-19 14:12:47.000682373,1773929567000682373,0.658373434,1.0,2134.2,30.811,5.011140928681792,3,3,4.0000000000009095,4-5,12.517,0.4062510142481581,2133.8,2134.1,2.9999999999972715,2133.8,2133.9,0.0,2.9999999999972715,2.1339499999999996,0.866049999997272,4.267899999999999,-1.2679000000027276,HIT_TARGET,0.055821187,True,0.055821187,False,,False,False,,False,,0.0
2026-03-19,YOUNG_LEVEL,BID,2026-03-19 14:13:45.274550916,1773929625274550916,0.814359937,1.0,2129.0,55.905,12.149299141584267,6,6,12.000000000002728,6+,25.515,0.4563992487255165,2129.7,2129.1,5.9999999999990905,2129.6,2129.7,0.0,5.9999999999990905,2.1293999999999995,3.870599999999091,4.258799999999999,1.7411999999990915,HIT_TARGET,3.930106348,True,3.930106348,True,1.020665323,True,True,2.909441025,True,2.348112938,4.0000000000009095
2026-03-19,YOUNG_LEVEL,BID,2026-03-19 14:14:16.171800745,1773929656171800745,0.74020031,0.7975968559105305,2128.0,76.052,9.051115739363286,5,5,8.000000000001819,6+,15.482,0.2035712407300268,2128.6,2128.1,5.0,2128.5,2128.6,0.0,5.0,2.1283499999999997,2.8716500000000003,4.2566999999999995,0.7433000000000005,HIT_TARGET,0.331705234,True,0.331705234,False,,False,False,,False,,0.0
2026-03-19,YOUNG_LEVEL,ASK,2026-03-19 14:17:02.842990110,1773929822842990110,0.715726423,0.672986723028947,2125.8,32.686,3.5458884790627034,1,1,6.999999999998181,6+,7.033,0.21516857370127884,2125.6,2125.7000000000003,1.000000000003638,2125.6,2125.7,0.0,1.000000000003638,2.12565,-1.1256499999963618,4.2513,-3.2512999999963617,HIT_TARGET,0.051610153,True,0.051610153,False,,False,False,,False,,0.0
2026-03-19,YOUNG_LEVEL,ASK,2026-03-19 14:18:07.742344348,1773929887742344348,0.510418919,1.0,2126.8,47.5,5.31766022949902,4,4,5.9999999999990905,4-5,23.156000000000002,0.4874947368421053,2126.3,2126.7000000000003,4.0000000000009095,2126.3,2126.4,0.0,4.0000000000009095,2.1265,1.8735000000009094,4.253,-0.2529999999990906,TIMEOUT,60.0,False,,True,1.940398767,True,False,,True,2.040310336,58.00000000000182
2026-03-19,YOUNG_LEVEL,ASK,2026-03-19 14:18:09.572711969,1773929889572711969,1.269577275,1.0,2126.4,137.815,32.03509995351,1,1,4.0000000000009095,4-5,38.272,0.2777056198527011,2126.2,2126.3,1.000000000003638,2126.2,2126.3,0.0,1.000000000003638,2.1262499999999998,-1.1262499999963618,4.2524999999999995,-3.2524999999963615,HIT_TARGET,7.153031958,True,7.153031958,True,1.662981939,True,True,5.490050019,True,0.875670587,5.0
2026-03-19,YOUNG_LEVEL,ASK,2026-03-19 14:19:09.536297188,1773929949536297188,0.559570809,1.0,2121.7,98.524,18.096060244283223,2,2,4.0000000000009095,4-5,29.119,0.2955523527262393,2121.4,2121.6,1.999999999998181,2121.4,2121.5,0.0,1.999999999998181,2.1214999999999997,-0.12150000000181871,4.242999999999999,-2.2430000000018184,HIT_TARGET,0.61281106,True,0.61281106,False,,False,False,,False,,0.0
2026-03-19,YOUNG_LEVEL,ASK,2026-03-19 14:19:28.515209736,1773929968515209736,0.50135228,1.0,2121.6,80.97,8.608335105251967,5,5,5.0,4-5,23.101999999999997,0.28531554896875383,2121.0,2121.5,5.0,2121.0,2121.1,0.0,5.0,2.12125,2.87875,4.2425,0.7575000000000003,HIT_TARGET,6.335477984,True,6.335477984,True,0.620831025,True,True,5.714646959,True,1.897503971,5.0
2026-03-19,YOUNG_LEVEL,ASK,2026-03-19 14:20:34.699093473,1773930034699093473,1.221700976,1.0,2125.6,87.889,7.34796421703871,3,3,4.0000000000009095,4-5,28.639,0.325854202459921,2125.2,2125.5,3.000000000001819,2125.2,2125.3,0.0,3.000000000001819,2.12535,0.8746500000018189,4.2507,-1.2506999999981812,HIT_TARGET,0.768381748,True,0.768381748,False,,False,False,,False,,0.0
2026-03-19,YOUNG_LEVEL,ASK,2026-03-19 14:20:43.016390937,1773930043016390937,1.477860153,1.0,2125.6,111.017,14.141392268008406,4,4,3.999999999996362,2-3,20.792,0.18728663177711524,2125.1,2125.5,4.0000000000009095,2125.1,2125.2,0.0,4.0000000000009095,2.1253,1.8747000000009093,4.2506,-0.2505999999990909,TIMEOUT,60.0,False,,True,0.765856239,True,False,,True,1.125249109,56.99999999999818
2026-03-19,YOUNG_LEVEL,BID,2026-03-19 14:21:05.223969204,1773930065223969204,1.787248848,1.0,2122.5,110.205,14.316986034426762,4,4,4.0000000000009095,4-5,33.916000000000004,0.30775373168186565,2123.0,2122.6,4.0000000000009095,2122.9,2123.0,0.0,4.0000000000009095,2.1228000000000002,1.8772000000009093,4.2456000000000005,-0.245599999999091,HIT_TARGET,0.101199488,True,0.101199488,False,,False,False,,False,,0.0
2026-03-19,YOUNG_LEVEL,BID,2026-03-19 14:21:32.352267367,1773930092352267367,0.549615943,1.0,2119.0,80.843,8.253918015212621,4,4,6.999999999998181,6+,31.134,0.3851168313892359,2119.5,2119.1,4.0000000000009095,2119.4,2119.5,0.0,4.0000000000009095,2.1193,1.8807000000009095,4.2386,-0.23859999999909043,HIT_TARGET,18.899431787,True,18.899431787,True,0.210954025,True,True,18.688477762,True,2.357679873,6.999999999998181
2026-03-19,YOUNG_LEVEL,ASK,2026-03-19 14:22:04.874755298,1773930124874755298,0.559428361,0.719653610840084,2121.1,77.372,7.555859375000001,3,3,7.0000000000027285,6+,30.985000000000003,0.40046786951351915,2120.7,2121.0,3.000000000001819,2120.7,2120.8,0.0,3.000000000001819,2.12085,0.8791500000018191,4.2417,-1.2416999999981808,HIT_TARGET,0.358873206,True,0.358873206,False,,False,False,,False,,0.0
2026-03-19,YOUNG_LEVEL,BID,2026-03-19 14:22:26.247250182,1773930146247250182,0.545426745,1.0,2119.2,80.952,10.266582117945466,5,5,11.000000000003638,6+,26.967,0.3331233323450934,2119.8,2119.2999999999997,5.0000000000045475,2119.7,2119.8,0.0,5.0000000000045475,2.11955,2.8804500000045477,4.2391,0.7609000000045478,HIT_TARGET,1.548274591,True,1.548274591,False,,False,False,,False,,0.0
2026-03-19,YOUNG_LEVEL,BID,2026-03-19 14:23:36.493992656,1773930216493992656,0.636455043,1.0,2119.1,37.686,3.7744503981170814,1,1,5.0,4-5,18.048,0.4789046330202197,2119.3,2119.2,1.000000000003638,2119.2,2119.3,0.0,1.000000000003638,2.11925,-1.119249999996362,4.2385,-3.238499999996362,HIT_TARGET,0.083690643,True,0.083690643,False,,False,False,,False,,0.0
2026-03-19,YOUNG_LEVEL,ASK,2026-03-19 14:23:45.712646174,1773930225712646174,0.511114052,1.0,2121.0,64.177,8.5798128342246,4,4,10.0,6+,31.08,0.4842856475061158,2120.5,2120.9,4.0000000000009095,2120.5,2120.6,0.0,4.0000000000009095,2.1207,1.8793000000009097,4.2414,-0.24139999999909012,HIT_TARGET,2.906542044,True,2.906542044,False,,False,False,,False,,0.0
2026-03-19,YOUNG_LEVEL,ASK,2026-03-19 14:25:05.937739823,1773930305937739823,0.510183522,1.0,2123.8,80.743,12.763673727473915,6,6,10.99999999999909,6+,28.223999999999997,0.34955352166751297,2123.1,2123.7000000000003,6.000000000003638,2123.1,2123.2,0.0,6.000000000003638,2.1233999999999997,3.8766000000036382,4.2467999999999995,1.7532000000036385,HIT_TARGET,2.654871991,True,2.654871991,True,0.051000158,True,True,2.603871833,False,,0.0
2026-03-19,YOUNG_LEVEL,ASK,2026-03-19 14:25:51.906790708,1773930351906790708,0.50948817,1.0,2123.0,42.644,4.1630302142822275,6,6,5.9999999999990905,4-5,18.652,0.43738861270049717,2122.3,2122.9,5.9999999999990905,2122.3,2122.4,0.0,5.9999999999990905,2.1226000000000003,3.8773999999990902,4.2452000000000005,1.75479999999909,TIMEOUT,60.0,False,,True,1.377534952,True,False,,True,3.36951998,25.0
2026-03-19,YOUNG_LEVEL,ASK,2026-03-19 14:27:09.271055581,1773930429271055581,0.714180052,0.7122649387580486,2120.3,51.273,10.514303291294986,2,2,5.0,4-5,25.217000000000002,0.49181830593099685,2120.0,2120.2000000000003,2.0000000000027285,2120.0,2120.1,0.0,2.0000000000027285,2.1201000000000003,-0.12009999999727183,4.240200000000001,-2.240199999997272,HIT_TARGET,7.042376533,True,7.042376533,True,6.53163184,True,True,0.510744693,False,,0.9999999999990905
2026-03-19,YOUNG_LEVEL,BID,2026-03-19 14:28:10.756993351,1773930490756993351,0.916715715,0.9557992032459048,2118.1,67.148,7.35828173798696,1,1,6.000000000003638,6+,26.853,0.3999076666468101,2118.3,2118.2,1.000000000003638,2118.2,2118.3,0.0,1.000000000003638,2.11825,-1.1182499999963622,4.2365,-3.2364999999963624,HIT_TARGET,9.54170413,True,9.54170413,True,2.396943331,True,True,7.144760799,True,0.462776743,7.0000000000027285
2026-03-19,YOUNG_LEVEL,ASK,2026-03-19 14:28:49.441789043,1773930529441789043,1.601388707,0.8600451077116282,2113.9,76.277,7.470447088781157,4,4,4.0000000000009095,4-5,30.491,0.3997404197857808,2113.4,2113.8,4.0000000000009095,2113.4,2113.5,0.0,4.0000000000009095,2.1136000000000004,1.8864000000009091,4.227200000000001,-0.22719999999909124,HIT_TARGET,0.204044284,True,0.204044284,False,,False,False,,False,,0.0
2026-03-19,YOUNG_LEVEL,BID,2026-03-19 14:29:15.102676013,1773930555102676013,0.564656435,1.0,2113.2,40.469,3.0066121842496285,1,1,3.999999999996362,2-3,15.723,0.38851960760087967,2113.4,2113.2999999999997,1.000000000003638,2113.3,2113.4,0.0,1.000000000003638,2.1133499999999996,-1.1133499999963616,4.226699999999999,-3.2266999999963613,HIT_TARGET,0.039771403,True,0.039771403,False,,False,False,,False,,0.0
2026-03-19,YOUNG_LEVEL,BID,2026-03-19 14:29:36.743651267,1773930576743651267,0.666270963,1.0,2109.8,49.716,23.302554487930635,2,2,13.000000000001819,6+,0.071,0.001428111674310081,2110.1,2109.9,1.999999999998181,2110.0,2110.1,0.0,1.999999999998181,2.11,-0.11000000000181887,4.22,-2.2200000000018187,HIT_TARGET,0.050878041,True,0.050878041,False,,False,False,,False,,0.0
2026-03-19,YOUNG_LEVEL,ASK,2026-03-19 14:30:49.450522077,1773930649450522077,1.068519623,0.9504293764383211,2110.2,78.773,9.700511052275106,2,2,4.0000000000009095,4-5,30.66,0.38921965648128165,2109.9,2110.1,1.999999999998181,2109.9,2110.0,0.0,1.999999999998181,2.11,-0.11000000000181887,4.22,-2.2200000000018187,HIT_TARGET,1.021665093,True,1.021665093,True,0.206714786,True,True,0.814950307,False,,0.0
2026-03-19,YOUNG_LEVEL,ASK,2026-03-19 14:30:49.698354313,1773930649698354313,0.856044456,0.9381256620158521,2110.3,81.659,10.171140312636235,3,3,4.0000000000009095,4-5,30.583,0.37452087338811396,2109.9,2110.2000000000003,3.000000000001819,2109.9,2110.0,0.0,3.000000000001819,2.11005,0.8899500000018188,4.2201,-1.2200999999981814,HIT_TARGET,1.58821661,True,1.58821661,True,0.773832857,True,True,0.814383753,False,,0.0
2026-03-19,YOUNG_LEVEL,BID,2026-03-19 14:30:59.757566997,1773930659757566997,1.944469314,0.9629182469063124,2110.2,52.267,15.110436542353284,3,3,9.00000000000091,6+,19.607,0.3751315361509174,2110.6,2110.2999999999997,3.000000000001819,2110.5,2110.6,0.0,3.000000000001819,2.1104499999999997,0.8895500000018193,4.220899999999999,-1.2208999999981804,HIT_TARGET,0.918345967,True,0.918345967,True,0.048985814,True,True,0.869360153,False,,0.0
2026-03-19,YOUNG_LEVEL,ASK,2026-03-19 14:31:19.248754466,1773930679248754466,1.328303894,1.0,2110.9,35.838,6.805545005696924,4,4,4.0000000000009095,4-5,6.897,0.19244935543278086,2110.4,2110.8,4.0000000000009095,2110.4,2110.5,0.0,4.0000000000009095,2.1106000000000003,1.8894000000009092,4.2212000000000005,-0.221199999999091,HIT_TARGET,36.898522582,True,36.898522582,True,0.504238038,True,True,36.394284544,True,0.816468504,24.00000000000091
2026-03-19,YOUNG_LEVEL,BID,2026-03-19 14:32:07.886501700,1773930727886501700,1.280589381,0.7912358918740714,2111.6,75.739,13.32377517811593,3,3,5.0,4-5,31.673000000000002,0.41818613924134196,2112.0,2111.7,3.000000000001819,2111.9,2112.0,0.0,3.000000000001819,2.1118499999999996,0.8881500000018194,4.223699999999999,-1.2236999999981801,HIT_TARGET,55.673862488,True,55.673862488,True,0.611175475,True,True,55.062687013,True,0.508899179,25.99999999999909
2026-03-19,YOUNG_LEVEL,BID,2026-03-19 14:32:29.539818863,1773930749539818863,0.53739632,1.0,2113.1,51.5,7.058662280701755,4,4,5.9999999999990905,4-5,25.412000000000003,0.49343689320388356,2113.6,2113.2,4.0000000000009095,2113.5,2113.6,0.0,4.0000000000009095,2.1133999999999995,1.88660000000091,4.226799999999999,-0.2267999999990895,HIT_TARGET,22.892491106,True,22.892491106,True,1.152404156,True,True,21.74008695,True,5.697177388,5.0
2026-03-19,YOUNG_LEVEL,BID,2026-03-19 14:33:16.710560440,1773930796710560440,0.502048764,1.0,2109.9,75.962,9.141584932908117,4,4,3.999999999996362,2-3,25.438000000000002,0.3348779652984387,2110.4,2110.0,4.0000000000009095,2110.3,2110.4,0.0,4.0000000000009095,2.1102,1.8898000000009096,4.2204,-0.2203999999990902,HIT_TARGET,1.029104818,True,1.029104818,True,0.110458327,True,True,0.918646491,False,,0.0
2026-03-19,YOUNG_LEVEL,ASK,2026-03-19 14:34:50.197654322,1773930890197654322,1.730788004,1.0,2112.1,39.073,4.074135863615036,3,3,4.0000000000009095,4-5,19.285,0.49356333017684845,2111.7,2112.0,3.000000000001819,2111.7,2111.8,0.0,3.000000000001819,2.1118499999999996,0.8881500000018194,4.223699999999999,-1.2236999999981801,HIT_TARGET,3.982755878,True,3.982755878,True,0.437374078,True,True,3.5453818,True,1.789966338,4.0000000000009095
2026-03-19,YOUNG_LEVEL,ASK,2026-03-19 14:35:29.973785734,1773930929973785734,1.763636834,0.8809589225215739,2113.5,49.973,4.739247949167813,1,1,5.0,4-5,13.99,0.27995117363376226,2113.3,2113.4,0.9999999999990905,2113.3,2113.4,0.0,0.9999999999990905,2.11335,-1.1133500000009096,4.2267,-3.2267000000009096,HIT_TARGET,0.076346722,True,0.076346722,False,,False,False,,False,,0.0
2026-03-19,YOUNG_LEVEL,ASK,2026-03-19 14:36:09.288532761,1773930969288532761,0.512537915,1.0,2113.4,59.611,10.077937447168216,2,2,3.999999999996362,2-3,6.152,0.10320242908188086,2113.1,2113.3,2.0000000000027285,2113.1,2113.2,0.0,2.0000000000027285,2.1131999999999995,-0.11319999999727104,4.226399999999999,-2.2263999999972706,HIT_TARGET,2.194674546,True,2.194674546,False,,False,False,,False,,0.0
2026-03-19,YOUNG_LEVEL,BID,2026-03-19 14:37:23.884624056,1773931043884624056,0.508235262,1.0,2106.2,76.25,9.734456785395123,4,4,7.0000000000027285,6+,25.559,0.3352,2106.7,2106.2999999999997,4.0000000000009095,2106.6,2106.7,0.0,4.0000000000009095,2.1065,1.8935000000009095,4.213,-0.21299999999909058,HIT_TARGET,0.767061684,True,0.767061684,True,0.052849819,True,True,0.714211865,False,,0.0
2026-03-19,YOUNG_LEVEL,ASK,2026-03-19 14:37:37.945542284,1773931057945542284,1.300094625,0.9383271544561612,2104.9,47.483,4.353642323385137,3,3,4.0000000000009095,4-5,11.969,0.252069161594676,2104.5,2104.8,3.000000000001819,2104.5,2104.6,0.0,3.000000000001819,2.10465,0.8953500000018191,4.2093,-1.2092999999981808,HIT_TARGET,0.690983915,True,0.690983915,False,,False,False,,False,,0.0
2026-03-19,YOUNG_LEVEL,ASK,2026-03-19 14:37:57.206684097,1773931077206684097,0.511418546,1.0,2105.1,82.441,12.127243306854957,2,2,7.0000000000027285,6+,32.234,0.3909947720187771,2104.8,2105.0,1.999999999998181,2104.8,2104.9,0.0,1.999999999998181,2.1048999999999998,-0.10490000000181876,4.2097999999999995,-2.2098000000018185,HIT_TARGET,42.092452058,True,42.092452058,True,0.917665444,True,True,41.174786614,True,0.968787121,29.00000000000091
2026-03-19,YOUNG_LEVEL,BID,2026-03-19 14:38:09.246809394,1773931089246809394,1.543944443,1.0,2101.7,57.986,9.09299043437353,5,5,6.000000000003638,6+,25.227000000000004,0.4350532887248647,2102.3,2101.7999999999997,5.0000000000045475,2102.2,2102.3,0.0,5.0000000000045475,2.10205,2.8979500000045473,4.2041,0.7959000000045471,TIMEOUT,60.0,False,,True,2.701288309,True,False,,True,3.209394958,30.0
2026-03-19,YOUNG_LEVEL,ASK,2026-03-19 14:39:20.887523377,1773931160887523377,0.509100713,1.0,2106.3,83.097,12.586640411996363,5,5,6.000000000003638,6+,28.911999999999995,0.34793073155468907,2105.7,2106.2000000000003,5.0000000000045475,2105.7,2105.8,0.0,5.0000000000045475,2.1059499999999995,2.894050000004548,4.211899999999999,0.7881000000045484,HIT_TARGET,0.456914509,True,0.456914509,False,,False,False,,False,,0.0
2026-03-19,YOUNG_LEVEL,BID,2026-03-19 14:39:43.287191499,1773931183287191499,1.887637465,1.0,2108.0,79.919,14.446673897324656,4,4,5.9999999999990905,4-5,14.685,0.18374854540221977,2108.5,2108.1,4.0000000000009095,2108.4,2108.5,0.0,4.0000000000009095,2.1083,1.8917000000009097,4.2166,-0.2165999999990902,HIT_TARGET,6.127661524,True,6.127661524,True,0.051739884,True,True,6.07592164,False,,0.0
2026-03-19,YOUNG_LEVEL,BID,2026-03-19 14:42:28.212716358,1773931348212716358,1.324028174,1.0,2112.0,103.641,15.489612912868033,2,2,4.0000000000009095,4-5,44.441,0.4287974836213468,2112.3,2112.1,2.0000000000027285,2112.2,2112.3,0.0,2.0000000000027285,2.1121999999999996,-0.11219999999727115,4.224399999999999,-2.224399999997271,TIMEOUT,60.0,False,,True,0.049742021,True,False,,True,3.469739972,52.00000000000273
2026-03-19,YOUNG_LEVEL,ASK,2026-03-19 14:42:37.026969768,1773931357026969768,0.546025503,0.8038380141375924,2114.0,55.744,4.030512273598207,3,3,7.9999999999972715,6+,24.268,0.43534730195177956,2113.6,2113.9,3.000000000001819,2113.6,2113.7,0.0,3.000000000001819,2.11375,0.886250000001819,4.2275,-1.227499999998181,HIT_TARGET,6.246605161,True,6.246605161,True,3.22499413,True,True,3.021611031,False,,1.999999999998181
2026-03-19,YOUNG_LEVEL,ASK,2026-03-19 14:43:57.224301711,1773931437224301711,0.968765801,0.7838207296502202,2115.1,48.86,6.988985838935775,4,4,10.0,6+,22.473,0.4599467867376177,2114.6,2115.0,4.0000000000009095,2114.6,2114.7,0.0,4.0000000000009095,2.1148000000000002,1.8852000000009093,4.2296000000000005,-0.22959999999909098,HIT_TARGET,2.653023818,True,2.653023818,True,0.408759949,True,True,2.244263869,False,,0.0
2026-03-19,YOUNG_LEVEL,ASK,2026-03-19 14:44:15.844443361,1773931455844443361,0.571805499,0.7253592012062829,2114.5,41.476,8.808750132738664,4,4,4.0000000000009095,4-5,4.477,0.10794194232809337,2114.0,2114.4,4.0000000000009095,2114.0,2114.1,0.0,4.0000000000009095,2.1141999999999994,1.88580000000091,4.228399999999999,-0.22839999999908933,HIT_TARGET,0.462241341,True,0.462241341,False,,False,False,,False,,0.0
2026-03-19,YOUNG_LEVEL,ASK,2026-03-19 14:44:19.979209953,1773931459979209953,1.020352153,0.9952715746364481,2115.7,59.087,14.0332502078138,5,5,5.0,4-5,15.518,0.26262968165586337,2115.1,2115.6,5.0,2115.1,2115.2,0.0,5.0,2.11535,2.88465,4.2307,0.7693000000000003,HIT_TARGET,0.918730779,True,0.918730779,False,,False,False,,False,,0.0
2026-03-19,YOUNG_LEVEL,ASK,2026-03-19 14:44:33.342679330,1773931473342679330,0.560643803,1.0,2116.4,42.701,6.905077619663648,3,3,4.0000000000009095,4-5,13.155,0.3080724104821901,2116.0,2116.3,3.000000000001819,2116.0,2116.1,0.0,3.000000000001819,2.1161499999999998,0.8838500000018192,4.2322999999999995,-1.2322999999981805,TIMEOUT,60.0,False,,True,3.318462481,True,False,,True,3.509087349,30.99999999999909
2026-03-19,YOUNG_LEVEL,BID,2026-03-19 14:45:19.948772513,1773931519948772513,0.562653858,1.0,2113.1,53.665,5.405419016921837,4,4,4.0000000000009095,4-5,20.993000000000002,0.39118606167893416,2113.6,2113.2,4.0000000000009095,2113.5,2113.6,0.0,4.0000000000009095,2.1133999999999995,1.88660000000091,4.226799999999999,-0.2267999999990895,HIT_TARGET,4.181412501,True,4.181412501,True,0.10096961,True,True,4.080442891,False,,0.0
2026-03-19,YOUNG_LEVEL,BID,2026-03-19 14:47:03.131922731,1773931623131922731,1.477465206,0.9879940062696814,2113.6,82.383,15.747491159323328,4,4,15.99999999999909,6+,17.581,0.21340567835597152,2114.1,2113.7,4.0000000000009095,2114.0,2114.1,0.0,4.0000000000009095,2.1138999999999997,1.8861000000009098,4.227799999999999,-0.22779999999908984,HIT_TARGET,1.530451723,True,1.530451723,True,0.121163583,True,True,1.40928814,False,,0.0
2026-03-19,YOUNG_LEVEL,BID,2026-03-19 14:48:33.552804000,1773931713552804000,0.76238652,1.0,2111.7,30.606,3.048254568995568,3,3,5.9999999999990905,4-5,11.716,0.382800758021303,2112.1,2111.7999999999997,3.000000000001819,2112.0,2112.1,0.0,3.000000000001819,2.1119499999999998,0.8880500000018192,4.2238999999999995,-1.2238999999981806,HIT_TARGET,0.10418836,True,0.10418836,False,,False,False,,False,,0.0
2026-03-19,YOUNG_LEVEL,BID,2026-03-19 14:48:35.744309886,1773931715744309886,0.507151162,1.0,2111.7,33.967,3.444929006085193,1,1,5.9999999999990905,4-5,10.061,0.2961992522153855,2111.9,2111.7999999999997,1.000000000003638,2111.8,2111.9,0.0,1.000000000003638,2.1118499999999996,-1.1118499999963616,4.223699999999999,-3.223699999996361,HIT_TARGET,0.04749548,True,0.04749548,False,,False,False,,False,,0.0
2026-03-19,YOUNG_LEVEL,ASK,2026-03-19 14:49:04.326010437,1773931744326010437,0.530570769,1.0,2114.9,48.226,6.026743314171457,3,3,4.0000000000009095,4-5,13.931000000000001,0.2888690747729441,2114.5,2114.8,3.000000000001819,2114.5,2114.6,0.0,3.000000000001819,2.11465,0.8853500000018188,4.2293,-1.2292999999981813,HIT_TARGET,0.362014286,True,0.362014286,False,,False,False,,False,,0.0
2026-03-19,YOUNG_LEVEL,ASK,2026-03-19 14:52:03.386268201,1773931923386268201,0.914642768,0.9436523768588962,2124.8,34.684,3.9456231158637163,2,2,5.9999999999990905,4-5,11.118,0.3205512628301234,2124.5,2124.7000000000003,2.0000000000027285,2124.5,2124.6,0.0,2.0000000000027285,2.1246,-0.12459999999727156,4.2492,-2.2491999999972716,HIT_TARGET,0.309874805,True,0.309874805,False,,False,False,,False,,0.0
2026-03-19,YOUNG_LEVEL,BID,2026-03-19 14:52:40.783151369,1773931960783151369,1.227356591,1.0,2127.5,84.489,10.4961798869495,4,4,4.0000000000009095,4-5,21.158,0.2504231320053498,2128.0,2127.6,4.0000000000009095,2127.9,2128.0,0.0,4.0000000000009095,2.1278,1.8722000000009094,4.2556,-0.2555999999990908,HIT_TARGET,0.357709039,True,0.357709039,False,,False,False,,False,,0.0
2026-03-19,YOUNG_LEVEL,BID,2026-03-19 14:53:03.548647708,1773931983548647708,0.509910863,0.9898974362505394,2126.7,75.854,10.38455746457663,3,3,9.00000000000091,6+,37.745000000000005,0.4976006538877318,2127.1,2126.7999999999997,3.000000000001819,2127.0,2127.1,0.0,3.000000000001819,2.12695,0.8730500000018191,4.2539,-1.2538999999981808,HIT_TARGET,1.735896151,True,1.735896151,True,0.407316814,True,True,1.328579337,False,,1.999999999998181
2026-03-19,YOUNG_LEVEL,BID,2026-03-19 14:53:26.246770475,1773932006246770475,0.502755845,0.7005696810944088,2128.9,75.248,10.015039595394956,6,6,5.0,4-5,25.407,0.3376435254093132,2129.6,2129.0,5.9999999999990905,2129.5,2129.6,0.0,5.9999999999990905,2.1292999999999997,3.8706999999990908,4.2585999999999995,1.741399999999091,HIT_TARGET,1.129432703,True,1.129432703,True,0.107556492,True,True,1.021876211,False,,0.0
2026-03-19,YOUNG_LEVEL,BID,2026-03-19 14:53:28.397198694,1773932008397198694,0.566756893,0.9019344066451433,2127.2,49.85,40.995065789473685,6,6,20.0,6+,19.674,0.3946639919759278,2127.9,2127.2999999999997,6.000000000003638,2127.8,2127.9,0.0,6.000000000003638,2.1275999999999997,3.8724000000036383,4.255199999999999,1.7448000000036386,HIT_TARGET,0.969924649,True,0.969924649,False,,False,False,,False,,0.0
2026-03-19,YOUNG_LEVEL,ASK,2026-03-19 14:53:33.345364922,1773932013345364922,1.536909094,0.8654683898955444,2128.5,58.233,10.764950549958407,1,1,12.000000000002728,6+,21.952,0.37696838562327206,2128.3,2128.4,0.9999999999990905,2128.3,2128.4,0.0,0.9999999999990905,2.12835,-1.1283500000009097,4.2567,-3.25670000000091,HIT_TARGET,0.916723851,True,0.916723851,False,,False,False,,True,0.102216698,4.0000000000009095
2026-03-19,YOUNG_LEVEL,ASK,2026-03-19 14:53:36.405050203,1773932016405050203,1.273403745,1.0,2128.8,38.918,5.2870533894851235,1,1,5.0,4-5,8.615,0.22136286551210238,2128.6,2128.7000000000003,1.000000000003638,2128.6,2128.7,0.0,1.000000000003638,2.12865,-1.128649999996362,4.2573,-3.257299999996362,HIT_TARGET,0.052284546,True,0.052284546,False,,False,False,,False,,0.0
2026-03-19,YOUNG_LEVEL,BID,2026-03-19 14:55:03.003228828,1773932103003228828,0.56061404,1.0,2123.2,73.503,9.527284510693454,4,4,7.0000000000027285,6+,35.278,0.47995319918914875,2123.7,2123.2999999999997,4.0000000000009095,2123.6,2123.7,0.0,4.0000000000009095,2.1235,1.8765000000009096,4.247,-0.2469999999990904,HIT_TARGET,9.029865749,True,9.029865749,True,0.254148528,True,True,8.775717221,True,0.715468317,5.0
2026-03-19,YOUNG_LEVEL,ASK,2026-03-19 14:57:04.898239061,1773932224898239061,0.513416758,1.0,2121.9,36.545,4.694283879254978,2,2,5.9999999999990905,4-5,14.086,0.385442605007525,2121.6,2121.8,2.0000000000027285,2121.6,2121.7,0.0,2.0000000000027285,2.1216999999999997,-0.12169999999727121,4.243399999999999,-2.243399999997271,HIT_TARGET,1.180043379,True,1.180043379,False,,False,False,,False,,0.0
2026-03-19,YOUNG_LEVEL,ASK,2026-03-19 15:00:06.172651691,1773932406172651691,0.763462695,0.9290873472213335,2121.4,26.486,3.164018635766337,4,4,4.0000000000009095,4-5,12.571,0.47462810541418105,2120.9,2121.3,4.0000000000009095,2120.9,2121.0,0.0,4.0000000000009095,2.1211,1.8789000000009093,4.2422,-0.24219999999909092,HIT_TARGET,0.767796436,True,0.767796436,True,0.25133321,True,True,0.516463226,False,,0.0
2026-03-19,YOUNG_LEVEL,ASK,2026-03-19 15:00:06.633434366,1773932406633434366,0.509688958,1.0,2121.7,81.455,10.258816120906802,7,7,5.0,4-5,40.345,0.49530415566877417,2120.9,2121.6,6.999999999998181,2120.9,2121.0,0.0,6.999999999998181,2.12125,4.878749999998181,4.2425,2.7574999999981813,HIT_TARGET,0.307013761,True,0.307013761,False,,False,False,,False,,0.0
2026-03-19,YOUNG_LEVEL,ASK,2026-03-19 15:00:22.805252518,1773932422805252518,0.719312981,1.0,2122.9,38.781,9.282192436572522,2,2,6.999999999998181,6+,6.452999999999999,0.16639591552564398,2122.6,2122.8,2.0000000000027285,2122.6,2122.7,0.0,2.0000000000027285,2.1226999999999996,-0.1226999999972711,4.245399999999999,-2.2453999999972707,HIT_TARGET,0.153427575,True,0.153427575,False,,False,False,,False,,0.0
2026-03-19,YOUNG_LEVEL,ASK,2026-03-19 15:00:41.580684011,1773932441580684011,1.175315515,0.9959318762162346,2121.5,55.23,5.403052240266092,2,2,4.0000000000009095,4-5,24.462,0.44291146116241176,2121.2,2121.4,2.0000000000027285,2121.2,2121.3,0.0,2.0000000000027285,2.1213,-0.1212999999972717,4.2426,-2.242599999997272,HIT_TARGET,0.611661786,True,0.611661786,False,,False,False,,False,,0.0
2026-03-19,YOUNG_LEVEL,ASK,2026-03-19 15:02:40.134219886,1773932560134219886,1.948104756,0.9980649290093926,2124.8,79.965,19.0189083125223,3,3,11.999999999998181,6+,38.67,0.4835865691239917,2124.4,2124.7000000000003,3.000000000001819,2124.4,2124.5,0.0,3.000000000001819,2.1245499999999997,0.8754500000018193,4.249099999999999,-1.2490999999981804,HIT_TARGET,16.535896455,True,16.535896455,True,3.671406507,True,True,12.864489948,True,9.495868898,5.0
2026-03-19,YOUNG_LEVEL,ASK,2026-03-19 15:02:56.924079681,1773932576924079681,1.374675859,0.948381401669759,2125.4,26.417,3.0319063468380585,3,3,5.9999999999990905,4-5,12.285,0.4650414505810652,2125.0,2125.3,3.000000000001819,2125.0,2125.1,0.0,3.000000000001819,2.12515,0.8748500000018189,4.2503,-1.2502999999981812,HIT_TARGET,0.052817073,True,0.052817073,False,,False,False,,False,,0.0
2026-03-19,YOUNG_LEVEL,ASK,2026-03-19 15:03:17.845664086,1773932597845664086,0.614700939,0.6467650865260839,2128.6,76.437,20.819011303282036,1,1,5.0,4-5,36.845,0.4820309535957717,2128.4,2128.5,0.9999999999990905,2128.4,2128.5,0.0,0.9999999999990905,2.1284499999999995,-1.128450000000909,4.256899999999999,-3.2569000000009085,HIT_TARGET,1.429788214,True,1.429788214,True,0.049984706,True,True,1.379803508,True,0.049984706,5.9999999999990905
2026-03-19,YOUNG_LEVEL,BID,2026-03-19 15:03:19.778767672,1773932599778767672,0.503315372,1.0,2128.1,82.286,13.231387682907219,4,4,5.0,4-5,38.554,0.4685365675813626,2128.6,2128.2,4.0000000000009095,2128.5,2128.6,0.0,4.0000000000009095,2.1283999999999996,1.8716000000009099,4.256799999999999,-0.25679999999908976,HIT_TARGET,5.518176618,True,5.518176618,True,0.365033248,True,True,5.15314337,False,,0.0
2026-03-19,YOUNG_LEVEL,ASK,2026-03-19 15:06:09.655438725,1773932769655438725,0.509992163,1.0,2136.9,49.931,24.859845655962165,4,4,24.00000000000091,6+,12.818000000000001,0.2567142656866476,2136.4,2136.8,4.0000000000009095,2136.4,2136.5,0.0,4.0000000000009095,2.1366000000000005,1.863400000000909,4.273200000000001,-0.2731999999990915,TIMEOUT,60.0,False,,True,0.610388992,True,False,,True,0.714789834,46.99999999999818
2026-03-19,YOUNG_LEVEL,BID,2026-03-19 15:07:41.709091247,1773932861709091247,1.275846192,1.0,2132.5,74.082,5.772323515661523,3,3,3.999999999996362,2-3,36.098,0.48727086201776415,2132.9,2132.6,3.000000000001819,2132.8,2132.9,0.0,3.000000000001819,2.1327499999999997,0.8672500000018193,4.265499999999999,-1.2654999999981804,HIT_TARGET,5.163520162,True,5.163520162,True,0.097510411,True,True,5.066009751,False,,0.0
2026-03-19,YOUNG_LEVEL,ASK,2026-03-19 15:08:28.300373363,1773932908300373363,0.968079411,1.0,2127.5,50.3,4.114856020942408,4,4,5.0,4-5,13.465,0.2676938369781312,2127.0,2127.4,4.0000000000009095,2127.0,2127.1,0.0,4.0000000000009095,2.1271999999999998,1.8728000000009097,4.2543999999999995,-0.25439999999909,HIT_TARGET,53.632840996,True,53.632840996,True,4.289062878,True,True,49.343778118,True,4.339391847,19.00000000000091
2026-03-19,YOUNG_LEVEL,ASK,2026-03-19 15:10:12.655118350,1773933012655118350,0.918466755,0.9404944678699884,2127.9,61.816,3.8081626366856614,3,3,5.0,4-5,28.349,0.4586029506923774,2127.5,2127.8,3.000000000001819,2127.5,2127.6,0.0,3.000000000001819,2.12765,0.872350000001819,4.2553,-1.255299999998181,HIT_TARGET,2.386050082,True,2.386050082,False,,False,False,,False,,0.0
2026-03-19,YOUNG_LEVEL,ASK,2026-03-19 15:10:35.725189500,1773933035725189500,1.02036997,1.0,2130.0,63.348,4.997869822485207,2,2,4.0000000000009095,4-5,22.272,0.3515817389657132,2129.7,2129.9,2.0000000000027285,2129.7,2129.8,0.0,2.0000000000027285,2.1298000000000004,-0.12979999999727188,4.259600000000001,-2.2595999999972722,TIMEOUT,60.0,False,,True,1.987408055,True,False,,True,1.530498895,33.00000000000182
2026-03-19,YOUNG_LEVEL,ASK,2026-03-19 15:13:59.637220686,1773933239637220686,0.611045146,1.0,2128.6,49.848,7.684291660243564,3,3,4.0000000000009095,4-5,4.556,0.0913978494623656,2128.2,2128.5,3.000000000001819,2128.2,2128.3,0.0,3.000000000001819,2.1283499999999997,0.8716500000018192,4.2566999999999995,-1.2566999999981805,HIT_TARGET,0.052276802,True,0.052276802,False,,False,False,,False,,0.0
2026-03-19,YOUNG_LEVEL,BID,2026-03-19 15:14:52.484041225,1773933292484041225,0.903412814,0.7314480586944608,2127.9,42.814,3.495020408163265,5,5,4.0000000000009095,4-5,17.961,0.4195123090577848,2128.5,2128.0,5.0,2128.4,2128.5,0.0,5.0,2.1282499999999995,2.8717500000000005,4.256499999999999,0.7435000000000009,HIT_TARGET,3.112818234,True,3.112818234,True,2.058367577,True,True,1.054450657,False,,0.0
2026-03-19,YOUNG_LEVEL,ASK,2026-03-19 15:15:01.425041852,1773933301425041852,0.631055488,1.0,2129.0,54.509,4.424072721370018,3,3,3.999999999996362,2-3,16.515,0.3029774899557871,2128.6,2128.9,3.000000000001819,2128.6,2128.7,0.0,3.000000000001819,2.12875,0.8712500000018188,4.2575,-1.2574999999981813,HIT_TARGET,20.362540194,True,20.362540194,True,1.435231613,True,True,18.927308581,True,3.271142356,6.999999999998181
2026-03-19,YOUNG_LEVEL,ASK,2026-03-19 15:16:55.830831632,1773933415830831632,0.513343921,0.6876921583337499,2133.5,52.638,5.346673438293551,5,5,5.0,4-5,23.59,0.4481553250503439,2132.9,2133.4,5.0,2132.9,2133.0,0.0,5.0,2.13315,2.86685,4.2663,0.7336999999999998,HIT_TARGET,0.206818311,True,0.206818311,False,,False,False,,False,,0.0
2026-03-19,YOUNG_LEVEL,ASK,2026-03-19 15:16:59.401810389,1773933419401810389,1.225929592,0.9870371666499425,2135.6,83.87,11.262253256344838,5,5,16.99999999999818,6+,30.665000000000003,0.3656253726004531,2135.0,2135.5,5.0,2135.0,2135.1,0.0,5.0,2.1352499999999996,2.8647500000000004,4.270499999999999,0.7295000000000007,TIMEOUT,60.0,False,,True,0.766357375,True,False,,True,1.582733005,87.99999999999727
2026-03-19,YOUNG_LEVEL,BID,2026-03-19 15:17:15.428044522,1773933435428044522,0.966343851,0.9400246103495928,2133.0,75.615,8.261677137394154,5,5,11.999999999998181,6+,27.380000000000003,0.3620974674337103,2133.6,2133.1,5.0,2133.5,2133.6,0.0,5.0,2.1333499999999996,2.8666500000000004,4.266699999999999,0.7333000000000007,HIT_TARGET,2.041999962,True,2.041999962,True,0.410021031,True,True,1.631978931,False,,0.0
2026-03-19,YOUNG_LEVEL,BID,2026-03-19 15:17:21.394143288,1773933441394143288,0.762380204,1.0,2133.1,12.559,3.9057689317368993,2,2,3.999999999996362,2-3,3.336,0.2656262441277172,2133.4,2133.2,2.0000000000027285,2133.3,2133.4,0.0,2.0000000000027285,2.1333,-0.1332999999972717,4.2666,-2.266599999997272,HIT_TARGET,10.255008893,True,10.255008893,True,0.261269081,True,True,9.993739812,True,0.261269081,10.99999999999909
2026-03-19,YOUNG_LEVEL,BID,2026-03-19 15:17:48.337420249,1773933468337420249,0.510139887,1.0,2130.5,37.204,5.868601624733812,2,2,5.0,4-5,9.576,0.25739167831415977,2130.8,2130.6,2.0000000000027285,2130.7,2130.8,0.0,2.0000000000027285,2.1306999999999996,-0.1306999999972711,4.261399999999999,-2.2613999999972707,HIT_TARGET,0.561141238,True,0.561141238,False,,False,False,,False,,0.0
2026-03-19,YOUNG_LEVEL,BID,2026-03-19 15:17:57.011879625,1773933477011879625,1.376227261,0.9229103201146369,2126.6,35.34,3.7975499677627336,3,3,10.0,6+,13.688,0.3873231465761177,2127.0,2126.7,3.000000000001819,2126.9,2127.0,0.0,3.000000000001819,2.1268499999999997,0.8731500000018193,4.253699999999999,-1.2536999999981804,HIT_TARGET,0.255729188,True,0.255729188,False,,False,False,,False,,0.0
2026-03-19,YOUNG_LEVEL,BID,2026-03-19 15:18:35.982214742,1773933515982214742,1.67706179,0.8069423607820675,2125.3,38.798,3.0203573235763495,1,1,5.9999999999990905,4-5,16.48,0.42476416310119075,2125.5,2125.4,0.9999999999990905,2125.4,2125.5,0.0,0.9999999999990905,2.12545,-1.1254500000009093,4.2509,-3.250900000000909,HIT_TARGET,0.059674847,True,0.059674847,False,,False,False,,False,,0.0
2026-03-19,YOUNG_LEVEL,ASK,2026-03-19 15:21:38.550117087,1773933698550117087,0.546746665,1.0,2119.5,39.633,4.3887935330269645,4,4,5.0,4-5,9.244,0.2332399767870209,2119.0,2119.4,4.0000000000009095,2119.0,2119.1,0.0,4.0000000000009095,2.1191999999999998,1.8808000000009097,4.2383999999999995,-0.23839999999909,TIMEOUT,60.0,False,,True,2.157469233,True,False,,True,2.049837047,41.99999999999818
2026-03-19,YOUNG_LEVEL,BID,2026-03-19 15:21:43.717479119,1773933703717479119,1.376777951,1.0,2117.6,53.855,5.428384235460135,4,4,5.0,4-5,18.212,0.33816730108625015,2118.3,2117.7,6.000000000003638,2118.0,2118.3,0.0,6.000000000003638,2.118,3.882000000003638,4.236,1.7640000000036382,HIT_TARGET,0.764045289,True,0.764045289,False,,False,False,,False,,0.0
2026-03-19,YOUNG_LEVEL,ASK,2026-03-19 15:23:50.850283766,1773933830850283766,0.50379452,0.6870581303663248,2115.6,57.377,7.723381343384036,3,3,16.000000000003638,6+,18.697,0.3258622793105251,2115.2,2115.5,3.000000000001819,2115.2,2115.3,0.0,3.000000000001819,2.11535,0.8846500000018191,4.2307,-1.2306999999981807,HIT_TARGET,0.923196282,True,0.923196282,False,,False,False,,False,,0.0
2026-03-19,YOUNG_LEVEL,ASK,2026-03-19 15:25:00.044816932,1773933900044816932,1.171241882,0.6888251508068937,2112.2,31.964,3.617269280823855,4,4,13.000000000001819,6+,10.993,0.34391815792766867,2111.7,2112.1,4.0000000000009095,2111.7,2111.8,0.0,4.0000000000009095,2.1118999999999994,1.88810000000091,4.223799999999999,-0.2237999999990894,HIT_TARGET,3.064824273,True,3.064824273,False,,False,False,,True,1.94216697,5.0
2026-03-19,YOUNG_LEVEL,ASK,2026-03-19 15:25:45.142387160,1773933945142387160,0.520869318,1.0,2113.7,36.556,3.8571353204959116,2,2,4.0000000000009095,4-5,3.242,0.08868585184374658,2113.4,2113.6,1.999999999998181,2113.4,2113.5,0.0,1.999999999998181,2.1135,-0.11350000000181915,4.227,-2.2270000000018193,HIT_TARGET,2.609004886,True,2.609004886,True,0.514964394,True,True,2.094040492,False,,0.0
2026-03-19,YOUNG_LEVEL,ASK,2026-03-19 15:25:54.796885092,1773933954796885092,1.230755634,0.8681429184503737,2114.2,35.582,3.1665035151730896,1,1,4.0000000000009095,4-5,13.614,0.3826091844190883,2114.0,2114.1,0.9999999999990905,2114.0,2114.1,0.0,0.9999999999990905,2.1140499999999998,-1.1140500000009093,4.2280999999999995,-3.228100000000909,HIT_TARGET,0.050021867,True,0.050021867,False,,False,False,,False,,0.0
2026-03-19,YOUNG_LEVEL,BID,2026-03-19 15:28:58.524197373,1773934138524197373,0.88227073,1.0,2111.3,10.821,3.1976950354609923,2,2,8.000000000001819,6+,0.473,0.043711302097772846,2111.7,2111.4,2.9999999999972715,2111.5,2111.7,0.0,2.9999999999972715,2.11155,0.8884499999972717,4.2231,-1.2231000000027281,HIT_TARGET,0.051192007,True,0.051192007,False,,False,False,,False,,0.0
2026-03-19,YOUNG_LEVEL,ASK,2026-03-19 15:29:50.270266640,1773934190270266640,0.563372988,1.0,2113.4,32.334,5.367529880478089,2,2,3.999999999996362,2-3,13.658,0.4224036617801694,2113.1,2113.3,2.0000000000027285,2113.1,2113.2,0.0,2.0000000000027285,2.1131999999999995,-0.11319999999727104,4.226399999999999,-2.2263999999972706,HIT_TARGET,0.102322734,True,0.102322734,False,,False,False,,False,,0.0
2026-03-19,YOUNG_LEVEL,ASK,2026-03-19 15:30:39.304923456,1773934239304923456,0.764877641,0.9793071935279646,2113.4,81.088,9.148530490212671,3,3,5.0,4-5,39.232,0.48382004735595896,2113.0,2113.3,3.000000000001819,2113.0,2113.1,0.0,3.000000000001819,2.11315,0.8868500000018189,4.2263,-1.2262999999981812,HIT_TARGET,5.033685269,True,5.033685269,True,3.008625097,True,True,2.025060172,False,,1.999999999998181
2026-03-19,YOUNG_LEVEL,BID,2026-03-19 15:32:09.762570145,1773934329762570145,0.507470727,1.0,2112.3,74.478,7.837726913970006,4,4,13.000000000001819,6+,34.521,0.4635060017723355,2112.8,2112.4,4.0000000000009095,2112.7,2112.8,0.0,4.0000000000009095,2.1126,1.8874000000009095,4.2252,-0.22519999999909057,HIT_TARGET,0.25768732,True,0.25768732,False,,False,False,,False,,0.0
2026-03-19,YOUNG_LEVEL,ASK,2026-03-19 15:34:32.128030600,1773934472128030600,1.139510917,1.0,2112.9,104.383,9.940764725489261,4,4,4.0000000000009095,4-5,29.602,0.28359023979000414,2112.4,2112.8,4.0000000000009095,2112.4,2112.5,0.0,4.0000000000009095,2.1126,1.8874000000009095,4.2252,-0.22519999999909057,HIT_TARGET,12.402627114,True,12.402627114,True,5.565124,True,True,6.837503114,True,5.616672475,6.999999999998181
2026-03-19,YOUNG_LEVEL,BID,2026-03-19 15:34:58.770452117,1773934498770452117,0.727969378,1.0,2111.8,61.809,15.009470616804272,5,5,7.9999999999972715,6+,24.263,0.39254801080748764,2112.4,2111.9,5.0,2112.3,2112.4,0.0,5.0,2.11215,2.88785,4.2243,0.7756999999999996,HIT_TARGET,1.37749954,True,1.37749954,False,,False,False,,False,,0.0
2026-03-19,YOUNG_LEVEL,BID,2026-03-19 15:35:02.590008898,1773934502590008898,0.504014912,1.0,2111.2,56.356,5.989902747515544,3,3,5.9999999999990905,4-5,10.627,0.18856909645822983,2111.6,2111.2999999999997,3.000000000001819,2111.5,2111.6,0.0,3.000000000001819,2.1114499999999996,0.8885500000018194,4.222899999999999,-1.2228999999981802,HIT_TARGET,0.108309965,True,0.108309965,False,,False,False,,False,,0.0
2026-03-19,YOUNG_LEVEL,BID,2026-03-19 15:35:36.317257969,1773934536317257969,1.578795939,1.0,2111.9,75.097,11.722916016234779,4,4,5.0,4-5,19.318,0.25724063544482473,2112.4,2112.0,4.0000000000009095,2112.3,2112.4,0.0,4.0000000000009095,2.1121999999999996,1.8878000000009099,4.224399999999999,-0.22439999999908977,TIMEOUT,60.0,False,,True,1.535305553,True,False,,True,7.963220663,7.9999999999972715
2026-03-19,YOUNG_LEVEL,ASK,2026-03-19 15:37:06.336008102,1773934626336008102,0.561410349,1.0,2111.8,47.563,5.6703624225083455,2,2,15.0,6+,8.121,0.17074196329079327,2111.5,2111.7000000000003,2.0000000000027285,2111.5,2111.6,0.0,2.0000000000027285,2.1116,-0.11159999999727166,4.2232,-2.223199999997272,HIT_TARGET,0.100659103,True,0.100659103,False,,False,False,,False,,0.0
2026-03-19,YOUNG_LEVEL,ASK,2026-03-19 15:37:25.437800879,1773934645437800879,1.607474316,0.9056899444731159,2111.5,47.288,4.980305423907319,2,2,4.0000000000009095,4-5,18.329,0.38760362036880397,2111.2,2111.4,2.0000000000027285,2111.2,2111.3,0.0,2.0000000000027285,2.1113,-0.11129999999727147,4.2226,-2.2225999999972714,HIT_TARGET,0.129806382,True,0.129806382,False,,False,False,,False,,0.0
2026-03-19,YOUNG_LEVEL,ASK,2026-03-19 15:39:59.628942225,1773934799628942225,0.510077241,1.0,2114.0,54.206,4.791902404526167,3,3,5.0,4-5,18.102,0.3339482714090691,2113.6,2113.9,3.000000000001819,2113.6,2113.7,0.0,3.000000000001819,2.11375,0.886250000001819,4.2275,-1.227499999998181,HIT_TARGET,0.510289991,True,0.510289991,False,,False,False,,False,,0.0
2026-03-19,YOUNG_LEVEL,ASK,2026-03-19 15:40:21.635816044,1773934821635816044,0.583405223,1.0,2113.4,36.975,3.3312311365376823,1,1,7.0000000000027285,6+,3.37,0.09114266396213658,2113.2,2113.3,1.000000000003638,2113.2,2113.3,0.0,1.000000000003638,2.11325,-1.1132499999963619,4.2265,-3.2264999999963617,HIT_TARGET,0.089616462,True,0.089616462,False,,False,False,,False,,0.0
2026-03-19,YOUNG_LEVEL,ASK,2026-03-19 15:40:52.894897951,1773934852894897951,0.96928432,1.0,2115.7,107.0,10.405523679859964,6,6,14.00000000000091,6+,40.681,0.38019626168224296,2115.0,2115.6,5.9999999999990905,2115.0,2115.1,0.0,5.9999999999990905,2.1153,3.8846999999990905,4.2306,1.7693999999990906,TIMEOUT,60.0,False,,True,1.323499254,True,False,,True,3.265719263,60.99999999999909
2026-03-19,YOUNG_LEVEL,BID,2026-03-19 15:43:01.769133326,1773934981769133326,1.630524471,0.7714107665177139,2106.4,26.745,3.269160249358269,6,6,16.99999999999818,6+,6.3420000000000005,0.23712843522153676,2107.1,2106.5,5.9999999999990905,2107.0,2107.1,0.0,5.9999999999990905,2.1068,3.8931999999990907,4.2136,1.786399999999091,HIT_TARGET,2.50333532,True,2.50333532,True,0.920294219,True,True,1.583041101,False,,0.0
2026-03-19,YOUNG_LEVEL,ASK,2026-03-19 15:43:29.063230776,1773935009063230776,1.014600846,1.0,2107.5,76.479,14.14967622571693,4,4,4.0000000000009095,4-5,22.093,0.2888766851031002,2107.0,2107.4,4.0000000000009095,2107.0,2107.1,0.0,4.0000000000009095,2.1071999999999997,1.8928000000009098,4.2143999999999995,-0.21439999999908999,HIT_TARGET,0.310379649,True,0.310379649,False,,False,False,,False,,0.0
2026-03-19,YOUNG_LEVEL,BID,2026-03-19 15:44:50.447747846,1773935090447747846,1.429041083,0.9199344264058502,2104.9,9.471,6.251485148514852,7,7,15.99999999999909,6+,3.0410000000000004,0.3210854186463943,2105.9,2105.0,9.00000000000091,2105.6,2105.9,0.0,9.00000000000091,2.10545,6.89455000000091,4.2109,4.78910000000091,HIT_TARGET,6.277860024,True,6.277860024,True,3.573840264,True,True,2.70401976,True,0.558050861,7.0000000000027285
2026-03-19,YOUNG_LEVEL,ASK,2026-03-19 15:45:02.909648056,1773935102909648056,0.668018219,1.0,2105.8,127.731,18.074288948634496,6,6,3.999999999996362,2-3,45.6,0.35700025835545013,2105.1,2105.7000000000003,6.000000000003638,2105.1,2105.2,0.0,6.000000000003638,2.1054,3.894600000003638,4.2108,1.789200000003638,TIMEOUT,60.0,False,,True,1.019518039,True,False,,True,2.599685803,35.0
2026-03-19,YOUNG_LEVEL,ASK,2026-03-19 15:46:18.031885929,1773935178031885929,0.50908728,1.0,2105.1,50.878,8.708258451005563,3,3,13.000000000001819,6+,16.169,0.3177994418019576,2104.7,2105.0,3.000000000001819,2104.7,2104.8,0.0,3.000000000001819,2.1048499999999994,0.8951500000018195,4.209699999999999,-1.20969999999818,HIT_TARGET,5.767459894,True,5.767459894,True,0.918691147,True,True,4.848768747,True,0.759872913,10.0
2026-03-19,YOUNG_LEVEL,ASK,2026-03-19 15:46:57.888108880,1773935217888108880,0.926096021,1.0,2103.0,49.657,5.670873065722606,4,4,7.9999999999972715,6+,18.052,0.3635338421571984,2102.5,2102.9,4.0000000000009095,2102.5,2102.6,0.0,4.0000000000009095,2.1026999999999996,1.89730000000091,4.205399999999999,-0.20539999999908964,HIT_TARGET,0.308453826,True,0.308453826,False,,False,False,,False,,0.0
2026-03-19,YOUNG_LEVEL,BID,2026-03-19 15:47:11.514718223,1773935231514718223,0.816614637,0.9333759896836138,2103.5,50.376,5.7193460490463215,3,3,7.9999999999972715,6+,13.656,0.2710814673654121,2103.9,2103.6,3.000000000001819,2103.8,2103.9,0.0,3.000000000001819,2.10375,0.8962500000018192,4.2075,-1.2074999999981806,TIMEOUT,60.0,False,,True,0.250316767,True,False,,True,0.458441433,37.99999999999727
2026-03-19,YOUNG_LEVEL,BID,2026-03-19 15:47:20.390271675,1773935240390271675,0.965856272,1.0,2103.4,77.738,8.99017000115647,5,5,7.9999999999972715,6+,37.229,0.47890349635956675,2104.0,2103.5,5.0,2103.9,2104.0,0.0,5.0,2.10375,2.89625,4.2075,0.7925000000000004,TIMEOUT,60.0,False,,True,0.15938115,True,False,,True,0.259105414,36.99999999999818
2026-03-19,YOUNG_LEVEL,ASK,2026-03-19 15:47:21.465987725,1773935241465987725,0.508374984,1.0,2105.3,74.0,8.58568279382759,4,4,5.0,4-5,30.691000000000003,0.4147432432432433,2104.8,2105.2000000000003,4.0000000000009095,2104.8,2104.9,0.0,4.0000000000009095,2.105,1.8950000000009095,4.21,-0.20999999999909047,HIT_TARGET,0.20512443,True,0.20512443,False,,False,False,,False,,0.0
2026-03-19,YOUNG_LEVEL,ASK,2026-03-19 15:47:24.327883106,1773935244327883106,0.922447125,0.9665837128605068,2105.8,53.235,7.161016949152542,3,3,5.9999999999990905,4-5,25.007,0.4697473466704236,2105.4,2105.7000000000003,3.000000000001819,2105.4,2105.5,0.0,3.000000000001819,2.10555,0.894450000001819,4.2111,-1.211099999998181,HIT_TARGET,0.257500994,True,0.257500994,False,,False,False,,False,,0.0
2026-03-19,YOUNG_LEVEL,ASK,2026-03-19 15:47:45.975215054,1773935265975215054,0.612683997,1.0,2105.8,77.253,5.8772110007988125,2,2,5.0,4-5,17.828,0.23077420941581556,2105.5,2105.7000000000003,2.0000000000027285,2105.5,2105.6,0.0,2.0000000000027285,2.1056,-0.10559999999727143,4.2112,-2.2111999999972713,HIT_TARGET,10.459505739,True,10.459505739,True,0.051533801,True,True,10.407971938,True,3.621556384,10.99999999999909
2026-03-19,YOUNG_LEVEL,ASK,2026-03-19 15:48:00.978278306,1773935280978278306,0.877439552,1.0,2107.4,78.326,8.828449053201082,5,5,5.9999999999990905,4-5,34.078,0.43507902867502496,2106.8,2107.3,5.0,2106.8,2106.9,0.0,5.0,2.10705,2.89295,4.2141,0.7858999999999998,HIT_TARGET,0.204342123,True,0.204342123,False,,False,False,,False,,0.0
2026-03-19,YOUNG_LEVEL,ASK,2026-03-19 15:48:40.257364811,1773935320257364811,1.800247156,1.0,2111.9,52.667,6.271000773947729,2,2,5.0,4-5,9.627,0.18278998234188393,2111.6,2111.8,2.0000000000027285,2111.6,2111.7,0.0,2.0000000000027285,2.1116999999999995,-0.11169999999727098,4.223399999999999,-2.2233999999972704,HIT_TARGET,2.555552589,True,2.555552589,True,0.055471213,True,True,2.500081376,False,,0.9999999999990905
2026-03-19,YOUNG_LEVEL,ASK,2026-03-19 15:49:13.884812479,1773935353884812479,0.508273675,1.0,2113.8,76.289,10.265626051268251,2,2,7.9999999999972715,6+,28.882,0.37858669008638207,2113.5,2113.7000000000003,2.0000000000027285,2113.5,2113.6,0.0,2.0000000000027285,2.1136000000000004,-0.11359999999727188,4.227200000000001,-2.2271999999972723,HIT_TARGET,5.766598876,True,5.766598876,True,0.765587719,True,True,5.001011157,True,3.414893721,9.00000000000091
2026-03-19,YOUNG_LEVEL,ASK,2026-03-19 15:49:33.069188471,1773935373069188471,0.509365278,1.0,2118.2,92.336,19.681551742513058,4,4,19.00000000000091,6+,41.403,0.44839499220239126,2117.7,2118.1,4.0000000000009095,2117.7,2117.8,0.0,4.0000000000009095,2.1178999999999992,1.8821000000009103,4.2357999999999985,-0.23579999999908896,HIT_TARGET,1.173439399,True,1.173439399,True,0.098794029,True,True,1.07464537,True,0.663515808,4.0000000000009095
2026-03-19,YOUNG_LEVEL,BID,2026-03-19 15:50:10.574278067,1773935410574278067,0.611503375,1.0,2116.2,62.154,7.423145825868864,4,4,14.00000000000091,6+,19.058,0.3066254786498053,2116.7,2116.2999999999997,4.0000000000009095,2116.6,2116.7,0.0,4.0000000000009095,2.1165,1.8835000000009097,4.233,-0.23299999999909016,HIT_TARGET,0.510296302,True,0.510296302,False,,False,False,,False,,0.0
2026-03-19,YOUNG_LEVEL,ASK,2026-03-19 15:50:57.464329068,1773935457464329068,0.861746857,0.9258579355630885,2117.4,39.932,4.518472418670439,3,3,14.00000000000091,6+,16.614,0.4160572974055895,2117.0,2117.3,3.000000000001819,2117.0,2117.1,0.0,3.000000000001819,2.11715,0.8828500000018189,4.2343,-1.2342999999981812,HIT_TARGET,0.615631646,True,0.615631646,False,,False,False,,False,,0.0
2026-03-19,YOUNG_LEVEL,ASK,2026-03-19 15:51:02.675050892,1773935462675050892,1.786426088,1.0,2118.6,109.409,28.80700368615061,6,6,5.9999999999990905,4-5,50.150999999999996,0.4583809375828313,2117.9,2118.5,5.9999999999990905,2117.9,2118.0,0.0,5.9999999999990905,2.1182,3.8817999999990906,4.2364,1.7635999999990908,HIT_TARGET,42.758681452,True,42.758681452,True,0.203224666,True,True,42.555456786,True,1.785459862,25.0
2026-03-19,YOUNG_LEVEL,BID,2026-03-19 15:51:13.746892803,1773935473746892803,0.971343195,0.6750864404830673,2116.1,81.757,11.358293970547374,2,2,5.0,4-5,24.989,0.30564966914148023,2116.4,2116.2,2.0000000000027285,2116.3,2116.4,0.0,2.0000000000027285,2.1163,-0.11629999999727136,4.2326,-2.232599999997271,HIT_TARGET,11.018716915,True,11.018716915,True,0.511693149,True,True,10.507023766,True,0.511693149,7.9999999999972715
2026-03-19,YOUNG_LEVEL,BID,2026-03-19 15:52:08.198313964,1773935528198313964,0.510127763,1.0,2116.9,54.795,5.784029133899825,7,7,12.000000000002728,6+,25.116999999999997,0.45838123916415724,2117.7,2117.0,6.999999999998181,2117.6,2117.7,0.0,6.999999999998181,2.1173499999999996,4.882649999998181,4.234699999999999,2.7652999999981818,HIT_TARGET,0.561276723,True,0.561276723,False,,False,False,,False,,0.0
2026-03-19,YOUNG_LEVEL,BID,2026-03-19 15:52:52.982731627,1773935572982731627,1.83204741,1.0,2118.4,61.302,5.47095046854083,4,4,5.0,4-5,30.165,0.49207203680140943,2118.9,2118.5,4.0000000000009095,2118.8,2118.9,0.0,4.0000000000009095,2.1186999999999996,1.88130000000091,4.237399999999999,-0.23739999999908967,TIMEOUT,60.0,False,,True,0.672192516,True,False,,True,0.672192516,45.0
2026-03-19,YOUNG_LEVEL,ASK,2026-03-19 15:53:40.346333542,1773935620346333542,0.560974906,1.0,2123.2,36.162,6.662122328666175,1,1,4.0000000000009095,4-5,2.355,0.06512361041977767,2123.0,2123.1,0.9999999999990905,2123.0,2123.1,0.0,0.9999999999990905,2.12305,-1.1230500000009096,4.2461,-3.2461000000009097,HIT_TARGET,0.043532127,True,0.043532127,False,,False,False,,False,,0.0
2026-03-19,YOUNG_LEVEL,BID,2026-03-19 15:54:09.427400610,1773935649427400610,1.487943507,1.0,2120.1,99.003,11.661130742049469,6,6,7.0000000000027285,6+,39.575,0.3997353615547004,2120.8,2120.2,6.000000000003638,2120.7,2120.8,0.0,6.000000000003638,2.1205,3.879500000003638,4.241,1.7590000000036383,TIMEOUT,60.0,False,,True,0.155376009,True,False,,True,10.319185111,27.00000000000273
2026-03-19,YOUNG_LEVEL,ASK,2026-03-19 15:54:33.063566457,1773935673063566457,0.561441086,1.0,2121.6,36.703,4.153802625622454,2,2,4.0000000000009095,4-5,17.528,0.47756314197749494,2121.3,2121.5,1.999999999998181,2121.3,2121.4,0.0,1.999999999998181,2.1214,-0.12140000000181894,4.2428,-2.242800000001819,HIT_TARGET,2.299074644,True,2.299074644,True,0.101333753,True,True,2.197740891,False,,0.0
2026-03-19,YOUNG_LEVEL,ASK,2026-03-19 15:56:31.965476169,1773935791965476169,0.553478697,1.0,2127.2,76.162,13.242110753716423,5,5,11.999999999998181,6+,35.205999999999996,0.4622515165042934,2126.6,2127.1,5.0,2126.6,2126.7,0.0,5.0,2.1268499999999997,2.8731500000000003,4.253699999999999,0.7463000000000006,TIMEOUT,60.0,False,,True,0.812532003,True,False,,True,2.712126034,46.99999999999818
2026-03-19,YOUNG_LEVEL,BID,2026-03-19 15:56:39.767411668,1773935799767411668,0.754494143,0.9936061929111623,2124.4,24.712,4.573332099565097,1,1,10.99999999999909,6+,10.441,0.42250728391065073,2124.6,2124.5,0.9999999999990905,2124.5,2124.6,0.0,0.9999999999990905,2.1245499999999997,-1.1245500000009092,4.249099999999999,-3.249100000000909,HIT_TARGET,0.060739014,True,0.060739014,False,,False,False,,False,,0.0
2026-03-19,YOUNG_LEVEL,ASK,2026-03-19 15:57:07.682763933,1773935827682763933,1.121686191,0.8603137836079503,2124.3,80.674,8.133279564472225,4,4,5.9999999999990905,4-5,34.276,0.42487046632124353,2123.8,2124.2000000000003,4.0000000000009095,2123.8,2123.9,0.0,4.0000000000009095,2.124,1.8760000000009094,4.248,-0.24799999999909073,HIT_TARGET,26.177542607,True,26.177542607,True,0.459615609,True,True,25.717926998,True,1.516282783,19.00000000000091
2026-03-19,YOUNG_LEVEL,BID,2026-03-19 15:57:13.653974671,1773935833653974671,1.225141077,0.9137550589204512,2122.4,35.517,5.03358843537415,1,1,5.9999999999990905,4-5,0.942,0.026522510347157694,2122.6,2122.5,0.9999999999990905,2122.5,2122.6,0.0,0.9999999999990905,2.12255,-1.1225500000009094,4.2451,-3.2451000000009094,HIT_TARGET,0.046888437,True,0.046888437,False,,False,False,,False,,0.0
2026-03-19,YOUNG_LEVEL,BID,2026-03-19 15:58:59.958562953,1773935939958562953,0.66594641,1.0,2119.9,31.911,3.1657738095238095,3,3,4.0000000000009095,4-5,12.437,0.38974021497289335,2120.3,2120.0,3.000000000001819,2120.2,2120.3,0.0,3.000000000001819,2.1201499999999998,0.8798500000018192,4.2402999999999995,-1.2402999999981805,HIT_TARGET,0.051266312,True,0.051266312,False,,False,False,,False,,0.0
2026-03-19,YOUNG_LEVEL,ASK,2026-03-19 15:59:28.032391092,1773935968032391092,1.889134296,1.0,2120.7,50.169,3.916852090408713,3,3,5.0,4-5,13.648,0.2720405030995236,2120.3,2120.6,2.9999999999972715,2120.3,2120.4,0.0,2.9999999999972715,2.1204499999999995,0.879549999997272,4.240899999999999,-1.2409000000027275,TIMEOUT,60.0,False,,True,1.581930138,True,False,,True,1.531234801,33.00000000000182
2026-03-19,YOUNG_LEVEL,BID,2026-03-19 16:00:15.631355505,1773936015631355505,0.606150299,1.0,2117.1,87.103,10.051119316870528,4,4,5.9999999999990905,4-5,38.602000000000004,0.44317646923756937,2117.6,2117.2,4.0000000000009095,2117.5,2117.6,0.0,4.0000000000009095,2.1173999999999995,1.88260000000091,4.234799999999999,-0.23479999999908951,HIT_TARGET,7.607356291,True,7.607356291,True,0.413875149,True,True,7.193481142,False,,0.0
2026-03-19,YOUNG_LEVEL,BID,2026-03-19 16:00:44.722279447,1773936044722279447,1.377480527,0.8476631924104144,2116.1,49.273,7.1065118626956085,4,4,18.00000000000182,6+,20.621,0.41850506362510903,2116.6,2116.2,4.0000000000009095,2116.5,2116.6,0.0,4.0000000000009095,2.1163999999999996,1.8836000000009099,4.232799999999999,-0.23279999999908974,HIT_TARGET,6.378640721,True,6.378640721,True,0.102808933,True,True,6.275831788,False,,1.999999999998181
2026-03-19,YOUNG_LEVEL,BID,2026-03-19 16:00:53.436854630,1773936053436854630,0.552395102,1.0,2116.0,104.053,6.190314712356475,2,2,5.0,4-5,48.798,0.4689725428387457,2116.3,2116.1,2.0000000000027285,2116.2,2116.3,0.0,2.0000000000027285,2.1161999999999996,-0.11619999999727115,4.232399999999999,-2.232399999997271,HIT_TARGET,22.515234698,True,22.515234698,True,2.050397356,True,True,20.464837342,True,2.050397356,12.000000000002728
2026-03-19,YOUNG_LEVEL,BID,2026-03-19 16:03:10.867954175,1773936190867954175,0.509655467,0.8634325294110894,2120.9,86.495,4.824441531639569,2,2,8.000000000001819,6+,30.884999999999998,0.3570726631597202,2121.2,2121.0,1.999999999998181,2121.1,2121.2,0.0,1.999999999998181,2.1210999999999998,-0.12110000000181875,4.2421999999999995,-2.2422000000018185,HIT_TARGET,0.969668653,True,0.969668653,True,0.204000586,True,True,0.765668067,False,,0.0
2026-03-19,YOUNG_LEVEL,BID,2026-03-19 16:04:35.382975984,1773936275382975984,0.917361696,1.0,2113.7,91.788,10.742977528089886,3,3,14.00000000000091,6+,31.367,0.3417331241556631,2114.1,2113.7999999999997,3.000000000001819,2114.0,2114.1,0.0,3.000000000001819,2.1139499999999996,0.8860500000018194,4.227899999999999,-1.2278999999981801,HIT_TARGET,0.662962785,True,0.662962785,True,0.050094054,True,True,0.612868731,False,,0.0
2026-03-19,YOUNG_LEVEL,ASK,2026-03-19 16:05:41.164348004,1773936341164348004,1.578836299,1.0,2115.6,62.111,6.634727340703947,3,3,5.0,4-5,15.462,0.24894141134420636,2115.2,2115.5,3.000000000001819,2115.2,2115.3,0.0,3.000000000001819,2.11535,0.8846500000018191,4.2307,-1.2306999999981807,HIT_TARGET,0.259365726,True,0.259365726,False,,False,False,,False,,0.0
2026-03-19,YOUNG_LEVEL,ASK,2026-03-19 16:06:47.886463891,1773936407886463891,1.993756035,1.0,2114.9,126.007,9.718637923720644,4,4,4.0000000000009095,4-5,31.281999999999996,0.24825604926710418,2114.4,2114.8,4.0000000000009095,2114.4,2114.5,0.0,4.0000000000009095,2.1146000000000003,1.8854000000009092,4.2292000000000005,-0.22919999999909102,HIT_TARGET,1.429468131,True,1.429468131,True,0.551207674,True,True,0.878260457,False,,0.0
2026-03-19,YOUNG_LEVEL,ASK,2026-03-19 16:06:50.797053197,1773936410797053197,0.560950487,1.0,2116.1,79.926,7.798419357986145,3,3,13.000000000001819,6+,28.143,0.3521132047143608,2115.7,2116.0,3.000000000001819,2115.7,2115.8,0.0,3.000000000001819,2.11585,0.884150000001819,4.2317,-1.231699999998181,TIMEOUT,60.0,False,,True,6.888029714,True,False,,True,7.04193208,15.0
2026-03-19,YOUNG_LEVEL,ASK,2026-03-19 16:09:50.140632281,1773936590140632281,0.50993771,1.0,2118.1,106.413,10.43725172870384,4,4,16.99999999999818,6+,45.01,0.42297463655756345,2117.6,2118.0,4.0000000000009095,2117.6,2117.7,0.0,4.0000000000009095,2.1178,1.8822000000009096,4.2356,-0.23559999999909031,HIT_TARGET,1.429294375,True,1.429294375,False,,False,False,,False,,1.999999999998181
2026-03-19,YOUNG_LEVEL,ASK,2026-03-19 16:11:02.442683443,1773936662442683443,0.504661872,1.0,2117.3,122.48,13.054785759965894,5,5,5.0,4-5,43.364000000000004,0.35404964075767476,2116.7,2117.2000000000003,5.0000000000045475,2116.7,2116.8,0.0,5.0000000000045475,2.1169499999999997,2.883050000004548,4.233899999999999,0.7661000000045481,HIT_TARGET,20.578080665,True,20.578080665,True,0.354007095,True,True,20.22407357,True,6.543338205,6.000000000003638
2026-03-19,YOUNG_LEVEL,BID,2026-03-19 16:14:32.198108579,1773936872198108579,1.938114031,1.0,2115.6,80.672,12.480198019801978,4,4,5.9999999999990905,4-5,17.513,0.21708895279650936,2116.1,2115.7,4.0000000000009095,2116.0,2116.1,0.0,4.0000000000009095,2.1158999999999994,1.88410000000091,4.231799999999999,-0.2317999999990894,HIT_TARGET,14.759521328,True,14.759521328,True,0.351623628,True,True,14.4078977,True,4.237718092,4.0000000000009095
2026-03-19,YOUNG_LEVEL,BID,2026-03-19 16:15:51.896022400,1773936951896022400,0.595233465,1.0,2114.9,79.981,7.781388334873764,4,4,3.999999999996362,2-3,17.476999999999997,0.2185143971693277,2115.4,2115.0,4.0000000000009095,2115.3,2115.4,0.0,4.0000000000009095,2.1151999999999997,1.8848000000009097,4.2303999999999995,-0.23039999999909,HIT_TARGET,0.684197735,True,0.684197735,False,,False,False,,False,,0.0
2026-03-19,YOUNG_LEVEL,BID,2026-03-19 16:16:43.912520707,1773937003912520707,1.074213975,0.7478761435774469,2109.3,50.27,5.336234807069689,7,7,15.99999999999909,6+,24.794,0.4932166301969365,2110.4,2109.4,10.0,2110.0,2110.4,0.0,10.0,2.1099,7.8901,4.2198,5.7802,HIT_TARGET,12.653603221,True,12.653603221,True,0.049824174,True,True,12.603779047,True,1.071097568,11.999999999998181
2026-03-19,YOUNG_LEVEL,ASK,2026-03-19 16:16:46.412993288,1773937006412993288,1.429375013,1.0,2111.1,51.7,4.042378513624458,2,2,4.0000000000009095,4-5,0.994,0.01922630560928433,2110.8,2111.0,1.999999999998181,2110.8,2110.9,0.0,1.999999999998181,2.1109,-0.11090000000181899,4.2218,-2.221800000001819,HIT_TARGET,0.204654853,True,0.204654853,False,,False,False,,False,,0.0
2026-03-19,YOUNG_LEVEL,BID,2026-03-19 16:16:55.597175648,1773937015597175648,0.528347916,0.6052510331090243,2109.3,88.749,7.8888,5,5,7.9999999999972715,6+,41.028999999999996,0.462303800606204,2109.9,2109.4,5.0,2109.8,2109.9,0.0,5.0,2.10965,2.89035,4.2193,0.7807000000000004,HIT_TARGET,0.96894828,True,0.96894828,False,,False,False,,False,,0.0
2026-03-19,YOUNG_LEVEL,ASK,2026-03-19 16:18:35.635254626,1773937115635254626,0.99161466,0.953352116637727,2109.0,39.735,3.3861689888789464,2,2,12.000000000002728,6+,9.453,0.23790109475273688,2108.7,2108.9,2.0000000000027285,2108.7,2108.8,0.0,2.0000000000027285,2.1088,-0.10879999999727152,4.2176,-2.2175999999972715,HIT_TARGET,1.253303065,True,1.253303065,True,0.637944,True,True,0.615359065,False,,0.0
2026-03-19,YOUNG_LEVEL,ASK,2026-03-19 16:19:06.377509662,1773937146377509662,0.506256458,1.0,2107.9,131.641,10.588457671425697,4,4,5.9999999999990905,4-5,59.724,0.45368844053144536,2107.4,2107.8,4.0000000000009095,2107.4,2107.5,0.0,4.0000000000009095,2.1076,1.8924000000009094,4.2152,-0.21519999999909079,HIT_TARGET,1.840151116,True,1.840151116,True,0.206932715,True,True,1.633218401,False,,0.0
2026-03-19,YOUNG_LEVEL,BID,2026-03-19 16:20:58.136998454,1773937258136998454,0.50675532,1.0,2110.7,80.255,10.11468901632113,5,5,5.0,4-5,32.635999999999996,0.4066537910410566,2111.3,2110.7999999999997,5.0000000000045475,2111.2,2111.3,0.0,5.0000000000045475,2.11105,2.8889500000045474,4.2221,0.7779000000045473,HIT_TARGET,23.920955559,True,23.920955559,True,0.810530897,True,True,23.110424662,True,4.646647604,28.00000000000182
2026-03-19,YOUNG_LEVEL,BID,2026-03-19 16:21:13.185023896,1773937273185023896,0.658460242,1.0,2112.4,76.59,8.625971393174908,4,4,5.9999999999990905,4-5,34.632999999999996,0.45218696957827387,2112.9,2112.5,4.0000000000009095,2112.8,2112.9,0.0,4.0000000000009095,2.1127,1.8873000000009097,4.2254,-0.2253999999990901,HIT_TARGET,1.485176826,True,1.485176826,True,0.358219575,True,True,1.126957251,False,,0.9999999999990905
2026-03-19,YOUNG_LEVEL,BID,2026-03-19 16:21:17.623921872,1773937277623921872,1.268497557,1.0,2110.7,75.041,8.3943173555568,4,4,17.00000000000273,6+,16.949,0.22586319478684988,2111.2,2110.7999999999997,4.0000000000009095,2111.1,2111.2,0.0,4.0000000000009095,2.1109999999999998,1.8890000000009097,4.2219999999999995,-0.22199999999909004,HIT_TARGET,4.434032141,True,4.434032141,True,3.214704843,True,True,1.219327298,False,,0.0
2026-03-19,YOUNG_LEVEL,ASK,2026-03-19 16:23:20.970043371,1773937400970043371,0.622608046,1.0,2107.6,35.93,4.157602406850266,2,2,4.0000000000009095,4-5,14.012,0.3899805176732536,2107.3,2107.5,1.999999999998181,2107.3,2107.4,0.0,1.999999999998181,2.1074,-0.10740000000181915,4.2148,-2.2148000000018193,HIT_TARGET,0.971515681,True,0.971515681,True,0.251994961,True,True,0.71952072,False,,0.0
2026-03-19,YOUNG_LEVEL,ASK,2026-03-19 16:27:38.582395889,1773937658582395889,1.113137051,1.0,2113.4,60.896,3.889751205646578,3,3,5.0,4-5,27.099000000000004,0.44500459800315295,2113.0,2113.3,3.000000000001819,2113.0,2113.1,0.0,3.000000000001819,2.11315,0.8868500000018189,4.2263,-1.2262999999981812,TIMEOUT,60.0,False,,True,4.754841912,True,False,,True,4.806068793,27.99999999999727
2026-03-19,YOUNG_LEVEL,ASK,2026-03-19 16:28:20.131725254,1773937700131725254,0.511188785,0.8929079165928885,2111.0,83.066,9.248051658873303,3,3,3.999999999996362,2-3,24.112,0.29027520285074515,2110.6,2110.9,3.000000000001819,2110.6,2110.7,0.0,3.000000000001819,2.11075,0.8892500000018191,4.2215,-1.2214999999981808,HIT_TARGET,1.52831629,True,1.52831629,True,0.255523083,True,True,1.272793207,False,,0.0
2026-03-19,YOUNG_LEVEL,ASK,2026-03-19 16:29:21.348941192,1773937761348941192,0.54089357,1.0,2113.3,83.003,4.811210294458613,3,3,8.000000000001819,6+,19.130000000000003,0.23047359733985523,2112.9,2113.2000000000003,3.000000000001819,2112.9,2113.0,0.0,3.000000000001819,2.11305,0.8869500000018191,4.2261,-1.2260999999981808,HIT_TARGET,0.529231327,True,0.529231327,False,,False,False,,False,,0.0
2026-03-19,YOUNG_LEVEL,ASK,2026-03-19 16:30:38.878587982,1773937838878587982,0.5288396,1.0,2114.7,128.49,14.27983996443654,4,4,10.0,6+,10.999000000000002,0.08560199237294733,2114.2,2114.6,4.0000000000009095,2114.2,2114.3,0.0,4.0000000000009095,2.1143999999999994,1.88560000000091,4.228799999999999,-0.2287999999990893,HIT_TARGET,44.704633418,True,44.704633418,True,0.097537837,True,True,44.607095581,True,7.908864073,7.0000000000027285
2026-03-19,YOUNG_LEVEL,ASK,2026-03-19 16:31:59.507822149,1773937919507822149,0.509110181,1.0,2111.1,87.3,7.864864864864864,4,4,5.9999999999990905,4-5,19.288999999999998,0.22095074455899197,2110.6,2111.0,4.0000000000009095,2110.6,2110.7,0.0,4.0000000000009095,2.1108000000000002,1.8892000000009093,4.2216000000000005,-0.22159999999909097,HIT_TARGET,15.307743622,True,15.307743622,True,0.611788465,True,True,14.695955157,True,2.39865469,7.9999999999972715
2026-03-19,YOUNG_LEVEL,ASK,2026-03-19 16:35:49.153730556,1773938149153730556,0.508886455,1.0,2108.0,76.158,9.756341275941585,5,5,4.0000000000009095,4-5,29.073000000000004,0.3817458441660758,2107.4,2107.9,5.0,2107.4,2107.5,0.0,5.0,2.10765,2.89235,4.2153,0.7847,HIT_TARGET,12.455531698,True,12.455531698,True,0.358852375,True,True,12.096679323,True,4.746829553,4.0000000000009095
2026-03-19,YOUNG_LEVEL,ASK,2026-03-19 16:42:41.281060245,1773938561281060245,1.076166557,1.0,2119.2,122.758,15.52523080814468,4,4,4.0000000000009095,4-5,34.467,0.28077192525130745,2118.7,2119.1,4.0000000000009095,2118.7,2118.8,0.0,4.0000000000009095,2.1188999999999996,1.88110000000091,4.237799999999999,-0.23779999999908963,HIT_TARGET,4.954666169,True,4.954666169,True,0.152337563,True,True,4.802328606,False,,0.0
2026-03-19,YOUNG_LEVEL,BID,2026-03-19 16:45:28.121944026,1773938728121944026,0.660411707,0.7570179036817105,2115.7,26.479,3.512269531768139,3,3,8.000000000001819,6+,12.661999999999999,0.4781902639827788,2116.1,2115.7999999999997,3.000000000001819,2116.0,2116.1,0.0,3.000000000001819,2.1159499999999998,0.8840500000018192,4.2318999999999996,-1.2318999999981806,HIT_TARGET,0.818779811,True,0.818779811,False,,False,False,,False,,0.0
2026-03-19,YOUNG_LEVEL,BID,2026-03-19 16:49:31.477705555,1773938971477705555,0.504491061,1.0,2114.2,103.271,11.254468177855275,4,4,4.0000000000009095,4-5,33.976,0.32899846036157293,2114.7,2114.2999999999997,4.0000000000009095,2114.6,2114.7,0.0,4.0000000000009095,2.1145,1.8855000000009094,4.229,-0.2289999999990906,HIT_TARGET,6.335994334,True,6.335994334,True,1.589599126,True,True,4.746395208,False,,0.0
2026-03-19,YOUNG_LEVEL,ASK,2026-03-19 16:51:31.959145825,1773939091959145825,0.505049252,1.0,2111.2,169.821,24.519347386658964,3,3,5.9999999999990905,4-5,53.800000000000004,0.3168041643848523,2110.8,2111.1,2.9999999999972715,2110.8,2110.9,0.0,2.9999999999972715,2.1109499999999994,0.8890499999972721,4.221899999999999,-1.2219000000027274,HIT_TARGET,3.580248196,True,3.580248196,True,2.19134308,True,True,1.388905116,False,,0.9999999999990905
2026-03-19,YOUNG_LEVEL,BID,2026-03-19 16:53:14.309860768,1773939194309860768,0.517162596,0.7288340473872941,2108.8,35.308,4.84035917472068,1,1,5.0,4-5,7.729,0.21890223178882973,2109.0,2108.9,0.9999999999990905,2108.9,2109.0,0.0,0.9999999999990905,2.1089499999999997,-1.1089500000009092,4.217899999999999,-3.217900000000909,HIT_TARGET,0.043449936,True,0.043449936,False,,False,False,,False,,0.0
2026-03-19,YOUNG_LEVEL,ASK,2026-03-19 16:54:47.317247163,1773939287317247163,1.070396328,1.0,2112.5,34.579,4.152386670669468,1,1,5.0,4-5,0.969,0.028022788397582345,2112.3,2112.4,0.9999999999990905,2112.3,2112.4,0.0,0.9999999999990905,2.11235,-1.1123500000009097,4.2247,-3.22470000000091,HIT_TARGET,0.050828274,True,0.050828274,False,,False,False,,False,,0.0
2026-03-19,YOUNG_LEVEL,ASK,2026-03-19 16:55:02.627785423,1773939302627785423,0.512773476,1.0,2115.0,93.755,10.4073930177055,5,5,10.0,6+,22.192999999999998,0.23671270865553837,2114.4,2114.9,5.0,2114.4,2114.5,0.0,5.0,2.11465,2.88535,4.2293,0.7706999999999997,HIT_TARGET,0.355951033,True,0.355951033,False,,False,False,,False,,0.0
2026-03-19,YOUNG_LEVEL,BID,2026-03-19 16:56:09.346981652,1773939369346981652,1.068252742,1.0,2113.4,54.1,6.783273775938812,3,3,4.0000000000009095,4-5,15.272,0.2822920517560074,2113.8,2113.5,3.000000000001819,2113.7,2113.8,0.0,3.000000000001819,2.11365,0.8863500000018192,4.2273,-1.2272999999981806,HIT_TARGET,2.401198023,True,2.401198023,True,0.204978499,True,True,2.196219524,False,,0.0
2026-03-19,YOUNG_LEVEL,ASK,2026-03-19 16:57:00.047500710,1773939420047500710,0.578675796,1.0,2114.6,37.531,3.696542893725992,2,2,4.0000000000009095,4-5,9.591999999999999,0.2555753910100983,2114.3,2114.5,1.999999999998181,2114.3,2114.4,0.0,1.999999999998181,2.1144,-0.11440000000181882,4.2288,-2.2288000000018187,HIT_TARGET,0.90910078,True,0.90910078,False,,False,False,,False,,0.0
2026-03-19,YOUNG_LEVEL,ASK,2026-03-19 16:58:46.470517296,1773939526470517296,1.121818472,1.0,2114.8,47.871,7.401778121376112,4,4,5.0,4-5,5.503,0.11495477428923565,2114.3,2114.7000000000003,4.0000000000009095,2114.3,2114.4,0.0,4.0000000000009095,2.1145,1.8855000000009094,4.229,-0.2289999999990906,HIT_TARGET,7.196195127,True,7.196195127,True,0.18078262,True,True,7.015412507,False,,0.0
2026-03-19,YOUNG_LEVEL,ASK,2026-03-19 17:00:31.878171396,1773939631878171396,0.516024116,1.0,2116.2,47.964,3.9047502747588227,1,1,10.0,6+,16.983,0.35407805854390795,2116.0,2116.1,0.9999999999990905,2116.0,2116.1,0.0,0.9999999999990905,2.11605,-1.1160500000009095,4.2321,-3.2321000000009095,HIT_TARGET,0.050273692,True,0.050273692,False,,False,False,,False,,0.0
2026-03-19,YOUNG_LEVEL,ASK,2026-03-19 17:03:37.276421753,1773939817276421753,1.734403885,1.0,2111.6,75.171,6.894524442813906,4,4,3.999999999996362,2-3,14.061,0.18705351797900785,2111.1,2111.5,4.0000000000009095,2111.1,2111.2,0.0,4.0000000000009095,2.1113,1.8887000000009095,4.2226,-0.22259999999909041,HIT_TARGET,7.501904825,True,7.501904825,False,,False,False,,False,,0.0
2026-03-19,YOUNG_LEVEL,ASK,2026-03-19 17:06:02.787992939,1773939962787992939,0.50637433,1.0,2110.3,28.667,3.050167579932968,3,3,8.000000000001819,6+,10.894000000000002,0.3800188369902676,2109.9,2110.2000000000003,3.000000000001819,2109.9,2110.0,0.0,3.000000000001819,2.11005,0.8899500000018188,4.2201,-1.2200999999981814,HIT_TARGET,0.513551579,True,0.513551579,False,,False,False,,False,,0.0
2026-03-19,YOUNG_LEVEL,ASK,2026-03-19 17:06:34.188751807,1773939994188751807,0.561896677,1.0,2110.3,52.744,5.2346169114728065,4,4,7.0000000000027285,6+,13.506,0.2560670408008494,2109.8,2110.2000000000003,4.0000000000009095,2109.8,2109.9,0.0,4.0000000000009095,2.11,1.8900000000009096,4.22,-0.21999999999909026,HIT_TARGET,0.357216831,True,0.357216831,False,,False,False,,False,,0.0
2026-03-19,YOUNG_LEVEL,ASK,2026-03-19 17:10:27.497814264,1773940227497814264,0.874891047,1.0,2107.3,54.391,5.449453962528804,4,4,5.9999999999990905,4-5,27.137,0.498924454413414,2106.8,2107.2000000000003,4.0000000000009095,2106.8,2106.9,0.0,4.0000000000009095,2.1069999999999998,1.8930000000009097,4.2139999999999995,-0.21399999999909003,HIT_TARGET,6.937709314,True,6.937709314,True,0.099158074,True,True,6.83855124,False,,0.0
2026-03-19,YOUNG_LEVEL,BID,2026-03-19 17:12:48.035225661,1773940368035225661,0.792511044,1.0,2110.7,106.729,16.599891126837235,5,5,8.000000000001819,6+,47.684,0.4467764150324654,2111.3,2110.7999999999997,5.0000000000045475,2111.2,2111.3,0.0,5.0000000000045475,2.11105,2.8889500000045474,4.2221,0.7779000000045473,HIT_TARGET,8.090042587,True,8.090042587,True,1.042257291,True,True,7.047785296,True,1.349352497,5.0
2026-03-19,YOUNG_LEVEL,ASK,2026-03-19 17:14:55.360888340,1773940495360888340,1.429037303,1.0,2109.9,78.872,9.495214590982965,3,3,4.0000000000009095,4-5,16.642,0.21100010143016532,2109.5,2109.8,3.000000000001819,2109.5,2109.6,0.0,3.000000000001819,2.10965,0.8903500000018192,4.2193,-1.2192999999981806,TIMEOUT,60.0,False,,True,2.143157159,True,False,,True,4.743650696,25.0
2026-03-19,YOUNG_LEVEL,BID,2026-03-19 17:20:27.613007912,1773940827613007912,0.509096536,1.0,2116.5,62.851,6.118672118380062,4,4,4.0000000000009095,4-5,26.941,0.42864870885109224,2117.0,2116.6,4.0000000000009095,2116.9,2117.0,0.0,4.0000000000009095,2.1168,1.8832000000009095,4.2336,-0.23359999999909054,HIT_TARGET,0.869671338,True,0.869671338,True,0.051108795,True,True,0.818562543,False,,0.0
2026-03-19,YOUNG_LEVEL,ASK,2026-03-19 17:21:24.761252806,1773940884761252806,0.505765701,1.0,2119.3,136.824,19.900225438149953,5,5,5.0,4-5,42.461000000000006,0.310332982517687,2118.7,2119.2000000000003,5.0000000000045475,2118.7,2118.8,0.0,5.0000000000045475,2.1189499999999994,2.881050000004548,4.237899999999999,0.7621000000045486,HIT_TARGET,39.555375373,True,39.555375373,True,0.412394289,True,True,39.142981084,True,1.023997078,20.0
2026-03-19,YOUNG_LEVEL,ASK,2026-03-19 17:23:54.642189059,1773941034642189059,0.561361724,1.0,2127.3,13.684,3.6519882572724844,2,2,25.0,6+,0.987,0.07212803273896522,2126.6,2127.2000000000003,6.000000000003638,2126.6,2127.1,0.0,6.000000000003638,2.1269,3.873100000003638,4.2538,1.746200000003638,TIMEOUT,60.0,False,,True,3.264504822,True,False,,True,3.213182917,25.0
2026-03-19,YOUNG_LEVEL,BID,2026-03-19 17:31:07.732037533,1773941467732037533,0.513936974,1.0,2125.8,60.571,5.60816628859775,2,2,5.0,4-5,11.091,0.18310742764689372,2126.1,2125.9,1.999999999998181,2126.0,2126.1,0.0,1.999999999998181,2.126,-0.12600000000181888,4.252,-2.2520000000018188,HIT_TARGET,0.812995266,True,0.812995266,False,,False,False,,False,,0.0
2026-03-19,YOUNG_LEVEL,ASK,2026-03-19 17:32:30.919928379,1773941550919928379,0.677680159,0.8463820363966122,2122.9,33.558,3.2010301902990417,4,4,5.0,4-5,16.625999999999998,0.4954407294832826,2122.4,2122.8,4.0000000000009095,2122.4,2122.5,0.0,4.0000000000009095,2.1226000000000003,1.8774000000009092,4.2452000000000005,-0.24519999999909103,HIT_TARGET,3.216258964,True,3.216258964,False,,False,False,,False,,0.0
2026-03-19,YOUNG_LEVEL,BID,2026-03-19 17:36:30.509353909,1773941790509353909,0.511396594,1.0,2118.5,33.751,3.411776598433156,4,4,4.0000000000009095,4-5,0.565,0.016740244733489378,2119.0,2118.6,4.0000000000009095,2118.9,2119.0,0.0,4.0000000000009095,2.1188,1.8812000000009097,4.2376,-0.2375999999990901,HIT_TARGET,19.043855023,True,19.043855023,True,1.815995505,True,True,17.227859518,False,,0.0
2026-03-19,YOUNG_LEVEL,BID,2026-03-19 17:38:54.773794525,1773941934773794525,1.635619097,1.0,2117.2,71.826,7.0063893088816265,1,1,5.0,4-5,3.861,0.053754907693592854,2117.4,2117.2999999999997,1.000000000003638,2117.3,2117.4,0.0,1.000000000003638,2.1173499999999996,-1.1173499999963616,4.234699999999999,-3.2346999999963613,HIT_TARGET,0.045003502,True,0.045003502,False,,False,False,,False,,0.0
2026-03-19,YOUNG_LEVEL,ASK,2026-03-19 17:48:03.371685312,1773942483371685312,0.612778289,0.9010391799308674,2119.8,16.151,3.318130457113508,1,1,5.0,4-5,0.471,0.029162280973314345,2119.6,2119.7000000000003,1.000000000003638,2119.6,2119.7,0.0,1.000000000003638,2.11965,-1.119649999996362,4.2393,-3.239299999996362,HIT_TARGET,0.036419165,True,0.036419165,False,,False,False,,False,,0.0
2026-03-19,YOUNG_LEVEL,ASK,2026-03-19 17:48:06.982523532,1773942486982523532,0.956050186,1.0,2120.4,59.365,5.047185852746131,3,3,4.0000000000009095,4-5,29.04,0.48917712456834833,2120.0,2120.3,3.000000000001819,2120.0,2120.1,0.0,3.000000000001819,2.1201499999999998,0.8798500000018192,4.2402999999999995,-1.2402999999981805,HIT_TARGET,0.220152588,True,0.220152588,False,,False,False,,False,,0.0
2026-03-19,YOUNG_LEVEL,ASK,2026-03-19 17:48:56.432746589,1773942536432746589,0.558635348,0.7384687712242656,2122.3,58.552,4.051901318293485,2,2,5.0,4-5,23.199,0.39621191419592844,2122.0,2122.2000000000003,2.0000000000027285,2122.0,2122.1,0.0,2.0000000000027285,2.1221,-0.12209999999727161,4.2442,-2.2441999999972717,HIT_TARGET,52.162982889,True,52.162982889,True,6.235740379,True,True,45.92724251,True,6.286895072,7.9999999999972715
2026-03-19,YOUNG_LEVEL,BID,2026-03-19 17:55:02.666228508,1773942902666228508,0.801568405,1.0,2126.6,38.863,4.022252121713931,4,4,15.0,6+,18.131,0.46653629416154185,2127.1,2126.7,4.0000000000009095,2127.0,2127.1,0.0,4.0000000000009095,2.1268999999999996,1.87310000000091,4.253799999999999,-0.25379999999908964,TIMEOUT,60.0,False,,True,2.718486064,True,False,,True,2.774296981,10.99999999999909
2026-03-19,YOUNG_LEVEL,BID,2026-03-19 17:56:17.335302480,1773942977335302480,0.544684446,1.0,2126.5,49.851,5.187139066645856,3,3,3.999999999996362,2-3,18.113,0.3633427614290586,2126.9,2126.6,3.000000000001819,2126.8,2126.9,0.0,3.000000000001819,2.12675,0.8732500000018191,4.2535,-1.2534999999981808,HIT_TARGET,5.473084548,True,5.473084548,True,0.057537966,True,True,5.415546582,False,,0.9999999999990905
2026-03-19,YOUNG_LEVEL,ASK,2026-03-19 17:57:18.907455053,1773943038907455053,1.22435485,1.0,2128.7,52.625,5.9145827479629105,3,3,5.9999999999990905,4-5,12.06,0.2291686460807601,2128.3,2128.6,2.9999999999972715,2128.3,2128.4,0.0,2.9999999999972715,2.1284499999999995,0.871549999997272,4.256899999999999,-1.2569000000027275,HIT_TARGET,0.051258702,True,0.051258702,False,,False,False,,False,,0.0
2026-03-19,YOUNG_LEVEL,BID,2026-03-19 17:57:42.229525001,1773943062229525001,0.970068907,1.0,2127.6,35.085,3.4415616263671582,3,3,4.0000000000009095,4-5,11.495000000000001,0.3276328915490951,2128.0,2127.7,3.000000000001819,2127.9,2128.0,0.0,3.000000000001819,2.12785,0.872150000001819,4.2557,-1.255699999998181,HIT_TARGET,0.153092044,True,0.153092044,False,,False,False,,False,,0.0
2026-03-19,YOUNG_LEVEL,ASK,2026-03-19 18:01:40.668783647,1773943300668783647,1.428445789,1.0,2127.1,58.055,3.4089841456253667,1,1,4.0000000000009095,4-5,16.779,0.2890190336749634,2126.9,2127.0,0.9999999999990905,2126.9,2127.0,0.0,0.9999999999990905,2.12695,-1.1269500000009094,4.2539,-3.2539000000009093,HIT_TARGET,0.043110623,True,0.043110623,False,,False,False,,False,,0.0
2026-03-19,YOUNG_LEVEL,ASK,2026-03-19 18:10:45.135705950,1773943845135705950,0.544514562,1.0,2126.3,74.541,5.066508071367884,4,4,5.0,4-5,26.888,0.36071423780201506,2125.8,2126.2000000000003,4.0000000000009095,2125.8,2125.9,0.0,4.0000000000009095,2.126,1.8740000000009096,4.252,-0.2519999999990903,HIT_TARGET,13.485134417,True,13.485134417,True,0.421486366,True,True,13.063648051,False,,0.0
2026-03-19,YOUNG_LEVEL,ASK,2026-03-19 18:11:39.764724387,1773943899764724387,0.511130802,1.0,2124.8,94.07,7.9397366644159355,5,5,4.0000000000009095,4-5,35.821,0.38079090039332414,2124.2,2124.7000000000003,5.0000000000045475,2124.2,2124.3,0.0,5.0000000000045475,2.12445,2.8755500000045475,4.2489,0.7511000000045476,HIT_TARGET,0.610177729,True,0.610177729,False,,False,False,,False,,0.0
2026-03-19,YOUNG_LEVEL,ASK,2026-03-19 18:12:27.072402006,1773943947072402006,1.524971644,0.8651806984025469,2125.9,55.36,5.083796317553607,3,3,4.0000000000009095,4-5,23.473,0.4240065028901734,2125.5,2125.8,3.000000000001819,2125.5,2125.6,0.0,3.000000000001819,2.12565,0.8743500000018192,4.2513,-1.2512999999981806,HIT_TARGET,15.616530163,True,15.616530163,True,2.247672323,True,True,13.36885784,False,,1.999999999998181
2026-03-19,YOUNG_LEVEL,ASK,2026-03-19 18:30:51.258852952,1773945051258852952,1.22462163,0.9478013564075297,2118.5,108.004,11.05013300593411,4,4,4.0000000000009095,4-5,27.65,0.2560090367023443,2118.0,2118.4,4.0000000000009095,2118.0,2118.1,0.0,4.0000000000009095,2.1182,1.8818000000009096,4.2364,-0.23639999999909023,HIT_TARGET,1.992700002,True,1.992700002,False,,False,False,,False,,0.0
2026-03-19,YOUNG_LEVEL,ASK,2026-03-19 18:34:13.138074298,1773945253138074298,0.516611471,1.0,2116.5,79.816,10.449171957845126,5,5,6.999999999998181,6+,24.354000000000003,0.3051267916207277,2115.9,2116.4,5.0,2115.9,2116.0,0.0,5.0,2.1161499999999998,2.8838500000000002,4.2322999999999995,0.7677000000000005,HIT_TARGET,8.322194165,True,8.322194165,True,0.505012491,True,True,7.817181674,False,,0.0
2026-03-19,YOUNG_LEVEL,ASK,2026-03-19 18:34:23.043504965,1773945263043504965,1.074839334,0.7929053692409809,2117.3,104.501,9.059863886601066,3,3,10.0,6+,18.101,0.17321365345786163,2116.9,2117.2000000000003,3.000000000001819,2116.9,2117.0,0.0,3.000000000001819,2.1170500000000003,0.8829500000018187,4.234100000000001,-1.2340999999981817,HIT_TARGET,7.045544644,True,7.045544644,True,0.409479167,True,True,6.636065477,False,,0.0
2026-03-19,YOUNG_LEVEL,ASK,2026-03-19 18:38:27.710327417,1773945507710327417,0.507690639,0.9012285865684437,2118.2,32.009,3.2970077766905286,3,3,5.9999999999990905,4-5,11.780000000000001,0.36802149395482525,2117.8,2118.1,2.9999999999972715,2117.8,2117.9,0.0,2.9999999999972715,2.1179499999999996,0.882049999997272,4.235899999999999,-1.2359000000027276,HIT_TARGET,0.460070124,True,0.460070124,False,,False,False,,False,,0.0
2026-03-19,YOUNG_LEVEL,ASK,2026-03-19 18:38:31.834343211,1773945511834343211,0.551362054,1.0,2119.0,88.321,8.992160456118917,4,4,5.0,4-5,27.424999999999997,0.31051505304514215,2118.5,2118.9,4.0000000000009095,2118.5,2118.6,0.0,4.0000000000009095,2.1186999999999996,1.88130000000091,4.237399999999999,-0.23739999999908967,HIT_TARGET,0.879350409,True,0.879350409,False,,False,False,,False,,0.0
2026-03-19,YOUNG_LEVEL,BID,2026-03-19 18:43:58.401226317,1773945838401226317,0.511724511,1.0,2114.0,121.059,12.471309364376221,2,2,6.000000000003638,6+,52.843,0.43650616641472345,2114.3,2114.1,2.0000000000027285,2114.2,2114.3,0.0,2.0000000000027285,2.1141999999999994,-0.11419999999727093,4.228399999999999,-2.2283999999972703,TIMEOUT,60.0,False,,True,0.971396772,True,False,,True,0.971396772,26.000000000003638
2026-03-19,YOUNG_LEVEL,ASK,2026-03-19 18:44:11.920210604,1773945851920210604,0.507720669,1.0,2116.3,55.36,3.905191873589165,4,4,7.0000000000027285,6+,27.591,0.4983923410404624,2115.8,2116.2000000000003,4.0000000000009095,2115.8,2115.9,0.0,4.0000000000009095,2.116,1.8840000000009094,4.232,-0.2319999999990907,HIT_TARGET,10.526379123,True,10.526379123,True,1.741599989,True,True,8.784779134,False,,0.0
2026-03-19,YOUNG_LEVEL,ASK,2026-03-19 18:54:25.802719315,1773946465802719315,0.542505379,1.0,2120.1,40.914,3.2050448474403668,2,2,5.0,4-5,14.129000000000001,0.3453341154617002,2119.8,2120.0,1.999999999998181,2119.8,2119.9,0.0,1.999999999998181,2.1199,-0.11990000000181888,4.2398,-2.239800000001819,HIT_TARGET,15.289885236,True,15.289885236,True,3.899528006,True,True,11.39035723,False,,0.9999999999990905
2026-03-19,YOUNG_LEVEL,BID,2026-03-19 18:58:12.483293974,1773946692483293974,0.711483046,1.0,2122.9,82.943,9.453271028037381,6,6,10.0,6+,36.481,0.43983217390255963,2123.6,2123.0,5.9999999999990905,2123.5,2123.6,0.0,5.9999999999990905,2.1233,3.8766999999990905,4.2466,1.7533999999990906,HIT_TARGET,8.719861054,True,8.719861054,True,1.023776566,True,True,7.696084488,False,,0.0
2026-03-19,YOUNG_LEVEL,ASK,2026-03-19 18:58:31.935452185,1773946711935452185,0.516791273,1.0,2124.0,75.471,4.950865914458148,3,3,3.999999999996362,2-3,24.977,0.33094831127187924,2123.6,2123.9,3.000000000001819,2123.6,2123.7,0.0,3.000000000001819,2.12375,0.8762500000018192,4.2475,-1.2474999999981806,HIT_TARGET,2.292080867,True,2.292080867,True,1.162348031,True,True,1.129732836,False,,0.0
2026-03-19,YOUNG_LEVEL,BID,2026-03-19 19:03:18.751589937,1773946998751589937,1.635102293,1.0,2132.6,75.861,8.319004276784735,3,3,6.999999999998181,6+,37.693,0.4968692740670436,2133.0,2132.7,3.000000000001819,2132.9,2133.0,0.0,3.000000000001819,2.13285,0.8671500000018191,4.2657,-1.2656999999981808,HIT_TARGET,2.857317204,True,2.857317204,True,1.630679461,True,True,1.226637743,False,,1.999999999998181
2026-03-19,YOUNG_LEVEL,ASK,2026-03-19 19:04:05.640805773,1773947045640805773,0.507248245,1.0,2135.7,96.248,11.582887056982972,5,5,5.9999999999990905,4-5,28.177999999999997,0.29276452497714234,2135.1,2135.6,5.0,2135.1,2135.2,0.0,5.0,2.13535,2.86465,4.2707,0.7293000000000003,HIT_TARGET,36.791397332,True,36.791397332,True,0.057721362,True,True,36.73367597,True,1.946321303,15.99999999999909
2026-03-19,YOUNG_LEVEL,ASK,2026-03-19 19:04:40.535448008,1773947080535448008,0.552542657,1.0,2135.4,110.121,12.546542098666968,4,4,5.0,4-5,42.654,0.3873375650420901,2134.9,2135.3,4.0000000000009095,2134.9,2135.0,0.0,4.0000000000009095,2.1351,1.8649000000009095,4.2702,-0.2701999999990905,HIT_TARGET,0.570003644,True,0.570003644,False,,False,False,,False,,0.0
2026-03-19,YOUNG_LEVEL,ASK,2026-03-19 19:05:22.326889025,1773947122326889025,0.866353578,1.0,2141.5,45.585,4.728243958095633,6,6,8.000000000001819,6+,22.15,0.4859054513546122,2140.8,2141.4,5.9999999999990905,2140.8,2140.9,0.0,5.9999999999990905,2.1411000000000002,3.8588999999990903,4.2822000000000005,1.71779999999909,HIT_TARGET,1.126866441,True,1.126866441,True,0.055854994,True,True,1.071011447,False,,0.0
2026-03-19,YOUNG_LEVEL,BID,2026-03-19 19:06:49.424313257,1773947209424313257,0.868199912,0.8164638480175289,2145.6,80.458,16.490674318507892,4,4,5.0,4-5,32.573,0.40484476372765915,2146.1,2145.7,4.0000000000009095,2146.0,2146.1,0.0,4.0000000000009095,2.1458999999999997,1.8541000000009098,4.291799999999999,-0.2917999999990899,HIT_TARGET,3.11331009,True,3.11331009,True,0.101762205,True,True,3.011547885,True,0.304210538,10.0
2026-03-19,YOUNG_LEVEL,BID,2026-03-19 19:07:17.075255078,1773947237075255078,0.507214602,0.9028988956433869,2144.5,56.391,7.100352556031226,4,4,7.9999999999972715,6+,16.485,0.29233388306644675,2145.0,2144.6,4.0000000000009095,2144.9,2145.0,0.0,4.0000000000009095,2.1448,1.8552000000009095,4.2896,-0.2895999999990906,HIT_TARGET,1.331442771,True,1.331442771,False,,False,False,,False,,0.0
2026-03-19,YOUNG_LEVEL,BID,2026-03-19 19:08:00.083848263,1773947280083848263,1.477180618,0.8942629736020541,2138.9,76.42,9.449149922720247,4,4,3.999999999996362,2-3,28.195,0.3689479193928291,2139.4,2139.0,4.0000000000009095,2139.3,2139.4,0.0,4.0000000000009095,2.1391999999999998,1.8608000000009097,4.2783999999999995,-0.27839999999909004,HIT_TARGET,0.256954543,True,0.256954543,False,,False,False,,False,,0.0
2026-03-19,YOUNG_LEVEL,BID,2026-03-19 19:08:03.091349940,1773947283091349940,0.760791117,0.6858595866071344,2138.7,83.457,9.639849841178167,2,2,4.0000000000009095,4-5,32.447,0.3887870400325917,2139.0,2138.7999999999997,2.0000000000027285,2138.9,2139.0,0.0,2.0000000000027285,2.1388999999999996,-0.1388999999972711,4.277799999999999,-2.2777999999972707,HIT_TARGET,5.563276127,True,5.563276127,True,0.103418049,True,True,5.459858078,True,0.616040789,12.999999999997272
2026-03-19,YOUNG_LEVEL,ASK,2026-03-19 19:08:42.120773699,1773947322120773699,0.561401051,1.0,2141.9,55.907,7.034096628082536,4,4,10.99999999999909,6+,17.133000000000003,0.3064553633713131,2141.4,2141.8,4.0000000000009095,2141.4,2141.5,0.0,4.0000000000009095,2.1416000000000004,1.858400000000909,4.283200000000001,-0.2831999999990913,HIT_TARGET,0.764611333,True,0.764611333,False,,False,False,,False,,0.0
2026-03-19,YOUNG_LEVEL,ASK,2026-03-19 19:09:10.387053685,1773947350387053685,1.173696652,0.8550133872240099,2140.8,54.365,6.207113090141005,3,3,4.0000000000009095,4-5,16.106,0.29625678285661733,2140.4,2140.7000000000003,3.000000000001819,2140.4,2140.5,0.0,3.000000000001819,2.14055,0.8594500000018188,4.2811,-1.2810999999981814,HIT_TARGET,0.153931035,True,0.153931035,False,,False,False,,False,,0.0
2026-03-19,YOUNG_LEVEL,ASK,2026-03-19 19:09:48.498213030,1773947388498213030,0.868511492,0.9279114708593862,2141.3,38.337,3.071382791219356,1,1,5.9999999999990905,4-5,15.496,0.40420481519159035,2141.1,2141.2000000000003,1.000000000003638,2141.1,2141.2,0.0,1.000000000003638,2.1411499999999997,-1.1411499999963617,4.282299999999999,-3.2822999999963614,HIT_TARGET,1.428429517,True,1.428429517,False,,False,False,,False,,1.999999999998181
2026-03-19,YOUNG_LEVEL,BID,2026-03-19 19:09:54.008423336,1773947394008423336,0.510272297,1.0,2140.2,32.167,5.48971755269221,1,1,5.9999999999990905,4-5,0.467,0.01451798426959306,2140.4,2140.2999999999997,1.000000000003638,2140.3,2140.4,0.0,1.000000000003638,2.1403499999999998,-1.1403499999963618,4.2806999999999995,-3.2806999999963615,HIT_TARGET,0.050936842,True,0.050936842,False,,False,False,,False,,0.0
2026-03-19,YOUNG_LEVEL,BID,2026-03-19 19:10:10.385405548,1773947410385405548,0.510936983,1.0,2139.9,74.139,11.346648301193756,5,5,6.999999999998181,6+,25.113,0.33872860437826247,2140.5,2140.0,5.0,2140.4,2140.5,0.0,5.0,2.14025,2.85975,4.2805,0.7195,HIT_TARGET,1.533258383,True,1.533258383,True,0.152827852,True,True,1.380430531,False,,0.0
2026-03-19,YOUNG_LEVEL,BID,2026-03-19 19:12:17.643321234,1773947537643321234,1.020348202,0.9450110345762142,2149.4,52.422,14.231573231980452,4,4,15.0,6+,9.046,0.17256113845332113,2149.9,2149.5,4.0000000000009095,2149.8,2149.9,0.0,4.0000000000009095,2.1496999999999997,1.8503000000009098,4.2993999999999994,-0.29939999999908995,HIT_TARGET,0.102291069,True,0.102291069,False,,False,False,,False,,0.0
2026-03-19,YOUNG_LEVEL,BID,2026-03-19 19:12:24.162664585,1773947544162664585,0.809439501,1.0,2148.2,72.694,15.448730209329506,1,1,8.999999999996362,6+,26.529,0.36494071037499654,2148.4,2148.2999999999997,1.000000000003638,2148.3,2148.4,0.0,1.000000000003638,2.1483499999999998,-1.1483499999963618,4.2966999999999995,-3.2966999999963615,HIT_TARGET,0.059726438,True,0.059726438,False,,False,False,,False,,0.0
2026-03-19,YOUNG_LEVEL,BID,2026-03-19 19:14:04.953429161,1773947644953429161,0.763779848,1.0,2140.0,74.068,10.369312613747725,4,4,5.0,4-5,24.945,0.3367851163795431,2140.5,2140.1,4.0000000000009095,2140.4,2140.5,0.0,4.0000000000009095,2.1403000000000003,1.8597000000009092,4.280600000000001,-0.28059999999909113,TIMEOUT,60.0,False,,True,1.277395323,True,False,,True,2.451976254,19.00000000000091
2026-03-19,YOUNG_LEVEL,ASK,2026-03-19 19:14:41.190051394,1773947681190051394,1.552270731,1.0,2141.7,62.255,6.343812095582615,3,3,4.0000000000009095,4-5,24.741,0.39741386234037424,2141.3,2141.6,2.9999999999972715,2141.3,2141.4,0.0,2.9999999999972715,2.1414499999999994,0.8585499999972721,4.282899999999999,-1.2829000000027273,HIT_TARGET,14.697045278,True,14.697045278,True,0.255431265,True,True,14.441614013,True,1.276663321,7.0000000000027285
2026-03-19,YOUNG_LEVEL,ASK,2026-03-19 19:15:03.483550036,1773947703483550036,1.472032732,1.0,2142.7,103.683,11.441514014566323,3,3,7.0000000000027285,6+,45.95,0.44317776298911105,2142.3,2142.6,2.9999999999972715,2142.3,2142.4,0.0,2.9999999999972715,2.1424499999999997,0.8575499999972718,4.2848999999999995,-1.284900000002728,TIMEOUT,60.0,False,,True,0.058785576,True,False,,True,0.109159818,23.00000000000182
2026-03-19,YOUNG_LEVEL,BID,2026-03-19 19:15:16.808599876,1773947716808599876,0.562740916,1.0,2141.1,57.263,5.477092300334768,3,3,5.0,4-5,22.856,0.3991408064544296,2141.5,2141.2,3.000000000001819,2141.4,2141.5,0.0,3.000000000001819,2.1413499999999996,0.8586500000018193,4.282699999999999,-1.2826999999981803,HIT_TARGET,1.93728621,True,1.93728621,False,,False,False,,True,1.37550691,2.9999999999972715
2026-03-19,YOUNG_LEVEL,ASK,2026-03-19 19:15:59.068098183,1773947759068098183,1.122069643,1.0,2142.0,37.234,3.8365790829469346,2,2,6.000000000003638,6+,9.878,0.2652951603373261,2141.7,2141.9,2.0000000000027285,2141.7,2141.8,0.0,2.0000000000027285,2.1418,-0.14179999999727144,4.2836,-2.2835999999972714,HIT_TARGET,0.811864557,True,0.811864557,False,,False,False,,False,,0.0
2026-03-19,YOUNG_LEVEL,ASK,2026-03-19 19:17:41.700454063,1773947861700454063,1.276291521,0.7877854357382352,2145.2,47.147,15.442843105142483,5,5,12.999999999997272,6+,2.915,0.061827899972426666,2144.6,2145.1,5.0,2144.6,2144.7,0.0,5.0,2.1448499999999995,2.8551500000000005,4.289699999999999,0.710300000000001,HIT_TARGET,0.051149704,True,0.051149704,False,,False,False,,False,,0.0
2026-03-19,YOUNG_LEVEL,BID,2026-03-19 19:17:49.448186322,1773947869448186322,0.559208404,1.0,2145.4,97.511,10.220207525416622,1,1,4.0000000000009095,4-5,32.128,0.32948077652777635,2145.6,2145.5,0.9999999999990905,2145.5,2145.6,0.0,0.9999999999990905,2.14555,-1.1455500000009096,4.2911,-3.2911000000009096,HIT_TARGET,0.042248203,True,0.042248203,False,,False,False,,False,,0.0
2026-03-19,YOUNG_LEVEL,BID,2026-03-19 19:18:05.837431874,1773947885837431874,0.66407713,1.0,2146.0,59.417,7.049534318087442,4,4,5.0,4-5,28.319,0.47661443694565525,2146.5,2146.1,4.0000000000009095,2146.4,2146.5,0.0,4.0000000000009095,2.1463,1.8537000000009094,4.2926,-0.2925999999990907,HIT_TARGET,1.631514384,True,1.631514384,False,,False,False,,False,,0.0
2026-03-19,YOUNG_LEVEL,ASK,2026-03-19 19:18:45.074486917,1773947925074486917,1.172723014,0.9094814080283752,2148.4,38.436,3.365821620911599,4,4,13.000000000001819,6+,10.977,0.2855916328442086,2147.9,2148.3,4.0000000000009095,2147.9,2148.0,0.0,4.0000000000009095,2.1481000000000003,1.8519000000009092,4.296200000000001,-0.2961999999990912,HIT_TARGET,0.562184194,True,0.562184194,False,,False,False,,False,,0.0
2026-03-19,YOUNG_LEVEL,BID,2026-03-19 19:19:03.442636958,1773947943442636958,0.561981937,1.0,2148.6,87.811,9.966065145840428,2,2,12.999999999997272,6+,33.025999999999996,0.3761032216920431,2148.9,2148.7,2.0000000000027285,2148.8,2148.9,0.0,2.0000000000027285,2.1488,-0.14879999999727156,4.2976,-2.2975999999972716,HIT_TARGET,2.09321178,True,2.09321178,True,0.051493195,True,True,2.041718585,True,0.148002321,5.0
2026-03-19,YOUNG_LEVEL,BID,2026-03-19 19:20:04.921966310,1773948004921966310,0.505106464,0.7902875263936436,2152.5,75.317,16.524133391838525,4,4,12.999999999997272,6+,19.646,0.26084416532788085,2153.0,2152.6,4.0000000000009095,2152.9,2153.0,0.0,4.0000000000009095,2.1528,1.8472000000009094,4.3056,-0.3055999999990906,HIT_TARGET,1.995433396,True,1.995433396,True,0.617325139,True,True,1.378108257,False,,0.0
2026-03-19,YOUNG_LEVEL,BID,2026-03-19 19:20:14.060593455,1773948014060593455,0.767992934,1.0,2150.1,48.424,9.600317208564631,5,5,5.0,4-5,16.218,0.33491657029572114,2150.7,2150.2,5.0,2150.6,2150.7,0.0,5.0,2.1504499999999998,2.8495500000000002,4.3008999999999995,0.6991000000000005,HIT_TARGET,16.582939735,True,16.582939735,True,0.968837365,True,True,15.61410237,True,1.06349636,10.0
2026-03-19,YOUNG_LEVEL,BID,2026-03-19 19:20:18.442424281,1773948018442424281,1.11651268,0.8126304521682638,2150.6,73.577,6.179565783395623,2,2,5.0,4-5,23.897,0.32478899656142546,2150.9,2150.7,2.0000000000027285,2150.8,2150.9,0.0,2.0000000000027285,2.1508000000000003,-0.15079999999727178,4.3016000000000005,-2.301599999997272,HIT_TARGET,9.8005185,True,9.8005185,True,3.987232597,True,True,5.813285903,True,1.127042673,7.9999999999972715
2026-03-19,YOUNG_LEVEL,ASK,2026-03-19 19:20:21.049875650,1773948021049875650,0.512751396,1.0,2151.7,52.164,3.091841270782089,2,2,5.9999999999990905,4-5,19.91,0.38168085269534546,2151.4,2151.6,1.999999999998181,2151.4,2151.5,0.0,1.999999999998181,2.1515,-0.15150000000181896,4.303,-2.303000000001819,HIT_TARGET,0.103836345,True,0.103836345,False,,False,False,,False,,0.0
2026-03-19,YOUNG_LEVEL,BID,2026-03-19 19:20:24.877049338,1773948024877049338,1.686302465,0.8388309507689654,2150.5,78.187,7.44992853739876,3,3,6.999999999998181,6+,20.405,0.2609768887410951,2150.9,2150.6,3.000000000001819,2150.8,2150.9,0.0,3.000000000001819,2.15075,0.849250000001819,4.3015,-1.301499999998181,HIT_TARGET,3.419569104,True,3.419569104,True,0.664952428,True,True,2.754616676,True,2.399338222,7.9999999999972715
2026-03-19,YOUNG_LEVEL,BID,2026-03-19 19:20:30.388548051,1773948030388548051,0.918953653,1.0,2150.1,52.176,10.975178796802695,7,7,7.9999999999972715,6+,13.697,0.26251533272002453,2150.9,2150.2,7.0000000000027285,2150.8,2150.9,0.0,7.0000000000027285,2.15055,4.8494500000027285,4.3011,2.6989000000027286,HIT_TARGET,0.254985139,True,0.254985139,False,,False,False,,False,,0.0
2026-03-19,YOUNG_LEVEL,BID,2026-03-19 19:22:10.495779988,1773948130495779988,0.558415812,1.0,2154.3,51.196,8.726095108232487,4,4,4.0000000000009095,4-5,21.404000000000003,0.41807953746386445,2154.8,2154.4,4.0000000000009095,2154.7,2154.8,0.0,4.0000000000009095,2.1546000000000003,1.8454000000009092,4.309200000000001,-0.3091999999990911,HIT_TARGET,0.818496383,True,0.818496383,False,,False,False,,False,,0.0
2026-03-19,YOUNG_LEVEL,BID,2026-03-19 19:23:48.373612338,1773948228373612338,1.99264852,0.970913720398618,2153.9,51.606,7.049518475513968,5,5,10.99999999999909,6+,18.127,0.351257605704763,2154.5,2154.0,5.0,2154.4,2154.5,0.0,5.0,2.1542499999999998,2.8457500000000002,4.3084999999999996,0.6915000000000004,HIT_TARGET,8.263602606,True,8.263602606,True,1.172920844,True,True,7.090681762,True,3.824989494,5.0
2026-03-19,YOUNG_LEVEL,ASK,2026-03-19 19:26:01.208007701,1773948361208007701,0.508999062,1.0,2147.8,95.583,7.194535395732189,5,5,4.0000000000009095,4-5,44.45099999999999,0.4650513166567276,2147.2,2147.7000000000003,5.0000000000045475,2147.2,2147.3,0.0,5.0000000000045475,2.1474499999999996,2.852550000004548,4.294899999999999,0.7051000000045482,TIMEOUT,60.0,False,,True,0.305754173,True,False,,True,2.959457578,42.00000000000273
2026-03-19,YOUNG_LEVEL,BID,2026-03-19 19:26:16.214403395,1773948376214403395,0.919112483,0.7647108259327167,2144.2,49.771,6.389908845808192,3,3,4.0000000000009095,4-5,21.09,0.42374073255510236,2144.6,2144.2999999999997,3.000000000001819,2144.5,2144.6,0.0,3.000000000001819,2.1444499999999995,0.8555500000018195,4.288899999999999,-1.28889999999818,HIT_TARGET,1.274723752,True,1.274723752,False,,False,False,,False,,0.0
2026-03-19,YOUNG_LEVEL,BID,2026-03-19 19:26:19.285881957,1773948379285881957,0.522291698,0.9907739180644606,2143.9,59.463,5.236032228239334,2,2,4.0000000000009095,4-5,24.766000000000002,0.4164942905672435,2144.2,2144.0,1.999999999998181,2144.1,2144.2,0.0,1.999999999998181,2.1441,-0.14410000000181888,4.2882,-2.288200000001819,HIT_TARGET,12.89370031,True,12.89370031,True,0.447051436,True,True,12.446648874,True,1.264557668,12.000000000002728
2026-03-19,YOUNG_LEVEL,BID,2026-03-19 19:26:30.139791525,1773948390139791525,0.867850325,0.8763162080972892,2143.9,52.432,3.946706812194204,4,4,10.0,6+,23.608,0.450259383582545,2144.4,2144.0,4.0000000000009095,2144.3,2144.4,0.0,4.0000000000009095,2.1441999999999997,1.8558000000009098,4.288399999999999,-0.28839999999908983,HIT_TARGET,2.039790742,True,2.039790742,False,,False,False,,False,,0.0
2026-03-19,YOUNG_LEVEL,ASK,2026-03-19 19:28:27.930856274,1773948507930856274,0.737112803,0.7943420228450434,2144.2,61.289,6.100836153693012,2,2,5.0,4-5,25.885,0.4223433242506812,2143.9,2144.1,1.999999999998181,2143.9,2144.0,0.0,1.999999999998181,2.144,-0.14400000000181912,4.288,-2.2880000000018192,HIT_TARGET,16.071912759,True,16.071912759,True,0.359550999,True,True,15.71236176,True,0.409643469,13.000000000001819
2026-03-19,YOUNG_LEVEL,BID,2026-03-19 19:28:32.267607926,1773948512267607926,1.069302928,1.0,2142.2,49.795,3.9062561286526774,4,4,4.0000000000009095,4-5,17.977999999999998,0.36104026508685605,2142.7,2142.2999999999997,4.0000000000009095,2142.6,2142.7,0.0,4.0000000000009095,2.1424999999999996,1.8575000000009099,4.284999999999999,-0.28499999999908976,TIMEOUT,60.0,False,,True,1.069618389,True,False,,True,2.142465586,42.00000000000273
2026-03-19,YOUNG_LEVEL,ASK,2026-03-19 19:28:45.145638284,1773948525145638284,0.55791923,1.0,2144.3,39.49,3.0497741051087,1,1,3.999999999996362,2-3,19.511,0.49407444922765253,2144.1,2144.2000000000003,1.000000000003638,2144.1,2144.2,0.0,1.000000000003638,2.1441500000000002,-1.1441499999963622,4.2883000000000004,-3.2882999999963625,HIT_TARGET,0.232204737,True,0.232204737,False,,False,False,,False,,0.0
2026-03-19,YOUNG_LEVEL,ASK,2026-03-19 19:30:44.223540226,1773948644223540226,0.867534238,1.0,2141.8,38.076,5.31231252179979,3,3,4.0000000000009095,4-5,13.616999999999999,0.3576268515600378,2141.4,2141.7000000000003,3.000000000001819,2141.4,2141.5,0.0,3.000000000001819,2.14155,0.8584500000018189,4.2831,-1.2830999999981811,HIT_TARGET,0.611462686,True,0.611462686,False,,False,False,,False,,0.0
2026-03-19,YOUNG_LEVEL,ASK,2026-03-19 19:30:44.581247402,1773948644581247402,0.5676188,1.0,2142.0,105.702,11.64567840026442,4,4,4.0000000000009095,4-5,21.133999999999997,0.1999394524228491,2141.5,2141.9,4.0000000000009095,2141.5,2141.6,0.0,4.0000000000009095,2.1416999999999997,1.8583000000009098,4.283399999999999,-0.28339999999908994,HIT_TARGET,0.407245151,True,0.407245151,False,,False,False,,False,,0.0
2026-03-19,YOUNG_LEVEL,BID,2026-03-19 19:31:41.777661417,1773948701777661417,1.273949035,0.8139850123596193,2140.5,81.53,24.82265184959659,7,7,4.0000000000009095,4-5,29.488,0.36168281614129766,2141.3,2140.6,7.0000000000027285,2141.2,2141.3,0.0,7.0000000000027285,2.1409499999999997,4.859050000002728,4.281899999999999,2.718100000002729,HIT_TARGET,0.052404564,True,0.052404564,False,,False,False,,False,,0.0
2026-03-19,YOUNG_LEVEL,BID,2026-03-19 19:33:50.258527964,1773948830258527964,0.946174145,1.0,2145.1,33.379,3.6541682631780614,1,1,4.0000000000009095,4-5,16.647,0.49872674436022646,2145.3,2145.2,1.000000000003638,2145.2,2145.3,0.0,1.000000000003638,2.14525,-1.145249999996362,4.2905,-3.290499999996362,HIT_TARGET,0.053435945,True,0.053435945,False,,False,False,,False,,0.0
2026-03-19,YOUNG_LEVEL,BID,2026-03-19 19:34:22.936879996,1773948862936879996,0.764324963,1.0,2142.5,77.088,9.013504823151125,5,5,8.000000000001819,6+,28.010999999999996,0.36336394769613944,2143.1,2142.6,5.0,2143.0,2143.1,0.0,5.0,2.1428499999999997,2.8571500000000003,4.285699999999999,0.7143000000000006,HIT_TARGET,1.07172261,True,1.07172261,False,,False,False,,False,,0.0
2026-03-19,YOUNG_LEVEL,ASK,2026-03-19 19:40:55.936143126,1773949255936143126,0.505795487,1.0,2147.6,54.493,5.923152173913044,3,3,6.000000000003638,6+,17.734,0.3254362945699448,2147.2,2147.5,3.000000000001819,2147.2,2147.3,0.0,3.000000000001819,2.14735,0.8526500000018191,4.2947,-1.2946999999981808,HIT_TARGET,0.106362235,True,0.106362235,False,,False,False,,False,,0.0
2026-03-19,YOUNG_LEVEL,ASK,2026-03-19 19:46:27.662386031,1773949587662386031,0.503618978,1.0,2146.5,80.8,6.6379133292257135,4,4,7.9999999999972715,6+,13.936,0.1724752475247525,2146.0,2146.4,4.0000000000009095,2146.0,2146.1,0.0,4.0000000000009095,2.1461999999999994,1.85380000000091,4.292399999999999,-0.2923999999990894,HIT_TARGET,1.644214337,True,1.644214337,True,0.726319884,True,True,0.917894453,False,,0.0
2026-03-19,YOUNG_LEVEL,ASK,2026-03-19 19:47:19.914191549,1773949639914191549,1.165978811,1.0,2145.8,55.661,5.185485373579281,4,4,4.0000000000009095,4-5,19.648,0.3529940173550601,2145.3,2145.7000000000003,4.0000000000009095,2145.3,2145.4,0.0,4.0000000000009095,2.1454999999999997,1.8545000000009098,4.2909999999999995,-0.29099999999909,HIT_TARGET,0.471544643,True,0.471544643,False,,False,False,,False,,0.0
2026-03-19,YOUNG_LEVEL,ASK,2026-03-19 19:47:42.883408442,1773949662883408442,0.558771331,1.0,2148.0,49.599,4.016926503340757,3,3,5.9999999999990905,4-5,17.565,0.3541402044396057,2147.6,2147.9,3.000000000001819,2147.6,2147.7,0.0,3.000000000001819,2.14775,0.8522500000018192,4.2955,-1.2954999999981807,HIT_TARGET,3.729595824,True,3.729595824,True,0.257615536,True,True,3.471980288,False,,0.0
2026-03-19,YOUNG_LEVEL,BID,2026-03-19 19:51:11.608774892,1773949871608774892,0.764898019,1.0,2141.7,85.688,9.030721399588977,4,4,4.0000000000009095,4-5,40.626999999999995,0.47412706563346085,2142.2,2141.7999999999997,4.0000000000009095,2142.1,2142.2,0.0,4.0000000000009095,2.142,1.8580000000009096,4.284,-0.2839999999990903,HIT_TARGET,8.880706154,True,8.880706154,True,1.63693385,True,True,7.243772304,True,4.288861919,5.0
2026-03-19,YOUNG_LEVEL,BID,2026-03-19 19:51:20.357335355,1773949880357335355,0.790159816,0.7826715627361136,2141.7,33.387,3.6178143793682613,2,2,6.999999999998181,6+,0.9790000000000001,0.02932279030760476,2142.0,2141.7999999999997,2.0000000000027285,2141.9,2142.0,0.0,2.0000000000027285,2.1418999999999997,-0.1418999999972712,4.283799999999999,-2.283799999997271,HIT_TARGET,0.132145691,True,0.132145691,False,,False,False,,False,,0.0
2026-03-19,YOUNG_LEVEL,BID,2026-03-19 20:00:01.584526824,1773950401584526824,0.515496123,1.0,2140.2,78.636,8.573951916262335,7,7,9.00000000000091,6+,18.905,0.24041151635383287,2141.0,2140.2999999999997,7.0000000000027285,2140.9,2141.0,0.0,7.0000000000027285,2.1406499999999995,4.859350000002729,4.281299999999999,2.7187000000027295,HIT_TARGET,9.843172585,True,9.843172585,True,1.581545798,True,True,8.261626787,True,3.310491473,5.0
2026-03-19,YOUNG_LEVEL,BID,2026-03-19 20:03:50.751895204,1773950630751895204,0.509215297,1.0,2142.8,36.909,3.261232604373758,1,1,4.0000000000009095,4-5,8.69,0.2354439296648514,2143.0,2142.9,0.9999999999990905,2142.9,2143.0,0.0,0.9999999999990905,2.14295,-1.1429500000009094,4.2859,-3.2859000000009093,HIT_TARGET,0.052296776,True,0.052296776,False,,False,False,,False,,0.0
2026-03-19,YOUNG_LEVEL,ASK,2026-03-19 20:06:59.353776338,1773950819353776338,0.76419508,0.994320641268719,2141.3,58.537,3.6199870133885788,4,4,4.0000000000009095,4-5,21.886000000000003,0.37388318499410633,2140.8,2141.2000000000003,4.0000000000009095,2140.8,2140.9,0.0,4.0000000000009095,2.141,1.8590000000009095,4.282,-0.28199999999909053,HIT_TARGET,7.653098504,True,7.653098504,True,6.888780923,True,True,0.764317581,False,,0.0
2026-03-19,YOUNG_LEVEL,ASK,2026-03-19 20:15:04.803027543,1773951304803027543,0.563158613,1.0,2145.5,32.773,3.1535241760885255,2,2,4.0000000000009095,4-5,11.186,0.34131754798157016,2145.2,2145.4,2.0000000000027285,2145.2,2145.3,0.0,2.0000000000027285,2.1453,-0.14529999999727172,4.2906,-2.290599999997272,HIT_TARGET,0.15866487,True,0.15866487,False,,False,False,,False,,0.0
2026-03-19,YOUNG_LEVEL,ASK,2026-03-19 20:19:09.535242698,1773951549535242698,0.530794011,1.0,2144.8,50.304,5.677331979007957,3,3,5.0,4-5,2.856,0.05677480916030534,2144.4,2144.7000000000003,3.000000000001819,2144.4,2144.5,0.0,3.000000000001819,2.1445499999999997,0.8554500000018193,4.2890999999999995,-1.2890999999981805,HIT_TARGET,0.74413846,True,0.74413846,False,,False,False,,False,,0.0
2026-03-19,YOUNG_LEVEL,ASK,2026-03-19 20:37:15.003217510,1773952635003217510,1.484882637,0.9762629684516946,2144.9,57.184,3.631652483170329,3,3,5.0,4-5,25.339,0.4431134583100168,2144.5,2144.8,3.000000000001819,2144.5,2144.6,0.0,3.000000000001819,2.14465,0.855350000001819,4.2893,-1.289299999998181,HIT_TARGET,0.255455903,True,0.255455903,False,,False,False,,False,,0.0
2026-03-19,YOUNG_LEVEL,BID,2026-03-19 20:47:57.398617296,1773953277398617296,0.549625224,1.0,2147.3,35.5,3.3969666523132864,2,2,5.0,4-5,6.459,0.18194366197183098,2147.6,2147.4,1.999999999998181,2147.5,2147.6,0.0,1.999999999998181,2.1475,-0.14750000000181895,4.295,-2.295000000001819,HIT_TARGET,2.074999191,True,2.074999191,False,,False,False,,False,,0.0
2026-03-19,YOUNG_LEVEL,ASK,2026-03-19 20:52:51.210066640,1773953571210066640,0.665437594,0.9943814836526954,2145.3,55.466,8.556926874421475,4,4,4.0000000000009095,4-5,20.832,0.37558143727689036,2144.8,2145.2000000000003,4.0000000000009095,2144.8,2144.9,0.0,4.0000000000009095,2.145,1.8550000000009095,4.29,-0.28999999999909054,HIT_TARGET,3.113561386,True,3.113561386,True,0.046404404,True,True,3.067156982,False,,0.0
2026-03-19,YOUNG_LEVEL,ASK,2026-03-19 21:01:20.719964223,1773954080719964223,0.643700177,1.0,2148.3,72.805,6.019429516329062,5,5,5.0,4-5,29.314,0.40263718151225875,2147.7,2148.2000000000003,5.0000000000045475,2147.7,2147.8,0.0,5.0000000000045475,2.14795,2.8520500000045477,4.2959,0.7041000000045479,HIT_TARGET,28.40667427,True,28.40667427,True,5.430573291,True,True,22.976100979,True,14.36815116,3.000000000001819
2026-03-19,YOUNG_LEVEL,ASK,2026-03-19 21:08:16.514028424,1773954496514028424,0.70131333,1.0,2149.6,78.709,8.342678467327362,3,3,4.0000000000009095,4-5,12.934999999999999,0.1643395291516853,2149.2,2149.5,3.000000000001819,2149.2,2149.3,0.0,3.000000000001819,2.1493499999999996,0.8506500000018193,4.298699999999999,-1.2986999999981803,HIT_TARGET,11.219254396,True,11.219254396,True,0.708062233,True,True,10.511192163,False,,0.0
2026-03-19,YOUNG_LEVEL,ASK,2026-03-19 21:11:16.442044515,1773954676442044515,1.1189956,0.9497336986847849,2155.4,52.496,5.5261855887151965,7,7,5.0,4-5,18.025,0.34335949405669,2154.6,2155.3,7.0000000000027285,2154.6,2154.7,0.0,7.0000000000027285,2.15495,4.845050000002729,4.3099,2.6901000000027286,TIMEOUT,60.0,False,,True,1.074786405,True,False,,True,2.856282868,8.999999999996362
2026-03-19,YOUNG_LEVEL,ASK,2026-03-19 21:12:09.137586012,1773954729137586012,0.51112993,0.8831345055453904,2155.4,55.902,4.142576605283635,4,4,5.0,4-5,18.274,0.3268934921827484,2154.9,2155.3,4.0000000000009095,2154.9,2155.0,0.0,4.0000000000009095,2.1551,1.8449000000009095,4.3102,-0.31019999999909054,HIT_TARGET,51.088049027,True,51.088049027,True,0.735058021,True,True,50.352991006,True,7.858980241,19.00000000000091
2026-03-19,YOUNG_LEVEL,BID,2026-03-19 21:12:18.120426739,1773954738120426739,1.02072599,1.0,2153.2,59.812,7.782953806115809,6,6,10.99999999999909,6+,25.560000000000002,0.42733899551929383,2153.9,2153.2999999999997,6.000000000003638,2153.8,2153.9,0.0,6.000000000003638,2.1536,3.846400000003638,4.3072,1.692800000003638,HIT_TARGET,1.328028104,True,1.328028104,True,0.097535489,True,True,1.230492615,False,,0.9999999999990905
2026-03-19,YOUNG_LEVEL,BID,2026-03-19 21:19:34.699432058,1773955174699432058,0.513594635,1.0,2150.9,36.403,3.294538214398842,1,1,4.0000000000009095,4-5,16.23,0.4458423756283823,2151.1,2151.0,0.9999999999990905,2151.0,2151.1,0.0,0.9999999999990905,2.15105,-1.1510500000009096,4.3021,-3.3021000000009098,HIT_TARGET,0.044784794,True,0.044784794,False,,False,False,,False,,0.0
2026-03-19,YOUNG_LEVEL,ASK,2026-03-19 21:25:20.924252666,1773955520924252666,0.610695211,1.0,2148.1,39.054,4.231661068371438,2,2,4.0000000000009095,4-5,4.654,0.11916833102883187,2147.8,2148.0,1.999999999998181,2147.8,2147.9,0.0,1.999999999998181,2.1479,-0.1479000000018189,4.2958,-2.295800000001819,HIT_TARGET,6.075995467,True,6.075995467,True,0.344148381,True,True,5.731847086,False,,0.0
2026-03-19,YOUNG_LEVEL,ASK,2026-03-19 21:30:03.389547988,1773955803389547988,0.65231748,1.0,2150.7,92.219,8.243775979975863,7,7,10.0,6+,44.974000000000004,0.48768691918151363,2149.9,2150.6,6.999999999998181,2149.9,2150.0,0.0,6.999999999998181,2.1502499999999998,4.849749999998181,4.3004999999999995,2.6994999999981815,HIT_TARGET,19.395491931,True,19.395491931,True,0.348234657,True,True,19.047257274,False,,0.0
2026-03-19,YOUNG_LEVEL,ASK,2026-03-19 21:30:03.645625920,1773955803645625920,1.991198624,0.9360174256528614,2150.6,27.807,3.160425072455532,6,6,10.0,6+,10.218,0.36746143057503505,2149.9,2150.5,5.9999999999990905,2149.9,2150.0,0.0,5.9999999999990905,2.1502,3.8497999999990906,4.3004,1.6995999999990907,HIT_TARGET,19.139413999,True,19.139413999,True,17.658343014,True,True,1.481070985,False,,0.0
2026-03-19,YOUNG_LEVEL,ASK,2026-03-19 21:30:05.621234216,1773955805621234216,1.09226018,1.0,2150.6,53.823,3.571651348750788,2,2,4.0000000000009095,4-5,9.848,0.18297010571688685,2150.3,2150.5,1.999999999998181,2150.3,2150.4,0.0,1.999999999998181,2.1504,-0.15040000000181886,4.3008,-2.3008000000018187,HIT_TARGET,17.163805703,True,17.163805703,True,15.428742299,True,True,1.735063404,False,,0.0
2026-03-19,YOUNG_LEVEL,BID,2026-03-19 21:31:01.228665783,1773955861228665783,1.428976941,0.9990320417633667,2149.1,61.256,9.268573157815101,4,4,5.9999999999990905,4-5,27.471,0.4484621914587959,2149.6,2149.2,4.0000000000009095,2149.5,2149.6,0.0,4.0000000000009095,2.1493999999999995,1.85060000000091,4.298799999999999,-0.29879999999908957,HIT_TARGET,9.847760808,True,9.847760808,False,,False,False,,False,,0.0
2026-03-19,YOUNG_LEVEL,BID,2026-03-19 21:37:51.498108048,1773956271498108048,1.426632827,1.0,2148.1,57.551,3.621267893660532,2,2,3.999999999996362,2-3,19.193,0.3334955083317406,2148.4,2148.2,2.0000000000027285,2148.3,2148.4,0.0,2.0000000000027285,2.1483,-0.1482999999972714,4.2966,-2.2965999999972713,DATA_GAP,33.442795006,False,,True,3.934461987,True,False,,True,9.334853268,3.999999999996362
2026-03-19,YOUNG_LEVEL,ASK,2026-03-19 21:38:47.535491271,1773956327535491271,0.538643085,1.0,2150.1,50.883,4.8789912743311925,1,1,4.0000000000009095,4-5,11.171,0.21954287286520052,2149.9,2150.0,0.9999999999990905,2149.9,2150.0,0.0,0.9999999999990905,2.1499499999999996,-1.149950000000909,4.299899999999999,-3.2999000000009087,HIT_TARGET,0.07938856,True,0.07938856,False,,False,False,,False,,0.0
2026-03-19,YOUNG_LEVEL,BID,2026-03-19 21:39:25.636371871,1773956365636371871,0.555884279,1.0,2149.0,79.534,13.924019607843139,3,3,5.0,4-5,20.177,0.25369024568109233,2149.4,2149.1,3.000000000001819,2149.3,2149.4,0.0,3.000000000001819,2.14925,0.8507500000018191,4.2985,-1.2984999999981808,HIT_TARGET,34.620354458,True,34.620354458,True,13.381737506,True,True,21.238616952,False,,0.0
2026-03-19,YOUNG_LEVEL,BID,2026-03-19 21:41:10.818549848,1773956470818549848,0.707669074,1.0,2147.8,73.539,9.399757141944145,5,5,8.999999999996362,6+,31.229999999999997,0.42467262269000117,2148.4,2147.9,5.0,2148.3,2148.4,0.0,5.0,2.14815,2.85185,4.2963,0.7037000000000004,HIT_TARGET,0.56437849,True,0.56437849,False,,False,False,,False,,0.0
2026-03-19,YOUNG_LEVEL,BID,2026-03-19 21:42:34.785889609,1773956554785889609,0.612619778,1.0,2149.8,32.616,3.0764006791171474,2,2,5.9999999999990905,4-5,9.94,0.30475840078489086,2150.1,2149.9,1.999999999998181,2150.0,2150.1,0.0,1.999999999998181,2.15,-0.1500000000018189,4.3,-2.300000000001819,TIMEOUT,60.0,False,,True,18.633767947,True,False,,False,,0.0
2026-03-19,YOUNG_LEVEL,ASK,2026-03-19 21:45:58.351228842,1773956758351228842,0.528885646,1.0,2148.8,51.325,5.575168368455356,3,3,5.0,4-5,23.129,0.45063809059912324,2148.4,2148.7000000000003,3.000000000001819,2148.4,2148.5,0.0,3.000000000001819,2.14855,0.8514500000018188,4.2971,-1.2970999999981814,HIT_TARGET,2.418060721,True,2.418060721,True,0.385947672,True,True,2.032113049,False,,0.0
2026-03-19,YOUNG_LEVEL,BID,2026-03-19 21:50:01.747569749,1773957001747569749,0.509479822,1.0,2147.1,50.305,4.294983991462113,1,1,7.0000000000027285,6+,2.328,0.04627770599344001,2147.3,2147.2,1.000000000003638,2147.2,2147.3,0.0,1.000000000003638,2.1472499999999997,-1.1472499999963617,4.294499999999999,-3.2944999999963613,HIT_TARGET,0.050955589,True,0.050955589,False,,False,False,,False,,0.0
2026-03-19,YOUNG_LEVEL,BID,2026-03-19 21:50:03.170597120,1773957003170597120,0.911939196,0.8333464668843996,2146.2,42.546,6.277999114652502,4,4,13.000000000001819,6+,16.921,0.39771071311051565,2146.7,2146.2999999999997,4.0000000000009095,2146.6,2146.7,0.0,4.0000000000009095,2.1465,1.8535000000009094,4.293,-0.29299999999909065,HIT_TARGET,0.158850066,True,0.158850066,False,,False,False,,False,,0.0
2026-03-19,YOUNG_LEVEL,BID,2026-03-19 21:52:29.396958736,1773957149396958736,0.619638296,1.0,2147.3,44.664,4.413656801225357,3,3,8.000000000001819,6+,7.523,0.16843542898083466,2147.7,2147.4,2.9999999999972715,2147.6,2147.7,0.0,2.9999999999972715,2.1475500000000003,0.8524499999972712,4.295100000000001,-1.295100000002729,HIT_TARGET,1.73516301,True,1.73516301,False,,False,False,,False,,0.0
2026-03-19,YOUNG_LEVEL,ASK,2026-03-19 21:55:47.436351343,1773957347436351343,0.517608327,1.0,2154.1,94.505,7.286992057984424,4,4,7.9999999999972715,6+,36.419,0.3853658536585366,2153.6,2154.0,4.0000000000009095,2153.6,2153.7,0.0,4.0000000000009095,2.1538,1.8462000000009096,4.3076,-0.3075999999990904,TIMEOUT,60.0,False,,True,2.395183491,True,False,,True,10.568123459,18.999999999996362
2026-03-19,YOUNG_LEVEL,BID,2026-03-19 21:57:47.672332148,1773957467672332148,0.51256485,1.0,2152.0,84.492,8.518197398931344,6,6,4.0000000000009095,4-5,16.6,0.19646830469156845,2152.7,2152.1,5.9999999999990905,2152.6,2152.7,0.0,5.9999999999990905,2.1523999999999996,3.847599999999091,4.304799999999999,1.6951999999990912,HIT_TARGET,11.803222135,True,11.803222135,True,0.048015284,True,True,11.755206851,False,,0.0
2026-03-19,YOUNG_LEVEL,ASK,2026-03-19 22:02:24.827962402,1773957744827962402,0.541601046,1.0,2150.5,89.106,8.76294438707774,5,5,4.0000000000009095,4-5,28.23,0.31681368258029763,2149.9,2150.4,5.0,2149.9,2150.0,0.0,5.0,2.15015,2.84985,4.3003,0.6997,HIT_TARGET,9.826764732,True,9.826764732,False,,False,False,,False,,0.0
2026-03-19,YOUNG_LEVEL,ASK,2026-03-19 22:07:25.662817105,1773958045662817105,0.561161299,1.0,2147.1,50.125,3.4445437053326002,4,4,5.9999999999990905,4-5,24.369,0.4861645885286783,2146.6,2147.0,4.0000000000009095,2146.6,2146.7,0.0,4.0000000000009095,2.1468,1.8532000000009097,4.2936,-0.29359999999909014,HIT_TARGET,0.458298975,True,0.458298975,False,,False,False,,False,,0.0
2026-03-19,YOUNG_LEVEL,ASK,2026-03-19 22:19:50.018266443,1773958790018266443,1.374783851,0.9465187695167362,2152.8,37.586,3.5004423748544817,3,3,4.0000000000009095,4-5,0.8,0.021284520832224766,2152.4,2152.7000000000003,3.000000000001819,2152.4,2152.5,0.0,3.000000000001819,2.15255,0.8474500000018188,4.3051,-1.3050999999981814,HIT_TARGET,0.05297961,True,0.05297961,False,,False,False,,False,,0.0
2026-03-19,YOUNG_LEVEL,BID,2026-03-19 22:30:20.936103596,1773959420936103596,0.67493537,0.9124176008141343,2149.2,33.679,3.677951294091952,1,1,3.999999999996362,2-3,1.996,0.05926541761928798,2149.4,2149.2999999999997,1.000000000003638,2149.3,2149.4,0.0,1.000000000003638,2.1493499999999996,-1.1493499999963617,4.298699999999999,-3.2986999999963613,HIT_TARGET,0.100030984,True,0.100030984,False,,False,False,,False,,0.0
2026-03-19,YOUNG_LEVEL,ASK,2026-03-19 22:31:10.328574758,1773959470328574758,1.125587552,0.8181378075510203,2148.1,111.32,14.152946411544084,6,6,4.0000000000009095,4-5,28.944,0.2600071864893999,2147.4,2148.0,5.9999999999990905,2147.4,2147.5,0.0,5.9999999999990905,2.1477,3.8522999999990906,4.2954,1.7045999999990906,HIT_TARGET,1.787229863,True,1.787229863,True,0.258637615,True,True,1.528592248,False,,0.0
2026-03-19,YOUNG_LEVEL,BID,2026-03-19 22:36:30.603233203,1773959790603233203,0.911884678,1.0,2133.0,28.81,3.177106307895898,3,3,3.999999999996362,2-3,13.705,0.47570288094411667,2133.4,2133.1,3.000000000001819,2133.3,2133.4,0.0,3.000000000001819,2.13325,0.8667500000018191,4.2665,-1.2664999999981807,TIMEOUT,60.0,False,,True,0.240308127,True,False,,True,2.976239006,32.99999999999727
2026-03-19,YOUNG_LEVEL,ASK,2026-03-19 22:37:32.885680836,1773959852885680836,0.61203945,1.0,2137.2,36.734,3.3968929165896062,1,1,5.0,4-5,6.574,0.17896226928730874,2137.0,2137.1,0.9999999999990905,2137.0,2137.1,0.0,0.9999999999990905,2.13705,-1.1370500000009094,4.2741,-3.2741000000009093,HIT_TARGET,0.057159039,True,0.057159039,False,,False,False,,False,,0.0
2026-03-19,YOUNG_LEVEL,ASK,2026-03-19 22:44:55.272718574,1773960295272718574,0.554634385,1.0,2139.3,61.253,5.63220081835318,3,3,4.0000000000009095,4-5,11.893999999999998,0.1941782443308899,2138.9,2139.2000000000003,3.000000000001819,2138.9,2139.0,0.0,3.000000000001819,2.13905,0.8609500000018189,4.2781,-1.2780999999981812,HIT_TARGET,33.08377081,True,33.08377081,True,4.956043978,True,True,28.127726832,True,5.213028046,5.0
2026-03-19,YOUNG_LEVEL,BID,2026-03-19 22:45:00.635456983,1773960300635456983,0.506681248,1.0,2138.2,49.538,4.692431561996779,4,4,4.0000000000009095,4-5,18.803,0.37956720093665475,2138.7,2138.2999999999997,4.0000000000009095,2138.6,2138.7,0.0,4.0000000000009095,2.1385,1.8615000000009094,4.277,-0.27699999999909064,HIT_TARGET,50.462919558,True,50.462919558,True,16.694088548,True,True,33.76883101,True,27.721032401,15.0
2026-03-19,YOUNG_LEVEL,ASK,2026-03-19 22:48:07.706914483,1773960487706914483,0.525495205,1.0,2137.0,76.391,18.843364578194375,4,4,5.9999999999990905,4-5,23.975,0.31384587189590396,2136.5,2136.9,4.0000000000009095,2136.5,2136.6,0.0,4.0000000000009095,2.1366999999999994,1.8633000000009101,4.273399999999999,-0.27339999999908926,HIT_TARGET,6.569674461,True,6.569674461,True,1.618636909,True,True,4.951037552,False,,0.0
2026-03-19,YOUNG_LEVEL,ASK,2026-03-19 22:55:55.784584087,1773960955784584087,1.686788559,0.9423704764409657,2138.4,33.774,5.413367526847251,2,2,3.999999999996362,2-3,0.537,0.015899804583407354,2138.1,2138.3,2.0000000000027285,2138.1,2138.2,0.0,2.0000000000027285,2.1382,-0.1381999999972714,4.2764,-2.2763999999972713,HIT_TARGET,0.923965375,True,0.923965375,False,,False,False,,False,,0.0
2026-03-19,YOUNG_LEVEL,ASK,2026-03-19 23:00:45.159254938,1773961245159254938,0.500977943,0.917667133700535,2143.2,35.802,3.119320409496842,1,1,10.99999999999909,6+,2.799,0.07817998994469583,2143.0,2143.1,0.9999999999990905,2143.0,2143.1,0.0,0.9999999999990905,2.14305,-1.1430500000009096,4.2861,-3.2861000000009097,HIT_TARGET,0.015800031,True,0.015800031,False,,False,False,,False,,0.0
2026-03-19,YOUNG_LEVEL,ASK,2026-03-19 23:02:40.183783051,1773961360183783051,0.667419735,1.0,2143.7,96.987,9.427654921020656,4,4,4.0000000000009095,4-5,36.467,0.37599884520605853,2143.2,2143.6,4.0000000000009095,2143.2,2143.3,0.0,4.0000000000009095,2.1433999999999997,1.8566000000009097,4.2867999999999995,-0.28679999999909,HIT_TARGET,0.305459298,True,0.305459298,False,,False,False,,False,,0.0
2026-03-19,YOUNG_LEVEL,ASK,2026-03-19 23:07:41.870861299,1773961661870861299,0.554419518,1.0,2147.8,86.111,7.283962104550838,5,5,9.00000000000091,6+,31.689,0.3680017651635679,2147.2,2147.7000000000003,5.0000000000045475,2147.2,2147.3,0.0,5.0000000000045475,2.1474499999999996,2.852550000004548,4.294899999999999,0.7051000000045482,HIT_TARGET,8.331031617,True,8.331031617,True,1.233697188,True,True,7.097334429,False,,0.0
2026-03-19,YOUNG_LEVEL,ASK,2026-03-19 23:10:13.893595831,1773961813893595831,0.768295807,1.0,2147.0,75.012,5.915772870662461,2,2,4.0000000000009095,4-5,6.434,0.08577294299578735,2146.7,2146.9,2.0000000000027285,2146.7,2146.8,0.0,2.0000000000027285,2.1468,-0.14679999999727134,4.2936,-2.293599999997271,TIMEOUT,60.0,False,,True,2.301691415,True,False,,True,3.615330526,20.0
2026-03-19,YOUNG_LEVEL,BID,2026-03-19 23:17:22.413735890,1773962242413735890,0.57488235,1.0,2143.1,35.993,3.194266950656727,1,1,4.0000000000009095,4-5,13.337,0.37054427249743005,2143.3,2143.2,1.000000000003638,2143.2,2143.3,0.0,1.000000000003638,2.1432499999999997,-1.1432499999963617,4.286499999999999,-3.2864999999963613,HIT_TARGET,0.021881132,True,0.021881132,False,,False,False,,False,,0.0
2026-03-19,YOUNG_LEVEL,BID,2026-03-19 23:18:32.719606810,1773962312719606810,1.019963078,0.7901878022686621,2141.3,74.122,12.00453478014414,2,2,20.99999999999909,6+,35.078,0.47324680931437363,2141.6,2141.4,1.999999999998181,2141.5,2141.6,0.0,1.999999999998181,2.1414999999999997,-0.14150000000181873,4.2829999999999995,-2.2830000000018185,HIT_TARGET,39.202098405,True,39.202098405,True,8.087129856,True,True,31.114968549,True,7.7610169,5.9999999999990905
2026-03-19,YOUNG_LEVEL,ASK,2026-03-19 23:18:43.115023476,1773962323115023476,0.645982381,0.958801106991802,2142.4,53.46,3.6930091185410334,2,2,5.0,4-5,23.636000000000003,0.4421249532360644,2142.1,2142.3,2.0000000000027285,2142.1,2142.2,0.0,2.0000000000027285,2.1422,-0.1421999999972714,4.2844,-2.2843999999972713,TIMEOUT,60.0,False,,True,0.934155041,True,False,,True,20.68508122,20.99999999999909
2026-03-19,YOUNG_LEVEL,ASK,2026-03-19 23:24:32.526283148,1773962672526283148,0.659937493,1.0,2137.7,79.809,7.719591816994728,5,5,3.999999999996362,2-3,35.282,0.4420804671152376,2137.1,2137.6,5.0,2137.1,2137.2,0.0,5.0,2.1373499999999996,2.8626500000000004,4.274699999999999,0.7253000000000007,HIT_TARGET,12.864217337,True,12.864217337,True,0.052588381,True,True,12.811628956,False,,0.0
2026-03-19,YOUNG_LEVEL,ASK,2026-03-19 23:24:54.793228367,1773962694793228367,0.524990458,1.0,2138.5,47.856,3.33108272717781,2,2,4.0000000000009095,4-5,20.52,0.42878635907723167,2138.2,2138.4,2.0000000000027285,2138.2,2138.3,0.0,2.0000000000027285,2.1383,-0.1382999999972716,4.2766,-2.2765999999972717,HIT_TARGET,0.14201106,True,0.14201106,False,,False,False,,False,,0.0
2026-03-19,YOUNG_LEVEL,BID,2026-03-19 23:34:49.745005383,1773963289745005383,0.520898075,1.0,2137.9,106.159,10.763358004663896,4,4,3.999999999996362,2-3,43.38,0.4086323345170923,2138.4,2138.0,4.0000000000009095,2138.3,2138.4,0.0,4.0000000000009095,2.1382,1.8618000000009096,4.2764,-0.27639999999909026,HIT_TARGET,1.060787347,True,1.060787347,False,,False,False,,False,,0.0
2026-03-19,YOUNG_LEVEL,BID,2026-03-19 23:39:50.283122102,1773963590283122102,0.511046695,1.0,2134.2,55.806,6.295093062605752,5,5,5.0,4-5,25.076999999999998,0.44936028384044724,2134.8,2134.2999999999997,5.0000000000045475,2134.7,2134.8,0.0,5.0000000000045475,2.13455,2.8654500000045475,4.2691,0.7309000000045476,HIT_TARGET,1.478501227,True,1.478501227,False,,False,False,,False,,0.0
2026-03-19,YOUNG_LEVEL,BID,2026-03-19 23:39:51.862143993,1773963591862143993,0.510735374,0.9435346963063498,2133.9,54.257,4.8510885600607985,3,3,9.00000000000091,6+,26.298000000000002,0.48469321930810777,2134.3,2134.0,3.000000000001819,2134.2,2134.3,0.0,3.000000000001819,2.13415,0.865850000001819,4.2683,-1.268299999998181,HIT_TARGET,1.989661664,True,1.989661664,False,,False,False,,False,,1.000000000003638
2026-03-19,YOUNG_LEVEL,BID,2026-03-19 23:39:57.016527104,1773963597016527104,0.522957437,1.0,2132.2,77.362,6.753557398515931,5,5,12.000000000002728,6+,30.567,0.3951164654481529,2132.8,2132.2999999999997,5.0000000000045475,2132.7,2132.8,0.0,5.0000000000045475,2.13255,2.8674500000045473,4.2651,0.7349000000045471,HIT_TARGET,0.102154963,True,0.102154963,False,,False,False,,False,,0.0
2026-03-19,YOUNG_LEVEL,ASK,2026-03-19 23:40:03.138932115,1773963603138932115,0.505223173,0.9921981349814293,2132.6,102.113,10.745343575712933,4,4,3.999999999996362,2-3,18.918,0.1852653432961523,2132.1,2132.5,4.0000000000009095,2132.1,2132.2,0.0,4.0000000000009095,2.1323000000000003,1.8677000000009092,4.264600000000001,-0.2645999999990911,HIT_TARGET,3.835487394,True,3.835487394,True,0.965509605,True,True,2.869977789,False,,0.0
2026-03-19,YOUNG_LEVEL,ASK,2026-03-19 23:41:05.724036362,1773963665724036362,0.565965661,1.0,2133.7,74.64,5.680365296803653,4,4,6.000000000003638,6+,31.606,0.4234458735262594,2133.2,2133.6,4.0000000000009095,2133.2,2133.3,0.0,4.0000000000009095,2.1333999999999995,1.86660000000091,4.266799999999999,-0.26679999999908954,HIT_TARGET,9.238631269,True,9.238631269,True,1.482145471,True,True,7.756485798,False,,0.0
2026-03-19,YOUNG_LEVEL,ASK,2026-03-19 23:41:15.922330916,1773963675922330916,0.554899203,1.0,2134.4,51.01,3.3298518180037857,3,3,7.9999999999972715,6+,24.288,0.4761419329543227,2134.0,2134.3,3.000000000001819,2134.0,2134.1,0.0,3.000000000001819,2.13415,0.865850000001819,4.2683,-1.268299999998181,HIT_TARGET,8.434639384,True,8.434639384,True,2.202114705,True,True,6.232524679,False,,0.0
2026-03-19,YOUNG_LEVEL,ASK,2026-03-19 23:43:47.369304533,1773963827369304533,0.561848452,1.0,2133.6,76.905,5.450389794472006,4,4,5.0,4-5,32.422,0.4215850724920356,2133.1,2133.5,4.0000000000009095,2133.1,2133.2,0.0,4.0000000000009095,2.1333,1.8667000000009093,4.2666,-0.2665999999990909,HIT_TARGET,0.958076433,True,0.958076433,True,0.454553668,True,True,0.503522765,False,,0.0
2026-03-19,YOUNG_LEVEL,ASK,2026-03-19 23:43:48.327380966,1773963828327380966,0.503522765,1.0,2133.8,77.98,7.195386389850059,3,3,5.0,4-5,9.968,0.12782764811490124,2133.4,2133.7000000000003,3.000000000001819,2133.4,2133.5,0.0,3.000000000001819,2.13355,0.8664500000018189,4.2671,-1.2670999999981811,HIT_TARGET,29.411906397,True,29.411906397,True,0.050701994,True,True,29.361204403,True,12.667351699,5.0
2026-03-19,YOUNG_LEVEL,ASK,2026-03-19 23:45:28.778748574,1773963928778748574,0.557230305,0.8225162735899656,2134.8,94.188,10.896974605194655,2,2,6.999999999998181,6+,46.039,0.4887989977491825,2134.5,2134.7000000000003,2.0000000000027285,2134.5,2134.6,0.0,2.0000000000027285,2.1346000000000003,-0.1345999999972718,4.2692000000000005,-2.269199999997272,HIT_TARGET,10.980085375,True,10.980085375,True,3.468413777,True,True,7.511671598,False,,0.0
2026-03-19,YOUNG_LEVEL,BID,2026-03-19 23:51:49.838746053,1773964309838746053,0.507062958,1.0,2134.7,111.04,11.20088767841832,4,4,5.9999999999990905,4-5,53.602,0.48272694524495674,2135.2,2134.7999999999997,4.0000000000009095,2135.1,2135.2,0.0,4.0000000000009095,2.135,1.8650000000009097,4.27,-0.2699999999990901,TIMEOUT,60.0,False,,True,0.617895335,True,False,,True,0.719691328,15.0
2026-03-19,YOUNG_LEVEL,ASK,2026-03-19 23:52:05.102117320,1773964325102117320,1.886560419,1.0,2137.0,80.648,7.111503020149023,5,5,5.9999999999990905,4-5,25.692,0.3185695863505605,2136.4,2136.9,5.0,2136.4,2136.5,0.0,5.0,2.13665,2.86335,4.2733,0.7267000000000001,TIMEOUT,60.0,False,,True,0.049762456,True,False,,False,,1.999999999998181
2026-03-19,YOUNG_LEVEL,BID,2026-03-19 23:54:02.737865943,1773964442737865943,0.554828417,1.0,2137.0,37.064,6.474626604943663,1,1,4.0000000000009095,4-5,6.006,0.16204403194474423,2137.2,2137.1,0.9999999999990905,2137.1,2137.2,0.0,0.9999999999990905,2.1371499999999997,-1.1371500000009092,4.274299999999999,-3.274300000000909,HIT_TARGET,0.049412946,True,0.049412946,False,,False,False,,False,,0.0
2026-03-19,YOUNG_LEVEL,BID,2026-03-19 23:55:55.114454599,1773964555114454599,1.990489802,0.9973620246661279,2137.7,73.259,10.725276334089743,4,4,9.00000000000091,6+,36.295,0.4954340081082188,2138.2,2137.7999999999997,4.0000000000009095,2138.1,2138.2,0.0,4.0000000000009095,2.138,1.8620000000009096,4.276,-0.2759999999990903,TIMEOUT,60.0,False,,True,20.167131476,True,False,,True,18.482885888,17.00000000000273
2026-03-19,YOUNG_LEVEL,ASK,2026-03-19 23:56:23.283071138,1773964583283071138,0.549976389,1.0,2139.3,36.027,3.1620660903146534,2,2,5.9999999999990905,4-5,6.591,0.18294612374052793,2139.0,2139.2000000000003,2.0000000000027285,2139.0,2139.1,0.0,2.0000000000027285,2.1391000000000004,-0.13909999999727196,4.278200000000001,-2.2781999999972724,HIT_TARGET,0.772071589,True,0.772071589,False,,False,False,,False,,0.0
2026-03-19,YOUNG_LEVEL,ASK,2026-03-19 23:56:41.167564674,1773964601167564674,1.990734012,0.9971538628637244,2139.9,63.596,4.327288810260947,1,1,5.0,4-5,14.538,0.22859928297377194,2139.7,2139.8,1.000000000003638,2139.7,2139.8,0.0,1.000000000003638,2.13975,-1.1397499999963618,4.2795,-3.2794999999963617,HIT_TARGET,0.049376116,True,0.049376116,False,,False,False,,False,,0.0
2026-03-19,YOUNG_LEVEL,BID,2026-03-19 23:57:09.662584995,1773964629662584995,0.650925477,0.8860857584776943,2138.6,40.72,5.269833052931279,3,3,5.0,4-5,8.73,0.21439096267190572,2139.0,2138.7,3.000000000001819,2138.9,2139.0,0.0,3.000000000001819,2.1388499999999997,0.8611500000018193,4.277699999999999,-1.2776999999981804,HIT_TARGET,16.132868736,True,16.132868736,True,4.68988088,True,True,11.442987856,False,,0.0
2026-03-19,YOUNG_LEVEL,BID,2026-03-19 23:58:41.389344922,1773964721389344922,0.50072353,1.0,2137.2,37.095,5.637966410821491,2,2,5.9999999999990905,4-5,5.204000000000001,0.14028844857797548,2137.5,2137.2999999999997,2.0000000000027285,2137.4,2137.5,0.0,2.0000000000027285,2.1373999999999995,-0.13739999999727104,4.274799999999999,-2.2747999999972706,HIT_TARGET,19.102991669,True,19.102991669,True,4.347375155,True,True,14.755616514,False,,0.0
2026-03-20,YOUNG_LEVEL,ASK,2026-03-20 00:00:08.378014890,1773964808378014890,1.065949234,1.0,2139.1,87.72,8.740534077321643,6,6,5.0,4-5,40.495999999999995,0.4616507067943456,2138.4,2139.0,5.9999999999990905,2138.4,2138.5,0.0,5.9999999999990905,2.1386999999999996,3.861299999999091,4.277399999999999,1.7225999999990913,HIT_TARGET,54.422529876,True,54.422529876,True,0.454928892,True,True,53.967600984,False,,0.0
2026-03-20,YOUNG_LEVEL,ASK,2026-03-20 00:00:09.119887222,1773964809119887222,0.686391617,0.9738955931916633,2138.9,36.865,4.5417025994825675,4,4,5.0,4-5,0.725,0.0196663501966635,2138.4,2138.8,4.0000000000009095,2138.4,2138.5,0.0,4.0000000000009095,2.1386000000000003,1.8614000000009092,4.277200000000001,-0.27719999999909106,HIT_TARGET,45.647759966,True,45.647759966,True,2.630534797,True,True,43.017225169,False,,0.0
2026-03-20,YOUNG_LEVEL,BID,2026-03-20 00:01:07.766464192,1773964867766464192,1.343881656,1.0,2138.1,30.394,3.814029363784665,5,5,8.000000000001819,6+,14.636,0.4815424096861223,2138.7,2138.2,5.0,2138.6,2138.7,0.0,5.0,2.1384499999999997,2.8615500000000003,4.2768999999999995,0.7231000000000005,HIT_TARGET,24.273693163,True,24.273693163,True,7.436326313,True,True,16.83736685,False,,0.0
2026-03-20,YOUNG_LEVEL,ASK,2026-03-20 00:03:00.652758833,1773964980652758833,1.297358486,1.0,2138.1,77.192,7.120704764540381,4,4,3.999999999996362,2-3,25.386000000000003,0.3288682765053374,2137.6,2138.0,4.0000000000009095,2137.6,2137.7,0.0,4.0000000000009095,2.1378,1.8622000000009096,4.2756,-0.27559999999909035,HIT_TARGET,2.806683527,True,2.806683527,True,0.154104501,True,True,2.652579026,False,,0.0
2026-03-20,YOUNG_LEVEL,BID,2026-03-20 00:03:52.902639034,1773965032902639034,0.583440074,1.0,2135.5,29.137,3.216714506513579,2,2,6.000000000003638,6+,13.001,0.4462024230360023,2135.8,2135.6,2.0000000000027285,2135.7,2135.8,0.0,2.0000000000027285,2.1356999999999995,-0.135699999997271,4.271399999999999,-2.2713999999972705,HIT_TARGET,4.057352671,True,4.057352671,True,0.957796832,True,True,3.099555839,False,,0.0
2026-03-20,YOUNG_LEVEL,ASK,2026-03-20 00:04:06.553764442,1773965046553764442,0.507329,1.0,2136.1,108.785,10.674614856245707,2,2,7.0000000000027285,6+,32.752,0.30107091970400335,2135.8,2136.0,1.999999999998181,2135.8,2135.9,0.0,1.999999999998181,2.1359,-0.1359000000018189,4.2718,-2.271800000001819,HIT_TARGET,6.483426434,True,6.483426434,True,0.867042384,True,True,5.61638405,False,,0.0
2026-03-20,YOUNG_LEVEL,ASK,2026-03-20 00:05:05.083323911,1773965105083323911,1.225413742,0.7964271858149278,2137.0,70.687,7.849314307922936,3,3,5.9999999999990905,4-5,25.832,0.3654420190416909,2136.6,2136.9,3.000000000001819,2136.6,2136.7,0.0,3.000000000001819,2.1367499999999997,0.8632500000018193,4.273499999999999,-1.2734999999981804,HIT_TARGET,3.681263187,True,3.681263187,True,0.103832432,True,True,3.577430755,False,,0.0
2026-03-20,YOUNG_LEVEL,ASK,2026-03-20 00:05:40.188434776,1773965140188434776,0.714504367,1.0,2137.1,104.434,7.792709771294257,5,5,4.0000000000009095,4-5,45.027,0.43115268973705884,2136.5,2137.0,5.0,2136.5,2136.6,0.0,5.0,2.1367499999999997,2.8632500000000003,4.273499999999999,0.7265000000000006,HIT_TARGET,2.526116043,True,2.526116043,True,0.179257206,True,True,2.346858837,False,,0.0
2026-03-20,YOUNG_LEVEL,ASK,2026-03-20 00:05:43.223112185,1773965143223112185,0.508561366,1.0,2137.9,63.069,7.152302109321841,5,5,8.000000000001819,6+,28.895000000000003,0.45814901140021247,2137.3,2137.8,5.0,2137.3,2137.4,0.0,5.0,2.13755,2.86245,4.2751,0.7248999999999999,HIT_TARGET,0.154310098,True,0.154310098,False,,False,False,,False,,0.0
2026-03-20,YOUNG_LEVEL,ASK,2026-03-20 00:06:23.553424416,1773965183553424416,0.560036279,1.0,2139.2,46.129,3.149274620242362,1,1,5.0,4-5,7.818,0.16948123739946672,2139.0,2139.1,0.9999999999990905,2139.0,2139.1,0.0,0.9999999999990905,2.13905,-1.1390500000009096,4.2781,-3.2781000000009097,HIT_TARGET,0.103535986,True,0.103535986,False,,False,False,,False,,0.0
2026-03-20,YOUNG_LEVEL,BID,2026-03-20 00:07:58.841376249,1773965278841376249,0.502978803,1.0,2139.4,79.337,14.75625406863201,5,5,5.0,4-5,27.819,0.3506434576553184,2140.0,2139.5,5.0,2139.9,2140.0,0.0,5.0,2.13975,2.86025,4.2795,0.7205000000000004,TIMEOUT,60.0,False,,True,0.926438859,True,False,,True,3.272230098,35.0
2026-03-20,YOUNG_LEVEL,BID,2026-03-20 00:08:06.602968030,1773965286602968030,0.539072275,0.711961241189783,2139.4,55.971,9.468155290535396,4,4,5.0,4-5,26.198999999999998,0.4680816851583856,2139.9,2139.5,4.0000000000009095,2139.8,2139.9,0.0,4.0000000000009095,2.1397,1.8603000000009096,4.2794,-0.2793999999990904,TIMEOUT,60.0,False,,True,9.142508014,True,False,,True,9.193645506,42.99999999999727
2026-03-20,YOUNG_LEVEL,BID,2026-03-20 00:08:39.788259674,1773965319788259674,1.751612302,1.0,2141.8,79.635,7.85161449346808,4,4,6.000000000003638,6+,20.92,0.2626985621899918,2142.3,2141.9,4.0000000000009095,2142.2,2142.3,0.0,4.0000000000009095,2.1421,1.8579000000009094,4.2842,-0.28419999999909074,HIT_TARGET,0.255457969,True,0.255457969,False,,False,False,,False,,0.0
2026-03-20,YOUNG_LEVEL,BID,2026-03-20 00:08:41.013367198,1773965321013367198,1.632520258,1.0,2141.4,31.109,3.0112283418836516,3,3,9.00000000000091,6+,13.332,0.4285576521263943,2141.8,2141.5,3.000000000001819,2141.7,2141.8,0.0,3.000000000001819,2.1416500000000003,0.8583500000018187,4.2833000000000006,-1.2832999999981816,TIMEOUT,60.0,False,,True,10.26022703,True,False,,True,9.43000514,26.000000000003638
2026-03-20,YOUNG_LEVEL,ASK,2026-03-20 00:10:04.113705125,1773965404113705125,0.510110782,0.8947044428478675,2145.2,40.365,4.845447452133726,3,3,18.00000000000182,6+,11.7,0.28985507246376807,2144.8,2145.1,2.9999999999972715,2144.8,2144.9,0.0,2.9999999999972715,2.1449499999999997,0.8550499999972718,4.289899999999999,-1.2899000000027279,HIT_TARGET,19.956013257,True,19.956013257,True,0.254808265,True,True,19.701204992,False,,0.0
2026-03-20,YOUNG_LEVEL,BID,2026-03-20 00:12:04.034062307,1773965524034062307,0.531562747,1.0,2143.9,53.233,8.496887470071826,3,3,4.0000000000009095,4-5,18.758,0.3523754062329758,2144.3,2144.0,3.000000000001819,2144.2,2144.3,0.0,3.000000000001819,2.1441500000000002,0.8558500000018188,4.2883000000000004,-1.2882999999981815,HIT_TARGET,4.571299598,True,4.571299598,True,2.376845448,True,True,2.19445415,False,,0.0
2026-03-20,YOUNG_LEVEL,BID,2026-03-20 00:12:11.105208689,1773965531105208689,1.64105571,1.0,2143.7,35.155,4.350058776217287,1,1,3.999999999996362,2-3,0.8,0.02275636467074385,2143.9,2143.7999999999997,1.000000000003638,2143.8,2143.9,0.0,1.000000000003638,2.1438499999999996,-1.1438499999963616,4.287699999999999,-3.287699999996361,HIT_TARGET,0.051386076,True,0.051386076,False,,False,False,,False,,0.0
2026-03-20,YOUNG_LEVEL,ASK,2026-03-20 00:15:11.518642550,1773965711518642550,0.558963474,1.0,2145.8,56.568,3.801229714746497,2,2,5.9999999999990905,4-5,10.435,0.18446825060104655,2145.5,2145.7000000000003,2.0000000000027285,2145.5,2145.6,0.0,2.0000000000027285,2.1456,-0.14559999999727147,4.2912,-2.2911999999972714,HIT_TARGET,0.102426964,True,0.102426964,False,,False,False,,False,,0.0
2026-03-20,YOUNG_LEVEL,BID,2026-03-20 00:15:29.935404420,1773965729935404420,0.551111982,0.8050722602507306,2144.4,26.155,3.1476021421264817,2,2,5.0,4-5,11.997,0.4586885872682087,2144.7,2144.5,1.999999999998181,2144.6,2144.7,0.0,1.999999999998181,2.1445999999999996,-0.1446000000018186,4.289199999999999,-2.2892000000018182,HIT_TARGET,0.24766155,True,0.24766155,False,,False,False,,False,,0.0
2026-03-20,YOUNG_LEVEL,BID,2026-03-20 00:17:09.987928966,1773965829987928966,0.646050921,1.0,2145.6,35.308,4.636333792922329,1,1,4.0000000000009095,4-5,2.455,0.06953098447943809,2145.8,2145.7,1.000000000003638,2145.7,2145.8,0.0,1.000000000003638,2.1457499999999996,-1.1457499999963616,4.291499999999999,-3.2914999999963612,HIT_TARGET,0.055637516,True,0.055637516,False,,False,False,,False,,0.0
2026-03-20,YOUNG_LEVEL,ASK,2026-03-20 00:18:14.577799882,1773965894577799882,0.561175065,0.727971610784239,2148.2,40.422,3.3922457200402816,1,1,10.0,6+,13.854,0.34273415466824997,2148.0,2148.1,0.9999999999990905,2148.0,2148.1,0.0,0.9999999999990905,2.14805,-1.1480500000009095,4.2961,-3.2961000000009095,HIT_TARGET,0.018257125,True,0.018257125,False,,False,False,,False,,0.0
2026-03-20,YOUNG_LEVEL,BID,2026-03-20 00:19:04.073625767,1773965944073625767,0.500408009,1.0,2145.4,86.636,13.300990251017117,6,6,15.0,6+,18.274,0.2109284823860751,2146.1,2145.5,5.9999999999990905,2146.0,2146.1,0.0,5.9999999999990905,2.1458,3.8541999999990906,4.2916,1.7083999999990906,HIT_TARGET,0.32019358,True,0.32019358,False,,False,False,,False,,0.0
2026-03-20,YOUNG_LEVEL,BID,2026-03-20 00:23:50.184427950,1773966230184427950,1.585983939,0.9012199404120195,2141.4,44.544,4.425413541304455,1,1,4.0000000000009095,4-5,8.668,0.1945941091954023,2141.6,2141.5,0.9999999999990905,2141.5,2141.6,0.0,0.9999999999990905,2.14155,-1.1415500000009096,4.2831,-3.2831000000009096,HIT_TARGET,0.099741075,True,0.099741075,False,,False,False,,False,,0.0
2026-03-20,YOUNG_LEVEL,BID,2026-03-20 00:24:07.182528480,1773966247182528480,0.765350849,0.8133591121161741,2138.7,83.83,9.608022922636101,5,5,4.0000000000009095,4-5,41.235,0.49188834546105215,2139.3,2138.7999999999997,5.0000000000045475,2139.2,2139.3,0.0,5.0000000000045475,2.13905,2.8609500000045474,4.2781,0.7219000000045472,HIT_TARGET,12.147125636,True,12.147125636,True,1.479772601,True,True,10.667353035,False,,0.0
2026-03-20,YOUNG_LEVEL,BID,2026-03-20 00:24:19.329654116,1773966259329654116,1.890979398,1.0,2138.5,72.549,9.317878243000258,3,3,3.999999999996362,2-3,28.224,0.3890336186577347,2138.9,2138.6,3.000000000001819,2138.8,2138.9,0.0,3.000000000001819,2.13875,0.8612500000018191,4.2775,-1.2774999999981809,HIT_TARGET,1.276104937,True,1.276104937,True,0.050856318,True,True,1.225248619,False,,0.0
2026-03-20,YOUNG_LEVEL,ASK,2026-03-20 00:28:35.344618209,1773966515344618209,0.510725233,1.0,2141.8,76.759,7.8158028713980245,4,4,7.0000000000027285,6+,35.638,0.4642843184512565,2141.3,2141.7000000000003,4.0000000000009095,2141.3,2141.4,0.0,4.0000000000009095,2.1414999999999997,1.8585000000009098,4.2829999999999995,-0.28299999999909,HIT_TARGET,1.684051689,True,1.684051689,True,0.562185088,True,True,1.121866601,False,,0.0
2026-03-20,YOUNG_LEVEL,BID,2026-03-20 00:32:48.839927369,1773966768839927369,0.506591773,1.0,2142.3,101.497,9.958985429034,4,4,5.0,4-5,47.497,0.4679645703813906,2142.8,2142.4,4.0000000000009095,2142.7,2142.8,0.0,4.0000000000009095,2.1426000000000003,1.8574000000009092,4.285200000000001,-0.28519999999909107,TIMEOUT,60.0,False,,True,0.821330785,True,False,,True,10.930573845,22.00000000000273
2026-03-20,YOUNG_LEVEL,BID,2026-03-20 00:40:35.962414790,1773967235962414790,1.068783544,1.0,2147.8,109.773,10.705905300629052,5,5,3.999999999996362,2-3,45.382,0.4134167782605923,2148.4,2147.9,5.0,2148.3,2148.4,0.0,5.0,2.14815,2.85185,4.2963,0.7037000000000004,HIT_TARGET,8.373118181,True,8.373118181,True,0.872040108,True,True,7.501078073,True,4.394222956,3.999999999996362
2026-03-20,YOUNG_LEVEL,ASK,2026-03-20 00:41:54.335684798,1773967314335684798,0.621535084,1.0,2147.8,53.927,4.932046826413024,2,2,4.0000000000009095,4-5,10.915,0.2024032488363899,2147.5,2147.7000000000003,2.0000000000027285,2147.5,2147.6,0.0,2.0000000000027285,2.1476,-0.1475999999972717,4.2952,-2.295199999997272,HIT_TARGET,3.099857497,True,3.099857497,False,,False,False,,False,,0.0
2026-03-20,YOUNG_LEVEL,BID,2026-03-20 00:45:35.618052337,1773967535618052337,0.528409996,1.0,2146.6,103.788,12.686468646864684,4,4,9.00000000000091,6+,27.292,0.2629591089528655,2147.1,2146.7,4.0000000000009095,2147.0,2147.1,0.0,4.0000000000009095,2.1468999999999996,1.85310000000091,4.293799999999999,-0.2937999999990897,HIT_TARGET,1.462226331,True,1.462226331,False,,False,False,,False,,0.0
2026-03-20,YOUNG_LEVEL,BID,2026-03-20 00:49:45.961706593,1773967785961706593,0.797397237,1.0,2146.0,49.429,5.977988752494407,2,2,4.0000000000009095,4-5,8.112,0.16411418398106375,2146.3,2146.1,2.0000000000027285,2146.2,2146.3,0.0,2.0000000000027285,2.1461999999999994,-0.14619999999727096,4.292399999999999,-2.2923999999972704,HIT_TARGET,14.185830033,True,14.185830033,True,0.407049276,True,True,13.778780757,False,,0.0
2026-03-20,YOUNG_LEVEL,BID,2026-03-20 00:51:55.000712007,1773967915000712007,1.384203326,1.0,2145.9,104.589,10.451061703722209,7,7,5.9999999999990905,4-5,34.32600000000001,0.3281989501764049,2146.7,2146.0,6.999999999998181,2146.6,2146.7,0.0,6.999999999998181,2.14635,4.853649999998181,4.2927,2.707299999998181,HIT_TARGET,8.828197822,True,8.828197822,True,8.010804381,True,True,0.817393441,False,,0.0
2026-03-20,YOUNG_LEVEL,BID,2026-03-20 00:52:50.132773495,1773967970132773495,0.510070727,1.0,2144.4,79.128,8.50747231480486,3,3,5.0,4-5,29.072999999999997,0.36741734910524715,2144.8,2144.5,3.000000000001819,2144.7,2144.8,0.0,3.000000000001819,2.14465,0.855350000001819,4.2893,-1.289299999998181,HIT_TARGET,6.129935185,True,6.129935185,True,5.109233078,True,True,1.020702107,False,,0.0
2026-03-20,YOUNG_LEVEL,BID,2026-03-20 01:00:29.989885658,1773968429989885658,1.578357209,1.0,2145.9,76.872,8.126004228329808,4,4,5.0,4-5,18.740000000000002,0.2437818711624519,2146.4,2146.0,4.0000000000009095,2146.3,2146.4,0.0,4.0000000000009095,2.1461999999999994,1.85380000000091,4.292399999999999,-0.2923999999990894,HIT_TARGET,0.203087171,True,0.203087171,False,,False,False,,False,,0.0
2026-03-20,YOUNG_LEVEL,ASK,2026-03-20 01:02:17.495769091,1773968537495769091,0.507004455,1.0,2154.4,154.672,15.516853932584269,6,6,19.00000000000091,6+,71.976,0.46534602255094654,2153.7,2154.3,6.000000000003638,2153.7,2153.8,0.0,6.000000000003638,2.154,3.846000000003638,4.308,1.6920000000036381,HIT_TARGET,0.461904139,True,0.461904139,False,,False,False,,False,,0.0
2026-03-20,YOUNG_LEVEL,BID,2026-03-20 01:02:34.992852536,1773968554992852536,0.961675049,0.9499539152543823,2152.1,33.531,3.9062208760484625,1,1,5.0,4-5,2.85,0.08499597387492172,2152.3,2152.2,1.000000000003638,2152.2,2152.3,0.0,1.000000000003638,2.15225,-1.152249999996362,4.3045,-3.304499999996362,HIT_TARGET,0.048257724,True,0.048257724,False,,False,False,,False,,0.0
2026-03-20,YOUNG_LEVEL,BID,2026-03-20 01:03:22.963693287,1773968602963693287,1.673520385,1.0,2150.0,80.978,9.011573558869351,7,7,6.000000000003638,6+,34.761,0.42926473857097,2150.8,2150.1,7.0000000000027285,2150.7,2150.8,0.0,7.0000000000027285,2.1504499999999998,4.849550000002729,4.3008999999999995,2.699100000002729,HIT_TARGET,49.367138209,True,49.367138209,True,0.819307207,True,True,48.547831002,False,,2.0000000000027285
2026-03-20,YOUNG_LEVEL,ASK,2026-03-20 01:05:59.668047123,1773968759668047123,0.500055599,1.0,2151.8,88.965,7.3433759801898475,4,4,4.0000000000009095,4-5,28.322,0.3183499128870904,2151.3,2151.7000000000003,4.0000000000009095,2151.3,2151.4,0.0,4.0000000000009095,2.1515,1.8485000000009095,4.303,-0.30299999999909044,HIT_TARGET,11.602296644,True,11.602296644,True,1.083354968,True,True,10.518941676,True,0.575981367,4.0000000000009095
2026-03-20,YOUNG_LEVEL,BID,2026-03-20 01:07:15.937294298,1773968835937294298,0.717293909,0.7797192810123249,2151.1,26.239,3.313632632443013,1,1,6.000000000003638,6+,2.324,0.08857044856892411,2151.3,2151.2,1.000000000003638,2151.2,2151.3,0.0,1.000000000003638,2.15125,-1.1512499999963621,4.3025,-3.3024999999963622,HIT_TARGET,0.056512978,True,0.056512978,False,,False,False,,False,,0.0
2026-03-20,YOUNG_LEVEL,BID,2026-03-20 01:13:26.924276264,1773969206924276264,1.319717385,0.9709134869053802,2152.1,34.847,3.0780849748255457,1,1,5.0,4-5,9.386,0.2693488679082848,2152.3,2152.2,1.000000000003638,2152.2,2152.3,0.0,1.000000000003638,2.15225,-1.152249999996362,4.3045,-3.304499999996362,HIT_TARGET,0.059132998,True,0.059132998,False,,False,False,,False,,0.0
2026-03-20,YOUNG_LEVEL,ASK,2026-03-20 01:14:08.682486765,1773969248682486765,0.918078518,0.8281677471947994,2153.0,33.24,4.424920127795527,1,1,4.0000000000009095,4-5,2.46,0.0740072202166065,2152.8,2152.9,0.9999999999990905,2152.8,2152.9,0.0,0.9999999999990905,2.1528500000000004,-1.1528500000009099,4.305700000000001,-3.3057000000009102,HIT_TARGET,0.050933587,True,0.050933587,False,,False,False,,False,,0.0
2026-03-20,YOUNG_LEVEL,ASK,2026-03-20 01:15:11.972904553,1773969311972904553,0.815218252,1.0,2153.0,52.212,9.249247121346325,3,3,3.999999999996362,2-3,14.514999999999999,0.27800122577185316,2152.6,2152.9,3.000000000001819,2152.6,2152.7,0.0,3.000000000001819,2.1527499999999997,0.8472500000018193,4.305499999999999,-1.3054999999981804,HIT_TARGET,35.010483069,True,35.010483069,True,0.050326547,True,True,34.960156522,True,15.259647522,8.999999999996362
2026-03-20,YOUNG_LEVEL,ASK,2026-03-20 01:22:33.473678184,1773969753473678184,1.734068606,1.0,2150.9,40.067,4.5016572102690855,5,5,5.9999999999990905,4-5,18.189,0.4539646092794569,2150.3,2150.8,5.0,2150.3,2150.4,0.0,5.0,2.15055,2.84945,4.3011,0.6989000000000001,TIMEOUT,60.0,False,,True,2.145179433,True,False,,True,19.448100901,14.00000000000091
2026-03-20,YOUNG_LEVEL,ASK,2026-03-20 01:31:02.799214107,1773970262799214107,0.570137689,1.0,2154.6,113.527,5.96678317084067,2,2,5.0,4-5,54.159,0.47705832092806116,2154.3,2154.5,1.999999999998181,2154.3,2154.4,0.0,1.999999999998181,2.1544,-0.15440000000181886,4.3088,-2.3088000000018187,TIMEOUT,60.0,False,,True,0.66048773,True,False,,True,1.833962668,15.0
2026-03-20,YOUNG_LEVEL,BID,2026-03-20 01:31:40.187055599,1773970300187055599,1.019119477,0.9632407702477852,2152.8,29.101,3.242270625591889,4,4,5.0,4-5,12.809000000000001,0.44015669564619775,2153.3,2152.9,4.0000000000009095,2153.2,2153.3,0.0,4.0000000000009095,2.1531000000000002,1.8469000000009093,4.3062000000000005,-0.306199999999091,HIT_TARGET,1.409261407,True,1.409261407,True,0.433863312,True,True,0.975398095,False,,0.0
2026-03-20,YOUNG_LEVEL,BID,2026-03-20 01:36:39.138153325,1773970599138153325,1.67830172,0.9872286462293561,2152.2,75.537,10.078991260257522,6,6,5.0,4-5,37.444,0.49570409203436727,2152.9,2152.2999999999997,6.000000000003638,2152.8,2152.9,0.0,6.000000000003638,2.1525999999999996,3.8474000000036384,4.305199999999999,1.6948000000036387,TIMEOUT,60.0,False,,True,12.759620247,True,False,,True,22.202346024,10.99999999999909
2026-03-20,YOUNG_LEVEL,BID,2026-03-20 01:39:03.932323073,1773970743932323073,0.513408795,1.0,2154.9,78.293,16.802875845047755,4,4,5.0,4-5,17.512999999999998,0.22368538694391576,2155.4,2155.0,4.0000000000009095,2155.3,2155.4,0.0,4.0000000000009095,2.1552,1.8448000000009097,4.3104,-0.31039999999909007,HIT_TARGET,0.715228555,True,0.715228555,False,,False,False,,False,,0.0
2026-03-20,YOUNG_LEVEL,BID,2026-03-20 01:39:04.800492511,1773970744800492511,1.022627699,1.0,2154.6,63.558,5.335180055401662,3,3,9.00000000000091,6+,26.267000000000003,0.41327606280877316,2155.0,2154.7,3.000000000001819,2154.9,2155.0,0.0,3.000000000001819,2.1548499999999997,0.8451500000018193,4.309699999999999,-1.3096999999981804,TIMEOUT,60.0,False,,True,1.064171655,True,False,,True,6.835770234,50.0
2026-03-20,YOUNG_LEVEL,ASK,2026-03-20 01:39:53.425730758,1773970793425730758,1.070427832,0.8942814633392305,2160.2,71.103,8.643165380173828,7,7,6.999999999998181,6+,32.515,0.4572943476365273,2159.4,2160.1,6.999999999998181,2159.4,2159.5,0.0,6.999999999998181,2.15975,4.840249999998181,4.3195,2.6804999999981813,TIMEOUT,60.0,False,,True,1.682898963,True,False,,True,13.010502528,10.0
2026-03-20,YOUNG_LEVEL,ASK,2026-03-20 01:39:55.721426572,1773970795721426572,0.612796851,1.0,2160.4,81.893,8.46745592720881,5,5,10.99999999999909,6+,31.698999999999998,0.387078260657199,2159.8,2160.3,5.0,2159.8,2159.9,0.0,5.0,2.16005,2.83995,4.3201,0.6799,HIT_TARGET,59.600316975,True,59.600316975,True,0.154306919,True,True,59.446010056,True,3.522223104,14.00000000000091
2026-03-20,YOUNG_LEVEL,BID,2026-03-20 01:39:59.338115438,1773970799338115438,0.503166914,1.0,2159.0,77.642,10.042294509474228,5,5,4.0000000000009095,4-5,30.457,0.39227479972180007,2159.6,2159.1,5.0,2159.5,2159.6,0.0,5.0,2.15935,2.84065,4.3187,0.6813000000000002,HIT_TARGET,7.098117848,True,7.098117848,True,0.31016581,True,True,6.787952038,False,,0.0
2026-03-20,YOUNG_LEVEL,BID,2026-03-20 01:41:59.775667203,1773970919775667203,0.88213155,1.0,2159.4,35.198,4.620069567500164,1,1,4.0000000000009095,4-5,3.16,0.08977782828569805,2159.7,2159.5,1.999999999998181,2159.5,2159.7,0.0,1.999999999998181,2.1595999999999997,-0.15960000000181873,4.3191999999999995,-2.3192000000018185,HIT_TARGET,0.025061833,True,0.025061833,False,,False,False,,False,,0.0
2026-03-20,YOUNG_LEVEL,BID,2026-03-20 01:46:18.947474367,1773971178947474367,0.56089735,1.0,2159.7,86.154,7.530285814177083,2,2,5.0,4-5,42.940999999999995,0.49842143139030104,2160.0,2159.7999999999997,2.0000000000027285,2159.9,2160.0,0.0,2.0000000000027285,2.1598999999999995,-0.159899999997271,4.319799999999999,-2.3197999999972705,HIT_TARGET,23.947678244,True,23.947678244,True,2.399508732,True,True,21.548169512,False,,1.999999999998181
2026-03-20,YOUNG_LEVEL,ASK,2026-03-20 01:48:32.480859699,1773971312480859699,0.543634029,0.835612207417575,2157.8,35.21,4.355517070757052,1,1,3.999999999996362,2-3,2.317,0.0658051689860835,2157.6,2157.7000000000003,1.000000000003638,2157.6,2157.7,0.0,1.000000000003638,2.15765,-1.1576499999963619,4.3153,-3.3152999999963617,HIT_TARGET,0.026906919,True,0.026906919,False,,False,False,,False,,0.0
2026-03-20,YOUNG_LEVEL,BID,2026-03-20 02:00:25.838402948,1773972025838402948,0.525775088,1.0,2149.9,49.941,3.3422118119457926,4,4,3.999999999996362,2-3,23.333,0.4672113093450271,2150.4,2150.0,4.0000000000009095,2150.3,2150.4,0.0,4.0000000000009095,2.1502,1.8498000000009096,4.3004,-0.3003999999990903,HIT_TARGET,4.318286119,True,4.318286119,True,0.492053105,True,True,3.826233014,False,,0.0
2026-03-20,YOUNG_LEVEL,ASK,2026-03-20 02:03:02.320311166,1773972182320311166,0.924026236,1.0,2149.2,84.253,14.482681564245809,5,5,3.999999999996362,2-3,15.728000000000002,0.18667584537049128,2148.6,2149.1,5.0,2148.6,2148.7,0.0,5.0,2.14885,2.85115,4.2977,0.7023000000000001,HIT_TARGET,14.083389331,True,14.083389331,True,0.816187243,True,True,13.267202088,True,0.816187243,3.999999999996362
2026-03-20,YOUNG_LEVEL,BID,2026-03-20 02:04:58.941227778,1773972298941227778,0.895997875,1.0,2148.8,40.696,3.1191844868552154,2,2,4.0000000000009095,4-5,17.954,0.4411735797129939,2149.1,2148.9,1.999999999998181,2149.0,2149.1,0.0,1.999999999998181,2.149,-0.149000000001819,4.298,-2.298000000001819,HIT_TARGET,2.253631414,True,2.253631414,False,,False,False,,False,,0.0
2026-03-20,YOUNG_LEVEL,BID,2026-03-20 02:07:18.335880861,1773972438335880861,0.501346327,1.0,2149.0,77.477,9.298727796447432,5,5,4.0000000000009095,4-5,28.708000000000002,0.3705357719065013,2149.6,2149.1,5.0,2149.5,2149.6,0.0,5.0,2.1493499999999996,2.8506500000000004,4.298699999999999,0.7013000000000007,HIT_TARGET,31.57292989,True,31.57292989,True,13.488061923,True,True,18.084867967,False,,0.0
2026-03-20,YOUNG_LEVEL,BID,2026-03-20 02:18:03.447738608,1773973083447738608,0.549386976,1.0,2142.4,36.666,3.800373134328358,1,1,5.9999999999990905,4-5,2.333,0.06362842960781107,2142.6,2142.5,0.9999999999990905,2142.5,2142.6,0.0,0.9999999999990905,2.14255,-1.1425500000009094,4.2851,-3.2851000000009094,HIT_TARGET,0.014947628,True,0.014947628,False,,False,False,,False,,0.0
2026-03-20,YOUNG_LEVEL,BID,2026-03-20 02:18:52.257964218,1773973132257964218,1.066269927,1.0,2143.4,65.61,8.272601185222545,4,4,5.0,4-5,27.729,0.42263374485596705,2143.9,2143.5,4.0000000000009095,2143.8,2143.9,0.0,4.0000000000009095,2.1436999999999995,1.85630000000091,4.287399999999999,-0.2873999999990895,HIT_TARGET,0.515796438,True,0.515796438,False,,False,False,,False,,0.0
2026-03-20,YOUNG_LEVEL,ASK,2026-03-20 02:25:47.452352745,1773973547452352745,0.609032899,1.0,2138.0,44.385,3.0155926215307267,2,2,6.000000000003638,6+,6.166,0.13892080657879916,2137.7,2137.9,2.0000000000027285,2137.7,2137.8,0.0,2.0000000000027285,2.1378,-0.13779999999727144,4.2756,-2.2755999999972714,HIT_TARGET,0.408367228,True,0.408367228,False,,False,False,,False,,0.0
2026-03-20,YOUNG_LEVEL,ASK,2026-03-20 02:28:09.655458017,1773973689655458017,1.516990922,1.0,2139.8,46.118,4.998157581012247,2,2,5.9999999999990905,4-5,7.8790000000000004,0.17084435578299145,2139.5,2139.7000000000003,2.0000000000027285,2139.5,2139.6,0.0,2.0000000000027285,2.1396,-0.13959999999727168,4.2792,-2.279199999997272,HIT_TARGET,1.338366486,True,1.338366486,True,0.612008008,True,True,0.726358478,False,,0.0
2026-03-20,YOUNG_LEVEL,BID,2026-03-20 02:33:47.243764697,1773974027243764697,1.021909345,1.0,2134.0,59.872,3.9382996217727344,3,3,5.9999999999990905,4-5,29.592,0.4942544094067344,2134.4,2134.1,3.000000000001819,2134.3,2134.4,0.0,3.000000000001819,2.1342499999999998,0.8657500000018192,4.2684999999999995,-1.2684999999981805,HIT_TARGET,7.607217036,True,7.607217036,True,4.293546761,True,True,3.313670275,False,,0.0
2026-03-20,YOUNG_LEVEL,ASK,2026-03-20 02:36:09.162843078,1773974169162843078,0.555308528,1.0,2134.4,80.081,7.597457426118306,4,4,5.0,4-5,28.888,0.3607347560594898,2133.9,2134.3,4.0000000000009095,2133.9,2134.0,0.0,4.0000000000009095,2.1341,1.8659000000009094,4.2682,-0.2681999999990907,HIT_TARGET,3.428843038,True,3.428843038,False,,False,False,,False,,0.0
2026-03-20,YOUNG_LEVEL,BID,2026-03-20 02:36:42.937656226,1773974202937656226,0.545239201,1.0,2134.9,113.868,13.839086047642198,5,5,6.999999999998181,6+,54.125,0.47533108511609934,2135.5,2135.0,5.0,2135.4,2135.5,0.0,5.0,2.1352499999999996,2.8647500000000004,4.270499999999999,0.7295000000000007,TIMEOUT,60.0,False,,True,2.363788364,True,False,,True,3.487641325,11.999999999998181
2026-03-20,YOUNG_LEVEL,ASK,2026-03-20 02:42:53.573188550,1773974573573188550,0.612919061,1.0,2141.4,41.784,4.743061467733696,2,2,3.999999999996362,2-3,5.428,0.1299061841853341,2141.1,2141.3,2.0000000000027285,2141.1,2141.2,0.0,2.0000000000027285,2.1411999999999995,-0.14119999999727106,4.282399999999999,-2.2823999999972706,HIT_TARGET,0.8673972,True,0.8673972,False,,False,False,,False,,0.0
2026-03-20,YOUNG_LEVEL,ASK,2026-03-20 02:44:10.439991329,1773974650439991329,0.619178038,0.9038906754635248,2144.3,37.237,3.8659676079734218,3,3,5.0,4-5,4.801,0.12893090205977925,2143.9,2144.2000000000003,3.000000000001819,2143.9,2144.0,0.0,3.000000000001819,2.14405,0.855950000001819,4.2881,-1.288099999998181,TIMEOUT,60.0,False,,True,1.001124312,True,False,,True,27.752457351,9.00000000000091
2026-03-20,YOUNG_LEVEL,BID,2026-03-20 02:52:12.317787218,1773975132317787218,0.560335127,1.0,2144.6,54.035,7.253993824674453,2,2,3.999999999996362,2-3,0.978,0.018099380031461092,2144.9,2144.7,2.0000000000027285,2144.8,2144.9,0.0,2.0000000000027285,2.1448,-0.14479999999727156,4.2896,-2.2895999999972716,HIT_TARGET,0.765093646,True,0.765093646,False,,False,False,,False,,0.0
2026-03-20,YOUNG_LEVEL,BID,2026-03-20 03:00:13.853696705,1773975613853696705,0.514055567,1.0,2143.5,89.776,10.69398451459202,4,4,10.99999999999909,6+,44.681999999999995,0.49770540010693276,2144.0,2143.6,4.0000000000009095,2143.9,2144.0,0.0,4.0000000000009095,2.1438,1.8562000000009093,4.2876,-0.2875999999990908,HIT_TARGET,17.039499081,True,17.039499081,True,1.320444916,True,True,15.719054165,False,,0.0
2026-03-20,YOUNG_LEVEL,ASK,2026-03-20 03:02:26.264038489,1773975746264038489,0.503876392,1.0,2145.7,36.3,3.5099593888996328,2,2,5.0,4-5,0.062,0.0017079889807162536,2145.4,2145.6,1.999999999998181,2145.4,2145.5,0.0,1.999999999998181,2.1454999999999997,-0.14550000000181873,4.2909999999999995,-2.2910000000018185,HIT_TARGET,10.478384983,True,10.478384983,True,1.484068928,True,True,8.994316055,False,,0.0
2026-03-20,YOUNG_LEVEL,BID,2026-03-20 03:04:44.620289772,1773975884620289772,1.071938573,0.9987612415175212,2144.3,41.74,3.7476992143658814,2,2,4.0000000000009095,4-5,17.615000000000002,0.42201724964063253,2144.6,2144.4,1.999999999998181,2144.5,2144.6,0.0,1.999999999998181,2.1445,-0.14450000000181884,4.289,-2.2890000000018187,HIT_TARGET,21.700492348,True,21.700492348,False,,False,False,,False,,0.0
2026-03-20,YOUNG_LEVEL,BID,2026-03-20 03:16:01.684025223,1773976561684025223,0.536648319,1.0,2145.2,52.04,5.630511225317825,4,4,5.9999999999990905,4-5,12.666,0.24338970023059187,2145.7,2145.2999999999997,4.0000000000009095,2145.6,2145.7,0.0,4.0000000000009095,2.1454999999999997,1.8545000000009098,4.2909999999999995,-0.29099999999909,TIMEOUT,60.0,False,,True,10.080572477,True,False,,True,50.714371794,4.0000000000009095
2026-03-20,YOUNG_LEVEL,ASK,2026-03-20 03:23:38.051090323,1773977018051090323,0.537383524,1.0,2150.9,49.379,6.692281629057396,4,4,5.9999999999990905,4-5,12.446000000000002,0.25205046679762655,2150.4,2150.8,4.0000000000009095,2150.4,2150.5,0.0,4.0000000000009095,2.1506000000000003,1.8494000000009092,4.301200000000001,-0.3011999999990911,HIT_TARGET,0.128344712,True,0.128344712,False,,False,False,,False,,0.0
2026-03-20,YOUNG_LEVEL,ASK,2026-03-20 03:30:16.443524747,1773977416443524747,1.271057247,1.0,2156.5,95.824,9.425465991245758,5,5,5.0,4-5,30.7,0.3203790282184004,2155.9,2156.4,5.0,2155.9,2156.0,0.0,5.0,2.15615,2.84385,4.3123,0.6877000000000004,HIT_TARGET,19.606126074,True,19.606126074,True,1.283938354,True,True,18.32218772,True,3.78802534,11.999999999998181
2026-03-20,YOUNG_LEVEL,BID,2026-03-20 03:30:22.271519866,1773977422271519866,1.071581791,1.0,2155.0,43.901,4.411939098537761,5,5,4.0000000000009095,4-5,11.143,0.2538210974693059,2155.6,2155.1,5.0,2155.5,2155.6,0.0,5.0,2.15535,2.84465,4.3107,0.6893000000000002,HIT_TARGET,0.919022571,True,0.919022571,False,,False,False,,False,,0.0
2026-03-20,YOUNG_LEVEL,BID,2026-03-20 03:34:28.293798104,1773977668293798104,0.510261888,1.0,2155.5,37.938,3.814014275661004,1,1,5.9999999999990905,4-5,16.714,0.44056091517739465,2155.7,2155.6,0.9999999999990905,2155.6,2155.7,0.0,0.9999999999990905,2.155649999999999,-1.1556500000009087,4.311299999999998,-3.311300000000908,HIT_TARGET,0.043174517,True,0.043174517,False,,False,False,,False,,0.0
2026-03-20,YOUNG_LEVEL,BID,2026-03-20 03:34:50.146872881,1773977690146872881,0.500013613,1.0,2154.5,41.901,4.524213140420019,2,2,4.0000000000009095,4-5,8.45,0.20166583136440655,2154.8,2154.6,2.0000000000027285,2154.7,2154.8,0.0,2.0000000000027285,2.1546999999999996,-0.15469999999727113,4.309399999999999,-2.3093999999972707,HIT_TARGET,1.186792918,True,1.186792918,False,,False,False,,False,,0.0
2026-03-20,YOUNG_LEVEL,ASK,2026-03-20 03:59:05.557171129,1773979145557171129,0.529909718,1.0,2153.4,39.832,3.8412652490476886,2,2,5.0,4-5,0.8,0.020084354288009643,2153.1,2153.3,2.0000000000027285,2153.1,2153.2,0.0,2.0000000000027285,2.1531999999999996,-0.15319999999727107,4.306399999999999,-2.3063999999972706,TIMEOUT,60.0,False,,True,1.029489572,True,False,,True,0.928315402,15.99999999999909
2026-03-20,YOUNG_LEVEL,ASK,2026-03-20 04:04:54.580641239,1773979494580641239,1.236099194,1.0,2153.6,89.448,9.667441232099433,4,4,10.0,6+,29.917,0.33446248099454434,2153.1,2153.5,4.0000000000009095,2153.1,2153.2,0.0,4.0000000000009095,2.1533,1.8467000000009093,4.3066,-0.30659999999909093,HIT_TARGET,42.524901913,True,42.524901913,True,1.937362844,True,True,40.587539069,True,8.266890378,3.999999999996362
2026-03-20,YOUNG_LEVEL,ASK,2026-03-20 04:07:14.805065756,1773979634805065756,1.216443231,0.9867637423681797,2156.1,57.079,16.394944707740915,1,1,5.0,4-5,3.476,0.060898053574869916,2155.9,2156.0,0.9999999999990905,2155.9,2156.0,0.0,0.9999999999990905,2.15595,-1.1559500000009093,4.3119,-3.311900000000909,HIT_TARGET,0.05089288,True,0.05089288,False,,False,False,,False,,0.0
2026-03-20,YOUNG_LEVEL,BID,2026-03-20 04:08:04.342807589,1773979684342807589,0.50083493,1.0,2158.2,83.482,17.307349435057535,6,6,5.0,4-5,32.355,0.38756857765745906,2158.9,2158.2999999999997,6.000000000003638,2158.8,2158.9,0.0,6.000000000003638,2.1586,3.841400000003638,4.3172,1.6828000000036383,HIT_TARGET,9.437205694,True,9.437205694,True,1.796765029,True,True,7.640440665,False,,0.0
2026-03-20,YOUNG_LEVEL,BID,2026-03-20 04:14:49.523441462,1773980089523441462,0.590728859,1.0,2157.5,40.144,4.528625415985109,2,2,4.0000000000009095,4-5,1.423,0.0354473893981666,2157.8,2157.6,2.0000000000027285,2157.7,2157.8,0.0,2.0000000000027285,2.1576999999999997,-0.15769999999727125,4.3153999999999995,-2.315399999997271,HIT_TARGET,1.974520638,True,1.974520638,False,,False,False,,False,,0.0
2026-03-20,YOUNG_LEVEL,BID,2026-03-20 04:15:46.960380054,1773980146960380054,0.512976692,1.0,2156.0,106.92,8.151254097735762,4,4,4.0000000000009095,4-5,41.379999999999995,0.38701833146277587,2156.5,2156.1,4.0000000000009095,2156.4,2156.5,0.0,4.0000000000009095,2.1563,1.8437000000009096,4.3126,-0.31259999999909027,HIT_TARGET,8.683221914,True,8.683221914,True,0.197819787,True,True,8.485402127,False,,0.0
2026-03-20,YOUNG_LEVEL,BID,2026-03-20 04:22:16.073814485,1773980536073814485,1.585169873,0.9785958094599745,2154.0,40.735,3.1824218749999997,1,1,4.0000000000009095,4-5,6.005,0.14741622683196268,2154.2,2154.1,0.9999999999990905,2154.1,2154.2,0.0,0.9999999999990905,2.1541499999999996,-1.154150000000909,4.308299999999999,-3.3083000000009086,HIT_TARGET,0.049287576,True,0.049287576,False,,False,False,,False,,0.0
2026-03-20,YOUNG_LEVEL,BID,2026-03-20 04:32:52.150337595,1773981172150337595,1.290292873,1.0,2144.9,39.101,4.297049288422441,4,4,6.999999999998181,6+,15.951,0.40794353085598833,2145.4,2145.0,4.0000000000009095,2145.3,2145.4,0.0,4.0000000000009095,2.1451999999999996,1.85480000000091,4.290399999999999,-0.2903999999990896,HIT_TARGET,13.372435195,True,13.372435195,True,0.049963369,True,True,13.322471826,True,1.685397121,11.999999999998181
2026-03-20,YOUNG_LEVEL,ASK,2026-03-20 04:40:14.588037124,1773981614588037124,1.783845753,1.0,2141.1,62.984,8.047530824762028,4,4,5.9999999999990905,4-5,23.419,0.371824590372158,2140.6,2141.0,4.0000000000009095,2140.6,2140.7,0.0,4.0000000000009095,2.1408,1.8592000000009095,4.2816,-0.2815999999990906,HIT_TARGET,0.872410804,True,0.872410804,True,0.09631247,True,True,0.776098334,False,,0.0
2026-03-20,YOUNG_LEVEL,ASK,2026-03-20 04:48:38.737581283,1773982118737581283,1.478960899,1.0,2142.4,161.709,14.590724533068665,1,1,4.0000000000009095,4-5,13.133,0.08121378525623187,2142.2,2142.3,1.000000000003638,2142.2,2142.3,0.0,1.000000000003638,2.1422499999999998,-1.1422499999963618,4.2844999999999995,-3.2844999999963616,HIT_TARGET,18.267426948,True,18.267426948,True,10.156941516,True,True,8.110485432,True,0.050254892,3.000000000001819
2026-03-20,YOUNG_LEVEL,ASK,2026-03-20 04:48:59.352098866,1773982139352098866,1.329394755,1.0,2143.2,245.194,20.097868852459015,7,7,5.0,4-5,121.53499999999998,0.4956687357765687,2142.4,2143.1,6.999999999998181,2142.4,2142.5,0.0,6.999999999998181,2.14275,4.8572499999981815,4.2855,2.714499999998181,HIT_TARGET,12.253664586,True,12.253664586,True,3.205993388,True,True,9.047671198,False,,0.0
2026-03-20,YOUNG_LEVEL,BID,2026-03-20 05:03:37.035860620,1773983017035860620,0.798268345,1.0,2148.9,78.333,16.29222129783694,5,5,5.0,4-5,26.222,0.33475036063983254,2149.5,2149.0,5.0,2149.4,2149.5,0.0,5.0,2.14925,2.85075,4.2985,0.7015000000000002,HIT_TARGET,1.242718635,True,1.242718635,True,0.732596872,True,True,0.510121763,False,,0.0
2026-03-20,YOUNG_LEVEL,BID,2026-03-20 05:08:15.936825433,1773983295936825433,1.145383927,0.873595096292983,2148.9,14.663,3.181384248210024,2,2,5.0,4-5,6.077,0.41444452022096434,2149.2,2149.0,1.999999999998181,2149.1,2149.2,0.0,1.999999999998181,2.1491,-0.14910000000181878,4.2982,-2.2982000000018186,HIT_TARGET,34.620777835,True,34.620777835,True,0.848905282,True,True,33.771872553,True,5.840049731,10.0
2026-03-20,YOUNG_LEVEL,ASK,2026-03-20 05:14:46.493804510,1773983686493804510,1.676022674,1.0,2150.1,50.301,3.8902552204176337,1,1,5.0,4-5,15.633,0.3107890499194847,2149.9,2150.0,0.9999999999990905,2149.9,2150.0,0.0,0.9999999999990905,2.1499499999999996,-1.149950000000909,4.299899999999999,-3.2999000000009087,HIT_TARGET,0.059383515,True,0.059383515,False,,False,False,,False,,0.0
2026-03-20,YOUNG_LEVEL,BID,2026-03-20 05:18:59.089560636,1773983939089560636,0.562547117,1.0,2147.9,36.06,4.567447751741609,3,3,5.0,4-5,8.538,0.2367720465890183,2148.3,2148.0,3.000000000001819,2148.2,2148.3,0.0,3.000000000001819,2.14815,0.8518500000018192,4.2963,-1.2962999999981806,TIMEOUT,60.0,False,,True,1.992107096,True,False,,True,26.344638673,13.000000000001819
2026-03-20,YOUNG_LEVEL,BID,2026-03-20 05:28:00.249603478,1773984480249603478,1.837734044,1.0,2145.8,33.741,6.1102861282144145,5,5,8.999999999996362,6+,9.328999999999999,0.2764885450935064,2146.4,2145.9,5.0,2146.3,2146.4,0.0,5.0,2.14615,2.85385,4.2923,0.7077,HIT_TARGET,0.304538245,True,0.304538245,False,,False,False,,False,,0.0
2026-03-20,YOUNG_LEVEL,BID,2026-03-20 05:31:29.157621754,1773984689157621754,1.483508382,1.0,2140.8,57.967,4.742258763856506,1,1,5.0,4-5,22.142,0.38197595183466454,2141.0,2140.9,0.9999999999990905,2140.9,2141.0,0.0,0.9999999999990905,2.1409499999999997,-1.1409500000009092,4.281899999999999,-3.281900000000909,HIT_TARGET,0.050304887,True,0.050304887,False,,False,False,,False,,0.0
2026-03-20,YOUNG_LEVEL,ASK,2026-03-20 05:37:16.406642393,1773985036406642393,0.512776566,1.0,2142.4,29.478,3.897917355371901,3,3,5.0,4-5,14.412,0.4889069814777122,2141.9,2142.3,4.0000000000009095,2141.9,2142.1,0.0,4.0000000000009095,2.1421,1.8579000000009094,4.2842,-0.28419999999909074,HIT_TARGET,2.550854267,True,2.550854267,False,,False,False,,False,,0.0
2026-03-20,YOUNG_LEVEL,BID,2026-03-20 05:40:10.432158428,1773985210432158428,0.781173817,1.0,2142.0,56.782,4.3969335604770015,2,2,5.0,4-5,27.881999999999998,0.4910358916558064,2142.3,2142.1,2.0000000000027285,2142.2,2142.3,0.0,2.0000000000027285,2.1422,-0.1421999999972714,4.2844,-2.2843999999972713,HIT_TARGET,28.191321433,True,28.191321433,True,9.137929681,True,True,19.053391752,True,9.137929681,4.0000000000009095
2026-03-20,YOUNG_LEVEL,ASK,2026-03-20 05:41:45.844158197,1773985305844158197,0.611917972,1.0,2143.8,45.863,5.189296220864448,5,5,4.0000000000009095,4-5,18.681,0.40732180624904607,2143.2,2143.7000000000003,5.0000000000045475,2143.2,2143.3,0.0,5.0000000000045475,2.1434499999999996,2.856550000004548,4.286899999999999,0.7131000000045482,TIMEOUT,60.0,False,,True,0.048071598,True,False,,True,7.349674535,9.00000000000091
2026-03-20,YOUNG_LEVEL,ASK,2026-03-20 05:55:44.136523001,1773986144136523001,0.533027242,1.0,2140.9,40.562,3.4078554925435833,2,2,3.999999999996362,2-3,10.121,0.24951925447463144,2140.6,2140.8,2.0000000000027285,2140.6,2140.7,0.0,2.0000000000027285,2.1407,-0.14069999999727134,4.2814,-2.281399999997271,HIT_TARGET,1.385058185,True,1.385058185,True,0.678467969,True,True,0.706590216,False,,0.0
2026-03-20,YOUNG_LEVEL,BID,2026-03-20 06:02:01.216032952,1773986521216032952,0.553362867,1.0,2137.9,125.824,10.420638535757174,5,5,4.0000000000009095,4-5,53.44499999999999,0.424759982197355,2138.5,2138.0,5.0,2138.4,2138.5,0.0,5.0,2.1382499999999998,2.8617500000000002,4.2764999999999995,0.7235000000000005,TIMEOUT,60.0,False,,True,0.621940014,True,False,,True,4.841148956,19.00000000000091
2026-03-20,YOUNG_LEVEL,ASK,2026-03-20 06:04:51.917827082,1773986691917827082,0.510581575,0.9445799664823393,2140.5,104.828,11.046153846153848,2,2,4.0000000000009095,4-5,47.31,0.4513107185103217,2140.2,2140.4,2.0000000000027285,2140.2,2140.3,0.0,2.0000000000027285,2.1403000000000003,-0.14029999999727183,4.280600000000001,-2.280599999997272,HIT_TARGET,28.177485673,True,28.177485673,True,4.795852624,True,True,23.381633049,True,4.879345795,8.000000000001819
2026-03-20,YOUNG_LEVEL,BID,2026-03-20 06:09:05.227395894,1773986945227395894,0.503178343,1.0,2138.1,54.841,5.9409598093381,2,2,3.999999999996362,2-3,5.965,0.10876898670702576,2138.4,2138.2,2.0000000000027285,2138.3,2138.4,0.0,2.0000000000027285,2.1383,-0.1382999999972716,4.2766,-2.2765999999972717,HIT_TARGET,13.683780726,True,13.683780726,True,0.179448642,True,True,13.504332084,False,,1.999999999998181
2026-03-20,YOUNG_LEVEL,BID,2026-03-20 06:20:55.241615642,1773987655241615642,0.715719273,1.0,2134.7,75.805,5.964436051772297,4,4,5.9999999999990905,4-5,33.579,0.4429655035947497,2135.2,2134.7999999999997,4.0000000000009095,2135.1,2135.2,0.0,4.0000000000009095,2.135,1.8650000000009097,4.27,-0.2699999999990901,HIT_TARGET,5.404790575,True,5.404790575,True,4.898608517,True,True,0.506182058,False,,0.0
2026-03-20,YOUNG_LEVEL,ASK,2026-03-20 06:24:40.098740927,1773987880098740927,1.226772181,0.9972440971091763,2138.0,45.171,4.409508004685669,3,3,7.9999999999972715,6+,13.387,0.29636271058865205,2137.6,2137.9,3.000000000001819,2137.6,2137.7,0.0,3.000000000001819,2.1377499999999996,0.8622500000018194,4.275499999999999,-1.2754999999981802,HIT_TARGET,1.532676351,True,1.532676351,False,,False,False,,False,,0.0
2026-03-20,YOUNG_LEVEL,ASK,2026-03-20 06:25:15.107907422,1773987915107907422,1.22189917,0.864283627428931,2137.5,35.087,3.6361469506192035,4,4,5.9999999999990905,4-5,14.864,0.4236326844700316,2137.0,2137.4,4.0000000000009095,2137.0,2137.1,0.0,4.0000000000009095,2.1372,1.8628000000009095,4.2744,-0.2743999999990905,TIMEOUT,60.0,False,,True,0.972279631,True,False,,True,35.328485042,2.9999999999972715
2026-03-20,YOUNG_LEVEL,ASK,2026-03-20 06:37:53.314860154,1773988673314860154,0.66133568,0.9812375116370555,2139.3,36.255,3.6333116199829636,2,2,4.0000000000009095,4-5,5.941,0.16386705282030062,2139.0,2139.2000000000003,2.0000000000027285,2139.0,2139.1,0.0,2.0000000000027285,2.1391000000000004,-0.13909999999727196,4.278200000000001,-2.2781999999972724,TIMEOUT,60.0,False,,True,0.308505687,True,False,,True,24.398702891,9.00000000000091
2026-03-20,YOUNG_LEVEL,ASK,2026-03-20 06:42:03.839818301,1773988923839818301,0.518734024,1.0,2137.9,91.04,8.397361988654707,5,5,8.000000000001819,6+,35.655,0.3916410369068541,2137.3,2137.8,5.0,2137.3,2137.4,0.0,5.0,2.13755,2.86245,4.2751,0.7248999999999999,TIMEOUT,60.0,False,,True,3.77641615,True,False,,True,1.024778979,19.00000000000091
2026-03-20,YOUNG_LEVEL,BID,2026-03-20 06:51:46.644280784,1773989506644280784,0.609429459,0.6465499840564812,2138.2,90.106,10.795662852692747,3,3,5.0,4-5,37.507000000000005,0.4162541895101326,2138.6,2138.2999999999997,3.000000000001819,2138.5,2138.6,0.0,3.000000000001819,2.1384499999999997,0.8615500000018192,4.2768999999999995,-1.2768999999981805,HIT_TARGET,2.808313975,True,2.808313975,True,1.022221105,True,True,1.78609287,False,,0.0
2026-03-20,YOUNG_LEVEL,ASK,2026-03-20 06:55:24.160834811,1773989724160834811,1.42823099,1.0,2137.8,90.417,7.386708059311302,5,5,5.0,4-5,38.53,0.4261366778371324,2137.2,2137.7000000000003,5.0000000000045475,2137.2,2137.3,0.0,5.0000000000045475,2.13745,2.8625500000045476,4.2749,0.7251000000045478,HIT_TARGET,6.224422775,True,6.224422775,True,0.101663034,True,True,6.122759741,False,,1.000000000003638
2026-03-20,YOUNG_LEVEL,BID,2026-03-20 07:02:55.630700073,1773990175630700073,0.813247863,1.0,2121.9,31.694,3.7494380693245004,3,3,9.00000000000091,6+,11.842,0.3736353884015902,2122.3,2122.0,3.000000000001819,2122.2,2122.3,0.0,3.000000000001819,2.12215,0.877850000001819,4.2443,-1.244299999998181,HIT_TARGET,2.548211855,True,2.548211855,True,0.257082989,True,True,2.291128866,False,,0.0
2026-03-20,YOUNG_LEVEL,ASK,2026-03-20 07:03:07.118367708,1773990187118367708,0.610914124,1.0,2123.8,76.997,7.1845665764672955,4,4,10.99999999999909,6+,31.008999999999997,0.40272997649259057,2123.3,2123.7000000000003,4.0000000000009095,2123.3,2123.4,0.0,4.0000000000009095,2.1235,1.8765000000009096,4.247,-0.2469999999990904,HIT_TARGET,2.857808716,True,2.857808716,True,0.103334932,True,True,2.754473784,False,,0.0
2026-03-20,YOUNG_LEVEL,ASK,2026-03-20 07:03:08.190942047,1773990188190942047,0.969239407,1.0,2123.9,60.815,5.286881683039207,4,4,4.0000000000009095,4-5,27.427,0.45099070952889914,2123.4,2123.8,4.0000000000009095,2123.4,2123.5,0.0,4.0000000000009095,2.1236,1.8764000000009093,4.2472,-0.2471999999990908,HIT_TARGET,17.143316768,True,17.143316768,True,8.367113851,True,True,8.776202917,True,6.838272738,3.000000000001819
2026-03-20,YOUNG_LEVEL,ASK,2026-03-20 07:05:43.735121806,1773990343735121806,0.555987638,1.0,2127.9,36.696,3.937127836489459,1,1,5.0,4-5,7.989,0.21770765206017006,2127.7,2127.8,1.000000000003638,2127.7,2127.8,0.0,1.000000000003638,2.12775,-1.1277499999963618,4.2555,-3.2554999999963616,HIT_TARGET,0.062028841,True,0.062028841,False,,False,False,,False,,0.0
2026-03-20,YOUNG_LEVEL,BID,2026-03-20 07:06:06.406097439,1773990366406097439,0.670104077,1.0,2126.8,36.698,3.197943444730077,1,1,5.0,4-5,7.758,0.21140116627609135,2127.0,2126.9,0.9999999999990905,2126.9,2127.0,0.0,0.9999999999990905,2.12695,-1.1269500000009094,4.2539,-3.2539000000009093,HIT_TARGET,0.061260087,True,0.061260087,False,,False,False,,False,,0.0
2026-03-20,YOUNG_LEVEL,BID,2026-03-20 07:08:26.322369144,1773990506322369144,0.619640008,1.0,2130.5,93.488,10.286405897562855,5,5,4.0000000000009095,4-5,39.486000000000004,0.4223643676193737,2131.1,2130.6,5.0,2131.0,2131.1,0.0,5.0,2.1308499999999997,2.8691500000000003,4.261699999999999,0.7383000000000006,TIMEOUT,60.0,False,,True,3.856430067,True,False,,True,16.64142976,24.00000000000091
2026-03-20,YOUNG_LEVEL,BID,2026-03-20 07:09:17.824142407,1773990557824142407,1.840090322,1.0,2130.9,85.936,11.247431450821281,5,5,7.9999999999972715,6+,30.410999999999998,0.35387963135356537,2131.5,2131.0,5.0,2131.4,2131.5,0.0,5.0,2.13125,2.86875,4.2625,0.7374999999999998,HIT_TARGET,39.916204289,True,39.916204289,True,5.817172488,True,True,34.099031801,True,6.73474331,5.0
2026-03-20,YOUNG_LEVEL,BID,2026-03-20 07:10:08.504078772,1773990608504078772,0.612436292,0.8084431972231979,2129.8,33.557,3.0549410533023806,2,2,4.0000000000009095,4-5,16.119,0.48034687248562147,2130.1,2129.9,1.999999999998181,2130.0,2130.1,0.0,1.999999999998181,2.13,-0.13000000000181888,4.26,-2.2600000000018188,HIT_TARGET,4.753229931,True,4.753229931,True,0.771097742,True,True,3.982132189,False,,0.9999999999990905
2026-03-20,YOUNG_LEVEL,ASK,2026-03-20 07:11:34.950672055,1773990694950672055,0.716458379,1.0,2130.2,79.475,6.1615691747102375,3,3,5.9999999999990905,4-5,31.604,0.39765964139666565,2129.8,2130.1,2.9999999999972715,2129.8,2129.9,0.0,2.9999999999972715,2.1299499999999996,0.870049999997272,4.259899999999999,-1.2599000000027276,HIT_TARGET,3.77916027,True,3.77916027,False,,False,False,,False,,0.0
2026-03-20,YOUNG_LEVEL,BID,2026-03-20 07:21:08.236872784,1773991268236872784,1.727099763,1.0,2133.4,38.783,3.202956600735021,1,1,4.0000000000009095,4-5,12.075,0.3113477554598664,2133.6,2133.5,0.9999999999990905,2133.5,2133.6,0.0,0.9999999999990905,2.13355,-1.1335500000009096,4.2671,-3.2671000000009096,HIT_TARGET,0.011192939,True,0.011192939,False,,False,False,,False,,0.0
2026-03-20,YOUNG_LEVEL,ASK,2026-03-20 07:21:18.294041940,1773991278294041940,0.833597218,1.0,2134.4,75.906,6.006647147265966,5,5,4.0000000000009095,4-5,37.936,0.49977603878481275,2133.8,2134.3,5.0,2133.8,2133.9,0.0,5.0,2.13405,2.86595,4.2681,0.7319000000000004,HIT_TARGET,30.782717123,True,30.782717123,True,6.382946158,True,True,24.399770965,True,11.385249131,7.0000000000027285
2026-03-20,YOUNG_LEVEL,BID,2026-03-20 07:23:47.702751672,1773991427702751672,0.765434511,1.0,2141.2,73.218,8.329692832764506,4,4,7.0000000000027285,6+,22.171999999999997,0.3028217105083449,2141.7,2141.2999999999997,4.0000000000009095,2141.6,2141.7,0.0,4.0000000000009095,2.1414999999999997,1.8585000000009098,4.2829999999999995,-0.28299999999909,HIT_TARGET,5.567372072,True,5.567372072,True,1.526545339,True,True,4.040826733,False,,0.0
2026-03-20,YOUNG_LEVEL,ASK,2026-03-20 07:24:18.427736079,1773991458427736079,1.685054865,1.0,2140.3,47.2,8.728617660656496,1,1,3.999999999996362,2-3,0.8,0.01694915254237288,2140.1,2140.2000000000003,1.000000000003638,2140.1,2140.2,0.0,1.000000000003638,2.1401499999999998,-1.1401499999963618,4.2802999999999995,-3.2802999999963616,HIT_TARGET,0.050822781,True,0.050822781,False,,False,False,,False,,0.0
2026-03-20,YOUNG_LEVEL,BID,2026-03-20 07:35:04.863768081,1773992104863768081,0.595673212,1.0,2145.8,78.626,7.9252091523031964,4,4,5.0,4-5,12.687000000000001,0.16135883804339532,2146.3,2145.9,4.0000000000009095,2146.2,2146.3,0.0,4.0000000000009095,2.1461,1.8539000000009094,4.2922,-0.29219999999909074,TIMEOUT,60.0,False,,True,0.269748686,True,False,,True,4.304204377,27.00000000000273
2026-03-20,YOUNG_LEVEL,ASK,2026-03-20 07:37:36.272589741,1773992256272589741,1.178841519,1.0,2148.0,34.732,4.281294298921417,2,2,4.0000000000009095,4-5,14.344000000000001,0.4129909017620638,2147.7,2147.9,2.0000000000027285,2147.7,2147.8,0.0,2.0000000000027285,2.1478,-0.14779999999727167,4.2956,-2.295599999997272,HIT_TARGET,16.284599669,True,16.284599669,True,0.045606813,True,True,16.238992856,False,,1.000000000003638
2026-03-20,YOUNG_LEVEL,BID,2026-03-20 07:46:04.019367135,1773992764019367135,0.55873765,1.0,2151.0,81.668,6.870940602389367,6,6,5.0,4-5,30.088,0.3684184748004114,2151.7,2151.1,5.9999999999990905,2151.6,2151.7,0.0,5.9999999999990905,2.1513999999999998,3.8485999999990907,4.3027999999999995,1.697199999999091,HIT_TARGET,56.56071043,True,56.56071043,True,0.818002763,True,True,55.742707667,True,1.124194266,20.0
2026-03-20,YOUNG_LEVEL,BID,2026-03-20 07:47:30.222768601,1773992850222768601,0.564821069,1.0,2149.2,39.266,5.101136732705424,1,1,5.0,4-5,2.616,0.06662252330260277,2149.4,2149.2999999999997,1.000000000003638,2149.3,2149.4,0.0,1.000000000003638,2.1493499999999996,-1.1493499999963617,4.298699999999999,-3.2986999999963613,HIT_TARGET,0.058152279,True,0.058152279,False,,False,False,,False,,0.0
2026-03-20,YOUNG_LEVEL,ASK,2026-03-20 07:51:24.500723654,1773993084500723654,0.55798065,1.0,2150.2,76.867,6.239711015504506,4,4,4.0000000000009095,4-5,30.304,0.39423940052298123,2149.7,2150.1,4.0000000000009095,2149.7,2149.8,0.0,4.0000000000009095,2.1498999999999993,1.8501000000009102,4.2997999999999985,-0.299799999999089,TIMEOUT,60.0,False,,True,0.251445378,True,False,,True,27.621699978,4.0000000000009095
2026-03-20,YOUNG_LEVEL,ASK,2026-03-20 08:03:01.868821444,1773993781868821444,0.666031882,1.0,2148.9,49.907,3.782409337223843,1,1,4.0000000000009095,4-5,12.308,0.2466187108020919,2148.7,2148.8,1.000000000003638,2148.7,2148.8,0.0,1.000000000003638,2.14875,-1.1487499999963622,4.2975,-3.2974999999963623,HIT_TARGET,0.048990422,True,0.048990422,False,,False,False,,False,,0.0
2026-03-20,YOUNG_LEVEL,BID,2026-03-20 08:06:36.265104940,1773993996265104940,0.918449759,1.0,2151.5,39.438,4.017112299465241,5,5,5.0,4-5,15.096,0.3827780313403316,2152.1,2151.6,5.0,2152.0,2152.1,0.0,5.0,2.1518499999999996,2.8481500000000004,4.303699999999999,0.6963000000000008,HIT_TARGET,1.020545792,True,1.020545792,True,0.102198636,True,True,0.918347156,False,,0.0
2026-03-20,YOUNG_LEVEL,ASK,2026-03-20 08:09:25.624508272,1773994165624508272,1.989146542,0.9974121056989476,2165.4,50.75,21.762435677530018,6,6,45.0,6+,11.270000000000001,0.2220689655172414,2164.7,2165.3,6.000000000003638,2164.7,2164.8,0.0,6.000000000003638,2.165,3.835000000003638,4.33,1.670000000003638,HIT_TARGET,0.153093679,True,0.153093679,False,,False,False,,False,,2.0000000000027285
2026-03-20,YOUNG_LEVEL,ASK,2026-03-20 08:09:25.930102627,1773994165930102627,0.667450761,0.9147874939646672,2165.5,49.008,35.32108108108108,3,3,47.99999999999727,6+,15.43,0.3148465556643813,2165.1,2165.4,3.000000000001819,2165.1,2165.2,0.0,3.000000000001819,2.16525,0.8347500000018191,4.3305,-1.3304999999981808,HIT_TARGET,5.052556433,True,5.052556433,True,0.051190224,True,True,5.001366209,True,0.051190224,10.0
2026-03-20,YOUNG_LEVEL,BID,2026-03-20 08:09:40.318300108,1773994180318300108,0.682093544,1.0,2165.6,73.15,10.091743119266056,4,4,5.9999999999990905,4-5,15.866,0.2168967874231032,2166.1,2165.7,4.0000000000009095,2166.0,2166.1,0.0,4.0000000000009095,2.1658999999999997,1.8341000000009098,4.331799999999999,-0.33179999999908993,HIT_TARGET,0.81593847,True,0.81593847,False,,False,False,,False,,0.9999999999990905
2026-03-20,YOUNG_LEVEL,ASK,2026-03-20 08:10:15.329368112,1773994215329368112,0.866857506,1.0,2168.0,46.6,23.678861788617887,2,2,30.0,6+,0.8,0.017167381974248927,2167.7,2167.9,2.0000000000027285,2167.7,2167.8,0.0,2.0000000000027285,2.1678,-0.1677999999972717,4.3356,-2.335599999997272,HIT_TARGET,0.043756532,True,0.043756532,False,,False,False,,False,,0.0
2026-03-20,YOUNG_LEVEL,ASK,2026-03-20 08:10:36.600476208,1773994236600476208,0.510596943,0.6807819431069332,2170.0,90.867,8.235928577902657,5,5,10.99999999999909,6+,44.027,0.4845213333773537,2169.4,2169.9,5.0,2169.4,2169.5,0.0,5.0,2.16965,2.83035,4.3393,0.6607000000000003,HIT_TARGET,0.355274247,True,0.355274247,False,,False,False,,False,,0.0
2026-03-20,YOUNG_LEVEL,BID,2026-03-20 08:10:48.080877839,1773994248080877839,0.509259753,1.0,2172.2,74.157,12.454988243197848,4,4,23.00000000000182,6+,35.76,0.48222015453699585,2172.7,2172.2999999999997,4.0000000000009095,2172.6,2172.7,0.0,4.0000000000009095,2.1725,1.8275000000009096,4.345,-0.34499999999909026,HIT_TARGET,6.736864239,True,6.736864239,True,0.458283711,True,True,6.278580528,True,1.225707254,9.00000000000091
2026-03-20,YOUNG_LEVEL,ASK,2026-03-20 08:10:50.633530657,1773994250633530657,0.670285954,0.7625451838126985,2173.8,53.1,7.621097954790097,5,5,5.0,4-5,13.504,0.2543126177024482,2173.2,2173.7000000000003,5.0000000000045475,2173.2,2173.3,0.0,5.0000000000045475,2.17345,2.8265500000045476,4.3469,0.6531000000045477,HIT_TARGET,40.3078618,True,40.3078618,True,0.662429832,True,True,39.645431968,True,0.459183295,36.00000000000364
2026-03-20,YOUNG_LEVEL,BID,2026-03-20 08:11:01.703718885,1773994261703718885,1.17597984,1.0,2169.4,101.72,18.870234672108342,5,5,22.99999999999727,6+,22.85,0.22463625639009047,2170.0,2169.5,5.0,2169.9,2170.0,0.0,5.0,2.16975,2.83025,4.3395,0.6604999999999999,TIMEOUT,60.0,False,,True,1.224566931,True,False,,True,1.88683064,42.99999999999727
2026-03-20,YOUNG_LEVEL,ASK,2026-03-20 08:11:22.983704543,1773994282983704543,0.616358545,0.8211391536723158,2171.3,11.471,3.6352400570432577,4,4,4.0000000000009095,4-5,1.417,0.12352889896260134,2170.7,2171.2000000000003,5.0000000000045475,2170.7,2170.9,0.0,5.0000000000045475,2.1709499999999995,2.829050000004548,4.341899999999999,0.6581000000045485,HIT_TARGET,0.051086014,True,0.051086014,False,,False,False,,False,,0.0
2026-03-20,YOUNG_LEVEL,BID,2026-03-20 08:12:26.960038802,1773994346960038802,0.611415201,1.0,2175.5,50.623,9.511131986848286,2,2,4.0000000000009095,4-5,21.976,0.43411097722379155,2175.8,2175.6,2.0000000000027285,2175.7,2175.8,0.0,2.0000000000027285,2.1756999999999995,-0.17569999999727104,4.351399999999999,-2.3513999999972706,HIT_TARGET,1.378531603,True,1.378531603,False,,False,False,,False,,2.0000000000027285
2026-03-20,YOUNG_LEVEL,ASK,2026-03-20 08:13:04.773743722,1773994384773743722,0.506139031,0.8909333253929591,2174.1,24.607,3.526115927491581,1,1,8.000000000001819,6+,0.919,0.03734709635469582,2173.9,2174.0,0.9999999999990905,2173.9,2174.0,0.0,0.9999999999990905,2.1739499999999996,-1.173950000000909,4.347899999999999,-3.3479000000009087,HIT_TARGET,0.05533086,True,0.05533086,False,,False,False,,False,,0.0
2026-03-20,YOUNG_LEVEL,ASK,2026-03-20 08:14:04.226369066,1773994444226369066,0.918070059,1.0,2169.8,46.569,5.309428799452742,4,4,9.00000000000091,6+,13.878,0.298009405398441,2169.1,2169.7000000000003,6.000000000003638,2169.1,2169.4,0.0,6.000000000003638,2.1694,3.830600000003638,4.3388,1.661200000003638,HIT_TARGET,17.604980189,True,17.604980189,True,1.21878611,True,True,16.386194079,False,,0.0
2026-03-20,YOUNG_LEVEL,ASK,2026-03-20 08:14:54.594830605,1773994494594830605,0.711652824,1.0,2172.1,56.308,6.34099099099099,4,4,3.999999999996362,2-3,12.706000000000003,0.22565177239468642,2171.6,2172.0,4.0000000000009095,2171.6,2171.7,0.0,4.0000000000009095,2.1718,1.8282000000009093,4.3436,-0.34359999999909085,TIMEOUT,60.0,False,,True,0.308204347,True,False,,True,1.218957592,38.99999999999636
2026-03-20,YOUNG_LEVEL,BID,2026-03-20 08:15:00.719958572,1773994500719958572,0.563892579,0.8081013068270934,2169.7,59.845,4.17227315508767,2,2,6.999999999998181,6+,22.848,0.38178628122650177,2170.0,2169.7999999999997,2.0000000000027285,2169.9,2170.0,0.0,2.0000000000027285,2.1698999999999993,-0.1698999999972708,4.3397999999999985,-2.33979999999727,HIT_TARGET,18.575656811,True,18.575656811,True,3.00743751,True,True,15.568219301,True,0.356298778,6.999999999998181
2026-03-20,YOUNG_LEVEL,BID,2026-03-20 08:15:01.842343061,1773994501842343061,0.766085711,0.8590087943827998,2169.8,35.505,3.5939872456726385,2,2,5.0,4-5,4.5169999999999995,0.1272215180960428,2170.1,2169.9,1.999999999998181,2170.0,2170.1,0.0,1.999999999998181,2.17,-0.17000000000181892,4.34,-2.340000000001819,HIT_TARGET,0.459238464,True,0.459238464,False,,False,False,,False,,0.0
2026-03-20,YOUNG_LEVEL,BID,2026-03-20 08:15:39.147274596,1773994539147274596,0.664299451,0.8332481325503911,2167.7,35.225,7.095377177963541,1,1,3.999999999996362,2-3,15.501,0.4400567778566359,2167.9,2167.7999999999997,1.000000000003638,2167.8,2167.9,0.0,1.000000000003638,2.1678499999999996,-1.1678499999963616,4.335699999999999,-3.3356999999963612,HIT_TARGET,0.04712749,True,0.04712749,False,,False,False,,False,,0.0
2026-03-20,YOUNG_LEVEL,BID,2026-03-20 08:16:05.069590017,1773994565069590017,1.279888651,0.8714798292246128,2168.3,39.155,5.152312652148168,3,3,4.0000000000009095,4-5,18.201,0.46484484740135357,2168.7,2168.4,2.9999999999972715,2168.6,2168.7,0.0,2.9999999999972715,2.16855,0.8314499999972713,4.3371,-1.3371000000027289,HIT_TARGET,0.253184304,True,0.253184304,False,,False,False,,False,,0.0
2026-03-20,YOUNG_LEVEL,BID,2026-03-20 08:16:22.369930048,1773994582369930048,0.64577869,1.0,2168.8,62.117,5.5670371034235515,1,1,5.0,4-5,28.111,0.4525492216301496,2169.0,2168.9,0.9999999999990905,2168.9,2169.0,0.0,0.9999999999990905,2.1689499999999997,-1.1689500000009092,4.337899999999999,-3.337900000000909,HIT_TARGET,0.007692251,True,0.007692251,False,,False,False,,False,,0.0
2026-03-20,YOUNG_LEVEL,ASK,2026-03-20 08:16:27.575062559,1773994587575062559,0.614578503,1.0,2170.5,60.148,10.559691011235957,6,6,9.00000000000091,6+,17.797,0.2958868125290949,2169.8,2170.4,5.9999999999990905,2169.8,2169.9,0.0,5.9999999999990905,2.1701,3.8298999999990904,4.3402,1.6597999999990902,HIT_TARGET,0.051757999,True,0.051757999,False,,False,False,,False,,0.0
2026-03-20,YOUNG_LEVEL,ASK,2026-03-20 08:16:50.642146264,1773994610642146264,1.03124079,1.0,2169.6,94.094,11.228400954653939,1,1,5.0,4-5,29.92,0.3179798924479776,2169.4,2169.5,0.9999999999990905,2169.4,2169.5,0.0,0.9999999999990905,2.1694499999999994,-1.169450000000909,4.338899999999999,-3.3389000000009084,HIT_TARGET,0.040253976,True,0.040253976,False,,False,False,,False,,0.0
2026-03-20,YOUNG_LEVEL,BID,2026-03-20 08:16:52.370877898,1773994612370877898,0.504183839,1.0,2168.5,76.061,13.968962350780533,3,3,6.999999999998181,6+,14.466,0.19018945320203517,2168.9,2168.6,3.000000000001819,2168.8,2168.9,0.0,3.000000000001819,2.16875,0.8312500000018188,4.3375,-1.3374999999981814,HIT_TARGET,0.158520347,True,0.158520347,False,,False,False,,False,,0.0
2026-03-20,YOUNG_LEVEL,ASK,2026-03-20 08:16:57.531368153,1773994617531368153,1.275631916,1.0,2169.3,57.467,6.0124503034107555,3,3,4.0000000000009095,4-5,26.158,0.45518297457671364,2168.9,2169.2000000000003,3.000000000001819,2168.9,2169.0,0.0,3.000000000001819,2.16905,0.8309500000018191,4.3381,-1.3380999999981809,HIT_TARGET,0.2549314,True,0.2549314,False,,False,False,,False,,0.0
2026-03-20,YOUNG_LEVEL,ASK,2026-03-20 08:17:51.517380171,1773994671517380171,0.968405728,1.0,2168.7,72.905,8.49906738167405,2,2,5.0,4-5,34.157,0.4685138193539537,2168.4,2168.6,1.999999999998181,2168.4,2168.5,0.0,1.999999999998181,2.1685,-0.16850000000181886,4.337,-2.3370000000018187,HIT_TARGET,1.228226166,True,1.228226166,True,0.051660738,True,True,1.176565428,False,,0.0
2026-03-20,YOUNG_LEVEL,BID,2026-03-20 08:21:48.484483112,1773994908484483112,0.506279405,1.0,2162.5,54.444,3.7546291507189413,5,5,5.0,4-5,21.252,0.39034604364117254,2163.1,2162.6,5.0,2163.0,2163.1,0.0,5.0,2.1628499999999997,2.8371500000000003,4.325699999999999,0.6743000000000006,HIT_TARGET,1.333010642,True,1.333010642,False,,False,False,,False,,0.0
2026-03-20,YOUNG_LEVEL,ASK,2026-03-20 08:22:19.197323964,1773994939197323964,0.545584651,1.0,2164.8,81.917,9.295018722341997,4,4,4.0000000000009095,4-5,31.239,0.3813494146514155,2164.3,2164.7000000000003,4.0000000000009095,2164.3,2164.4,0.0,4.0000000000009095,2.1645,1.8355000000009096,4.329,-0.32899999999909024,HIT_TARGET,45.947497118,True,45.947497118,True,0.371075484,True,True,45.576421634,True,1.390622152,19.00000000000091
2026-03-20,YOUNG_LEVEL,BID,2026-03-20 08:25:54.040027036,1773995154040027036,0.607712761,1.0,2166.8,73.136,12.140770252324037,4,4,8.000000000001819,6+,32.578,0.4454441041347627,2167.3,2166.9,4.0000000000009095,2167.2,2167.3,0.0,4.0000000000009095,2.1671000000000005,1.832900000000909,4.334200000000001,-0.33419999999909145,HIT_TARGET,14.804589053,True,14.804589053,True,0.153343973,True,True,14.65124508,False,,2.0000000000027285
2026-03-20,YOUNG_LEVEL,BID,2026-03-20 08:27:02.933803546,1773995222933803546,1.068643305,1.0,2166.8,56.358,5.206522241212065,3,3,5.9999999999990905,4-5,26.98,0.4787252918840271,2167.2,2166.9,2.9999999999972715,2167.1,2167.2,0.0,2.9999999999972715,2.16705,0.8329499999972714,4.3341,-1.3341000000027288,HIT_TARGET,11.534961234,True,11.534961234,False,,False,False,,False,,0.0
2026-03-20,YOUNG_LEVEL,ASK,2026-03-20 08:28:08.617708181,1773995288617708181,0.635555726,1.0,2166.7,74.825,8.409665636414722,7,7,9.00000000000091,6+,31.912,0.4264884731039091,2165.9,2166.6,6.999999999998181,2165.9,2166.0,0.0,6.999999999998181,2.16625,4.833749999998181,4.3325,2.6674999999981814,HIT_TARGET,10.30827845,True,10.30827845,True,2.904855424,True,True,7.403423026,False,,0.0
2026-03-20,YOUNG_LEVEL,ASK,2026-03-20 08:31:42.172673366,1773995502172673366,0.545268361,1.0,2162.8,78.625,8.98776863283036,5,5,4.0000000000009095,4-5,21.997999999999998,0.27978378378378377,2162.2,2162.7000000000003,5.0000000000045475,2162.2,2162.3,0.0,5.0000000000045475,2.1624499999999998,2.8375500000045477,4.3248999999999995,0.675100000004548,HIT_TARGET,0.16902421,True,0.16902421,False,,False,False,,False,,0.0
2026-03-20,YOUNG_LEVEL,BID,2026-03-20 08:31:45.806858098,1773995505806858098,0.606371089,1.0,2161.8,103.82,12.602573440155377,4,4,4.0000000000009095,4-5,34.327999999999996,0.3306492005393951,2162.3,2161.9,4.0000000000009095,2162.2,2162.3,0.0,4.0000000000009095,2.1621,1.8379000000009094,4.3242,-0.32419999999909077,TIMEOUT,60.0,False,,True,3.266186836,True,False,,True,8.935847442,11.000000000003638
2026-03-20,YOUNG_LEVEL,BID,2026-03-20 08:33:13.894846018,1773995593894846018,1.120331813,1.0,2161.1,32.343,3.5421092979958386,2,2,5.0,4-5,16.157,0.49955168042543974,2161.4,2161.2,2.0000000000027285,2161.3,2161.4,0.0,2.0000000000027285,2.1613,-0.16129999999727174,4.3226,-2.322599999997272,HIT_TARGET,0.103729234,True,0.103729234,False,,False,False,,False,,0.0
2026-03-20,YOUNG_LEVEL,BID,2026-03-20 08:33:14.456713479,1773995594456713479,1.593349799,0.9967858834242085,2160.6,76.401,13.53907496012759,1,1,11.000000000003638,6+,32.395,0.42401277470190185,2160.8,2160.7,1.000000000003638,2160.7,2160.8,0.0,1.000000000003638,2.1607499999999997,-1.1607499999963617,4.3214999999999995,-3.3214999999963615,TIMEOUT,60.0,False,,True,0.255914856,True,False,,True,0.3033765,40.0
2026-03-20,YOUNG_LEVEL,ASK,2026-03-20 08:34:57.146198131,1773995697146198131,1.428297625,1.0,2166.3,81.567,6.369684901019093,4,4,5.0,4-5,38.871,0.4765530177645372,2165.8,2166.2000000000003,4.0000000000009095,2165.8,2165.9,0.0,4.0000000000009095,2.166,1.8340000000009096,4.332,-0.33199999999909036,TIMEOUT,60.0,False,,True,0.037213518,True,False,,True,3.673077655,15.0
2026-03-20,YOUNG_LEVEL,ASK,2026-03-20 08:43:55.558325883,1773996235558325883,1.179381338,1.0,2165.4,41.448,3.687052439621047,2,2,3.999999999996362,2-3,5.764,0.13906581740976645,2165.1,2165.3,2.0000000000027285,2165.1,2165.2,0.0,2.0000000000027285,2.1651999999999996,-0.16519999999727109,4.330399999999999,-2.3303999999972707,TIMEOUT,60.0,False,,True,1.274296206,True,False,,True,1.274296206,11.999999999998181
2026-03-20,YOUNG_LEVEL,BID,2026-03-20 08:45:09.629163065,1773996309629163065,0.521032949,1.0,2162.5,102.275,10.87684781452728,5,5,5.0,4-5,47.15,0.4610119775116108,2163.1,2162.6,5.0,2163.0,2163.1,0.0,5.0,2.1628499999999997,2.8371500000000003,4.325699999999999,0.6743000000000006,HIT_TARGET,2.235161277,True,2.235161277,False,,False,False,,False,,0.0
2026-03-20,YOUNG_LEVEL,ASK,2026-03-20 08:56:56.737022988,1773997016737022988,0.548883673,1.0,2164.1,36.591,3.3443926514943794,1,1,4.0000000000009095,4-5,11.339,0.30988494438523134,2163.9,2164.0,0.9999999999990905,2163.9,2164.0,0.0,0.9999999999990905,2.16395,-1.1639500000009093,4.3279,-3.327900000000909,HIT_TARGET,0.100102387,True,0.100102387,False,,False,False,,False,,0.0
2026-03-20,YOUNG_LEVEL,BID,2026-03-20 08:58:19.537765128,1773997099537765128,0.507233528,1.0,2163.6,105.069,7.8409701492537325,4,4,5.0,4-5,35.924,0.34190865050585806,2164.1,2163.7,4.0000000000009095,2164.0,2164.1,0.0,4.0000000000009095,2.1638999999999995,1.83610000000091,4.327799999999999,-0.3277999999990895,HIT_TARGET,3.558941317,True,3.558941317,True,0.71746758,True,True,2.841473737,False,,0.0
2026-03-20,YOUNG_LEVEL,BID,2026-03-20 08:59:58.646156035,1773997198646156035,0.543738867,1.0,2163.6,74.704,7.890989753881905,2,2,5.0,4-5,22.116,0.29604840436924396,2163.9,2163.7,2.0000000000027285,2163.8,2163.9,0.0,2.0000000000027285,2.1638,-0.16379999999727168,4.3276,-2.327599999997272,HIT_TARGET,2.008518985,True,2.008518985,True,0.047089121,True,True,1.961429864,False,,0.0
2026-03-20,YOUNG_LEVEL,BID,2026-03-20 09:02:03.760657337,1773997323760657337,1.523991691,0.8999578023289893,2156.5,37.179,6.357014619133112,5,5,13.000000000001819,6+,6.679,0.17964442292692112,2157.1,2156.6,5.0,2157.0,2157.1,0.0,5.0,2.15685,2.84315,4.3137,0.6863000000000001,TIMEOUT,60.0,False,,True,5.62062447,True,False,,True,6.029575293,23.00000000000182
2026-03-20,YOUNG_LEVEL,ASK,2026-03-20 09:03:37.527508636,1773997417527508636,1.125262003,1.0,2157.1,52.287,9.711552748885586,2,2,4.0000000000009095,4-5,5.303,0.10142100330866181,2156.8,2157.0,1.999999999998181,2156.8,2156.9,0.0,1.999999999998181,2.1569000000000003,-0.15690000000181925,4.3138000000000005,-2.3138000000018195,HIT_TARGET,0.76151644,True,0.76151644,True,0.189126191,True,True,0.572390249,False,,0.0
2026-03-20,YOUNG_LEVEL,BID,2026-03-20 09:05:19.036446082,1773997519036446082,0.563687238,0.7843030641754568,2157.6,60.79,4.5203747769185005,3,3,5.0,4-5,22.856,0.3759828919230137,2158.0,2157.7,3.000000000001819,2157.9,2158.0,0.0,3.000000000001819,2.15785,0.8421500000018192,4.3157,-1.3156999999981807,HIT_TARGET,0.312672187,True,0.312672187,False,,False,False,,False,,0.0
2026-03-20,YOUNG_LEVEL,BID,2026-03-20 09:20:25.245662737,1773998425245662737,0.508888824,1.0,2146.9,58.928,7.43852562484221,5,5,5.0,4-5,23.116000000000003,0.39227531903339674,2147.5,2147.0,5.0,2147.4,2147.5,0.0,5.0,2.1472499999999997,2.8527500000000003,4.294499999999999,0.7055000000000007,HIT_TARGET,4.643883391,True,4.643883391,True,2.194577953,True,True,2.449305438,False,,0.9999999999990905
2026-03-20,YOUNG_LEVEL,BID,2026-03-20 09:20:59.483874257,1773998459483874257,1.886371235,1.0,2145.1,75.838,5.961638235987737,2,2,3.999999999996362,2-3,37.184,0.4903082887206941,2145.4,2145.2,2.0000000000027285,2145.3,2145.4,0.0,2.0000000000027285,2.1453,-0.14529999999727172,4.2906,-2.290599999997272,HIT_TARGET,6.790145641,True,6.790145641,True,0.105775308,True,True,6.684370333,False,,1.999999999998181
2026-03-20,YOUNG_LEVEL,ASK,2026-03-20 09:21:19.447612717,1773998479447612717,1.075254273,0.9001769705127226,2147.2,47.995,9.713620724549685,4,4,19.00000000000091,6+,22.057,0.45956870507344516,2146.7,2147.1,4.0000000000009095,2146.7,2146.8,0.0,4.0000000000009095,2.1468999999999996,1.85310000000091,4.293799999999999,-0.2937999999990897,HIT_TARGET,21.998096342,True,21.998096342,True,0.048257895,True,True,21.949838447,True,0.356783157,6.000000000003638
2026-03-20,YOUNG_LEVEL,ASK,2026-03-20 09:21:21.483575760,1773998481483575760,0.710846178,1.0,2146.8,54.947,5.832705270420891,5,5,10.0,6+,15.235000000000001,0.2772671847416602,2146.2,2146.7000000000003,5.0000000000045475,2146.2,2146.3,0.0,5.0000000000045475,2.1464499999999997,2.8535500000045477,4.2928999999999995,0.707100000004548,HIT_TARGET,3.120680507,True,3.120680507,True,0.109177307,True,True,3.0115032,False,,1.000000000003638
2026-03-20,YOUNG_LEVEL,ASK,2026-03-20 09:21:25.114396224,1773998485114396224,0.510139957,1.0,2147.2,82.306,7.371456719358739,5,5,5.0,4-5,25.886000000000003,0.31450927028406195,2146.6,2147.1,5.0,2146.6,2146.7,0.0,5.0,2.1468499999999997,2.8531500000000003,4.293699999999999,0.7063000000000006,HIT_TARGET,16.331312835,True,16.331312835,True,0.610362466,True,True,15.720950369,True,4.082488402,3.999999999996362
2026-03-20,YOUNG_LEVEL,ASK,2026-03-20 09:21:38.221731064,1773998498221731064,0.501824783,1.0,2146.8,34.824,4.556326049980374,1,1,3.999999999996362,2-3,4.291,0.12321961865380199,2146.6,2146.7000000000003,1.000000000003638,2146.6,2146.7,0.0,1.000000000003638,2.14665,-1.1466499999963622,4.2933,-3.2932999999963624,HIT_TARGET,0.047288161,True,0.047288161,False,,False,False,,False,,0.0
2026-03-20,YOUNG_LEVEL,ASK,2026-03-20 09:23:01.135914211,1773998581135914211,0.96925154,1.0,2147.6,90.301,9.321874677402704,4,4,5.9999999999990905,4-5,17.922,0.19846956290628012,2147.0,2147.5,5.0,2147.0,2147.2,0.0,5.0,2.1472499999999997,2.8527500000000003,4.294499999999999,0.7055000000000007,TIMEOUT,60.0,False,,True,0.203817485,True,False,,True,15.258550615,12.999999999997272
2026-03-20,YOUNG_LEVEL,ASK,2026-03-20 09:24:17.501634885,1773998657501634885,0.768253272,1.0,2144.6,71.58,7.03834808259587,3,3,4.0000000000009095,4-5,8.878,0.12402905839620006,2144.2,2144.5,3.000000000001819,2144.2,2144.3,0.0,3.000000000001819,2.1443499999999998,0.8556500000018192,4.2886999999999995,-1.2886999999981805,HIT_TARGET,1.073034542,True,1.073034542,True,0.555239045,True,True,0.517795497,False,,0.0
2026-03-20,YOUNG_LEVEL,ASK,2026-03-20 09:25:04.506850352,1773998704506850352,0.556388314,0.6271129159625017,2142.0,58.703,6.317585019371503,3,3,13.999999999996362,6+,24.662,0.42011481525646044,2141.6,2141.9,3.000000000001819,2141.6,2141.7,0.0,3.000000000001819,2.14175,0.858250000001819,4.2835,-1.283499999998181,HIT_TARGET,0.71746284,True,0.71746284,True,0.201305785,True,True,0.516157055,False,,0.0
2026-03-20,YOUNG_LEVEL,ASK,2026-03-20 09:26:27.316935566,1773998787316935566,0.568081185,0.9898139946317708,2142.3,83.012,8.115754998289093,2,2,11.999999999998181,6+,34.55200000000001,0.41622897894280353,2142.0,2142.2000000000003,2.0000000000027285,2142.0,2142.1,0.0,2.0000000000027285,2.1421,-0.14209999999727163,4.2842,-2.2841999999972717,HIT_TARGET,4.542811475,True,4.542811475,True,1.984390094,True,True,2.558421381,False,,0.9999999999990905
2026-03-20,YOUNG_LEVEL,BID,2026-03-20 09:31:48.645379248,1773999108645379248,0.572847512,1.0,2145.5,34.435,3.0742790822248014,1,1,5.0,4-5,6.525,0.1894874401045448,2145.7,2145.6,0.9999999999990905,2145.6,2145.7,0.0,0.9999999999990905,2.1456499999999994,-1.1456500000009089,4.291299999999999,-3.2913000000009083,HIT_TARGET,0.022833632,True,0.022833632,False,,False,False,,False,,0.0
2026-03-20,YOUNG_LEVEL,BID,2026-03-20 09:35:42.919912943,1773999342919912943,0.538117452,1.0,2147.0,53.93,6.3875399739429115,4,4,10.99999999999909,6+,21.843,0.4050250324494715,2147.5,2147.1,4.0000000000009095,2147.4,2147.5,0.0,4.0000000000009095,2.1473,1.8527000000009095,4.2946,-0.2945999999990905,HIT_TARGET,20.343468379,True,20.343468379,True,1.251563425,True,True,19.091904954,True,5.131139311,5.9999999999990905
2026-03-20,YOUNG_LEVEL,BID,2026-03-20 09:36:08.149581074,1773999368149581074,0.552189757,1.0,2146.3,41.951,3.6121060788703288,2,2,5.0,4-5,4.219,0.10056971228337823,2146.6,2146.4,1.999999999998181,2146.5,2146.6,0.0,1.999999999998181,2.1465,-0.14650000000181906,4.293,-2.293000000001819,HIT_TARGET,6.086086471,True,6.086086471,True,1.18791667,True,True,4.898169801,False,,1.999999999998181
2026-03-20,YOUNG_LEVEL,BID,2026-03-20 09:38:16.133425186,1773999496133425186,1.330431297,1.0,2146.2,88.87,8.608097636574971,4,4,4.0000000000009095,4-5,27.05,0.304377180150782,2146.7,2146.2999999999997,4.0000000000009095,2146.6,2146.7,0.0,4.0000000000009095,2.1465,1.8535000000009094,4.293,-0.29299999999909065,HIT_TARGET,55.325403006,True,55.325403006,True,0.713484186,True,True,54.61191882,True,5.4575005,10.0
2026-03-20,YOUNG_LEVEL,ASK,2026-03-20 09:42:56.192009918,1773999776192009918,0.504167963,1.0,2144.2,34.637,3.3204237166275226,2,2,4.0000000000009095,4-5,1.398,0.04036146317521725,2143.9,2144.1,1.999999999998181,2143.9,2144.0,0.0,1.999999999998181,2.144,-0.14400000000181912,4.288,-2.2880000000018192,HIT_TARGET,1.128285187,True,1.128285187,False,,False,False,,False,,0.0
2026-03-20,YOUNG_LEVEL,ASK,2026-03-20 09:46:21.029363321,1773999981029363321,0.578756681,1.0,2143.5,39.766,3.5155372850638726,1,1,4.0000000000009095,4-5,19.363,0.48692350248956395,2143.3,2143.4,0.9999999999990905,2143.3,2143.4,0.0,0.9999999999990905,2.1433500000000003,-1.1433500000009098,4.286700000000001,-3.28670000000091,HIT_TARGET,0.030230569,True,0.030230569,False,,False,False,,False,,0.0
2026-03-20,YOUNG_LEVEL,ASK,2026-03-20 09:46:34.718052972,1773999994718052972,1.742156056,1.0,2143.6,64.687,7.661159471783028,4,4,5.0,4-5,26.002000000000002,0.40196639201075957,2143.1,2143.5,4.0000000000009095,2143.1,2143.2,0.0,4.0000000000009095,2.1433,1.8567000000009095,4.2866,-0.28659999999909047,HIT_TARGET,1.984428757,True,1.984428757,False,,False,False,,False,,0.0
2026-03-20,YOUNG_LEVEL,BID,2026-03-20 09:47:11.568182581,1774000031568182581,0.509941961,1.0,2142.6,29.817,3.095297415135472,3,3,6.999999999998181,6+,10.651,0.3572123285374115,2143.0,2142.7,3.000000000001819,2142.9,2143.0,0.0,3.000000000001819,2.1428499999999997,0.8571500000018193,4.285699999999999,-1.2856999999981804,HIT_TARGET,0.051065518,True,0.051065518,False,,False,False,,False,,0.0
2026-03-20,YOUNG_LEVEL,BID,2026-03-20 09:48:55.903391520,1774000135903391520,0.543052132,1.0,2140.8,63.923,7.871805923280586,5,5,11.999999999998181,6+,24.736000000000004,0.3869655679489386,2141.4,2140.9,5.0,2141.3,2141.4,0.0,5.0,2.1411499999999997,2.8588500000000003,4.282299999999999,0.7177000000000007,HIT_TARGET,6.706237543,True,6.706237543,False,,False,False,,False,,0.0
2026-03-20,YOUNG_LEVEL,BID,2026-03-20 09:51:03.531378598,1774000263531378598,0.513190251,0.8827867932354779,2140.5,62.87,6.736672917224753,3,3,5.0,4-5,11.426000000000002,0.18174009861619217,2140.9,2140.6,3.000000000001819,2140.8,2140.9,0.0,3.000000000001819,2.1407499999999997,0.8592500000018193,4.281499999999999,-1.2814999999981804,HIT_TARGET,4.021702235,True,4.021702235,True,0.205295308,True,True,3.816406927,False,,0.0
2026-03-20,YOUNG_LEVEL,ASK,2026-03-20 09:52:07.073896159,1774000327073896159,0.506262062,1.0,2139.9,54.21,3.4205129823011644,4,4,5.9999999999990905,4-5,27.104999999999997,0.49999999999999994,2139.4,2139.8,4.0000000000009095,2139.4,2139.5,0.0,4.0000000000009095,2.1396,1.8604000000009093,4.2792,-0.27919999999909084,HIT_TARGET,12.765158,True,12.765158,True,2.035502833,True,True,10.729655167,True,3.780355073,5.0
2026-03-20,YOUNG_LEVEL,ASK,2026-03-20 09:54:31.035329942,1774000471035329942,0.612866707,1.0,2135.5,31.678,3.4440095672972384,3,3,5.0,4-5,9.583,0.3025127848980365,2135.1,2135.4,3.000000000001819,2135.1,2135.2,0.0,3.000000000001819,2.1352499999999996,0.8647500000018193,4.270499999999999,-1.2704999999981803,HIT_TARGET,0.1020645,True,0.1020645,False,,False,False,,False,,0.0
2026-03-20,YOUNG_LEVEL,ASK,2026-03-20 09:55:00.993517327,1774000500993517327,0.714245372,0.9218490714980789,2137.2,50.287,3.709711925048873,2,2,5.0,4-5,21.482999999999997,0.4272078270726032,2136.9,2137.1,1.999999999998181,2136.9,2137.0,0.0,1.999999999998181,2.137,-0.137000000001819,4.274,-2.274000000001819,HIT_TARGET,0.152592787,True,0.152592787,False,,False,False,,False,,0.0
2026-03-20,YOUNG_LEVEL,BID,2026-03-20 10:01:48.681038194,1774000908681038194,1.984352913,0.9741023047546986,2138.9,64.918,4.619840592086536,1,1,4.0000000000009095,4-5,23.542,0.3626421023444961,2139.1,2139.0,0.9999999999990905,2139.0,2139.1,0.0,0.9999999999990905,2.13905,-1.1390500000009096,4.2781,-3.2781000000009097,HIT_TARGET,0.056208297,True,0.056208297,False,,False,False,,False,,0.0
2026-03-20,YOUNG_LEVEL,ASK,2026-03-20 10:05:13.879293043,1774001113879293043,0.515830826,1.0,2137.8,35.583,4.126522092079322,4,4,10.99999999999909,6+,14.920000000000002,0.41930135176910327,2137.3,2137.7000000000003,4.0000000000009095,2137.3,2137.4,0.0,4.0000000000009095,2.1374999999999997,1.8625000000009098,4.2749999999999995,-0.27499999999909,HIT_TARGET,1.078227079,True,1.078227079,True,0.157717014,True,True,0.920510065,False,,0.0
2026-03-20,YOUNG_LEVEL,ASK,2026-03-20 10:05:46.857351393,1774001146857351393,0.510796399,1.0,2138.5,80.498,11.343338265342071,4,4,5.0,4-5,36.23,0.4500732937464284,2138.0,2138.4,4.0000000000009095,2138.0,2138.1,0.0,4.0000000000009095,2.1382,1.8618000000009096,4.2764,-0.27639999999909026,HIT_TARGET,4.746885706,True,4.746885706,True,1.222635072,True,True,3.524250634,True,2.247078416,2.9999999999972715
2026-03-20,YOUNG_LEVEL,ASK,2026-03-20 10:16:44.880441949,1774001804880441949,0.509389713,1.0,2135.8,87.077,11.535669338279128,4,4,5.0,4-5,37.028,0.4252328399003181,2135.3,2135.7000000000003,4.0000000000009095,2135.3,2135.4,0.0,4.0000000000009095,2.1355,1.8645000000009095,4.271,-0.2709999999990904,HIT_TARGET,1.225229081,True,1.225229081,True,0.295938967,True,True,0.929290114,False,,0.0
2026-03-20,YOUNG_LEVEL,BID,2026-03-20 10:16:57.590567155,1774001817590567155,0.877545718,0.9908526623338842,2135.7,16.416,3.570636215334421,1,1,5.0,4-5,1.976,0.12037037037037036,2135.9,2135.7999999999997,1.000000000003638,2135.8,2135.9,0.0,1.000000000003638,2.13585,-1.135849999996362,4.2717,-3.271699999996362,HIT_TARGET,0.04634767,True,0.04634767,False,,False,False,,False,,0.0
2026-03-20,YOUNG_LEVEL,ASK,2026-03-20 10:18:00.221874193,1774001880221874193,0.714924572,1.0,2138.6,108.286,9.4018667245496,5,5,4.0000000000009095,4-5,50.285000000000004,0.46437212566721464,2138.0,2138.5,5.0,2138.0,2138.1,0.0,5.0,2.1382499999999998,2.8617500000000002,4.2764999999999995,0.7235000000000005,TIMEOUT,60.0,False,,True,1.119463814,True,False,,True,6.571494089,27.99999999999727
2026-03-20,YOUNG_LEVEL,BID,2026-03-20 10:18:43.389262743,1774001923389262743,0.506161005,1.0,2134.8,79.481,7.817931441499041,4,4,10.0,6+,35.866,0.4512525005976271,2135.3,2134.9,4.0000000000009095,2135.2,2135.3,0.0,4.0000000000009095,2.1351,1.8649000000009095,4.2702,-0.2701999999990905,TIMEOUT,60.0,False,,True,0.870919501,True,False,,True,1.228966389,9.00000000000091
2026-03-20,YOUNG_LEVEL,BID,2026-03-20 10:19:09.223265869,1774001949223265869,0.713495881,1.0,2135.1,30.951,3.333800086169754,2,2,6.999999999998181,6+,12.048,0.3892604439274983,2135.4,2135.2,2.0000000000027285,2135.3,2135.4,0.0,2.0000000000027285,2.1353,-0.1352999999972715,4.2706,-2.2705999999972715,HIT_TARGET,11.846486683,True,11.846486683,False,,False,False,,False,,1.999999999998181
2026-03-20,YOUNG_LEVEL,BID,2026-03-20 10:20:19.517210399,1774002019517210399,1.072554458,1.0,2133.2,82.69,7.297678933898156,4,4,4.0000000000009095,4-5,32.241,0.3899020437779659,2133.7,2133.2999999999997,4.0000000000009095,2133.6,2133.7,0.0,4.0000000000009095,2.1335,1.8665000000009093,4.267,-0.26699999999909085,HIT_TARGET,0.611869122,True,0.611869122,True,0.051304394,True,True,0.560564728,False,,0.0
2026-03-20,YOUNG_LEVEL,ASK,2026-03-20 10:23:42.214457786,1774002222214457786,0.612030713,1.0,2134.4,115.57,14.714795008912652,2,2,5.0,4-5,34.373000000000005,0.2974214761616337,2134.1,2134.3,2.0000000000027285,2134.1,2134.2,0.0,2.0000000000027285,2.1341999999999994,-0.13419999999727095,4.268399999999999,-2.2683999999972704,HIT_TARGET,7.042801497,True,7.042801497,True,1.122533952,True,True,5.920267545,False,,0.0
2026-03-20,YOUNG_LEVEL,BID,2026-03-20 10:27:52.222675438,1774002472222675438,0.75631526,1.0,2135.4,111.339,7.10750079795723,2,2,5.0,4-5,55.477,0.4982710460844807,2135.7,2135.5,1.999999999998181,2135.6,2135.7,0.0,1.999999999998181,2.1355999999999997,-0.1356000000018187,4.271199999999999,-2.2712000000018184,HIT_TARGET,22.623881192,True,22.623881192,True,0.052616037,True,True,22.571265155,False,,0.9999999999990905
2026-03-20,YOUNG_LEVEL,ASK,2026-03-20 10:29:16.746321643,1774002556746321643,0.564117906,1.0,2135.9,35.761,4.1664919025981595,2,2,3.999999999996362,2-3,9.368,0.26196135454825087,2135.6,2135.8,2.0000000000027285,2135.6,2135.7,0.0,2.0000000000027285,2.1356999999999995,-0.135699999997271,4.271399999999999,-2.2713999999972705,HIT_TARGET,53.393544664,True,53.393544664,True,5.989609616,True,True,47.403935048,True,29.539095286,2.9999999999972715
2026-03-20,YOUNG_LEVEL,BID,2026-03-20 10:35:53.124614739,1774002953124614739,1.130838446,1.0,2138.7,105.568,9.546321833883438,5,5,4.0000000000009095,4-5,38.579,0.3654421794483177,2139.3,2138.7999999999997,5.0000000000045475,2139.2,2139.3,0.0,5.0000000000045475,2.13905,2.8609500000045474,4.2781,0.7219000000045472,TIMEOUT,60.0,False,,True,22.409413984,True,False,,True,51.868939768,11.000000000003638
2026-03-20,YOUNG_LEVEL,ASK,2026-03-20 10:42:07.422010254,1774003327422010254,0.562681172,1.0,2148.2,63.545,5.404865186697287,4,4,5.0,4-5,26.258000000000003,0.41321897867652846,2147.7,2148.1,4.0000000000009095,2147.7,2147.8,0.0,4.0000000000009095,2.1478999999999995,1.85210000000091,4.295799999999999,-0.29579999999908946,HIT_TARGET,52.321316667,True,52.321316667,True,1.889672283,True,True,50.431644384,True,20.060139578,8.000000000001819
2026-03-20,YOUNG_LEVEL,BID,2026-03-20 10:45:30.047479795,1774003530047479795,0.699636801,1.0,2148.9,39.219,3.560023600962193,1,1,4.0000000000009095,4-5,19.111,0.4872893240521176,2149.1,2149.0,0.9999999999990905,2149.0,2149.1,0.0,0.9999999999990905,2.14905,-1.1490500000009094,4.2981,-3.2981000000009093,HIT_TARGET,0.02103148,True,0.02103148,False,,False,False,,False,,0.0
2026-03-20,YOUNG_LEVEL,ASK,2026-03-20 10:45:46.938188837,1774003546938188837,1.355954577,1.0,2149.1,94.248,9.138313860474135,3,3,6.000000000003638,6+,45.298,0.48062558356676005,2148.7,2149.0,3.000000000001819,2148.7,2148.8,0.0,3.000000000001819,2.14885,0.8511500000018191,4.2977,-1.2976999999981809,HIT_TARGET,2.216444784,True,2.216444784,True,0.123278365,True,True,2.093166419,False,,0.0
2026-03-20,YOUNG_LEVEL,BID,2026-03-20 11:02:29.953153354,1774004549953153354,1.219455052,0.9952644896664875,2147.0,85.987,6.658174919663943,6,6,4.0000000000009095,4-5,32.745,0.38081337876655774,2147.7,2147.1,5.9999999999990905,2147.6,2147.7,0.0,5.9999999999990905,2.1473999999999993,3.852599999999091,4.294799999999999,1.7051999999990919,TIMEOUT,60.0,False,,True,5.263455393,True,False,,True,13.984820629,30.0
2026-03-20,YOUNG_LEVEL,BID,2026-03-20 11:04:06.384602604,1774004646384602604,1.020880099,0.841711678816848,2148.7,33.304,3.2852281134401977,3,3,4.0000000000009095,4-5,14.811,0.44472135479221714,2149.1,2148.7999999999997,3.000000000001819,2149.0,2149.1,0.0,3.000000000001819,2.1489499999999997,0.8510500000018193,4.297899999999999,-1.2978999999981804,HIT_TARGET,1.683431581,True,1.683431581,False,,False,False,,False,,0.0
2026-03-20,YOUNG_LEVEL,BID,2026-03-20 11:15:19.975283512,1774005319975283512,0.970499638,1.0,2155.0,52.847,6.662086353608572,4,4,5.0,4-5,24.758,0.46848449297027267,2155.5,2155.1,4.0000000000009095,2155.4,2155.5,0.0,4.0000000000009095,2.1553,1.8447000000009095,4.3106,-0.3105999999990905,HIT_TARGET,3.982155374,True,3.982155374,True,0.047821569,True,True,3.934333805,False,,0.0
2026-03-20,YOUNG_LEVEL,BID,2026-03-20 11:15:26.697810288,1774005326697810288,1.058116032,1.0,2154.6,73.076,8.214478417266186,2,2,5.0,4-5,35.841,0.49046198478296577,2154.9,2154.7,2.0000000000027285,2154.8,2154.9,0.0,2.0000000000027285,2.1548,-0.15479999999727134,4.3096,-2.309599999997271,HIT_TARGET,2.25897523,True,2.25897523,True,0.626099678,True,True,1.632875552,False,,0.0
2026-03-20,YOUNG_LEVEL,ASK,2026-03-20 11:25:48.821793791,1774005948821793791,0.983411983,0.8488013390416456,2151.8,53.142,5.410782467036603,2,2,6.999999999998181,6+,25.070999999999998,0.4717737382861013,2151.5,2151.7000000000003,2.0000000000027285,2151.5,2151.6,0.0,2.0000000000027285,2.1516,-0.1515999999972717,4.3032,-2.303199999997272,HIT_TARGET,3.5203921,True,3.5203921,True,1.017592771,True,True,2.502799329,False,,0.0
2026-03-20,YOUNG_LEVEL,ASK,2026-03-20 11:31:10.170156850,1774006270170156850,0.551497366,1.0,2149.4,76.97,7.829315430780185,4,4,5.9999999999990905,4-5,25.988,0.337638040795115,2148.9,2149.3,4.0000000000009095,2148.9,2149.0,0.0,4.0000000000009095,2.1491000000000002,1.8509000000009093,4.2982000000000005,-0.29819999999909097,HIT_TARGET,11.951507842,True,11.951507842,True,0.214008324,True,True,11.737499518,False,,0.0
2026-03-20,YOUNG_LEVEL,ASK,2026-03-20 11:37:37.350629789,1774006657350629789,0.562814234,1.0,2141.3,71.564,8.379859484777517,2,2,5.0,4-5,4.026,0.0562573360907719,2141.0,2141.2000000000003,2.0000000000027285,2141.0,2141.1,0.0,2.0000000000027285,2.1411000000000002,-0.14109999999727174,4.2822000000000005,-2.282199999997272,HIT_TARGET,0.152649661,True,0.152649661,False,,False,False,,False,,0.0
2026-03-20,YOUNG_LEVEL,ASK,2026-03-20 11:39:37.443693108,1774006777443693108,1.407460406,0.8889472639275083,2138.0,83.728,12.578382032599714,5,5,6.999999999998181,6+,18.534999999999997,0.2213715841773361,2137.4,2137.9,5.0,2137.4,2137.5,0.0,5.0,2.13765,2.86235,4.2753,0.7247000000000003,HIT_TARGET,0.512898543,True,0.512898543,False,,False,False,,False,,0.0
2026-03-20,YOUNG_LEVEL,ASK,2026-03-20 11:39:39.179546500,1774006779179546500,0.56054585,1.0,2138.7,77.181,9.084927314460597,4,4,15.0,6+,33.051,0.4282271543514596,2138.2,2138.6,4.0000000000009095,2138.2,2138.3,0.0,4.0000000000009095,2.1383999999999994,1.86160000000091,4.276799999999999,-0.27679999999908933,HIT_TARGET,1.326063244,True,1.326063244,True,0.153679568,True,True,1.172383676,False,,0.0
2026-03-20,YOUNG_LEVEL,ASK,2026-03-20 11:39:50.139870490,1774006790139870490,0.551338523,1.0,2137.6,87.902,6.810149138098006,3,3,4.0000000000009095,4-5,35.812,0.40740825009669857,2137.2,2137.5,3.000000000001819,2137.2,2137.3,0.0,3.000000000001819,2.1373499999999996,0.8626500000018194,4.274699999999999,-1.2746999999981803,HIT_TARGET,4.089471729,True,4.089471729,True,3.375577005,True,True,0.713894724,False,,0.0
2026-03-20,YOUNG_LEVEL,BID,2026-03-20 11:40:04.482533182,1774006804482533182,1.375671858,0.8481519827673905,2137.8,31.208,3.715901649104006,3,3,4.0000000000009095,4-5,14.532,0.4656498333760574,2138.2,2137.9,2.9999999999972715,2138.1,2138.2,0.0,2.9999999999972715,2.1380500000000002,0.8619499999972713,4.2761000000000005,-1.276100000002729,HIT_TARGET,7.708884086,True,7.708884086,True,2.043064729,True,True,5.665819357,False,,0.0
2026-03-20,YOUNG_LEVEL,BID,2026-03-20 11:41:13.119877816,1774006873119877816,0.557009171,1.0,2138.0,38.688,3.1685503685503686,1,1,4.0000000000009095,4-5,5.613,0.14508374689826303,2138.2,2138.1,0.9999999999990905,2138.1,2138.2,0.0,0.9999999999990905,2.1381499999999996,-1.138150000000909,4.276299999999999,-3.2763000000009086,HIT_TARGET,0.042462465,True,0.042462465,False,,False,False,,False,,0.0
2026-03-20,YOUNG_LEVEL,ASK,2026-03-20 11:47:03.024577463,1774007223024577463,1.223915276,0.9870406634257909,2138.5,51.499,5.862151394422311,1,1,5.0,4-5,5.283,0.10258451620419815,2138.3,2138.4,0.9999999999990905,2138.3,2138.4,0.0,0.9999999999990905,2.13835,-1.1383500000009095,4.2767,-3.2767000000009094,HIT_TARGET,0.034721381,True,0.034721381,False,,False,False,,False,,0.0
2026-03-20,YOUNG_LEVEL,BID,2026-03-20 12:01:14.114052276,1774008074114052276,0.600272682,1.0,2141.8,23.892,3.136667979519496,1,1,10.0,6+,1.643,0.06876778838104805,2142.0,2141.9,0.9999999999990905,2141.9,2142.0,0.0,0.9999999999990905,2.1419499999999996,-1.141950000000909,4.283899999999999,-3.2839000000009086,HIT_TARGET,0.039491368,True,0.039491368,False,,False,False,,False,,0.0
2026-03-20,YOUNG_LEVEL,ASK,2026-03-20 12:01:45.245625439,1774008105245625439,1.48652791,1.0,2141.4,92.007,8.49164743885556,4,4,4.0000000000009095,4-5,29.427999999999997,0.3198452291673459,2140.9,2141.3,4.0000000000009095,2140.9,2141.0,0.0,4.0000000000009095,2.1411000000000002,1.8589000000009093,4.2822000000000005,-0.28219999999909096,HIT_TARGET,5.100595341,True,5.100595341,True,0.051005129,True,True,5.049590212,False,,0.0
2026-03-20,YOUNG_LEVEL,ASK,2026-03-20 12:04:32.784184956,1774008272784184956,1.28482207,0.9926478683542539,2144.2,86.693,12.454996049134401,6,6,5.0,4-5,35.989999999999995,0.4151430911376927,2143.5,2144.1,5.9999999999990905,2143.5,2143.6,0.0,5.9999999999990905,2.1438,3.8561999999990904,4.2876,1.7123999999990902,HIT_TARGET,0.408518067,True,0.408518067,False,,False,False,,False,,0.0
2026-03-20,YOUNG_LEVEL,BID,2026-03-20 12:07:23.638629490,1774008443638629490,0.513011908,1.0,2149.9,74.738,10.815136386657985,4,4,10.99999999999909,6+,25.445,0.34045599293532075,2150.4,2150.0,4.0000000000009095,2150.3,2150.4,0.0,4.0000000000009095,2.1502,1.8498000000009096,4.3004,-0.3003999999990903,HIT_TARGET,0.458150806,True,0.458150806,False,,False,False,,False,,0.0
2026-03-20,YOUNG_LEVEL,BID,2026-03-20 12:07:55.836897960,1774008475836897960,1.274066284,1.0,2149.4,103.904,6.715615305067218,2,2,4.0000000000009095,4-5,39.361000000000004,0.3788208346165692,2149.7,2149.5,1.999999999998181,2149.6,2149.7,0.0,1.999999999998181,2.1495999999999995,-0.1496000000018185,4.299199999999999,-2.299200000001818,HIT_TARGET,20.416804877,True,20.416804877,True,0.205399818,True,True,20.211405059,True,8.42062727,4.0000000000009095
2026-03-20,YOUNG_LEVEL,BID,2026-03-20 12:14:35.887472161,1774008875887472161,0.662070368,1.0,2145.9,118.97,23.34805220292415,5,5,4.0000000000009095,4-5,15.611,0.13121795410607717,2146.5,2146.0,5.0,2146.4,2146.5,0.0,5.0,2.1462499999999998,2.8537500000000002,4.2924999999999995,0.7075000000000005,HIT_TARGET,8.682378218,True,8.682378218,True,0.205854241,True,True,8.476523977,False,,0.9999999999990905
2026-03-20,YOUNG_LEVEL,BID,2026-03-20 12:15:12.040171209,1774008912040171209,0.51109099,0.9910057013527083,2144.8,32.54,3.257420291305871,3,3,7.0000000000027285,6+,12.078999999999999,0.37120467117393974,2145.2,2144.9,2.9999999999972715,2145.1,2145.2,0.0,2.9999999999972715,2.1450500000000003,0.8549499999972712,4.290100000000001,-1.2901000000027292,HIT_TARGET,0.357332707,True,0.357332707,False,,False,False,,False,,0.0
2026-03-20,YOUNG_LEVEL,ASK,2026-03-20 12:15:16.023480679,1774008916023480679,0.51110281,1.0,2145.5,34.377,3.364850976361768,2,2,4.0000000000009095,4-5,9.701,0.2821944905023708,2145.2,2145.4,2.0000000000027285,2145.2,2145.3,0.0,2.0000000000027285,2.1453,-0.14529999999727172,4.2906,-2.290599999997272,HIT_TARGET,0.038228882,True,0.038228882,False,,False,False,,False,,0.0
2026-03-20,YOUNG_LEVEL,BID,2026-03-20 12:16:25.086997614,1774008985086997614,0.559855335,1.0,2144.6,79.907,8.127650917967758,4,4,5.9999999999990905,4-5,26.216,0.32808139462124725,2145.1,2144.7,4.0000000000009095,2145.0,2145.1,0.0,4.0000000000009095,2.1448999999999994,1.8551000000009101,4.289799999999999,-0.28979999999908923,HIT_TARGET,14.246800814,True,14.246800814,True,1.531959679,True,True,12.714841135,False,,0.0
2026-03-20,YOUNG_LEVEL,BID,2026-03-20 12:20:03.111380812,1774009203111380812,0.715543476,1.0,2144.5,36.686,4.047440423654016,3,3,5.0,4-5,15.108,0.4118192225917244,2144.9,2144.6,3.000000000001819,2144.8,2144.9,0.0,3.000000000001819,2.1447499999999997,0.8552500000018193,4.289499999999999,-1.2894999999981804,HIT_TARGET,0.763900771,True,0.763900771,True,0.101880349,True,True,0.662020422,False,,0.0
2026-03-20,YOUNG_LEVEL,ASK,2026-03-20 12:26:34.981576921,1774009594981576921,1.225430064,1.0,2142.6,59.365,7.045872648507507,5,5,5.9999999999990905,4-5,21.348,0.35960582835003785,2142.0,2142.5,5.0,2142.0,2142.1,0.0,5.0,2.1422499999999998,2.8577500000000002,4.2844999999999995,0.7155000000000005,TIMEOUT,60.0,False,,True,0.048530446,True,False,,True,19.70057042,15.99999999999909
2026-03-20,YOUNG_LEVEL,ASK,2026-03-20 12:27:47.307607124,1774009667307607124,0.509925368,1.0,2140.5,31.589,3.7170088839206916,1,1,5.9999999999990905,4-5,4.249,0.13450884801671467,2140.3,2140.4,0.9999999999990905,2140.3,2140.4,0.0,0.9999999999990905,2.14035,-1.1403500000009097,4.2807,-3.28070000000091,HIT_TARGET,0.050050778,True,0.050050778,False,,False,False,,False,,0.0
2026-03-20,YOUNG_LEVEL,BID,2026-03-20 12:29:26.235764157,1774009766235764157,0.588849109,1.0,2142.0,69.662,4.02321686399076,2,2,5.0,4-5,25.804000000000002,0.37041715713014267,2142.3,2142.1,2.0000000000027285,2142.2,2142.3,0.0,2.0000000000027285,2.1422,-0.1421999999972714,4.2844,-2.2843999999972713,HIT_TARGET,11.431672019,True,11.431672019,False,,False,False,,False,,0.0
2026-03-20,YOUNG_LEVEL,BID,2026-03-20 12:31:22.488147819,1774009882488147819,0.565712296,1.0,2139.0,79.189,7.849432522178718,3,3,5.0,4-5,23.619,0.2982611221255478,2139.4,2139.1,3.000000000001819,2139.3,2139.4,0.0,3.000000000001819,2.13925,0.8607500000018189,4.2785,-1.2784999999981812,HIT_TARGET,2.083129913,True,2.083129913,True,0.348435167,True,True,1.734694746,False,,0.0
2026-03-20,YOUNG_LEVEL,BID,2026-03-20 12:32:22.447050471,1774009942447050471,1.690346133,1.0,2136.2,110.52,7.812257015621686,4,4,4.0000000000009095,4-5,46.650999999999996,0.42210459645313064,2136.7,2136.2999999999997,4.0000000000009095,2136.6,2136.7,0.0,4.0000000000009095,2.1365,1.8635000000009097,4.273,-0.2729999999990902,TIMEOUT,60.0,False,,True,0.965763309,True,False,,True,4.03144437,19.00000000000091
2026-03-20,YOUNG_LEVEL,ASK,2026-03-20 12:38:11.435012512,1774010291435012512,1.020859299,1.0,2141.5,79.953,8.288720713249015,3,3,3.999999999996362,2-3,33.584,0.42004677748177055,2141.1,2141.4,3.000000000001819,2141.1,2141.2,0.0,3.000000000001819,2.14125,0.8587500000018191,4.2825,-1.2824999999981808,HIT_TARGET,10.614577024,True,10.614577024,True,0.152663507,True,True,10.461913517,True,3.622676787,5.0
2026-03-20,YOUNG_LEVEL,BID,2026-03-20 12:41:10.742380377,1774010470742380377,0.757343348,0.7928231463122325,2135.0,52.279,5.752847317744155,5,5,14.00000000000091,6+,25.372,0.48531915300598705,2135.6,2135.1,5.0,2135.5,2135.6,0.0,5.0,2.13535,2.86465,4.2707,0.7293000000000003,HIT_TARGET,15.320132335,True,15.320132335,True,0.560897349,True,True,14.759234986,True,6.434438738,6.999999999998181
2026-03-20,YOUNG_LEVEL,ASK,2026-03-20 12:43:07.633262011,1774010587633262011,0.764575822,1.0,2138.4,61.784,8.97110498039785,4,4,5.9999999999990905,4-5,24.945000000000004,0.40374530622814975,2137.9,2138.3,4.0000000000009095,2137.9,2138.0,0.0,4.0000000000009095,2.1381,1.8619000000009094,4.2762,-0.27619999999909073,TIMEOUT,60.0,False,,True,0.041024257,True,False,,True,16.078457806,10.99999999999909
2026-03-20,YOUNG_LEVEL,BID,2026-03-20 12:47:57.898562464,1774010877898562464,1.192730258,1.0,2138.0,71.794,4.468969810146281,1,1,4.0000000000009095,4-5,14.547,0.202621388974009,2138.2,2138.1,0.9999999999990905,2138.1,2138.2,0.0,0.9999999999990905,2.1381499999999996,-1.138150000000909,4.276299999999999,-3.2763000000009086,HIT_TARGET,0.05129916,True,0.05129916,False,,False,False,,False,,0.0
2026-03-20,YOUNG_LEVEL,BID,2026-03-20 13:01:22.470695153,1774011682470695153,0.565840673,1.0,2139.8,90.863,6.3242039324865145,3,3,5.0,4-5,19.384,0.21333215940481826,2140.2,2139.9,2.9999999999972715,2140.1,2140.2,0.0,2.9999999999972715,2.14005,0.8599499999972715,4.2801,-1.2801000000027285,HIT_TARGET,3.572599328,True,3.572599328,False,,False,False,,False,,0.0
2026-03-20,YOUNG_LEVEL,BID,2026-03-20 13:02:47.446097215,1774011767446097215,0.555159811,1.0,2141.2,120.49,11.576671790930051,2,2,5.9999999999990905,4-5,40.777,0.33842642542949625,2141.5,2141.2999999999997,2.0000000000027285,2141.4,2141.5,0.0,2.0000000000027285,2.1413999999999995,-0.14139999999727104,4.282799999999999,-2.2827999999972706,HIT_TARGET,1.33788893,True,1.33788893,False,,False,False,,False,,0.0
2026-03-20,YOUNG_LEVEL,BID,2026-03-20 13:02:58.399758819,1774011778399758819,0.530154929,1.0,2139.8,86.867,8.130569075252716,4,4,7.0000000000027285,6+,23.556,0.2711731727813784,2140.3,2139.9,4.0000000000009095,2140.2,2140.3,0.0,4.0000000000009095,2.1401000000000003,1.8599000000009092,4.280200000000001,-0.2801999999990912,TIMEOUT,60.0,False,,True,0.693636489,True,False,,True,17.027679316,16.000000000003638
2026-03-20,YOUNG_LEVEL,BID,2026-03-20 13:06:50.239523999,1774012010239523999,0.504128778,1.0,2140.2,131.735,12.848434604506,4,4,4.0000000000009095,4-5,54.230000000000004,0.411659771510988,2140.7,2140.2999999999997,4.0000000000009095,2140.6,2140.7,0.0,4.0000000000009095,2.1405,1.8595000000009096,4.281,-0.2809999999990902,HIT_TARGET,0.569171844,True,0.569171844,False,,False,False,,False,,0.0
2026-03-20,YOUNG_LEVEL,ASK,2026-03-20 13:11:41.736761681,1774012301736761681,0.511891535,1.0,2137.8,39.406,4.721543254253534,2,2,4.0000000000009095,4-5,0.467,0.011850987159315842,2137.5,2137.7000000000003,2.0000000000027285,2137.5,2137.6,0.0,2.0000000000027285,2.1376000000000004,-0.1375999999972719,4.275200000000001,-2.2751999999972723,HIT_TARGET,2.101822982,True,2.101822982,True,0.210277534,True,True,1.891545448,False,,0.0
2026-03-20,YOUNG_LEVEL,ASK,2026-03-20 13:16:41.316393982,1774012601316393982,1.055638987,0.8698919046270503,2141.4,75.273,4.8756679729248305,3,3,4.0000000000009095,4-5,34.086,0.4528316926387948,2141.0,2141.3,3.000000000001819,2141.0,2141.1,0.0,3.000000000001819,2.1411499999999997,0.8588500000018193,4.282299999999999,-1.2822999999981803,HIT_TARGET,21.752004961,True,21.752004961,True,0.306298768,True,True,21.445706193,True,5.716461763,6.999999999998181
2026-03-20,YOUNG_LEVEL,ASK,2026-03-20 13:18:30.253656536,1774012710253656536,1.841616813,0.8815958518293566,2140.9,84.797,7.9234722481779105,4,4,5.9999999999990905,4-5,26.107999999999997,0.30788825076358833,2140.4,2140.8,4.0000000000009095,2140.4,2140.5,0.0,4.0000000000009095,2.1406,1.8594000000009094,4.2812,-0.2811999999990906,HIT_TARGET,21.845185919,True,21.845185919,True,6.429710916,True,True,15.415475003,False,,0.0
2026-03-20,YOUNG_LEVEL,ASK,2026-03-20 13:20:16.781474893,1774012816781474893,0.506592187,1.0,2143.3,88.446,4.91216572713893,4,4,10.99999999999909,6+,26.021,0.2942021120231554,2142.8,2143.2000000000003,4.0000000000009095,2142.8,2142.9,0.0,4.0000000000009095,2.143,1.8570000000009097,4.286,-0.2859999999990901,HIT_TARGET,4.549185901,True,4.549185901,True,2.406042571,True,True,2.14314333,False,,0.0
2026-03-20,YOUNG_LEVEL,ASK,2026-03-20 13:25:08.078435330,1774013108078435330,1.42781038,0.868022262872189,2149.7,98.87,12.98614303539765,6,6,10.99999999999909,6+,29.326999999999998,0.29662182664104375,2149.0,2149.6,5.9999999999990905,2149.0,2149.1,0.0,5.9999999999990905,2.1492999999999998,3.8506999999990907,4.2985999999999995,1.701399999999091,HIT_TARGET,5.102155416,True,5.102155416,True,0.603054256,True,True,4.49910116,False,,0.0
2026-03-20,YOUNG_LEVEL,ASK,2026-03-20 13:25:17.466381044,1774013117466381044,1.428983809,0.9964842526777712,2151.6,76.882,7.929658088804086,4,4,3.999999999996362,2-3,27.46,0.3571707291693764,2151.1,2151.5,4.0000000000009095,2151.1,2151.2,0.0,4.0000000000009095,2.1513,1.8487000000009095,4.3026,-0.3025999999990905,HIT_TARGET,6.837035133,True,6.837035133,True,0.662840487,True,True,6.174194646,True,1.072114707,3.999999999996362
2026-03-20,YOUNG_LEVEL,BID,2026-03-20 13:27:10.416701899,1774013230416701899,0.516051421,1.0,2146.5,79.133,5.959707787317367,5,5,5.0,4-5,34.883,0.4408148307280149,2147.1,2146.6,5.0,2147.0,2147.1,0.0,5.0,2.1468499999999997,2.8531500000000003,4.293699999999999,0.7063000000000006,HIT_TARGET,7.650906974,True,7.650906974,True,1.070341715,True,True,6.580565259,False,,0.0
2026-03-20,YOUNG_LEVEL,BID,2026-03-20 13:31:26.961589002,1774013486961589002,0.725409375,0.7578948535094407,2138.5,11.814,4.402459474566797,2,2,5.0,4-5,2.5999999999999996,0.2200778737091586,2138.8,2138.6,2.0000000000027285,2138.7,2138.8,0.0,2.0000000000027285,2.1386999999999996,-0.13869999999727112,4.277399999999999,-2.2773999999972707,HIT_TARGET,1.836119577,True,1.836119577,False,,False,False,,False,,0.0
2026-03-20,YOUNG_LEVEL,BID,2026-03-20 13:31:37.115420160,1774013497115420160,1.121864045,0.8505562133422325,2133.3,34.852,6.669600995120083,4,4,33.00000000000182,6+,11.503,0.3300527946746242,2133.8,2133.4,4.0000000000009095,2133.7,2133.8,0.0,4.0000000000009095,2.1336000000000004,1.866400000000909,4.267200000000001,-0.2671999999990913,HIT_TARGET,11.835117514,True,11.835117514,True,0.05135287,True,True,11.783764644,True,0.864765101,18.00000000000182
2026-03-20,YOUNG_LEVEL,ASK,2026-03-20 13:31:43.338609975,1774013503338609975,0.611951041,1.0,2135.1,64.493,7.6264411990776315,2,2,7.0000000000027285,6+,31.333000000000002,0.48583567208844375,2134.8,2135.0,1.999999999998181,2134.8,2134.9,0.0,1.999999999998181,2.1349,-0.134900000001819,4.2698,-2.269800000001819,TIMEOUT,60.0,False,,True,0.86826108,True,False,,True,1.174914245,72.00000000000273
2026-03-20,YOUNG_LEVEL,BID,2026-03-20 13:32:06.297697160,1774013526297697160,1.634797481,1.0,2130.6,100.0,68.96551724137932,6,6,15.0,6+,29.448999999999998,0.29449,2131.3,2130.7,6.000000000003638,2131.2,2131.3,0.0,6.000000000003638,2.131,3.869000000003638,4.262,1.7380000000036384,HIT_TARGET,0.102028326,True,0.102028326,False,,False,False,,False,,0.0
2026-03-20,YOUNG_LEVEL,BID,2026-03-20 13:32:06.348679138,1774013526348679138,0.920586263,0.7743991830562433,2130.4,48.392,26.508901670775135,5,5,17.99999999999727,6+,10.94,0.22607042486361378,2131.0,2130.5,5.0,2130.9,2131.0,0.0,5.0,2.13075,2.86925,4.2615,0.7385000000000002,HIT_TARGET,0.051046348,True,0.051046348,False,,False,False,,False,,0.0
2026-03-20,YOUNG_LEVEL,ASK,2026-03-20 13:32:18.326667609,1774013538326667609,0.502105185,1.0,2130.1,79.101,20.096798780487806,3,3,10.0,6+,35.019,0.44271248151097964,2129.7,2130.0,3.000000000001819,2129.7,2129.8,0.0,3.000000000001819,2.12985,0.8701500000018192,4.2597,-1.2596999999981806,HIT_TARGET,0.772674656,True,0.772674656,False,,False,False,,False,,0.0
2026-03-20,YOUNG_LEVEL,ASK,2026-03-20 13:32:38.584879334,1774013558584879334,1.523343812,0.9330505548408661,2130.3,50.525,8.291622220398786,4,4,5.0,4-5,9.933,0.19659574468085106,2129.8,2130.2000000000003,4.0000000000009095,2129.8,2129.9,0.0,4.0000000000009095,2.13,1.8700000000009096,4.26,-0.2599999999990903,HIT_TARGET,0.108120328,True,0.108120328,False,,False,False,,False,,0.0
2026-03-20,YOUNG_LEVEL,ASK,2026-03-20 13:32:40.683427592,1774013560683427592,1.019380352,0.9512848674171817,2130.8,83.001,12.589261337782498,5,5,7.0000000000027285,6+,41.419,0.49901808411946835,2130.2,2130.7000000000003,5.0000000000045475,2130.2,2130.3,0.0,5.0000000000045475,2.1304499999999997,2.8695500000045477,4.2608999999999995,0.739100000004548,HIT_TARGET,0.356257377,True,0.356257377,False,,False,False,,False,,0.0
2026-03-20,YOUNG_LEVEL,ASK,2026-03-20 13:32:47.061866658,1774013567061866658,0.973016049,1.0,2133.3,82.827,30.92290461078962,5,5,5.0,4-5,25.527,0.3081966025571372,2132.7,2133.2000000000003,5.0000000000045475,2132.7,2132.8,0.0,5.0000000000045475,2.1329499999999997,2.867050000004548,4.265899999999999,0.7341000000045481,HIT_TARGET,1.17358077,True,1.17358077,True,0.049860741,True,True,1.123720029,False,,0.0
2026-03-20,YOUNG_LEVEL,ASK,2026-03-20 13:32:49.662404266,1774013569662404266,1.324741152,0.8763494523041736,2133.1,34.612,6.360161705255421,1,1,5.0,4-5,2.344,0.06772217727955622,2132.9,2133.0,0.9999999999990905,2132.9,2133.0,0.0,0.9999999999990905,2.1329499999999997,-1.1329500000009092,4.265899999999999,-3.265900000000909,HIT_TARGET,0.044389071,True,0.044389071,False,,False,False,,False,,0.0
2026-03-20,YOUNG_LEVEL,BID,2026-03-20 13:33:13.945626844,1774013593945626844,0.505286396,1.0,2132.1,56.087,11.531044407894738,3,3,7.9999999999972715,6+,19.794999999999998,0.3529338349350116,2132.5,2132.2,3.000000000001819,2132.4,2132.5,0.0,3.000000000001819,2.1323499999999997,0.8676500000018192,4.2646999999999995,-1.2646999999981805,HIT_TARGET,0.209206952,True,0.209206952,False,,False,False,,False,,0.0
2026-03-20,YOUNG_LEVEL,BID,2026-03-20 13:33:37.977411182,1774013617977411182,1.218750311,0.8293972833291855,2133.4,29.945,3.1851300324416316,4,4,5.0,4-5,10.601,0.354015695441643,2133.9,2133.5,4.0000000000009095,2133.8,2133.9,0.0,4.0000000000009095,2.1336999999999997,1.8663000000009098,4.267399999999999,-0.2673999999990899,HIT_TARGET,0.260285631,True,0.260285631,False,,False,False,,False,,0.0
2026-03-20,YOUNG_LEVEL,BID,2026-03-20 13:33:43.541587412,1774013623541587412,0.558821201,1.0,2132.3,73.521,5.940610859728507,3,3,4.0000000000009095,4-5,30.217,0.4109982181961616,2132.7,2132.4,2.9999999999972715,2132.6,2132.7,0.0,2.9999999999972715,2.13255,0.8674499999972713,4.2651,-1.2651000000027288,HIT_TARGET,2.964466945,True,2.964466945,True,1.638163594,True,True,1.326303351,True,1.076371876,4.0000000000009095
2026-03-20,YOUNG_LEVEL,BID,2026-03-20 13:33:57.423507052,1774013637423507052,1.127403216,1.0,2129.5,32.463,3.5640335949936874,4,4,10.99999999999909,6+,15.248999999999999,0.4697347749745864,2130.0,2129.6,4.0000000000009095,2129.9,2130.0,0.0,4.0000000000009095,2.1298000000000004,1.8702000000009091,4.259600000000001,-0.2595999999990912,TIMEOUT,60.0,False,,True,1.626448245,True,False,,True,1.169880186,44.00000000000091
2026-03-20,YOUNG_LEVEL,ASK,2026-03-20 13:34:27.734615657,1774013667734615657,0.509980298,1.0,2134.5,74.865,7.760443661241838,1,1,9.00000000000091,6+,35.778,0.4779002203967141,2134.3,2134.4,0.9999999999990905,2134.3,2134.4,0.0,0.9999999999990905,2.1343500000000004,-1.13435000000091,4.268700000000001,-3.2687000000009103,HIT_TARGET,12.764656552,True,12.764656552,True,0.047644536,True,True,12.717012016,True,1.376886697,17.00000000000273
2026-03-20,YOUNG_LEVEL,ASK,2026-03-20 13:34:33.042418655,1774013673042418655,0.714280502,0.7793000361082235,2133.6,42.859,3.9554242997554336,2,2,5.0,4-5,18.492,0.4314613033435218,2133.3,2133.5,1.999999999998181,2133.3,2133.4,0.0,1.999999999998181,2.1334,-0.13340000000181895,4.2668,-2.266800000001819,HIT_TARGET,0.102204796,True,0.102204796,False,,False,False,,False,,0.0
2026-03-20,YOUNG_LEVEL,BID,2026-03-20 13:34:49.937158888,1774013689937158888,0.565501246,1.0,2132.2,118.726,10.64950441763466,2,2,4.0000000000009095,4-5,57.825,0.48704580294122607,2132.5,2132.2999999999997,2.0000000000027285,2132.4,2132.5,0.0,2.0000000000027285,2.1323999999999996,-0.13239999999727114,4.264799999999999,-2.2647999999972708,HIT_TARGET,3.013473988,True,3.013473988,True,1.993009008,True,True,1.02046498,False,,0.0
2026-03-20,YOUNG_LEVEL,BID,2026-03-20 13:35:00.901705162,1774013700901705162,0.506285098,1.0,2131.5,79.662,11.849174475680499,3,3,3.999999999996362,2-3,35.042,0.43988350782054175,2131.9,2131.6,3.000000000001819,2131.8,2131.9,0.0,3.000000000001819,2.13175,0.8682500000018192,4.2635,-1.2634999999981806,HIT_TARGET,0.874659947,True,0.874659947,False,,False,False,,False,,1.999999999998181
2026-03-20,YOUNG_LEVEL,BID,2026-03-20 13:35:06.216306203,1774013706216306203,0.509502894,1.0,2129.2,102.975,15.10894285085467,7,7,7.9999999999972715,6+,50.438,0.48980820587521245,2130.0,2129.2999999999997,7.0000000000027285,2129.9,2130.0,0.0,7.0000000000027285,2.1296499999999994,4.870350000002729,4.259299999999999,2.7407000000027297,HIT_TARGET,5.100303829,True,5.100303829,True,0.86602871,True,True,4.234275119,True,2.244585971,2.9999999999972715
2026-03-20,YOUNG_LEVEL,ASK,2026-03-20 13:36:01.626257825,1774013761626257825,0.50277343,1.0,2127.9,89.279,22.32254031753969,4,4,10.99999999999909,6+,19.065,0.2135440585132002,2127.4,2127.8,4.0000000000009095,2127.4,2127.5,0.0,4.0000000000009095,2.1276,1.8724000000009093,4.2552,-0.2551999999990908,HIT_TARGET,0.105293654,True,0.105293654,False,,False,False,,False,,0.0
2026-03-20,YOUNG_LEVEL,BID,2026-03-20 13:36:08.203160899,1774013768203160899,0.55243366,1.0,2129.6,51.766,10.043849437330229,2,2,3.999999999996362,2-3,23.206000000000003,0.4482865201097246,2129.9,2129.7,2.0000000000027285,2129.8,2129.9,0.0,2.0000000000027285,2.1298000000000004,-0.12979999999727188,4.259600000000001,-2.2595999999972722,HIT_TARGET,4.859703177,True,4.859703177,True,0.469713679,True,True,4.389989498,True,0.263474095,8.999999999996362
2026-03-20,YOUNG_LEVEL,ASK,2026-03-20 13:37:05.721580812,1774013825721580812,0.511385487,1.0,2131.7,79.135,12.09645368388872,4,4,5.0,4-5,25.557,0.32295444493586906,2131.2,2131.6,4.0000000000009095,2131.2,2131.3,0.0,4.0000000000009095,2.1313999999999997,1.8686000000009098,4.2627999999999995,-0.26279999999909,HIT_TARGET,0.509919438,True,0.509919438,False,,False,False,,False,,0.0
2026-03-20,YOUNG_LEVEL,ASK,2026-03-20 13:37:39.399439803,1774013859399439803,0.612028974,1.0,2137.6,86.288,16.605022611373037,3,3,5.0,4-5,37.980000000000004,0.44015390320786213,2137.2,2137.5,3.000000000001819,2137.2,2137.3,0.0,3.000000000001819,2.1373499999999996,0.8626500000018194,4.274699999999999,-1.2746999999981803,TIMEOUT,60.0,False,,True,0.458127306,True,False,,True,0.764725635,58.00000000000182
2026-03-20,YOUNG_LEVEL,BID,2026-03-20 13:37:41.132729919,1774013861132729919,0.662151614,1.0,2136.1,32.35,4.5333520179372195,5,5,13.000000000001819,6+,11.292,0.3490571870170015,2136.7,2136.2,5.0,2136.6,2136.7,0.0,5.0,2.1364499999999995,2.8635500000000005,4.272899999999999,0.727100000000001,HIT_TARGET,1.225938643,True,1.225938643,False,,False,False,,False,,0.0
2026-03-20,YOUNG_LEVEL,BID,2026-03-20 13:38:04.867449472,1774013884867449472,0.866664439,0.7591294985624765,2134.7,38.684,3.441637010676157,2,2,7.9999999999972715,6+,3.4480000000000004,0.08913245786371628,2135.0,2134.7999999999997,2.0000000000027285,2134.9,2135.0,0.0,2.0000000000027285,2.1348999999999996,-0.1348999999972711,4.269799999999999,-2.2697999999972707,HIT_TARGET,0.048205432,True,0.048205432,False,,False,False,,False,,0.0
2026-03-20,YOUNG_LEVEL,BID,2026-03-20 13:38:39.666467392,1774013919666467392,0.511372527,0.8943625162718215,2130.9,53.587,3.367075086396482,5,5,5.9999999999990905,4-5,23.311,0.4350122231138149,2131.5,2131.0,5.0,2131.4,2131.5,0.0,5.0,2.13125,2.86875,4.2625,0.7374999999999998,HIT_TARGET,23.634157478,True,23.634157478,True,1.221824348,True,True,22.41233313,True,1.071296408,15.99999999999909
2026-03-20,YOUNG_LEVEL,ASK,2026-03-20 13:38:48.136605691,1774013928136605691,0.741159149,1.0,2132.7,81.376,9.769614022450329,5,5,3.999999999996362,2-3,28.393,0.3489112268973653,2132.1,2132.6,5.0,2132.1,2132.2,0.0,5.0,2.1323499999999997,2.8676500000000003,4.2646999999999995,0.7353000000000005,HIT_TARGET,3.828070161,True,3.828070161,True,0.15244391,True,True,3.675626251,False,,0.0
2026-03-20,YOUNG_LEVEL,ASK,2026-03-20 13:39:15.905661742,1774013955905661742,0.51131788,0.7925226416881803,2131.9,50.745,5.40789684019822,2,2,3.999999999996362,2-3,24.735,0.48743718592964824,2131.6,2131.8,2.0000000000027285,2131.6,2131.7,0.0,2.0000000000027285,2.1316999999999995,-0.131699999997271,4.263399999999999,-2.2633999999972705,HIT_TARGET,1.073514698,True,1.073514698,True,0.192095799,True,True,0.881418899,False,,0.0
2026-03-20,YOUNG_LEVEL,BID,2026-03-20 13:39:22.746859020,1774013962746859020,1.687846176,1.0,2131.4,62.681,4.96188402928953,1,1,4.0000000000009095,4-5,10.616,0.1693655174614317,2131.6,2131.5,0.9999999999990905,2131.5,2131.6,0.0,0.9999999999990905,2.13155,-1.1315500000009093,4.2631,-3.263100000000909,HIT_TARGET,0.050829488,True,0.050829488,False,,False,False,,False,,0.0
2026-03-20,YOUNG_LEVEL,ASK,2026-03-20 13:40:09.279871588,1774014009279871588,1.58419164,0.965032313262302,2130.0,52.364,9.091761437624793,4,4,7.9999999999972715,6+,14.991999999999999,0.28630356733633794,2129.5,2129.9,4.0000000000009095,2129.5,2129.6,0.0,4.0000000000009095,2.1296999999999997,1.8703000000009098,4.259399999999999,-0.2593999999990899,HIT_TARGET,1.58259607,True,1.58259607,False,,False,False,,False,,0.0
2026-03-20,YOUNG_LEVEL,ASK,2026-03-20 13:40:18.586667809,1774014018586667809,1.294673398,0.9996169242368259,2131.6,25.875,3.607780256553262,3,3,11.000000000003638,6+,8.639,0.33387439613526565,2131.2,2131.5,3.000000000001819,2131.2,2131.3,0.0,3.000000000001819,2.13135,0.8686500000018191,4.2627,-1.2626999999981807,HIT_TARGET,0.083005803,True,0.083005803,False,,False,False,,False,,0.0
2026-03-20,YOUNG_LEVEL,BID,2026-03-20 13:41:06.274733225,1774014066274733225,0.762183062,0.8615019458409324,2128.9,44.921,4.1890241059355615,2,2,4.0000000000009095,4-5,15.953,0.35513456957770306,2129.2,2129.0,1.999999999998181,2129.1,2129.2,0.0,1.999999999998181,2.1290999999999998,-0.12910000000181876,4.2581999999999995,-2.2582000000018185,HIT_TARGET,1.839913846,True,1.839913846,False,,False,False,,False,,0.9999999999990905
2026-03-20,YOUNG_LEVEL,BID,2026-03-20 13:41:56.235495134,1774014116235495134,0.510536604,1.0,2132.6,89.63,7.95367823231875,3,3,5.0,4-5,30.944000000000003,0.34524154858864226,2133.0,2132.7,3.000000000001819,2132.9,2133.0,0.0,3.000000000001819,2.13285,0.8671500000018191,4.2657,-1.2656999999981808,HIT_TARGET,1.677536412,True,1.677536412,True,0.400621843,True,True,1.276914569,False,,0.0
2026-03-20,YOUNG_LEVEL,ASK,2026-03-20 13:42:52.470553636,1774014172470553636,0.71935608,1.0,2138.2,70.598,14.774092288375012,2,2,5.0,4-5,31.937,0.45237825434148277,2137.9,2138.1,1.999999999998181,2137.9,2138.0,0.0,1.999999999998181,2.138,-0.1380000000018189,4.276,-2.276000000001819,HIT_TARGET,32.866820356,True,32.866820356,True,0.562079203,True,True,32.304741153,True,0.664048599,30.99999999999909
2026-03-20,YOUNG_LEVEL,BID,2026-03-20 13:43:08.436394749,1774014188436394749,1.119116351,1.0,2135.0,79.319,6.185440792295395,4,4,4.0000000000009095,4-5,28.835,0.3635320667179364,2135.5,2135.1,4.0000000000009095,2135.4,2135.5,0.0,4.0000000000009095,2.1353,1.8647000000009095,4.2706,-0.27059999999909046,HIT_TARGET,0.975007834,True,0.975007834,False,,False,False,,False,,0.0
2026-03-20,YOUNG_LEVEL,ASK,2026-03-20 13:43:37.122048991,1774014217122048991,1.581465126,0.836208875718199,2144.8,36.42,8.922097011268987,5,5,21.000000000003638,6+,13.954,0.38314113124656785,2144.2,2144.7000000000003,5.0000000000045475,2144.2,2144.3,0.0,5.0000000000045475,2.1444499999999995,2.855550000004548,4.288899999999999,0.7111000000045484,TIMEOUT,60.0,False,,True,0.101938946,True,False,,True,1.124813784,64.00000000000091
2026-03-20,YOUNG_LEVEL,BID,2026-03-20 13:43:46.715097643,1774014226715097643,0.560821529,1.0,2141.6,76.093,8.908622607270386,3,3,10.0,6+,33.822,0.44448240968288805,2142.0,2141.7,3.000000000001819,2141.9,2142.0,0.0,3.000000000001819,2.14185,0.8581500000018192,4.2837,-1.2836999999981806,HIT_TARGET,0.203137098,True,0.203137098,False,,False,False,,False,,0.0
2026-03-20,YOUNG_LEVEL,BID,2026-03-20 13:44:24.221024768,1774014264221024768,1.478914925,0.7515754592847861,2138.8,35.28,4.550496581968271,2,2,5.0,4-5,4.724,0.13390022675736962,2139.1,2138.9,1.999999999998181,2139.0,2139.1,0.0,1.999999999998181,2.139,-0.13900000000181878,4.278,-2.2780000000018186,HIT_TARGET,0.101649844,True,0.101649844,False,,False,False,,False,,0.0
2026-03-20,YOUNG_LEVEL,ASK,2026-03-20 13:45:05.710259634,1774014305710259634,0.716560126,0.9913192950956916,2141.8,13.704,3.4026070763500935,2,2,16.99999999999818,6+,3.351,0.24452714535901926,2141.5,2141.7000000000003,2.0000000000027285,2141.5,2141.6,0.0,2.0000000000027285,2.1416000000000004,-0.1415999999972719,4.283200000000001,-2.2831999999972723,HIT_TARGET,0.05141299,True,0.05141299,False,,False,False,,False,,0.0
2026-03-20,YOUNG_LEVEL,BID,2026-03-20 13:45:12.437399062,1774014312437399062,0.553028115,0.8999198892446906,2140.6,32.676,3.729285551244008,1,1,9.00000000000091,6+,0.681,0.020840984208593462,2140.8,2140.7,1.000000000003638,2140.7,2140.8,0.0,1.000000000003638,2.1407499999999997,-1.1407499999963617,4.281499999999999,-3.2814999999963614,HIT_TARGET,0.098516595,True,0.098516595,False,,False,False,,False,,0.0
2026-03-20,YOUNG_LEVEL,ASK,2026-03-20 13:47:01.392028709,1774014421392028709,1.068480026,0.8508341774093211,2137.2,51.509,4.124349427496196,3,3,10.99999999999909,6+,22.881,0.4442136325690656,2136.8,2137.1,2.9999999999972715,2136.8,2136.9,0.0,2.9999999999972715,2.1369499999999997,0.8630499999972718,4.273899999999999,-1.2739000000027279,HIT_TARGET,0.972961874,True,0.972961874,True,0.105492795,True,True,0.867469079,False,,2.0000000000027285
2026-03-20,YOUNG_LEVEL,ASK,2026-03-20 13:47:24.362330119,1774014444362330119,1.841041602,1.0,2138.2,51.16,6.30826140567201,4,4,5.0,4-5,20.68,0.4042220484753714,2137.7,2138.1,4.0000000000009095,2137.7,2137.8,0.0,4.0000000000009095,2.1378999999999992,1.8621000000009102,4.2757999999999985,-0.275799999999089,HIT_TARGET,3.112944566,True,3.112944566,True,0.05127858,True,True,3.061665986,True,2.041532737,3.000000000001819
2026-03-20,YOUNG_LEVEL,ASK,2026-03-20 13:47:49.057296367,1774014469057296367,0.969686607,1.0,2138.4,47.2,9.017959495605655,1,1,5.0,4-5,0.094,0.0019915254237288134,2138.2,2138.3,1.000000000003638,2138.2,2138.3,0.0,1.000000000003638,2.1382499999999998,-1.1382499999963618,4.2764999999999995,-3.2764999999963615,HIT_TARGET,0.050180164,True,0.050180164,False,,False,False,,False,,0.0
2026-03-20,YOUNG_LEVEL,BID,2026-03-20 13:48:44.126197268,1774014524126197268,0.515706535,1.0,2140.1,33.323,6.075296262534184,4,4,9.00000000000091,6+,3.786,0.11361522071842271,2140.6,2140.2,4.0000000000009095,2140.5,2140.6,0.0,4.0000000000009095,2.140399999999999,1.8596000000009103,4.280799999999998,-0.2807999999990889,HIT_TARGET,0.103565265,True,0.103565265,False,,False,False,,False,,0.0
2026-03-20,YOUNG_LEVEL,BID,2026-03-20 13:48:51.527251762,1774014531527251762,0.868613001,0.8427175383712683,2140.8,69.01,5.887722890538351,1,1,4.0000000000009095,4-5,25.991,0.3766265758585712,2141.0,2140.9,0.9999999999990905,2140.9,2141.0,0.0,0.9999999999990905,2.1409499999999997,-1.1409500000009092,4.281899999999999,-3.281900000000909,HIT_TARGET,27.561080529,True,27.561080529,True,0.355835462,True,True,27.205245067,True,0.355835462,11.999999999998181
2026-03-20,YOUNG_LEVEL,BID,2026-03-20 13:49:56.774003344,1774014596774003344,0.531878659,1.0,2140.0,32.486,3.598161377859001,4,4,5.9999999999990905,4-5,15.473,0.47629748199224287,2140.5,2140.1,4.0000000000009095,2140.4,2140.5,0.0,4.0000000000009095,2.1403000000000003,1.8597000000009092,4.280600000000001,-0.28059999999909113,HIT_TARGET,1.868359758,True,1.868359758,True,0.338393861,True,True,1.529965897,False,,0.0
2026-03-20,YOUNG_LEVEL,ASK,2026-03-20 13:50:26.811615492,1774014626811615492,0.870507002,1.0,2136.4,47.37,4.330575490240892,4,4,5.0,4-5,11.501999999999999,0.242811906269791,2135.9,2136.3,4.0000000000009095,2135.9,2136.0,0.0,4.0000000000009095,2.1361000000000003,1.8639000000009092,4.272200000000001,-0.27219999999909117,HIT_TARGET,0.561439055,True,0.561439055,False,,False,False,,False,,0.0
2026-03-20,YOUNG_LEVEL,BID,2026-03-20 13:50:34.923590064,1774014634923590064,0.713876767,0.7329006422196676,2134.7,9.326,3.0502044153720362,5,5,11.000000000003638,6+,2.91,0.3120308814068196,2135.3,2134.7999999999997,5.0000000000045475,2135.2,2135.3,0.0,5.0000000000045475,2.13505,2.8649500000045474,4.2701,0.7299000000045472,HIT_TARGET,0.101163502,True,0.101163502,False,,False,False,,False,,0.0
2026-03-20,YOUNG_LEVEL,ASK,2026-03-20 13:51:10.642985920,1774014670642985920,0.715354182,1.0,2134.2,75.142,4.147138363044318,2,2,4.0000000000009095,4-5,30.468,0.4054723057677464,2133.9,2134.1,1.999999999998181,2133.9,2134.0,0.0,1.999999999998181,2.134,-0.1340000000018189,4.268,-2.268000000001819,HIT_TARGET,0.306328311,True,0.306328311,False,,False,False,,False,,0.0
2026-03-20,YOUNG_LEVEL,BID,2026-03-20 13:51:51.382311822,1774014711382311822,0.627804092,1.0,2129.8,61.587,5.325982617719548,2,2,5.9999999999990905,4-5,23.689,0.38464286294185457,2130.1,2129.9,1.999999999998181,2130.0,2130.1,0.0,1.999999999998181,2.13,-0.13000000000181888,4.26,-2.2600000000018188,HIT_TARGET,0.649312517,True,0.649312517,False,,False,False,,False,,0.0
2026-03-20,YOUNG_LEVEL,ASK,2026-03-20 13:53:28.545362888,1774014808545362888,0.50680705,1.0,2129.3,74.403,8.293724222494706,5,5,5.0,4-5,27.425999999999995,0.3686141687835167,2128.7,2129.2000000000003,5.0000000000045475,2128.7,2128.8,0.0,5.0000000000045475,2.1289499999999997,2.871050000004548,4.257899999999999,0.7421000000045481,HIT_TARGET,0.256315607,True,0.256315607,False,,False,False,,False,,0.0
2026-03-20,YOUNG_LEVEL,BID,2026-03-20 13:54:02.744717957,1774014842744717957,0.710909042,1.0,2131.2,52.262,4.1502481635894375,3,3,4.0000000000009095,4-5,20.776000000000003,0.39753549424055723,2131.6,2131.2999999999997,3.000000000001819,2131.5,2131.6,0.0,3.000000000001819,2.1314499999999996,0.8685500000018194,4.262899999999999,-1.2628999999981803,HIT_TARGET,1.38066152,True,1.38066152,True,0.662521799,True,True,0.718139721,False,,0.0
2026-03-20,YOUNG_LEVEL,BID,2026-03-20 13:56:19.074583014,1774014979074583014,0.501853908,1.0,2130.9,78.483,4.719504495023903,3,3,7.0000000000027285,6+,34.876000000000005,0.4443764891759999,2131.3,2131.0,3.000000000001819,2131.2,2131.3,0.0,3.000000000001819,2.13115,0.8688500000018191,4.2623,-1.2622999999981808,HIT_TARGET,1.692474572,True,1.692474572,False,,False,False,,False,,0.0
2026-03-20,YOUNG_LEVEL,ASK,2026-03-20 13:58:09.223065442,1774015089223065442,0.509643629,1.0,2127.3,75.704,4.697443534375775,4,4,4.0000000000009095,4-5,35.444,0.46819190531543914,2126.8,2127.2000000000003,4.0000000000009095,2126.8,2126.9,0.0,4.0000000000009095,2.127,1.8730000000009097,4.254,-0.25399999999909006,HIT_TARGET,0.816560542,True,0.816560542,False,,False,False,,False,,0.0
2026-03-20,YOUNG_LEVEL,BID,2026-03-20 14:00:12.988580775,1774015212988580775,0.636354891,0.9879728385712997,2124.2,34.771,3.1604253772041453,2,2,9.00000000000091,6+,2.438,0.0701159011820195,2124.5,2124.2999999999997,2.0000000000027285,2124.4,2124.5,0.0,2.0000000000027285,2.1243999999999996,-0.12439999999727114,4.248799999999999,-2.2487999999972708,HIT_TARGET,0.087780321,True,0.087780321,False,,False,False,,False,,0.0
2026-03-20,YOUNG_LEVEL,BID,2026-03-20 14:00:26.408917181,1774015226408917181,0.713756323,1.0,2123.3,47.159,11.122405660377357,5,5,5.9999999999990905,4-5,20.990000000000002,0.44509001463135356,2123.9,2123.4,5.0,2123.8,2123.9,0.0,5.0,2.12365,2.87635,4.2473,0.7526999999999999,HIT_TARGET,0.103631307,True,0.103631307,False,,False,False,,False,,0.0
2026-03-20,YOUNG_LEVEL,BID,2026-03-20 14:00:43.198046717,1774015243198046717,0.919405704,1.0,2120.3,49.851,8.68938469583406,7,7,23.00000000000182,6+,14.494,0.29074642434454673,2121.1,2120.4,6.999999999998181,2121.0,2121.1,0.0,6.999999999998181,2.12075,4.879249999998181,4.2415,2.7584999999981807,HIT_TARGET,0.101698535,True,0.101698535,False,,False,False,,False,,0.0
2026-03-20,YOUNG_LEVEL,BID,2026-03-20 14:00:45.645834430,1774015245645834430,0.510268928,0.9890930337032006,2119.3,49.1,5.806184591734169,4,4,16.000000000003638,6+,17.113,0.3485336048879837,2119.8,2119.4,4.0000000000009095,2119.7,2119.8,0.0,4.0000000000009095,2.1196,1.8804000000009093,4.2392,-0.2391999999990908,HIT_TARGET,25.662009341,True,25.662009341,True,0.051443481,True,True,25.61056586,True,0.714145592,41.00000000000364
2026-03-20,YOUNG_LEVEL,ASK,2026-03-20 14:00:47.993407366,1774015247993407366,0.774507862,1.0,2121.6,47.6,17.685305591677505,5,5,6.999999999998181,6+,15.46,0.32478991596638657,2121.0,2121.5,5.0,2121.0,2121.1,0.0,5.0,2.12125,2.87875,4.2425,0.7575000000000003,HIT_TARGET,0.816755444,True,0.816755444,False,,False,False,,False,,0.0
2026-03-20,YOUNG_LEVEL,ASK,2026-03-20 14:00:51.867456443,1774015251867456443,0.507022374,1.0,2122.7,34.958,6.8801417043889,3,3,5.0,4-5,0.942,0.026946621660278048,2122.3,2122.6,2.9999999999972715,2122.3,2122.4,0.0,2.9999999999972715,2.1224499999999997,0.8775499999972718,4.2448999999999995,-1.244900000002728,HIT_TARGET,0.051999844,True,0.051999844,False,,False,False,,False,,0.0
2026-03-20,YOUNG_LEVEL,ASK,2026-03-20 14:00:53.901319177,1774015253901319177,1.469412908,1.0,2122.9,28.585,7.197532418481683,2,2,5.9999999999990905,4-5,13.623000000000001,0.4765786251530523,2122.6,2122.8,2.0000000000027285,2122.6,2122.7,0.0,2.0000000000027285,2.1226999999999996,-0.1226999999972711,4.245399999999999,-2.2453999999972707,HIT_TARGET,0.060228179,True,0.060228179,False,,False,False,,False,,0.0
2026-03-20,YOUNG_LEVEL,BID,2026-03-20 14:01:06.462837220,1774015266462837220,0.992883803,0.9783389124336436,2121.3,108.276,7.2920497019901,1,1,5.9999999999990905,4-5,20.537,0.18967268831504672,2121.5,2121.4,0.9999999999990905,2121.4,2121.5,0.0,0.9999999999990905,2.1214499999999994,-1.1214500000009089,4.242899999999999,-3.2429000000009083,HIT_TARGET,0.968872251,True,0.968872251,True,0.101619474,True,True,0.867252777,True,0.101619474,6.999999999998181
2026-03-20,YOUNG_LEVEL,ASK,2026-03-20 14:02:02.393741990,1774015322393741990,1.536131615,0.8753569198561153,2121.4,55.045,7.303303701738092,4,4,10.99999999999909,6+,11.540000000000001,0.20964665273866837,2120.9,2121.3,4.0000000000009095,2120.9,2121.0,0.0,4.0000000000009095,2.1211,1.8789000000009093,4.2422,-0.24219999999909092,HIT_TARGET,0.098898814,True,0.098898814,False,,False,False,,False,,0.0
2026-03-20,YOUNG_LEVEL,ASK,2026-03-20 14:02:12.440372411,1774015332440372411,0.506766795,1.0,2120.9,87.786,10.54106628242075,2,2,8.999999999996362,6+,35.028,0.3990157883945048,2120.6,2120.8,2.0000000000027285,2120.6,2120.7,0.0,2.0000000000027285,2.1207,-0.12069999999727132,4.2414,-2.241399999997271,HIT_TARGET,2.758753696,True,2.758753696,True,0.051316163,True,True,2.707437533,True,0.769025102,5.9999999999990905
2026-03-20,YOUNG_LEVEL,ASK,2026-03-20 14:02:57.810545327,1774015377810545327,0.563581628,1.0,2124.4,83.615,18.07891891891892,3,3,14.00000000000091,6+,36.97,0.44214554804759915,2124.0,2124.3,3.000000000001819,2124.0,2124.1,0.0,3.000000000001819,2.12415,0.8758500000018188,4.2483,-1.2482999999981814,HIT_TARGET,1.226137469,True,1.226137469,True,0.707198752,True,True,0.518938717,False,,0.0
2026-03-20,YOUNG_LEVEL,ASK,2026-03-20 14:03:07.757368972,1774015387757368972,1.120414969,0.9872536511960864,2127.4,7.97,3.055981595092024,1,1,28.00000000000182,6+,0.94,0.1179422835633626,2127.2,2127.3,1.000000000003638,2127.2,2127.3,0.0,1.000000000003638,2.1272499999999996,-1.1272499999963617,4.254499999999999,-3.2544999999963613,HIT_TARGET,0.055053462,True,0.055053462,False,,False,False,,False,,0.0
2026-03-20,YOUNG_LEVEL,BID,2026-03-20 14:03:33.885654064,1774015413885654064,0.714024838,1.0,2127.6,48.105,4.9394188315022065,5,5,13.000000000001819,6+,17.57,0.36524269826421374,2128.2,2127.7,5.0,2128.1,2128.2,0.0,5.0,2.12795,2.87205,4.2559,0.7441000000000004,HIT_TARGET,0.714162289,True,0.714162289,True,0.101809826,True,True,0.612352463,False,,0.0
2026-03-20,YOUNG_LEVEL,ASK,2026-03-20 14:03:57.560558225,1774015437560558225,1.68644227,1.0,2126.9,32.73,3.884405411820555,1,1,5.0,4-5,1.631,0.049831958447907124,2126.7,2126.8,1.000000000003638,2126.7,2126.8,0.0,1.000000000003638,2.12675,-1.126749999996362,4.2535,-3.253499999996362,HIT_TARGET,0.044013015,True,0.044013015,False,,False,False,,False,,0.0
2026-03-20,YOUNG_LEVEL,BID,2026-03-20 14:04:59.197351186,1774015499197351186,0.817065701,1.0,2128.2,47.646,5.835394978567055,2,2,5.0,4-5,7.098,0.1489736808966125,2128.5,2128.2999999999997,2.0000000000027285,2128.4,2128.5,0.0,2.0000000000027285,2.1283999999999996,-0.12839999999727114,4.256799999999999,-2.2567999999972708,HIT_TARGET,0.40925802,True,0.40925802,False,,False,False,,False,,0.0
2026-03-20,YOUNG_LEVEL,ASK,2026-03-20 14:05:02.769076994,1774015502769076994,0.507524316,1.0,2130.6,80.192,14.86137879911045,6,6,15.99999999999909,6+,23.914,0.2982092976855547,2129.9,2130.5,5.9999999999990905,2129.9,2130.0,0.0,5.9999999999990905,2.1302,3.8697999999990906,4.2604,1.7395999999990908,HIT_TARGET,0.818583441,True,0.818583441,True,0.304631017,True,True,0.513952424,False,,0.0
2026-03-20,YOUNG_LEVEL,BID,2026-03-20 14:05:18.022327060,1774015518022327060,0.513855178,1.0,2130.6,42.994,7.318127659574468,3,3,10.0,6+,6.031000000000001,0.14027538726333907,2131.0,2130.7,3.000000000001819,2130.9,2131.0,0.0,3.000000000001819,2.1308499999999997,0.8691500000018193,4.261699999999999,-1.2616999999981804,HIT_TARGET,0.202432812,True,0.202432812,False,,False,False,,False,,0.0
2026-03-20,YOUNG_LEVEL,BID,2026-03-20 14:05:18.106115264,1774015518106115264,1.814567666,0.8810200434818064,2130.3,91.264,16.249265556841447,6,6,10.0,6+,44.402,0.48652261570827493,2131.0,2130.4,5.9999999999990905,2130.9,2131.0,0.0,5.9999999999990905,2.1306999999999996,3.869299999999091,4.261399999999999,1.7385999999990913,HIT_TARGET,7.878113656,True,7.878113656,True,1.187952604,True,True,6.690161052,True,2.471257297,5.9999999999990905
2026-03-20,YOUNG_LEVEL,ASK,2026-03-20 14:05:28.429250482,1774015528429250482,0.609188029,0.9978863717953985,2132.0,74.369,16.620628003128843,5,5,5.9999999999990905,4-5,24.625,0.3311191491078272,2131.4,2131.9,5.0,2131.4,2131.5,0.0,5.0,2.13165,2.86835,4.2633,0.7366999999999999,HIT_TARGET,5.821354818,True,5.821354818,True,0.666662671,True,True,5.154692147,True,1.177104908,3.000000000001819
2026-03-20,YOUNG_LEVEL,BID,2026-03-20 14:06:25.547319017,1774015585547319017,0.764973523,1.0,2132.7,58.257,3.976451315654756,1,1,5.9999999999990905,4-5,26.05,0.4471565648763239,2132.9,2132.7999999999997,1.000000000003638,2132.8,2132.9,0.0,1.000000000003638,2.13285,-1.132849999996362,4.2657,-3.265699999996362,HIT_TARGET,0.049008693,True,0.049008693,False,,False,False,,False,,0.0
2026-03-20,YOUNG_LEVEL,ASK,2026-03-20 14:06:33.457307060,1774015593457307060,1.857304634,1.0,2133.2,55.394,4.174063748022003,2,2,9.00000000000091,6+,23.706,0.42795248582879014,2132.9,2133.1,1.999999999998181,2132.9,2133.0,0.0,1.999999999998181,2.1329999999999996,-0.13300000000181855,4.265999999999999,-2.266000000001818,HIT_TARGET,0.05189943,True,0.05189943,False,,False,False,,False,,0.0
2026-03-20,YOUNG_LEVEL,ASK,2026-03-20 14:07:24.390026028,1774015644390026028,0.523167563,1.0,2134.7,105.263,8.668615663345138,2,2,4.0000000000009095,4-5,52.307,0.49691724537586807,2134.4,2134.6,1.999999999998181,2134.4,2134.5,0.0,1.999999999998181,2.1345,-0.13450000000181905,4.269,-2.269000000001819,TIMEOUT,60.0,False,,True,2.592598234,True,False,,True,4.172710063,70.99999999999909
2026-03-20,YOUNG_LEVEL,BID,2026-03-20 14:07:58.263555256,1774015678263555256,1.479586695,1.0,2129.5,48.77,16.371265525344075,4,4,4.0000000000009095,4-5,8.894,0.182366208734878,2130.0,2129.6,4.0000000000009095,2129.9,2130.0,0.0,4.0000000000009095,2.1298000000000004,1.8702000000009091,4.259600000000001,-0.2595999999990912,HIT_TARGET,0.050417552,True,0.050417552,False,,False,False,,False,,0.0
2026-03-20,YOUNG_LEVEL,ASK,2026-03-20 14:09:05.925218566,1774015745925218566,0.513625878,0.9301128787751617,2123.6,83.599,7.803145564008028,4,4,3.999999999996362,2-3,41.085,0.49145324704840965,2123.1,2123.5,4.0000000000009095,2123.1,2123.2,0.0,4.0000000000009095,2.1233,1.8767000000009095,4.2466,-0.24659999999909044,HIT_TARGET,11.53218428,True,11.53218428,True,1.53340699,True,True,9.99877729,True,4.798112758,5.0
2026-03-20,YOUNG_LEVEL,BID,2026-03-20 14:10:02.360590203,1774015802360590203,1.636743402,0.91632318246547,2127.2,38.991,7.106716485919986,1,1,3.999999999996362,2-3,1.632,0.04185581287989536,2127.4,2127.2999999999997,1.000000000003638,2127.3,2127.4,0.0,1.000000000003638,2.12735,-1.1273499999963619,4.2547,-3.2546999999963617,HIT_TARGET,0.050459172,True,0.050459172,False,,False,False,,False,,0.0
2026-03-20,YOUNG_LEVEL,BID,2026-03-20 14:10:11.897253388,1774015811897253388,1.528503033,0.964464882419373,2129.3,52.748,6.404565322972316,5,5,5.0,4-5,14.724,0.2791385455372716,2129.9,2129.4,5.0,2129.8,2129.9,0.0,5.0,2.12965,2.87035,4.2593,0.7407000000000004,HIT_TARGET,1.327547039,True,1.327547039,True,0.203786073,True,True,1.123760966,False,,0.0
2026-03-20,YOUNG_LEVEL,BID,2026-03-20 14:10:48.465897453,1774015848465897453,1.116362653,0.9081186353517328,2132.2,49.744,10.614317721113839,4,4,8.000000000001819,6+,18.475,0.37140157606947577,2132.7,2132.2999999999997,4.0000000000009095,2132.6,2132.7,0.0,4.0000000000009095,2.1325,1.8675000000009097,4.265,-0.2649999999990902,HIT_TARGET,10.419785208,True,10.419785208,True,1.332191532,True,True,9.087593676,True,0.620753147,5.0
2026-03-20,YOUNG_LEVEL,BID,2026-03-20 14:11:04.086464712,1774015864086464712,0.763899259,0.7336797783174706,2131.6,51.315,5.659534575934708,3,3,4.0000000000009095,4-5,20.419,0.3979148397154828,2132.0,2131.7,3.000000000001819,2131.9,2132.0,0.0,3.000000000001819,2.1318499999999996,0.8681500000018194,4.263699999999999,-1.2636999999981802,HIT_TARGET,0.457345842,True,0.457345842,False,,False,False,,False,,0.0
2026-03-20,YOUNG_LEVEL,BID,2026-03-20 14:11:45.681479177,1774015905681479177,0.561512845,1.0,2128.2,52.39,6.960738723178104,4,4,5.9999999999990905,4-5,17.544,0.33487306737927086,2128.7,2128.2999999999997,4.0000000000009095,2128.6,2128.7,0.0,4.0000000000009095,2.1285,1.8715000000009097,4.257,-0.2569999999990902,HIT_TARGET,0.562049837,True,0.562049837,True,0.050511982,True,True,0.511537855,False,,0.0
2026-03-20,YOUNG_LEVEL,BID,2026-03-20 14:11:47.312148949,1774015907312148949,0.525186461,1.0,2127.6,76.234,14.744028623924184,5,5,10.99999999999909,6+,30.826,0.4043602592019309,2128.2,2127.7,5.0,2128.1,2128.2,0.0,5.0,2.12795,2.87205,4.2559,0.7441000000000004,HIT_TARGET,0.819625931,True,0.819625931,False,,False,False,,False,,0.0
2026-03-20,YOUNG_LEVEL,BID,2026-03-20 14:12:07.774884913,1774015927774884913,1.536160562,1.0,2125.4,86.983,6.407351478766897,1,1,4.0000000000009095,4-5,31.305,0.3598979110860743,2125.6,2125.5,0.9999999999990905,2125.5,2125.6,0.0,0.9999999999990905,2.12555,-1.1255500000009095,4.2511,-3.2511000000009096,HIT_TARGET,0.014768663,True,0.014768663,False,,False,False,,False,,0.0
2026-03-20,YOUNG_LEVEL,BID,2026-03-20 14:12:41.762696349,1774015961762696349,0.981951804,0.7686877634169508,2125.1,100.454,11.47848940181683,4,4,8.000000000001819,6+,46.382999999999996,0.461733728870926,2125.6,2125.2,4.0000000000009095,2125.5,2125.6,0.0,4.0000000000009095,2.1253999999999995,1.87460000000091,4.250799999999999,-0.25079999999908953,HIT_TARGET,7.605233293,True,7.605233293,True,0.202322982,True,True,7.402910311,True,1.225867519,3.000000000001819
2026-03-20,YOUNG_LEVEL,ASK,2026-03-20 14:15:15.365126481,1774016115365126481,1.375380516,0.6914515575411859,2126.6,75.818,7.914196242171189,5,5,10.0,6+,36.70400000000001,0.48410667651481193,2126.0,2126.5,5.0,2126.0,2126.1,0.0,5.0,2.1262499999999998,2.8737500000000002,4.2524999999999995,0.7475000000000005,HIT_TARGET,1.22209461,True,1.22209461,True,0.102216861,True,True,1.119877749,False,,0.0
2026-03-20,YOUNG_LEVEL,BID,2026-03-20 14:16:56.545727150,1774016216545727150,0.570037967,0.7190259276186072,2123.9,57.089,12.149180676739732,4,4,11.999999999998181,6+,14.463999999999999,0.25335879066019723,2124.4,2124.0,4.0000000000009095,2124.3,2124.4,0.0,4.0000000000009095,2.1241999999999996,1.8758000000009099,4.248399999999999,-0.2483999999990898,HIT_TARGET,0.254423814,True,0.254423814,False,,False,False,,False,,0.0
2026-03-20,YOUNG_LEVEL,ASK,2026-03-20 14:17:03.782747770,1774016223782747770,0.503237103,0.7904205803362635,2127.0,37.663,3.15792562780363,4,4,20.0,6+,17.733,0.47083344396357174,2126.5,2126.9,4.0000000000009095,2126.5,2126.6,0.0,4.0000000000009095,2.1266999999999996,1.87330000000091,4.253399999999999,-0.2533999999990897,HIT_TARGET,0.109012538,True,0.109012538,False,,False,False,,False,,0.0
2026-03-20,YOUNG_LEVEL,BID,2026-03-20 14:17:41.792022503,1774016261792022503,0.549463315,0.9068142065134958,2125.2,62.921,3.560994934774612,3,3,5.9999999999990905,4-5,26.161,0.41577533732776023,2125.6,2125.2999999999997,3.000000000001819,2125.5,2125.6,0.0,3.000000000001819,2.12545,0.8745500000018191,4.2509,-1.2508999999981807,HIT_TARGET,16.537261032,True,16.537261032,True,1.92351462,True,True,14.613746412,True,1.288716289,6.999999999998181
2026-03-20,YOUNG_LEVEL,BID,2026-03-20 14:18:07.357204163,1774016287357204163,0.915563727,1.0,2124.8,109.865,11.646877981554118,5,5,5.9999999999990905,4-5,50.690000000000005,0.4613844263414191,2125.4,2124.9,5.0,2125.3,2125.4,0.0,5.0,2.12515,2.87485,4.2503,0.7496999999999998,HIT_TARGET,4.341877531,True,4.341877531,True,0.871517142,True,True,3.470360389,False,,0.0
2026-03-20,YOUNG_LEVEL,BID,2026-03-20 14:18:18.330432024,1774016298330432024,1.019778861,1.0,2124.0,75.225,7.833081688967563,4,4,4.0000000000009095,4-5,10.587,0.14073778664007977,2124.5,2124.1,4.0000000000009095,2124.4,2124.5,0.0,4.0000000000009095,2.1243,1.8757000000009096,4.2486,-0.24859999999909022,HIT_TARGET,0.050722623,True,0.050722623,False,,False,False,,False,,0.0
2026-03-20,YOUNG_LEVEL,BID,2026-03-20 14:18:53.789852342,1774016333789852342,0.764369106,1.0,2122.2,30.95,4.375176703420978,3,3,6.999999999998181,6+,12.086,0.3905008077544427,2122.6,2122.2999999999997,3.000000000001819,2122.5,2122.6,0.0,3.000000000001819,2.1224499999999997,0.8775500000018193,4.2448999999999995,-1.2448999999981805,HIT_TARGET,0.204459494,True,0.204459494,False,,False,False,,False,,0.0
2026-03-20,YOUNG_LEVEL,BID,2026-03-20 14:21:19.919532653,1774016479919532653,0.574489695,1.0,2123.9,47.5,12.88135593220339,1,1,9.00000000000091,6+,3.183,0.06701052631578946,2124.1,2124.0,0.9999999999990905,2124.0,2124.1,0.0,0.9999999999990905,2.12405,-1.1240500000009095,4.2481,-3.2481000000009095,HIT_TARGET,0.051163226,True,0.051163226,False,,False,False,,False,,0.0
2026-03-20,YOUNG_LEVEL,ASK,2026-03-20 14:21:31.452572060,1774016491452572060,0.764045485,1.0,2127.3,83.082,14.068580137160273,4,4,5.9999999999990905,4-5,36.1,0.43451048361859373,2126.8,2127.2000000000003,4.0000000000009095,2126.8,2126.9,0.0,4.0000000000009095,2.127,1.8730000000009097,4.254,-0.25399999999909006,HIT_TARGET,0.103021345,True,0.103021345,False,,False,False,,False,,0.0
2026-03-20,YOUNG_LEVEL,ASK,2026-03-20 14:22:49.450185423,1774016569450185423,1.473325035,0.8850280142019035,2125.2,97.568,8.727402835547206,2,2,5.9999999999990905,4-5,45.544,0.46679239094785174,2124.9,2125.1,1.999999999998181,2124.9,2125.0,0.0,1.999999999998181,2.125,-0.125000000001819,4.25,-2.250000000001819,HIT_TARGET,31.342179179,True,31.342179179,True,0.827555209,True,True,30.51462397,True,0.980538161,14.00000000000091
2026-03-20,YOUNG_LEVEL,ASK,2026-03-20 14:23:30.538507637,1774016610538507637,0.661198943,1.0,2126.7,35.528,3.2926784059314183,1,1,5.9999999999990905,4-5,17.657,0.49698829092546726,2126.5,2126.6,0.9999999999990905,2126.5,2126.6,0.0,0.9999999999990905,2.12655,-1.1265500000009094,4.2531,-3.2531000000009094,HIT_TARGET,0.039800041,True,0.039800041,False,,False,False,,False,,0.0
2026-03-20,YOUNG_LEVEL,ASK,2026-03-20 14:24:19.422523213,1774016659422523213,0.714799965,0.8436591039844273,2130.6,23.456,3.4466240540739106,2,2,8.000000000001819,6+,9.518,0.405781036834925,2130.3,2130.5,1.999999999998181,2130.3,2130.4,0.0,1.999999999998181,2.1304,-0.13040000000181884,4.2608,-2.2608000000018187,HIT_TARGET,7.094125837,True,7.094125837,True,3.93002104,True,True,3.164104797,True,0.920166583,10.99999999999909
2026-03-20,YOUNG_LEVEL,BID,2026-03-20 14:25:02.286011050,1774016702286011050,0.662714763,0.9172716331958339,2130.8,54.508,6.5263409961685825,4,4,10.0,6+,10.035,0.18410141630586335,2131.3,2130.9,4.0000000000009095,2131.2,2131.3,0.0,4.0000000000009095,2.1311000000000004,1.868900000000909,4.262200000000001,-0.2621999999990914,HIT_TARGET,0.408738219,True,0.408738219,False,,False,False,,False,,0.0
2026-03-20,YOUNG_LEVEL,BID,2026-03-20 14:26:59.592079647,1774016819592079647,1.120907897,0.8359518801748616,2134.3,78.948,8.930264125332279,4,4,4.0000000000009095,4-5,23.457,0.2971196230430157,2134.8,2134.4,4.0000000000009095,2134.7,2134.8,0.0,4.0000000000009095,2.1346000000000003,1.8654000000009092,4.2692000000000005,-0.26919999999909106,TIMEOUT,60.0,False,,True,1.021199258,True,False,,True,1.123665563,60.0
2026-03-20,YOUNG_LEVEL,ASK,2026-03-20 14:27:07.952043150,1774016827952043150,0.503538325,1.0,2141.0,51.094,10.937386278497272,6,6,4.0000000000009095,4-5,24.784000000000002,0.48506673973460684,2140.3,2140.9,5.9999999999990905,2140.3,2140.4,0.0,5.9999999999990905,2.1406,3.8593999999990904,4.2812,1.7187999999990904,TIMEOUT,60.0,False,,True,0.872676285,True,False,,True,1.587903737,59.00000000000091
2026-03-20,YOUNG_LEVEL,ASK,2026-03-20 14:27:20.608368231,1774016840608368231,1.436904456,0.9610853381611338,2139.6,13.374,3.043003412969283,3,3,12.000000000002728,6+,1.121,0.08381935097951249,2139.2,2139.5,3.000000000001819,2139.2,2139.3,0.0,3.000000000001819,2.13935,0.8606500000018191,4.2787,-1.2786999999981807,HIT_TARGET,0.204359023,True,0.204359023,False,,False,False,,False,,0.0
2026-03-20,YOUNG_LEVEL,ASK,2026-03-20 14:27:36.526364387,1774016856526364387,1.032855804,1.0,2140.8,34.166,5.229756620235726,7,7,7.9999999999972715,6+,12.913,0.37794883802610785,2140.0,2140.7000000000003,7.0000000000027285,2140.0,2140.1,0.0,7.0000000000027285,2.14035,4.859650000002729,4.2807,2.719300000002728,TIMEOUT,60.0,False,,True,1.677869275,True,False,,True,1.782523379,60.0
2026-03-20,YOUNG_LEVEL,ASK,2026-03-20 14:28:45.714105227,1774016925714105227,0.554435916,0.991564727563573,2136.5,63.703,8.39910343463643,6,6,18.00000000000182,6+,28.083999999999996,0.4408583583190744,2135.8,2136.4,5.9999999999990905,2135.8,2135.9,0.0,5.9999999999990905,2.1361000000000003,3.86389999999909,4.272200000000001,1.7277999999990898,HIT_TARGET,25.013558912,True,25.013558912,True,0.309417192,True,True,24.70414172,True,0.363459013,10.0
2026-03-20,YOUNG_LEVEL,BID,2026-03-20 14:30:47.141787913,1774017047141787913,1.351411676,0.8397885686167477,2140.5,35.33,3.760510910058542,2,2,4.0000000000009095,4-5,14.911,0.4220492499292386,2140.8,2140.6,2.0000000000027285,2140.7,2140.8,0.0,2.0000000000027285,2.1407,-0.14069999999727134,4.2814,-2.281399999997271,HIT_TARGET,2.322547234,True,2.322547234,True,1.508835564,True,True,0.81371167,True,1.556027827,4.0000000000009095
2026-03-20,YOUNG_LEVEL,BID,2026-03-20 14:31:22.938060928,1774017082938060928,0.615706009,0.722691952808276,2139.0,84.506,12.795215383450678,5,5,20.0,6+,29.043999999999997,0.34369157219605706,2139.6,2139.1,5.0,2139.5,2139.6,0.0,5.0,2.13935,2.86065,4.2787,0.7213000000000003,HIT_TARGET,8.62265362,True,8.62265362,True,1.22456469,True,True,7.39808893,False,,0.9999999999990905
2026-03-20,YOUNG_LEVEL,BID,2026-03-20 14:31:31.560714548,1774017091560714548,1.32837693,1.0,2138.6,32.21,7.13636867176249,5,5,5.0,4-5,12.415,0.38543930456380004,2139.2,2138.7,5.0,2139.1,2139.2,0.0,5.0,2.1389499999999995,2.8610500000000005,4.277899999999999,0.7221000000000011,HIT_TARGET,1.631726956,True,1.631726956,True,0.100757243,True,True,1.530969713,False,,0.0
2026-03-20,YOUNG_LEVEL,BID,2026-03-20 14:32:54.115161935,1774017174115161935,0.611525549,1.0,2145.9,54.089,8.468608110223892,4,4,7.9999999999972715,6+,18.137,0.3353177170958975,2146.4,2146.0,4.0000000000009095,2146.3,2146.4,0.0,4.0000000000009095,2.1461999999999994,1.85380000000091,4.292399999999999,-0.2923999999990894,HIT_TARGET,0.15442574,True,0.15442574,False,,False,False,,False,,0.0
2026-03-20,YOUNG_LEVEL,ASK,2026-03-20 14:35:18.192570809,1774017318192570809,1.383993726,1.0,2145.5,89.51,11.971378895278855,5,5,4.0000000000009095,4-5,30.277999999999995,0.33826388113059985,2144.9,2145.4,5.0,2144.9,2145.0,0.0,5.0,2.14515,2.85485,4.2903,0.7096999999999998,HIT_TARGET,5.457189992,True,5.457189992,True,2.138867666,True,True,3.318322326,False,,0.0
2026-03-20,YOUNG_LEVEL,ASK,2026-03-20 14:35:40.639685073,1774017340639685073,0.511167702,1.0,2147.5,63.4,8.905119741554884,7,7,19.00000000000091,6+,28.179000000000002,0.4444637223974764,2146.7,2147.4,7.0000000000027285,2146.7,2146.8,0.0,7.0000000000027285,2.14705,4.852950000002728,4.2941,2.7059000000027282,HIT_TARGET,0.45876464,True,0.45876464,False,,False,False,,False,,0.0
2026-03-20,YOUNG_LEVEL,BID,2026-03-20 14:35:56.541023688,1774017356541023688,0.51103488,1.0,2146.2,76.664,6.050828729281768,3,3,6.999999999998181,6+,31.233,0.40740112699572156,2146.6,2146.2999999999997,3.000000000001819,2146.5,2146.6,0.0,3.000000000001819,2.1464499999999997,0.8535500000018192,4.2928999999999995,-1.2928999999981805,HIT_TARGET,3.734743874,True,3.734743874,True,0.987017393,True,True,2.747726481,False,,1.999999999998181
2026-03-20,YOUNG_LEVEL,BID,2026-03-20 14:36:47.792651763,1774017407792651763,0.811300183,1.0,2142.6,74.005,6.106275011345352,3,3,4.0000000000009095,4-5,31.580000000000002,0.4267279237889332,2143.0,2142.7,3.000000000001819,2142.9,2143.0,0.0,3.000000000001819,2.1428499999999997,0.8571500000018193,4.285699999999999,-1.2856999999981804,HIT_TARGET,1.127146224,True,1.127146224,False,,False,False,,False,,0.0
2026-03-20,YOUNG_LEVEL,BID,2026-03-20 14:40:22.963852933,1774017622963852933,0.558985734,1.0,2140.1,105.021,12.012696597083215,4,4,9.00000000000091,6+,24.947000000000003,0.2375429675969568,2140.6,2140.2,4.0000000000009095,2140.5,2140.6,0.0,4.0000000000009095,2.140399999999999,1.8596000000009103,4.280799999999998,-0.2807999999990889,TIMEOUT,60.0,False,,True,2.093386618,True,False,,True,4.188593101,34.00000000000091
2026-03-20,YOUNG_LEVEL,BID,2026-03-20 14:41:19.701964900,1774017679701964900,0.759608803,1.0,2141.5,111.269,9.769865659847222,4,4,5.0,4-5,18.137999999999998,0.1630103622752069,2142.0,2141.6,4.0000000000009095,2141.9,2142.0,0.0,4.0000000000009095,2.1418,1.8582000000009096,4.2836,-0.28359999999909036,HIT_TARGET,2.659481661,True,2.659481661,False,,False,False,,False,,0.0
2026-03-20,YOUNG_LEVEL,BID,2026-03-20 14:41:48.315257846,1774017708315257846,1.159795046,1.0,2141.1,111.036,7.524803469775007,2,2,3.999999999996362,2-3,44.233,0.39836629561583625,2141.4,2141.2,2.0000000000027285,2141.3,2141.4,0.0,2.0000000000027285,2.1413,-0.14129999999727172,4.2826,-2.282599999997272,HIT_TARGET,3.53501604,True,3.53501604,True,2.667107429,True,True,0.867908611,False,,0.9999999999990905
2026-03-20,YOUNG_LEVEL,BID,2026-03-20 14:42:29.403480894,1774017749403480894,0.508739942,1.0,2138.4,88.108,13.982067761644052,6,6,5.9999999999990905,4-5,22.404000000000003,0.25427883960593817,2139.1,2138.5,5.9999999999990905,2139.0,2139.1,0.0,5.9999999999990905,2.1388,3.8611999999990907,4.2776,1.7223999999990909,HIT_TARGET,34.866147527,True,34.866147527,True,1.226475115,True,True,33.639672412,True,9.136055746,6.999999999998181
2026-03-20,YOUNG_LEVEL,ASK,2026-03-20 14:42:39.509687810,1774017759509687810,0.97015117,0.9027959560158032,2140.2,83.505,6.8413075536621335,7,7,4.0000000000009095,4-5,34.032000000000004,0.4075444584156638,2139.4,2140.1,6.999999999998181,2139.4,2139.5,0.0,6.999999999998181,2.13975,4.860249999998182,4.2795,2.7204999999981814,TIMEOUT,60.0,False,,True,0.051082714,True,False,,True,14.138922412,15.0
2026-03-20,YOUNG_LEVEL,BID,2026-03-20 14:42:48.840819691,1774017768840819691,0.556181984,1.0,2138.7,55.793,8.476602856274688,5,5,5.0,4-5,18.668,0.33459394547703114,2139.3,2138.7999999999997,5.0000000000045475,2139.2,2139.3,0.0,5.0000000000045475,2.13905,2.8609500000045474,4.2781,0.7219000000045472,HIT_TARGET,4.807790531,True,4.807790531,True,1.133558449,True,True,3.674232082,False,,0.0
2026-03-20,YOUNG_LEVEL,ASK,2026-03-20 14:49:25.856192561,1774018165856192561,0.509279945,1.0,2137.7,80.61,30.73784556720687,5,5,7.9999999999972715,6+,27.544000000000004,0.3416945788363727,2137.1,2137.6,5.0,2137.1,2137.2,0.0,5.0,2.1373499999999996,2.8626500000000004,4.274699999999999,0.7253000000000007,TIMEOUT,60.0,False,,True,1.585447688,True,False,,True,9.189730827,33.99999999999636
2026-03-20,YOUNG_LEVEL,ASK,2026-03-20 14:49:44.324508162,1774018184324508162,0.503949514,1.0,2137.3,100.271,7.672724490186326,1,1,3.999999999996362,2-3,50.026,0.49890795942994487,2137.1,2137.2000000000003,1.000000000003638,2137.1,2137.2,0.0,1.000000000003638,2.13715,-1.1371499999963621,4.2743,-3.2742999999963622,HIT_TARGET,0.05579049,True,0.05579049,False,,False,False,,False,,0.0
2026-03-20,YOUNG_LEVEL,ASK,2026-03-20 14:50:30.452436191,1774018230452436191,1.317155367,1.0,2135.2,83.152,8.794035217598223,3,3,5.0,4-5,39.027,0.46934529536270925,2134.8,2135.1,2.9999999999972715,2134.8,2134.9,0.0,2.9999999999972715,2.13495,0.8650499999972716,4.2699,-1.2699000000027283,TIMEOUT,60.0,False,,True,0.111669582,True,False,,True,1.025652724,33.00000000000182
2026-03-20,YOUNG_LEVEL,ASK,2026-03-20 14:51:46.030636827,1774018306030636827,0.507001837,1.0,2133.1,81.359,8.1611997191293,2,2,4.0000000000009095,4-5,39.135,0.48101623667940857,2132.8,2133.0,1.999999999998181,2132.8,2132.9,0.0,1.999999999998181,2.1329,-0.13290000000181879,4.2658,-2.2658000000018186,HIT_TARGET,0.563948755,True,0.563948755,False,,False,False,,False,,0.0
2026-03-20,YOUNG_LEVEL,ASK,2026-03-20 14:53:03.687045910,1774018383687045910,1.029345847,1.0,2128.4,75.256,6.988206890147646,2,2,3.999999999996362,2-3,34.435,0.4575714893164665,2128.1,2128.3,2.0000000000027285,2128.1,2128.2,0.0,2.0000000000027285,2.1281999999999996,-0.12819999999727116,4.256399999999999,-2.256399999997271,HIT_TARGET,5.969555856,True,5.969555856,True,1.179535017,True,True,4.790020839,True,4.089831673,5.0
2026-03-20,YOUNG_LEVEL,ASK,2026-03-20 14:53:38.906860720,1774018418906860720,0.769606376,0.8614186039435827,2128.3,77.327,5.256228120857831,4,4,5.0,4-5,24.009999999999998,0.3104995667748652,2127.7,2128.2000000000003,5.0000000000045475,2127.7,2127.9,0.0,5.0000000000045475,2.12795,2.8720500000045477,4.2559,0.7441000000045479,HIT_TARGET,0.663838529,True,0.663838529,False,,False,False,,False,,0.0
2026-03-20,YOUNG_LEVEL,BID,2026-03-20 14:54:41.322454277,1774018481322454277,1.43013518,0.9957408473791967,2127.0,28.324,3.2459316983726794,1,1,5.0,4-5,2.421,0.08547521536506142,2127.2,2127.1,0.9999999999990905,2127.1,2127.2,0.0,0.9999999999990905,2.1271499999999994,-1.127150000000909,4.254299999999999,-3.2543000000009084,HIT_TARGET,0.051247277,True,0.051247277,False,,False,False,,False,,0.0
2026-03-20,YOUNG_LEVEL,ASK,2026-03-20 14:55:56.935626686,1774018556935626686,0.502932731,0.9911372004141842,2131.5,50.362,4.924175018332926,6,6,12.000000000002728,6+,17.677,0.35099876891306936,2130.8,2131.4,5.9999999999990905,2130.8,2130.9,0.0,5.9999999999990905,2.1311000000000004,3.86889999999909,4.262200000000001,1.7377999999990896,HIT_TARGET,0.211873664,True,0.211873664,False,,False,False,,False,,0.0
2026-03-20,YOUNG_LEVEL,ASK,2026-03-20 15:00:02.037334952,1774018802037334952,0.662785344,0.7603159508005053,2131.1,53.132,7.33968780218262,4,4,15.99999999999909,6+,19.169999999999998,0.36079951818113376,2130.6,2131.0,4.0000000000009095,2130.6,2130.7,0.0,4.0000000000009095,2.1308000000000002,1.8692000000009092,4.2616000000000005,-0.261599999999091,HIT_TARGET,2.448384623,True,2.448384623,True,0.753996853,True,True,1.69438777,False,,0.0
2026-03-20,YOUNG_LEVEL,BID,2026-03-20 15:01:42.240274169,1774018902240274169,1.896243338,1.0,2131.6,102.656,12.983747549484603,3,3,5.0,4-5,31.836,0.31012312967581046,2132.0,2131.7,3.000000000001819,2131.9,2132.0,0.0,3.000000000001819,2.1318499999999996,0.8681500000018194,4.263699999999999,-1.2636999999981802,HIT_TARGET,1.632463864,True,1.632463864,True,0.143719842,True,True,1.488744022,False,,0.0
2026-03-20,YOUNG_LEVEL,ASK,2026-03-20 15:01:58.696960382,1774018918696960382,0.589775865,1.0,2131.5,102.075,10.378221747750496,4,4,5.9999999999990905,4-5,18.05,0.17683076169483222,2131.0,2131.4,4.0000000000009095,2131.0,2131.1,0.0,4.0000000000009095,2.1311999999999998,1.8688000000009097,4.2623999999999995,-0.26239999999909003,HIT_TARGET,1.961707232,True,1.961707232,False,,False,False,,False,,0.0
2026-03-20,YOUNG_LEVEL,ASK,2026-03-20 15:04:23.342261020,1774019063342261020,1.021712994,0.842709024996505,2124.6,88.563,5.500807453416149,2,2,9.00000000000091,6+,42.626000000000005,0.48130709212650885,2124.3,2124.5,1.999999999998181,2124.3,2124.4,0.0,1.999999999998181,2.1244,-0.12440000000181906,4.2488,-2.248800000001819,HIT_TARGET,0.564736349,True,0.564736349,False,,False,False,,False,,0.0
2026-03-20,YOUNG_LEVEL,BID,2026-03-20 15:06:31.566529200,1774019191566529200,0.513522873,1.0,2126.0,40.194,3.638289205702648,4,4,5.9999999999990905,4-5,17.125999999999998,0.4260834950490122,2126.5,2126.1,4.0000000000009095,2126.4,2126.5,0.0,4.0000000000009095,2.1263,1.8737000000009094,4.2526,-0.25259999999909066,HIT_TARGET,3.164138415,True,3.164138415,False,,False,False,,True,1.530921266,2.9999999999972715
2026-03-20,YOUNG_LEVEL,ASK,2026-03-20 15:08:52.204458126,1774019332204458126,0.658247918,0.9849160419220649,2122.3,83.922,7.732964754664824,4,4,4.0000000000009095,4-5,28.837000000000003,0.34361669168990255,2121.8,2122.2000000000003,4.0000000000009095,2121.8,2121.9,0.0,4.0000000000009095,2.122,1.8780000000009096,4.244,-0.24399999999909028,HIT_TARGET,0.26474923,True,0.26474923,False,,False,False,,False,,0.0
2026-03-20,YOUNG_LEVEL,ASK,2026-03-20 15:11:25.045218941,1774019485045218941,1.022224407,0.8502113734014962,2122.8,74.026,8.083205940161605,5,5,5.0,4-5,32.202,0.435009321049361,2122.2,2122.7000000000003,5.0000000000045475,2122.2,2122.3,0.0,5.0000000000045475,2.1224499999999997,2.8775500000045477,4.2448999999999995,0.755100000004548,HIT_TARGET,0.409507427,True,0.409507427,False,,False,False,,False,,0.0
2026-03-20,YOUNG_LEVEL,ASK,2026-03-20 15:13:42.269082738,1774019622269082738,0.830272783,1.0,2127.7,68.628,6.65064444229092,2,2,4.0000000000009095,4-5,8.997,0.1310980940723903,2127.4,2127.6,1.999999999998181,2127.4,2127.5,0.0,1.999999999998181,2.1275,-0.12750000000181894,4.255,-2.255000000001819,HIT_TARGET,0.305597198,True,0.305597198,False,,False,False,,False,,0.0
2026-03-20,YOUNG_LEVEL,BID,2026-03-20 15:16:37.819594566,1774019797819594566,0.508436554,1.0,2129.2,61.683,8.312512633919548,2,2,7.9999999999972715,6+,7.26,0.11769855551772773,2129.5,2129.2999999999997,2.0000000000027285,2129.4,2129.5,0.0,2.0000000000027285,2.1293999999999995,-0.12939999999727103,4.258799999999999,-2.2587999999972705,HIT_TARGET,0.051182914,True,0.051182914,False,,False,False,,False,,0.0
2026-03-20,YOUNG_LEVEL,ASK,2026-03-20 15:17:01.602411937,1774019821602411937,0.509674964,1.0,2127.8,47.571,6.85214259992798,3,3,9.00000000000091,6+,3.4619999999999997,0.07277543040928297,2127.4,2127.7000000000003,3.000000000001819,2127.4,2127.5,0.0,3.000000000001819,2.1275500000000003,0.8724500000018187,4.2551000000000005,-1.2550999999981816,HIT_TARGET,0.050912833,True,0.050912833,False,,False,False,,False,,0.0
2026-03-20,YOUNG_LEVEL,ASK,2026-03-20 15:17:15.277746305,1774019835277746305,0.971079094,1.0,2126.9,27.083,7.438341115078274,3,3,4.0000000000009095,4-5,2.335,0.08621644574087066,2126.5,2126.8,3.000000000001819,2126.5,2126.6,0.0,3.000000000001819,2.12665,0.8733500000018188,4.2533,-1.2532999999981813,HIT_TARGET,0.1528471,True,0.1528471,False,,False,False,,False,,0.0
2026-03-20,YOUNG_LEVEL,BID,2026-03-20 15:17:45.788626634,1774019865788626634,0.654884793,1.0,2127.3,62.921,4.619072089267362,1,1,5.0,4-5,22.301,0.3544285691581507,2127.5,2127.4,0.9999999999990905,2127.4,2127.5,0.0,0.9999999999990905,2.1274499999999996,-1.1274500000009091,4.254899999999999,-3.2549000000009087,HIT_TARGET,0.058343165,True,0.058343165,False,,False,False,,False,,0.0
2026-03-20,YOUNG_LEVEL,BID,2026-03-20 15:18:05.729874921,1774019885729874921,0.542780921,1.0,2124.6,98.598,7.7383353608287875,5,5,5.0,4-5,37.123000000000005,0.3765086512911013,2125.2,2124.7,5.0,2125.1,2125.2,0.0,5.0,2.1249499999999997,2.8750500000000003,4.249899999999999,0.7501000000000007,HIT_TARGET,12.21963858,True,12.21963858,True,4.918251008,True,True,7.301387572,False,,0.0
2026-03-20,YOUNG_LEVEL,BID,2026-03-20 15:19:16.534163284,1774019956534163284,0.517143347,1.0,2122.3,37.662,3.841101478837328,2,2,5.0,4-5,14.968,0.39742977006000746,2122.6,2122.4,1.999999999998181,2122.5,2122.6,0.0,1.999999999998181,2.1224999999999996,-0.1225000000018186,4.244999999999999,-2.245000000001818,HIT_TARGET,5.668891785,True,5.668891785,True,1.528167333,True,True,4.140724452,False,,0.0
2026-03-20,YOUNG_LEVEL,ASK,2026-03-20 15:20:20.228146155,1774020020228146155,0.514194002,1.0,2124.5,31.973,3.3453308919696574,1,1,4.0000000000009095,4-5,15.427,0.48250086010070997,2124.3,2124.4,0.9999999999990905,2124.3,2124.4,0.0,0.9999999999990905,2.12435,-1.1243500000009097,4.2487,-3.24870000000091,HIT_TARGET,0.050942233,True,0.050942233,False,,False,False,,False,,0.0
2026-03-20,YOUNG_LEVEL,ASK,2026-03-20 15:23:34.356708594,1774020214356708594,1.4789714,0.9986567853847613,2136.6,100.0,73.99186089530151,5,5,49.00000000000091,6+,3.957,0.03957,2136.0,2136.5,5.0,2136.0,2136.1,0.0,5.0,2.13625,2.86375,4.2725,0.7275,HIT_TARGET,0.050334371,True,0.050334371,False,,False,False,,False,,0.0
2026-03-20,YOUNG_LEVEL,BID,2026-03-20 15:23:46.752048685,1774020226752048685,1.057977812,1.0,2135.3,47.3,8.926212492923192,4,4,5.0,4-5,14.665000000000001,0.3100422832980973,2135.8,2135.4,4.0000000000009095,2135.7,2135.8,0.0,4.0000000000009095,2.1356,1.8644000000009093,4.2712,-0.27119999999909083,HIT_TARGET,17.600272377,True,17.600272377,True,0.10207318,True,True,17.498199197,True,0.912685771,26.000000000003638
2026-03-20,YOUNG_LEVEL,BID,2026-03-20 15:24:01.543263723,1774020241543263723,0.915411728,0.8853736752649514,2136.0,49.64,6.551837919883852,4,4,19.00000000000091,6+,23.554,0.47449637389202254,2136.5,2136.1,4.0000000000009095,2136.4,2136.5,0.0,4.0000000000009095,2.1363,1.8637000000009096,4.2726,-0.27259999999909024,HIT_TARGET,0.412466442,True,0.412466442,False,,False,False,,False,,0.0
2026-03-20,YOUNG_LEVEL,BID,2026-03-20 15:24:03.076305500,1774020243076305500,0.611221922,0.6596973709329751,2135.2,78.91,14.158069435722615,5,5,19.00000000000091,6+,16.639,0.2108604739576733,2135.8,2135.2999999999997,5.0000000000045475,2135.7,2135.8,0.0,5.0000000000045475,2.1355500000000003,2.864450000004547,4.271100000000001,0.7289000000045469,HIT_TARGET,1.326598174,True,1.326598174,False,,False,False,,False,,0.0
2026-03-20,YOUNG_LEVEL,BID,2026-03-20 15:24:11.038354446,1774020251038354446,0.711701142,1.0,2132.9,38.677,5.670698629132762,4,4,3.999999999996362,2-3,18.551,0.47963906197481704,2133.4,2133.0,4.0000000000009095,2133.3,2133.4,0.0,4.0000000000009095,2.1331999999999995,1.86680000000091,4.266399999999999,-0.2663999999990896,HIT_TARGET,0.56431815,True,0.56431815,True,0.054451985,True,True,0.509866165,False,,0.0
2026-03-20,YOUNG_LEVEL,ASK,2026-03-20 15:24:15.736621198,1774020255736621198,0.91908143,1.0,2133.6,34.699,4.820979506773185,2,2,5.0,4-5,0.983,0.028329346667050923,2133.3,2133.5,1.999999999998181,2133.3,2133.4,0.0,1.999999999998181,2.1334,-0.13340000000181895,4.2668,-2.266800000001819,HIT_TARGET,0.101039893,True,0.101039893,False,,False,False,,False,,0.0
2026-03-20,YOUNG_LEVEL,BID,2026-03-20 15:26:01.258471273,1774020361258471273,0.560787822,0.6273517276914048,2128.0,90.23,16.827676240208877,3,3,6.999999999998181,6+,36.016000000000005,0.3991577080793528,2128.4,2128.1,3.000000000001819,2128.3,2128.4,0.0,3.000000000001819,2.1282499999999995,0.8717500000018195,4.256499999999999,-1.25649999999818,HIT_TARGET,22.85857064,True,22.85857064,True,0.046403279,True,True,22.812167361,True,4.286189674,20.0
2026-03-20,YOUNG_LEVEL,ASK,2026-03-20 15:26:10.494218974,1774020370494218974,0.54998987,1.0,2129.8,24.973,3.5919453434016537,1,1,7.9999999999972715,6+,4.123,0.16509830617066434,2129.6,2129.7000000000003,1.000000000003638,2129.6,2129.7,0.0,1.000000000003638,2.12965,-1.1296499999963618,4.2593,-3.2592999999963617,HIT_TARGET,0.051750539,True,0.051750539,False,,False,False,,False,,0.0
2026-03-20,YOUNG_LEVEL,BID,2026-03-20 15:28:08.101666961,1774020488101666961,0.953257799,0.8142438759108437,2129.9,80.285,13.80653482373173,3,3,5.0,4-5,9.855,0.12275020240393598,2130.3,2130.0,3.000000000001819,2130.2,2130.3,0.0,3.000000000001819,2.13015,0.869850000001819,4.2603,-1.260299999998181,HIT_TARGET,0.101964877,True,0.101964877,False,,False,False,,False,,0.0
2026-03-20,YOUNG_LEVEL,BID,2026-03-20 15:32:46.107371655,1774020766107371655,0.766809616,0.8625782647983903,2131.1,35.476,3.048945038889605,1,1,8.000000000001819,6+,8.564,0.24140263840342768,2131.3,2131.2,1.000000000003638,2131.2,2131.3,0.0,1.000000000003638,2.13125,-1.131249999996362,4.2625,-3.262499999996362,HIT_TARGET,0.050403339,True,0.050403339,False,,False,False,,False,,0.0
2026-03-20,YOUNG_LEVEL,ASK,2026-03-20 15:33:55.149044491,1774020835149044491,0.676073432,1.0,2133.6,53.826,19.90238491403217,2,2,5.0,4-5,3.669,0.06816408427154164,2133.3,2133.5,1.999999999998181,2133.3,2133.4,0.0,1.999999999998181,2.1334,-0.13340000000181895,4.2668,-2.266800000001819,HIT_TARGET,0.051170626,True,0.051170626,False,,False,False,,False,,0.0
2026-03-20,YOUNG_LEVEL,BID,2026-03-20 15:34:23.164201684,1774020863164201684,0.507732735,1.0,2133.2,81.108,9.1990472949983,4,4,9.00000000000091,6+,12.786,0.15764166296789464,2133.7,2133.2999999999997,4.0000000000009095,2133.6,2133.7,0.0,4.0000000000009095,2.1335,1.8665000000009093,4.267,-0.26699999999909085,HIT_TARGET,19.147315993,True,19.147315993,True,0.105486448,True,True,19.041829545,False,,0.0
2026-03-20,YOUNG_LEVEL,BID,2026-03-20 15:36:11.732918691,1774020971732918691,0.759279216,1.0,2131.5,103.588,6.802692497126909,4,4,5.9999999999990905,4-5,31.305,0.3022068193227015,2132.0,2131.6,4.0000000000009095,2131.9,2132.0,0.0,4.0000000000009095,2.1318,1.8682000000009094,4.2636,-0.2635999999990908,HIT_TARGET,1.842200259,True,1.842200259,False,,False,False,,False,,0.0
2026-03-20,YOUNG_LEVEL,ASK,2026-03-20 15:36:51.747040677,1774021011747040677,0.504364946,1.0,2129.3,55.404,4.623935903855784,2,2,7.9999999999972715,6+,3.969,0.07163742690058479,2129.0,2129.2000000000003,2.0000000000027285,2129.0,2129.1,0.0,2.0000000000027285,2.1291,-0.12909999999727173,4.2582,-2.258199999997272,HIT_TARGET,0.665406036,True,0.665406036,False,,False,False,,False,,0.0
2026-03-20,YOUNG_LEVEL,BID,2026-03-20 15:37:35.905422116,1774021055905422116,1.479475753,1.0,2130.8,80.8,4.816547941939137,1,1,5.0,4-5,31.521,0.3901113861386139,2131.0,2130.9,0.9999999999990905,2130.9,2131.0,0.0,0.9999999999990905,2.1309499999999995,-1.130950000000909,4.261899999999999,-3.2619000000009084,HIT_TARGET,0.041875544,True,0.041875544,False,,False,False,,False,,0.0
2026-03-20,YOUNG_LEVEL,ASK,2026-03-20 15:38:26.271532945,1774021106271532945,0.510169605,1.0,2135.4,76.397,7.8400123146390275,4,4,14.00000000000091,6+,25.405,0.3325392358338678,2134.9,2135.3,4.0000000000009095,2134.9,2135.0,0.0,4.0000000000009095,2.1351,1.8649000000009095,4.2702,-0.2701999999990905,TIMEOUT,60.0,False,,True,0.201608067,True,False,,True,2.397915486,35.0
2026-03-20,YOUNG_LEVEL,ASK,2026-03-20 15:39:45.412096451,1774021185412096451,1.579481999,1.0,2132.6,90.308,10.538304451834998,5,5,4.0000000000009095,4-5,28.307000000000002,0.3134495282809939,2132.0,2132.5,5.0,2132.0,2132.1,0.0,5.0,2.13225,2.86775,4.2645,0.7355,HIT_TARGET,11.38329058,True,11.38329058,True,0.052554304,True,True,11.330736276,False,,0.0
2026-03-20,YOUNG_LEVEL,BID,2026-03-20 15:43:20.687426664,1774021400687426664,0.543839371,1.0,2132.1,83.827,9.07611520138588,3,3,4.0000000000009095,4-5,38.216,0.45589129993916044,2132.5,2132.2,3.000000000001819,2132.4,2132.5,0.0,3.000000000001819,2.1323499999999997,0.8676500000018192,4.2646999999999995,-1.2646999999981805,TIMEOUT,60.0,False,,True,0.426062062,True,False,,True,2.26639455,17.99999999999727
2026-03-20,YOUNG_LEVEL,ASK,2026-03-20 15:43:51.543839966,1774021431543839966,0.505995265,1.0,2134.0,30.079,3.069129126064997,1,1,4.0000000000009095,4-5,7.279,0.2419960769972406,2133.8,2133.9,0.9999999999990905,2133.8,2133.9,0.0,0.9999999999990905,2.1338500000000002,-1.1338500000009097,4.2677000000000005,-3.26770000000091,HIT_TARGET,0.055226989,True,0.055226989,False,,False,False,,False,,0.0
2026-03-20,YOUNG_LEVEL,ASK,2026-03-20 15:48:03.576432961,1774021683576432961,0.81474561,0.8076149351697642,2136.1,106.054,13.164597815292948,6,6,14.00000000000091,6+,41.684,0.3930450525204141,2135.4,2136.0,5.9999999999990905,2135.4,2135.5,0.0,5.9999999999990905,2.1356999999999995,3.864299999999091,4.271399999999999,1.7285999999990915,HIT_TARGET,3.1135081,True,3.1135081,True,0.102880863,True,True,3.010627237,False,,1.999999999998181
2026-03-20,YOUNG_LEVEL,ASK,2026-03-20 15:50:13.097671163,1774021813097671163,0.916277382,0.9158306332612278,2134.4,19.745,4.693926066801379,2,2,5.9999999999990905,4-5,0.468,0.02370220308938972,2134.1,2134.3,2.0000000000027285,2134.1,2134.2,0.0,2.0000000000027285,2.1341999999999994,-0.13419999999727095,4.268399999999999,-2.2683999999972704,TIMEOUT,60.0,False,,True,2.860746221,True,False,,True,3.064141021,25.0
2026-03-20,YOUNG_LEVEL,BID,2026-03-20 15:51:30.917764516,1774021890917764516,0.511063638,1.0,2132.5,125.054,12.220658653376331,4,4,5.9999999999990905,4-5,56.821,0.45437171142066624,2133.0,2132.6,4.0000000000009095,2132.9,2133.0,0.0,4.0000000000009095,2.1328,1.8672000000009095,4.2656,-0.26559999999909056,HIT_TARGET,6.782033601,True,6.782033601,True,1.731164288,True,True,5.050869313,True,4.898900649,4.0000000000009095
2026-03-20,YOUNG_LEVEL,BID,2026-03-20 15:55:01.402457581,1774022101402457581,0.916974797,1.0,2132.5,110.989,10.861043154907524,5,5,5.9999999999990905,4-5,42.871,0.3862635035904459,2133.1,2132.6,5.0,2133.0,2133.1,0.0,5.0,2.13285,2.86715,4.2657,0.7343000000000002,HIT_TARGET,6.230108158,True,6.230108158,True,2.400033614,True,True,3.830074544,False,,0.0
2026-03-20,YOUNG_LEVEL,BID,2026-03-20 16:01:09.927343688,1774022469927343688,0.509810186,1.0,2135.7,54.496,5.234966378482229,3,3,8.000000000001819,6+,25.398000000000003,0.46605255431591314,2136.1,2135.7999999999997,3.000000000001819,2136.0,2136.1,0.0,3.000000000001819,2.13595,0.8640500000018192,4.2719,-1.2718999999981806,HIT_TARGET,4.846546199,True,4.846546199,True,0.73160413,True,True,4.114942069,False,,0.0
2026-03-20,YOUNG_LEVEL,ASK,2026-03-20 16:02:34.415742773,1774022554415742773,0.561238287,1.0,2135.7,42.845,4.678678678678679,2,2,5.0,4-5,5.846,0.1364453261757498,2135.4,2135.6,1.999999999998181,2135.4,2135.5,0.0,1.999999999998181,2.1355,-0.13550000000181894,4.271,-2.271000000001819,HIT_TARGET,4.256359212,True,4.256359212,True,0.526601862,True,True,3.72975735,False,,0.0
2026-03-20,YOUNG_LEVEL,BID,2026-03-20 16:06:32.535130798,1774022792535130798,0.743200293,1.0,2137.1,34.905,3.367583212735167,1,1,4.0000000000009095,4-5,6.429,0.18418564675547916,2137.3,2137.2,1.000000000003638,2137.2,2137.3,0.0,1.000000000003638,2.13725,-1.137249999996362,4.2745,-3.2744999999963618,HIT_TARGET,0.077141404,True,0.077141404,False,,False,False,,False,,0.0
2026-03-20,YOUNG_LEVEL,ASK,2026-03-20 16:06:47.935584194,1774022807935584194,1.639366407,0.9145487827481145,2136.7,82.734,22.222401289282836,5,5,3.999999999996362,2-3,24.349000000000004,0.294304638963425,2135.9,2136.6,6.999999999998181,2135.9,2136.2,0.0,6.999999999998181,2.13625,4.863749999998181,4.2725,2.727499999998181,HIT_TARGET,0.510715963,True,0.510715963,False,,False,False,,False,,0.0
2026-03-20,YOUNG_LEVEL,ASK,2026-03-20 16:07:24.295769157,1774022844295769157,0.5827012,1.0,2138.3,89.43,5.233803476327033,4,4,5.9999999999990905,4-5,37.964999999999996,0.4245219724924521,2137.8,2138.2000000000003,4.0000000000009095,2137.8,2137.9,0.0,4.0000000000009095,2.138,1.8620000000009096,4.276,-0.2759999999990903,TIMEOUT,60.0,False,,True,2.124544227,True,False,,True,8.864721732,28.00000000000182
2026-03-20,YOUNG_LEVEL,ASK,2026-03-20 16:11:37.872361443,1774023097872361443,0.555548468,1.0,2139.1,83.382,9.177480600957571,3,3,8.000000000001819,6+,41.425,0.4968098630399846,2138.7,2139.0,3.000000000001819,2138.7,2138.8,0.0,3.000000000001819,2.1388499999999997,0.8611500000018193,4.277699999999999,-1.2776999999981804,HIT_TARGET,4.296254494,True,4.296254494,True,3.479913024,True,True,0.81634147,False,,0.0
2026-03-20,YOUNG_LEVEL,BID,2026-03-20 16:12:53.006915810,1774023173006915810,1.936528228,1.0,2141.0,32.179,3.02832674571805,4,4,4.0000000000009095,4-5,15.049,0.4676652475216756,2141.5,2141.1,4.0000000000009095,2141.4,2141.5,0.0,4.0000000000009095,2.1413,1.8587000000009093,4.2826,-0.2825999999990909,HIT_TARGET,0.921851038,True,0.921851038,False,,False,False,,False,,0.0
2026-03-20,YOUNG_LEVEL,BID,2026-03-20 16:13:21.282366918,1774023201282366918,0.530761822,1.0,2139.8,30.846,4.509319494189021,3,3,5.0,4-5,10.308,0.33417623030538807,2140.2,2139.9,2.9999999999972715,2140.1,2140.2,0.0,2.9999999999972715,2.14005,0.8599499999972715,4.2801,-1.2801000000027285,HIT_TARGET,20.168391724,True,20.168391724,True,0.92920245,True,True,19.239189274,False,,0.0
2026-03-20,YOUNG_LEVEL,BID,2026-03-20 16:16:12.943094170,1774023372943094170,0.555757609,1.0,2135.3,40.175,3.695782162734005,5,5,12.999999999997272,6+,19.046,0.4740759178593653,2135.9,2135.4,5.0,2135.8,2135.9,0.0,5.0,2.13565,2.86435,4.2713,0.7286999999999999,HIT_TARGET,0.822977589,True,0.822977589,False,,False,False,,False,,0.0
2026-03-20,YOUNG_LEVEL,ASK,2026-03-20 16:18:22.674968054,1774023502674968054,1.109389369,1.0,2141.2,28.981,3.4977973568281944,2,2,5.0,4-5,10.751,0.37096718539732926,2140.9,2141.1,1.999999999998181,2140.9,2141.0,0.0,1.999999999998181,2.141,-0.141000000001819,4.282,-2.282000000001819,HIT_TARGET,2.156804767,True,2.156804767,True,0.06348225,True,True,2.093322517,False,,0.0
2026-03-20,YOUNG_LEVEL,ASK,2026-03-20 16:19:20.315343475,1774023560315343475,1.482710457,1.0,2143.8,52.714,9.129546241773467,4,4,5.9999999999990905,4-5,23.811,0.4517016352392154,2143.3,2143.7000000000003,4.0000000000009095,2143.3,2143.4,0.0,4.0000000000009095,2.1435,1.8565000000009095,4.287,-0.2869999999990904,HIT_TARGET,0.102013534,True,0.102013534,False,,False,False,,False,,0.0
2026-03-20,YOUNG_LEVEL,ASK,2026-03-20 16:20:14.833120469,1774023614833120469,1.097113853,0.9863453998333571,2143.5,33.973,3.1239540229885057,4,4,6.999999999998181,6+,9.818999999999999,0.2890236364171548,2143.0,2143.4,4.0000000000009095,2143.0,2143.1,0.0,4.0000000000009095,2.1431999999999998,1.8568000000009097,4.2863999999999995,-0.28639999999909005,HIT_TARGET,0.203498517,True,0.203498517,False,,False,False,,False,,0.0
2026-03-20,YOUNG_LEVEL,ASK,2026-03-20 16:20:29.639491810,1774023629639491810,1.842590307,1.0,2143.9,34.751,4.1665367783706015,3,3,5.0,4-5,10.578999999999999,0.30442289430519986,2143.4,2143.8,4.0000000000009095,2143.4,2143.6,0.0,4.0000000000009095,2.1436,1.8564000000009093,4.2872,-0.28719999999909085,HIT_TARGET,0.305792683,True,0.305792683,False,,False,False,,False,,0.0
2026-03-20,YOUNG_LEVEL,BID,2026-03-20 16:20:44.442741606,1774023644442741606,0.510530504,1.0,2143.4,33.013,3.128156535746435,1,1,5.0,4-5,5.598,0.1695695635052858,2143.6,2143.5,0.9999999999990905,2143.5,2143.6,0.0,0.9999999999990905,2.14355,-1.1435500000009093,4.2871,-3.287100000000909,HIT_TARGET,0.008046825,True,0.008046825,False,,False,False,,False,,0.0
2026-03-20,YOUNG_LEVEL,ASK,2026-03-20 16:22:24.681401189,1774023744681401189,0.516860759,1.0,2139.8,75.456,8.119223112928392,5,5,4.0000000000009095,4-5,15.402,0.20411895674300254,2139.2,2139.7000000000003,5.0000000000045475,2139.2,2139.3,0.0,5.0000000000045475,2.1394499999999996,2.860550000004548,4.278899999999999,0.7211000000045482,HIT_TARGET,12.804680442,True,12.804680442,True,0.452527404,True,True,12.352153038,False,,1.000000000003638
2026-03-20,YOUNG_LEVEL,BID,2026-03-20 16:23:37.735468797,1774023817735468797,0.533220587,1.0,2140.6,40.869,4.161600733160227,2,2,3.999999999996362,2-3,10.181000000000001,0.24911301964814409,2140.9,2140.7,2.0000000000027285,2140.8,2140.9,0.0,2.0000000000027285,2.1408,-0.14079999999727155,4.2816,-2.2815999999972716,HIT_TARGET,0.947078682,True,0.947078682,False,,False,False,,False,,0.0
2026-03-20,YOUNG_LEVEL,ASK,2026-03-20 16:33:21.195303145,1774024401195303145,1.272919437,0.8374849750998028,2134.6,77.572,5.373696789165599,4,4,5.9999999999990905,4-5,36.533,0.4709560150569793,2134.1,2134.5,4.0000000000009095,2134.1,2134.2,0.0,4.0000000000009095,2.1343,1.8657000000009094,4.2686,-0.2685999999990907,HIT_TARGET,3.93281491,True,3.93281491,True,0.66709973,True,True,3.26571518,False,,0.0
2026-03-20,YOUNG_LEVEL,BID,2026-03-20 16:35:43.408338025,1774024543408338025,1.990887739,0.9690129132891304,2135.3,36.769,6.078022977105546,2,2,4.0000000000009095,4-5,2.256,0.06135603361527373,2135.6,2135.4,1.999999999998181,2135.5,2135.6,0.0,1.999999999998181,2.1355,-0.13550000000181894,4.271,-2.271000000001819,HIT_TARGET,3.112166169,True,3.112166169,False,,False,False,,False,,0.0
2026-03-20,YOUNG_LEVEL,BID,2026-03-20 16:38:57.694233776,1774024737694233776,1.030796386,1.0,2132.5,92.154,10.32653518601524,5,5,4.0000000000009095,4-5,44.644999999999996,0.484460793888491,2133.1,2132.6,5.0,2133.0,2133.1,0.0,5.0,2.13285,2.86715,4.2657,0.7343000000000002,HIT_TARGET,5.00711081,True,5.00711081,True,1.470728523,True,True,3.536382287,False,,0.0
2026-03-20,YOUNG_LEVEL,BID,2026-03-20 16:47:30.600003938,1774025250600003938,0.969782995,1.0,2135.6,51.442,5.36608772753351,4,4,5.0,4-5,24.235,0.47111309824656894,2136.1,2135.7,4.0000000000009095,2136.0,2136.1,0.0,4.0000000000009095,2.1358999999999995,1.86410000000091,4.271799999999999,-0.27179999999908944,HIT_TARGET,3.577866612,True,3.577866612,False,,False,False,,False,,0.0
2026-03-20,YOUNG_LEVEL,ASK,2026-03-20 16:49:13.292823212,1774025353292823212,0.509269499,0.7897494289168101,2135.1,86.322,8.506725794530672,5,5,5.9999999999990905,4-5,21.551,0.2496582562961933,2134.5,2135.0,5.0,2134.5,2134.6,0.0,5.0,2.13475,2.86525,4.2695,0.7305000000000001,HIT_TARGET,59.056262445,True,59.056262445,True,0.559534765,True,True,58.49672768,True,22.720387117,5.0
2026-03-20,YOUNG_LEVEL,ASK,2026-03-20 16:52:36.297530238,1774025556297530238,0.509313716,1.0,2132.3,41.275,3.0117844503630193,1,1,5.9999999999990905,4-5,14.185,0.3436705027256209,2132.1,2132.2000000000003,1.000000000003638,2132.1,2132.2,0.0,1.000000000003638,2.13215,-1.1321499999963622,4.2643,-3.2642999999963624,HIT_TARGET,0.052762139,True,0.052762139,False,,False,False,,False,,0.0
2026-03-20,YOUNG_LEVEL,BID,2026-03-20 17:01:43.803122063,1774026103803122063,1.53093497,1.0,2138.6,36.501,3.6324824600686667,6,6,4.0000000000009095,4-5,16.416,0.44974110298347997,2139.3,2138.7,6.000000000003638,2139.2,2139.3,0.0,6.000000000003638,2.139,3.861000000003638,4.278,1.7220000000036384,HIT_TARGET,0.409441378,True,0.409441378,False,,False,False,,False,,0.0
2026-03-20,YOUNG_LEVEL,BID,2026-03-20 17:02:39.019961718,1774026159019961718,0.705859091,1.0,2137.9,65.859,6.615338255235798,5,5,5.0,4-5,32.1,0.4874049104905936,2138.5,2138.0,5.0,2138.4,2138.5,0.0,5.0,2.1382499999999998,2.8617500000000002,4.2764999999999995,0.7235000000000005,HIT_TARGET,24.304744796,True,24.304744796,True,2.405406654,True,True,21.899338142,False,,1.999999999998181
2026-03-20,YOUNG_LEVEL,ASK,2026-03-20 17:05:59.928626201,1774026359928626201,1.041958067,1.0,2133.3,58.862,7.361891063723345,4,4,4.0000000000009095,4-5,28.907,0.491097822024396,2132.8,2133.2000000000003,4.0000000000009095,2132.8,2132.9,0.0,4.0000000000009095,2.1329999999999996,1.86700000000091,4.265999999999999,-0.26599999999908963,HIT_TARGET,0.845471722,True,0.845471722,True,0.180336496,True,True,0.665135226,False,,0.0
2026-03-20,YOUNG_LEVEL,BID,2026-03-20 17:06:41.751667739,1774026401751667739,1.585957439,1.0,2135.7,35.896,3.484541086249575,1,1,5.0,4-5,2.96,0.08246044127479385,2136.0,2135.7999999999997,2.0000000000027285,2135.8,2136.0,0.0,2.0000000000027285,2.1358999999999995,-0.13589999999727098,4.271799999999999,-2.2717999999972704,HIT_TARGET,0.050915098,True,0.050915098,False,,False,False,,False,,0.0
2026-03-20,YOUNG_LEVEL,ASK,2026-03-20 17:07:05.482958102,1774026425482958102,0.866262132,1.0,2136.5,50.662,7.101983598514053,5,5,8.000000000001819,6+,19.703,0.3889108207334886,2135.9,2136.4,5.0,2135.9,2136.0,0.0,5.0,2.1361499999999998,2.8638500000000002,4.2722999999999995,0.7277000000000005,HIT_TARGET,15.565737029,True,15.565737029,True,7.492057379,True,True,8.07367965,True,2.348141409,5.0
2026-03-20,YOUNG_LEVEL,ASK,2026-03-20 17:07:51.984842737,1774026471984842737,0.508108674,1.0,2136.8,78.207,8.493836546293782,5,5,5.0,4-5,37.039,0.4736021072282533,2136.2,2136.7000000000003,5.0000000000045475,2136.2,2136.3,0.0,5.0000000000045475,2.1364499999999995,2.863550000004548,4.272899999999999,0.7271000000045484,HIT_TARGET,44.099935413,True,44.099935413,True,0.462163502,True,True,43.637771911,True,2.043069609,11.000000000003638
2026-03-20,YOUNG_LEVEL,ASK,2026-03-20 17:08:37.360254839,1774026517360254839,0.924993797,1.0,2137.5,33.389,3.8209074784001835,3,3,6.999999999998181,6+,0.1,0.0029949983527509058,2137.1,2137.4,3.000000000001819,2137.1,2137.2,0.0,3.000000000001819,2.13725,0.8627500000018191,4.2745,-1.2744999999981808,HIT_TARGET,1.124998129,True,1.124998129,False,,False,False,,False,,0.0
2026-03-20,YOUNG_LEVEL,ASK,2026-03-20 17:08:43.027712091,1774026523027712091,1.329839591,0.961617245158405,2138.1,87.361,10.374799596223502,2,2,4.0000000000009095,4-5,38.603,0.44187909936928377,2137.8,2138.0,1.999999999998181,2137.8,2137.9,0.0,1.999999999998181,2.1379,-0.13790000000181912,4.2758,-2.2758000000018193,HIT_TARGET,4.036564105,True,4.036564105,True,2.91098576,True,True,1.125578345,False,,0.0
2026-03-20,YOUNG_LEVEL,ASK,2026-03-20 17:14:00.652355352,1774026840652355352,1.677213078,1.0,2133.2,84.608,8.767214133982694,6,6,4.0000000000009095,4-5,28.951999999999998,0.3421898638426626,2132.5,2133.1,5.9999999999990905,2132.5,2132.6,0.0,5.9999999999990905,2.1328,3.8671999999990905,4.2656,1.7343999999990904,HIT_TARGET,0.313286695,True,0.313286695,False,,False,False,,False,,0.0
2026-03-20,YOUNG_LEVEL,BID,2026-03-20 17:15:52.184941931,1774026952184941931,0.561164422,1.0,2132.6,32.086,4.007994503778652,3,3,7.9999999999972715,6+,14.139000000000001,0.4406594776538055,2133.0,2132.7,3.000000000001819,2132.9,2133.0,0.0,3.000000000001819,2.13285,0.8671500000018191,4.2657,-1.2656999999981808,HIT_TARGET,11.382135807,True,11.382135807,True,8.114728416,True,True,3.267407391,False,,1.999999999998181
2026-03-20,YOUNG_LEVEL,ASK,2026-03-20 17:16:40.217479963,1774027000217479963,1.480893548,1.0,2132.2,79.382,6.011055580796608,3,3,4.0000000000009095,4-5,14.602,0.18394598271648485,2131.8,2132.1,2.9999999999972715,2131.8,2131.9,0.0,2.9999999999972715,2.13195,0.8680499999972717,4.2639,-1.263900000002728,TIMEOUT,60.0,False,,True,0.049290559,True,False,,True,39.552236599,10.99999999999909
2026-03-20,YOUNG_LEVEL,ASK,2026-03-20 17:17:27.381993893,1774027047381993893,0.820138553,1.0,2131.6,54.437,6.829809924095101,4,4,3.999999999996362,2-3,20.328,0.37342248838106434,2131.1,2131.5,4.0000000000009095,2131.1,2131.2,0.0,4.0000000000009095,2.1313,1.8687000000009095,4.2626,-0.26259999999909045,HIT_TARGET,1.171947821,True,1.171947821,True,0.051145906,True,True,1.120801915,False,,0.0
2026-03-20,YOUNG_LEVEL,ASK,2026-03-20 17:17:53.040315553,1774027073040315553,0.804766983,1.0,2132.7,105.164,8.805124126093691,4,4,7.0000000000027285,6+,46.433,0.4415294207143129,2132.2,2132.6,4.0000000000009095,2132.2,2132.3,0.0,4.0000000000009095,2.1323999999999996,1.8676000000009099,4.264799999999999,-0.26479999999908976,HIT_TARGET,1.848142567,True,1.848142567,True,1.02769653,True,True,0.820446037,False,,0.0
2026-03-20,YOUNG_LEVEL,BID,2026-03-20 17:18:29.189115939,1774027109189115939,1.428801533,1.0,2133.7,60.75,8.08006916273193,4,4,8.000000000001819,6+,19.012,0.31295473251028805,2134.2,2133.7999999999997,4.0000000000009095,2134.1,2134.2,0.0,4.0000000000009095,2.134,1.8660000000009096,4.268,-0.2679999999990903,HIT_TARGET,1.83786469,True,1.83786469,True,0.857950402,True,True,0.979914288,False,,0.0
2026-03-20,YOUNG_LEVEL,ASK,2026-03-20 17:19:34.971154649,1774027174971154649,0.507821892,0.8887949852307667,2133.3,23.382,4.637905385301994,2,2,9.00000000000091,6+,8.202,0.350782653323069,2133.0,2133.2000000000003,2.0000000000027285,2133.0,2133.1,0.0,2.0000000000027285,2.1331,-0.13309999999727173,4.2662,-2.266199999997272,TIMEOUT,60.0,False,,True,8.632352131,True,False,,True,8.786402371,9.00000000000091
2026-03-20,YOUNG_LEVEL,BID,2026-03-20 17:23:02.942301711,1774027382942301711,1.071391633,0.9015784613654902,2133.2,82.783,10.974083648173925,3,3,4.0000000000009095,4-5,41.092,0.4963821074375173,2133.6,2133.2999999999997,3.000000000001819,2133.5,2133.6,0.0,3.000000000001819,2.13345,0.8665500000018191,4.2669,-1.2668999999981807,HIT_TARGET,43.229361998,True,43.229361998,True,0.30535399,True,True,42.924008008,True,0.408456121,11.999999999998181
2026-03-20,YOUNG_LEVEL,BID,2026-03-20 17:23:07.682568589,1774027387682568589,0.608360887,1.0,2133.2,74.839,8.45638418079096,4,4,4.0000000000009095,4-5,25.754,0.34412538916874896,2133.7,2133.2999999999997,4.0000000000009095,2133.6,2133.7,0.0,4.0000000000009095,2.1335,1.8665000000009093,4.267,-0.26699999999909085,HIT_TARGET,38.48909512,True,38.48909512,True,1.177850463,True,True,37.311244657,True,6.692622222,10.99999999999909
2026-03-20,YOUNG_LEVEL,ASK,2026-03-20 17:24:05.802944755,1774027445802944755,0.542739888,1.0,2133.8,46.691,3.17561041964225,2,2,4.0000000000009095,4-5,12.077,0.2586579854790002,2133.5,2133.7000000000003,2.0000000000027285,2133.5,2133.6,0.0,2.0000000000027285,2.1336000000000004,-0.1335999999972719,4.267200000000001,-2.2671999999972723,HIT_TARGET,5.279653109,True,5.279653109,True,0.066424777,True,True,5.213228332,False,,0.0
2026-03-20,YOUNG_LEVEL,BID,2026-03-20 17:24:58.545628893,1774027498545628893,0.663143413,0.9756235895839321,2132.2,33.658,3.4556468172484607,1,1,5.0,4-5,12.312,0.3657971358963693,2132.4,2132.2999999999997,1.000000000003638,2132.3,2132.4,0.0,1.000000000003638,2.1323499999999997,-1.1323499999963618,4.2646999999999995,-3.2646999999963615,HIT_TARGET,0.046564653,True,0.046564653,False,,False,False,,False,,0.0
2026-03-20,YOUNG_LEVEL,BID,2026-03-20 17:36:42.863406313,1774028202863406313,0.510146432,1.0,2122.1,82.295,9.966694925517743,6,6,16.000000000003638,6+,30.982999999999997,0.3764870283735342,2122.8,2122.2,6.000000000003638,2122.7,2122.8,0.0,6.000000000003638,2.1224999999999996,3.8775000000036384,4.244999999999999,1.7550000000036388,HIT_TARGET,34.852192378,True,34.852192378,True,0.094540672,True,True,34.757651706,True,10.400304214,3.000000000001819
2026-03-20,YOUNG_LEVEL,ASK,2026-03-20 17:37:48.858003683,1774028268858003683,0.65975066,0.888666967002352,2123.9,79.155,5.138100029210347,4,4,5.9999999999990905,4-5,29.082,0.36740572294864504,2123.4,2123.8,4.0000000000009095,2123.4,2123.5,0.0,4.0000000000009095,2.1236,1.8764000000009093,4.2472,-0.2471999999990908,HIT_TARGET,0.564455616,True,0.564455616,False,,False,False,,False,,0.0
2026-03-20,YOUNG_LEVEL,BID,2026-03-20 17:38:06.777314341,1774028286777314341,0.869247485,0.8375651820263823,2124.7,32.897,5.951515151515151,1,1,5.0,4-5,0.951,0.028908411101316228,2124.9,2124.7999999999997,1.000000000003638,2124.8,2124.9,0.0,1.000000000003638,2.1248499999999995,-1.1248499999963615,4.249699999999999,-3.249699999996361,HIT_TARGET,0.043583477,True,0.043583477,False,,False,False,,False,,0.0
2026-03-20,YOUNG_LEVEL,BID,2026-03-20 17:41:42.247187414,1774028502247187414,0.563258381,1.0,2124.4,121.868,12.790512174643156,4,4,5.0,4-5,48.382999999999996,0.39701152066169954,2124.9,2124.5,4.0000000000009095,2124.8,2124.9,0.0,4.0000000000009095,2.1247,1.8753000000009097,4.2494,-0.24939999999909013,HIT_TARGET,34.507112877,True,34.507112877,True,2.190133002,True,True,32.316979875,True,3.4652832,10.0
2026-03-20,YOUNG_LEVEL,BID,2026-03-20 17:43:28.435484214,1774028608435484214,0.515923173,1.0,2123.9,31.698,3.0630526163212055,2,2,5.0,4-5,12.077000000000002,0.3810019559593666,2124.2,2124.0,1.999999999998181,2124.1,2124.2,0.0,1.999999999998181,2.1241,-0.12410000000181887,4.2482,-2.2482000000018187,HIT_TARGET,44.849769186,True,44.849769186,True,20.200520363,True,True,24.649248823,True,9.794376408,3.000000000001819
2026-03-20,YOUNG_LEVEL,ASK,2026-03-20 17:46:48.576826902,1774028808576826902,0.501541231,1.0,2125.9,44.698,3.7433943302206774,2,2,3.999999999996362,2-3,5.593,0.12512864110251018,2125.6,2125.8,2.0000000000027285,2125.6,2125.7,0.0,2.0000000000027285,2.1256999999999997,-0.12569999999727122,4.251399999999999,-2.251399999997271,HIT_TARGET,5.201640627,True,5.201640627,False,,False,False,,False,,0.0
2026-03-20,YOUNG_LEVEL,BID,2026-03-20 17:49:52.338426183,1774028992338426183,1.88587634,1.0,2125.7,107.491,12.537586749868783,3,3,4.0000000000009095,4-5,42.596000000000004,0.39627503697984023,2126.1,2125.7999999999997,3.000000000001819,2126.0,2126.1,0.0,3.000000000001819,2.1259499999999996,0.8740500000018194,4.251899999999999,-1.2518999999981801,HIT_TARGET,8.778684648,True,8.778684648,True,1.940761378,True,True,6.83792327,False,,0.0
2026-03-20,YOUNG_LEVEL,BID,2026-03-20 17:51:30.959788510,1774029090959788510,1.790800088,1.0,2127.3,51.35,5.16651574605091,1,1,5.0,4-5,5.199,0.10124634858812073,2127.5,2127.4,0.9999999999990905,2127.4,2127.5,0.0,0.9999999999990905,2.1274499999999996,-1.1274500000009091,4.254899999999999,-3.2549000000009087,HIT_TARGET,0.04782299,True,0.04782299,False,,False,False,,False,,0.0
2026-03-20,YOUNG_LEVEL,BID,2026-03-20 17:58:26.649813575,1774029506649813575,0.509727657,0.5852964713664732,2138.2,83.736,8.407650986495307,5,5,11.000000000003638,6+,25.461,0.3040627687016337,2138.8,2138.2999999999997,5.0000000000045475,2138.7,2138.8,0.0,5.0000000000045475,2.13855,2.8614500000045475,4.2771,0.7229000000045476,HIT_TARGET,0.104201375,True,0.104201375,False,,False,False,,False,,0.0
2026-03-20,YOUNG_LEVEL,ASK,2026-03-20 18:00:28.005348211,1774029628005348211,0.670035761,1.0,2137.5,62.031,3.589756944444444,2,2,4.0000000000009095,4-5,27.168,0.4379745611065435,2137.2,2137.4,2.0000000000027285,2137.2,2137.3,0.0,2.0000000000027285,2.1373,-0.13729999999727172,4.2746,-2.274599999997272,TIMEOUT,60.0,False,,True,6.633751424,True,False,,True,1.312685141,23.00000000000182
2026-03-20,YOUNG_LEVEL,BID,2026-03-20 18:02:14.283263423,1774029734283263423,0.508741193,1.0,2132.8,32.699,3.250236071765816,2,2,8.000000000001819,6+,12.773,0.39062356646992263,2133.1,2132.9,1.999999999998181,2133.0,2133.1,0.0,1.999999999998181,2.1329999999999996,-0.13300000000181855,4.265999999999999,-2.266000000001818,TIMEOUT,60.0,False,,True,4.450733942,True,False,,True,2.86852062,39.00000000000091
2026-03-20,YOUNG_LEVEL,BID,2026-03-20 18:03:11.700055214,1774029791700055214,0.558608829,1.0,2135.5,106.552,9.6274678111588,7,7,6.000000000003638,6+,18.597,0.17453449958705608,2136.3,2135.6,7.0000000000027285,2136.2,2136.3,0.0,7.0000000000027285,2.13595,4.864050000002729,4.2719,2.728100000002729,HIT_TARGET,1.067462674,True,1.067462674,True,0.509359708,True,True,0.558102966,False,,0.0
2026-03-20,YOUNG_LEVEL,BID,2026-03-20 18:04:33.888340749,1774029873888340749,0.561434742,0.9937169403029212,2132.9,64.289,5.895098803356105,5,5,5.0,4-5,26.827,0.4172875608580006,2133.5,2133.0,5.0,2133.4,2133.5,0.0,5.0,2.13325,2.86675,4.2665,0.7335000000000003,HIT_TARGET,27.660218972,True,27.660218972,True,0.919293313,True,True,26.740925659,True,16.99910742,2.9999999999972715
2026-03-20,YOUNG_LEVEL,BID,2026-03-20 18:06:52.798566044,1774030012798566044,0.523176665,1.0,2134.8,116.18,10.64309270795163,4,4,7.0000000000027285,6+,23.209,0.19976760199690136,2135.3,2134.9,4.0000000000009095,2135.2,2135.3,0.0,4.0000000000009095,2.1351,1.8649000000009095,4.2702,-0.2701999999990905,HIT_TARGET,20.253577535,True,20.253577535,True,0.804217617,True,True,19.449359918,True,9.428769768,7.0000000000027285
2026-03-20,YOUNG_LEVEL,BID,2026-03-20 18:09:03.357422816,1774030143357422816,0.761916209,1.0,2133.0,86.45,6.587419514611194,4,4,5.0,4-5,42.657,0.4934297281665702,2133.5,2133.1,4.0000000000009095,2133.4,2133.5,0.0,4.0000000000009095,2.1333,1.8667000000009093,4.2666,-0.2665999999990909,HIT_TARGET,12.102324626,True,12.102324626,True,0.821143258,True,True,11.281181368,False,,0.0
2026-03-20,YOUNG_LEVEL,ASK,2026-03-20 18:19:33.949247248,1774030773949247248,0.713633742,0.9904487672052928,2134.2,24.047,3.714396045721347,2,2,5.9999999999990905,4-5,7.787,0.323824177652098,2133.9,2134.1,1.999999999998181,2133.9,2134.0,0.0,1.999999999998181,2.134,-0.1340000000018189,4.268,-2.268000000001819,HIT_TARGET,26.484500851,True,26.484500851,True,15.601010317,True,True,10.883490534,True,3.673853313,5.0
2026-03-20,YOUNG_LEVEL,BID,2026-03-20 18:21:00.288967556,1774030860288967556,0.514421416,0.6756625641728726,2132.0,82.244,11.551123595505619,3,3,11.999999999998181,6+,39.414,0.47923252760079765,2132.4,2132.1,3.000000000001819,2132.3,2132.4,0.0,3.000000000001819,2.13225,0.867750000001819,4.2645,-1.264499999998181,HIT_TARGET,0.667281955,True,0.667281955,False,,False,False,,False,,0.0
2026-03-20,YOUNG_LEVEL,BID,2026-03-20 18:21:59.046045715,1774030919046045715,0.50999032,1.0,2129.7,97.555,6.380313930673644,4,4,14.00000000000091,6+,39.823,0.40821075290861564,2130.2,2129.7999999999997,4.0000000000009095,2130.1,2130.2,0.0,4.0000000000009095,2.13,1.8700000000009096,4.26,-0.2599999999990903,HIT_TARGET,14.29438537,True,14.29438537,True,1.737785919,True,True,12.556599451,True,1.839740811,8.000000000001819
2026-03-20,YOUNG_LEVEL,BID,2026-03-20 18:22:31.913851477,1774030951913851477,1.126358199,1.0,2127.5,88.908,9.039499771236846,4,4,4.0000000000009095,4-5,22.538999999999998,0.2535092455122148,2128.1,2127.6,5.0,2127.9,2128.1,0.0,5.0,2.12785,2.87215,4.2557,0.7443,HIT_TARGET,2.083346578,True,2.083346578,True,1.277589446,True,True,0.805757132,False,,0.0
2026-03-20,YOUNG_LEVEL,BID,2026-03-20 18:23:52.342903729,1774031032342903729,0.505889935,1.0,2126.0,35.899,4.420514714936584,1,1,5.0,4-5,7.126,0.19850135101256303,2126.2,2126.1,0.9999999999990905,2126.1,2126.2,0.0,0.9999999999990905,2.1261499999999995,-1.126150000000909,4.252299999999999,-3.2523000000009086,HIT_TARGET,0.049319064,True,0.049319064,False,,False,False,,False,,0.0
2026-03-20,YOUNG_LEVEL,ASK,2026-03-20 18:24:00.816697756,1774031040816697756,0.557359579,0.8074555977084947,2128.0,83.896,9.258511284003754,5,5,5.0,4-5,25.019999999999996,0.2982263755125393,2127.4,2127.9,5.0,2127.4,2127.5,0.0,5.0,2.12765,2.87235,4.2553,0.7446999999999999,TIMEOUT,60.0,False,,True,0.071537872,True,False,,True,3.055827316,26.99999999999818
2026-03-20,YOUNG_LEVEL,ASK,2026-03-20 18:24:46.583160739,1774031086583160739,0.503731703,1.0,2125.8,146.15,13.134127162435409,2,2,6.999999999998181,6+,55.711999999999996,0.3811973999315771,2125.5,2125.7000000000003,2.0000000000027285,2125.5,2125.6,0.0,2.0000000000027285,2.1256,-0.12559999999727145,4.2512,-2.2511999999972714,HIT_TARGET,14.40384059,True,14.40384059,True,2.351535555,True,True,12.052305035,True,2.15451276,5.9999999999990905
2026-03-20,YOUNG_LEVEL,ASK,2026-03-20 18:25:01.032585080,1774031101032585080,0.505585855,0.6845302030848944,2126.2,88.363,10.190635451505017,4,4,5.0,4-5,24.767999999999997,0.28029831490556,2125.7,2126.1,4.0000000000009095,2125.7,2125.8,0.0,4.0000000000009095,2.1258999999999997,1.8741000000009098,4.251799999999999,-0.25179999999908986,HIT_TARGET,1.637537401,True,1.637537401,True,0.108203369,True,True,1.529334032,False,,0.0
2026-03-20,YOUNG_LEVEL,BID,2026-03-20 18:28:18.772637161,1774031298772637161,1.335012206,0.8814414630153576,2125.2,9.417,3.45641402092127,1,1,25.99999999999909,6+,2.102,0.2232133375809706,2125.4,2125.2999999999997,1.000000000003638,2125.3,2125.4,0.0,1.000000000003638,2.12535,-1.125349999996362,4.2507,-3.250699999996362,HIT_TARGET,0.046238048,True,0.046238048,False,,False,False,,False,,0.0
2026-03-20,YOUNG_LEVEL,ASK,2026-03-20 18:30:26.449033352,1774031426449033352,0.76172109,1.0,2125.4,30.785,3.041094537192532,3,3,5.0,4-5,14.856,0.48257268150073085,2125.0,2125.3,3.000000000001819,2125.0,2125.1,0.0,3.000000000001819,2.12515,0.8748500000018189,4.2503,-1.2502999999981812,TIMEOUT,60.0,False,,True,0.837300701,True,False,,True,1.618268669,24.00000000000091
2026-03-20,YOUNG_LEVEL,ASK,2026-03-20 18:31:16.767305418,1774031476767305418,0.619037721,0.6552593408116402,2123.9,88.717,8.083185276297208,4,4,4.0000000000009095,4-5,26.664,0.3005511908653359,2123.4,2123.8,4.0000000000009095,2123.4,2123.5,0.0,4.0000000000009095,2.1236,1.8764000000009093,4.2472,-0.2471999999990908,HIT_TARGET,0.357451186,True,0.357451186,False,,False,False,,False,,0.0
2026-03-20,YOUNG_LEVEL,ASK,2026-03-20 18:31:47.185554448,1774031507185554448,0.521506258,1.0,2123.6,32.855,3.202709947848126,1,1,4.0000000000009095,4-5,14.307,0.4354588342718004,2123.4,2123.5,0.9999999999990905,2123.4,2123.5,0.0,0.9999999999990905,2.1234499999999996,-1.123450000000909,4.246899999999999,-3.2469000000009087,HIT_TARGET,0.050906846,True,0.050906846,False,,False,False,,False,,0.0
2026-03-20,YOUNG_LEVEL,BID,2026-03-20 18:36:02.472306930,1774031762472306930,0.501828203,1.0,2121.1,61.991,5.236832101372756,2,2,5.0,4-5,25.419,0.4100433933958155,2121.4,2121.2,2.0000000000027285,2121.3,2121.4,0.0,2.0000000000027285,2.1213,-0.1212999999972717,4.2426,-2.242599999997272,HIT_TARGET,42.325040069,True,42.325040069,False,,False,False,,True,1.844307519,8.999999999996362
2026-03-20,YOUNG_LEVEL,BID,2026-03-20 18:36:14.782392216,1774031774782392216,1.585020446,1.0,2121.1,91.188,9.130212765957447,6,6,5.0,4-5,20.975,0.23001930078519103,2121.8,2121.2,6.000000000003638,2121.7,2121.8,0.0,6.000000000003638,2.1214999999999997,3.8785000000036383,4.242999999999999,1.7570000000036385,HIT_TARGET,30.014954783,True,30.014954783,True,12.082828776,True,True,17.932126007,False,,0.0
2026-03-20,YOUNG_LEVEL,ASK,2026-03-20 18:37:46.059051725,1774031866059051725,1.119955528,1.0,2118.2,60.593,5.267353414178293,2,2,4.0000000000009095,4-5,29.93,0.4939514465367286,2117.9,2118.1,1.999999999998181,2117.9,2118.0,0.0,1.999999999998181,2.118,-0.11800000000181887,4.236,-2.2360000000018188,HIT_TARGET,5.663942845,True,5.663942845,True,1.889640992,True,True,3.774301853,False,,0.9999999999990905
2026-03-20,YOUNG_LEVEL,ASK,2026-03-20 18:38:57.376969525,1774031937376969525,0.718413443,0.8190546748997847,2118.9,32.717,3.3692394830338293,1,1,6.000000000003638,6+,10.116,0.309197053519577,2118.7,2118.8,1.000000000003638,2118.7,2118.8,0.0,1.000000000003638,2.11875,-1.118749999996362,4.2375,-3.237499999996362,HIT_TARGET,0.049840543,True,0.049840543,False,,False,False,,False,,0.0
2026-03-20,YOUNG_LEVEL,ASK,2026-03-20 18:39:00.074460292,1774031940074460292,0.809743031,0.9952450124884125,2120.0,34.78,3.982822788434011,3,3,8.999999999996362,6+,0.1,0.002875215641173088,2119.6,2119.9,3.000000000001819,2119.6,2119.7,0.0,3.000000000001819,2.11975,0.8802500000018192,4.2395,-1.2394999999981806,HIT_TARGET,0.054473294,True,0.054473294,False,,False,False,,False,,0.0
2026-03-20,YOUNG_LEVEL,ASK,2026-03-20 18:40:39.975885160,1774032039975885160,1.530343253,1.0,2124.2,83.967,9.27453471033302,4,4,10.0,6+,32.406,0.3859373325234914,2123.7,2124.1,4.0000000000009095,2123.7,2123.8,0.0,4.0000000000009095,2.1238999999999995,1.87610000000091,4.247799999999999,-0.24779999999908942,HIT_TARGET,20.580775757,True,20.580775757,True,0.263767454,True,True,20.317008303,True,6.034961852,8.000000000001819
2026-03-20,YOUNG_LEVEL,ASK,2026-03-20 18:41:33.602264691,1774032093602264691,0.53484765,1.0,2125.6,93.676,8.701096043098644,4,4,5.0,4-5,36.347,0.3880076006661258,2125.1,2125.5,4.0000000000009095,2125.1,2125.2,0.0,4.0000000000009095,2.1253,1.8747000000009093,4.2506,-0.2505999999990909,HIT_TARGET,8.495837048,True,8.495837048,True,7.6504831,True,True,0.845353948,False,,0.0
2026-03-20,YOUNG_LEVEL,BID,2026-03-20 18:42:49.721612436,1774032169721612436,0.819411352,0.6101941336053153,2122.9,61.185,10.77295536578924,4,4,5.0,4-5,20.801000000000002,0.3399689466372477,2123.4,2123.0,4.0000000000009095,2123.3,2123.4,0.0,4.0000000000009095,2.1231999999999998,1.8768000000009097,4.2463999999999995,-0.24639999999909,HIT_TARGET,0.561912821,True,0.561912821,False,,False,False,,False,,0.0
2026-03-20,YOUNG_LEVEL,BID,2026-03-20 18:46:30.045489066,1774032390045489066,1.533871862,1.0,2123.7,85.286,8.237407639928527,5,5,9.00000000000091,6+,39.938,0.4682831883310274,2124.3,2123.7999999999997,5.0000000000045475,2124.2,2124.3,0.0,5.0000000000045475,2.12405,2.8759500000045475,4.2481,0.7519000000045475,TIMEOUT,60.0,False,,True,0.126595142,True,False,,True,6.632293703,44.00000000000091
2026-03-20,YOUNG_LEVEL,BID,2026-03-20 18:50:41.161970495,1774032641161970495,1.587221635,1.0,2121.8,34.363,3.2887974350385223,3,3,5.9999999999990905,4-5,12.245000000000001,0.3563425777726043,2122.2,2121.9,2.9999999999972715,2122.1,2122.2,0.0,2.9999999999972715,2.1220499999999998,0.8779499999972717,4.2440999999999995,-1.244100000002728,TIMEOUT,60.0,False,,True,2.093134292,True,False,,True,2.093134292,40.0
2026-03-20,YOUNG_LEVEL,BID,2026-03-20 18:52:00.192085694,1774032720192085694,0.51598621,1.0,2125.4,42.815,3.3590930487996236,1,1,5.0,4-5,7.628,0.17816185916150884,2125.6,2125.5,0.9999999999990905,2125.5,2125.6,0.0,0.9999999999990905,2.12555,-1.1255500000009095,4.2511,-3.2511000000009096,HIT_TARGET,0.043777884,True,0.043777884,False,,False,False,,False,,0.0
2026-03-20,YOUNG_LEVEL,BID,2026-03-20 18:54:00.096264750,1774032840096264750,0.559761279,1.0,2124.3,83.938,4.585272588222441,4,4,6.000000000003638,6+,29.375999999999998,0.3499725988229407,2124.8,2124.4,4.0000000000009095,2124.7,2124.8,0.0,4.0000000000009095,2.1246,1.8754000000009095,4.2492,-0.2491999999990906,HIT_TARGET,1.227464202,True,1.227464202,False,,False,False,,False,,0.0
2026-03-20,YOUNG_LEVEL,ASK,2026-03-20 19:00:52.810609533,1774033252810609533,1.427989562,1.0,2126.5,118.489,7.91007710537735,4,4,5.9999999999990905,4-5,36.2,0.3055135919790023,2126.0,2126.4,4.0000000000009095,2126.0,2126.1,0.0,4.0000000000009095,2.1261999999999994,1.87380000000091,4.252399999999999,-0.25239999999908935,HIT_TARGET,9.287193007,True,9.287193007,True,0.509743319,True,True,8.777449688,False,,0.0
2026-03-20,YOUNG_LEVEL,BID,2026-03-20 19:09:36.751851611,1774033776751851611,1.064222384,1.0,2122.8,111.286,14.533890557659658,4,4,4.0000000000009095,4-5,35.782,0.3215319087755872,2123.3,2122.9,4.0000000000009095,2123.2,2123.3,0.0,4.0000000000009095,2.1231,1.8769000000009095,4.2462,-0.24619999999909048,HIT_TARGET,16.537233558,True,16.537233558,True,0.366683465,True,True,16.170550093,True,4.291252831,10.0
2026-03-20,YOUNG_LEVEL,BID,2026-03-20 19:09:37.622404887,1774033777622404887,0.503869811,1.0,2122.5,112.822,18.055853404817157,5,5,5.9999999999990905,4-5,50.315000000000005,0.4459679849674709,2123.1,2122.6,5.0,2123.0,2123.1,0.0,5.0,2.1228499999999997,2.8771500000000003,4.245699999999999,0.7543000000000006,TIMEOUT,60.0,False,,True,1.32654706,True,False,,True,3.322207373,13.000000000001819
2026-03-20,YOUNG_LEVEL,ASK,2026-03-20 19:10:10.338601452,1774033810338601452,1.378288997,1.0,2124.1,104.453,10.23497133898388,4,4,3.999999999996362,2-3,19.848999999999997,0.19002805089370334,2123.6,2124.0,4.0000000000009095,2123.6,2123.7,0.0,4.0000000000009095,2.1238,1.8762000000009094,4.2476,-0.24759999999909077,HIT_TARGET,0.102065557,True,0.102065557,False,,False,False,,False,,0.0
2026-03-20,YOUNG_LEVEL,ASK,2026-03-20 19:12:03.370558484,1774033923370558484,1.173332705,0.8176791679901226,2122.3,88.455,7.5319311989100814,5,5,6.000000000003638,6+,32.387,0.3661409756373297,2121.7,2122.2000000000003,5.0000000000045475,2121.7,2121.8,0.0,5.0000000000045475,2.12195,2.8780500000045475,4.2439,0.7561000000045475,HIT_TARGET,25.876579424,True,25.876579424,True,5.099379145,True,True,20.777200279,True,5.099379145,3.000000000001819
2026-03-20,YOUNG_LEVEL,ASK,2026-03-20 19:12:53.287895894,1774033973287895894,1.281305978,1.0,2123.5,83.686,10.590483421918501,5,5,4.0000000000009095,4-5,29.331,0.35048873168749844,2122.9,2123.4,5.0,2122.9,2123.0,0.0,5.0,2.12315,2.87685,4.2463,0.7537000000000003,HIT_TARGET,0.968868507,True,0.968868507,True,0.094116252,True,True,0.874752255,False,,0.0
2026-03-20,YOUNG_LEVEL,ASK,2026-03-20 19:15:26.088224676,1774034126088224676,0.66385501,1.0,2126.4,131.934,15.473406438749779,6,6,8.000000000001819,6+,36.717,0.27829824002910547,2125.7,2126.3,6.000000000003638,2125.7,2125.8,0.0,6.000000000003638,2.126,3.874000000003638,4.252,1.7480000000036382,TIMEOUT,60.0,False,,True,1.631817209,True,False,,True,8.320730431,10.0
2026-03-20,YOUNG_LEVEL,ASK,2026-03-20 19:16:03.547221324,1774034163547221324,0.551522861,1.0,2125.8,123.326,7.884033882052102,4,4,4.0000000000009095,4-5,54.827,0.44456967711593665,2125.3,2125.7000000000003,4.0000000000009095,2125.3,2125.4,0.0,4.0000000000009095,2.1254999999999997,1.8745000000009098,4.2509999999999994,-0.25099999999908995,TIMEOUT,60.0,False,,True,2.814742538,True,False,,True,4.449922137,23.00000000000182
2026-03-20,YOUNG_LEVEL,BID,2026-03-20 19:18:32.203046888,1774034312203046888,0.919335704,1.0,2125.3,84.341,6.645209580838323,4,4,5.0,4-5,29.229999999999997,0.34656928421526895,2125.8,2125.4,4.0000000000009095,2125.7,2125.8,0.0,4.0000000000009095,2.1256,1.8744000000009096,4.2512,-0.2511999999990904,HIT_TARGET,30.165541854,True,30.165541854,True,0.509193708,True,True,29.656348146,True,3.262860569,10.0
2026-03-20,YOUNG_LEVEL,ASK,2026-03-20 19:28:38.979264548,1774034918979264548,0.522208468,1.0,2126.6,79.4,4.853300733496333,3,3,7.0000000000027285,6+,23.796,0.2996977329974811,2126.2,2126.5,3.000000000001819,2126.2,2126.3,0.0,3.000000000001819,2.12635,0.873650000001819,4.2527,-1.252699999998181,HIT_TARGET,0.614919088,True,0.614919088,False,,False,False,,False,,0.0
2026-03-20,YOUNG_LEVEL,BID,2026-03-20 19:32:41.184929541,1774035161184929541,0.697756534,1.0,2123.6,43.864,4.832433623443869,5,5,7.0000000000027285,6+,20.964,0.4779317891665147,2124.2,2123.7,5.0,2124.1,2124.2,0.0,5.0,2.12395,2.87605,4.2479,0.7521000000000004,TIMEOUT,60.0,False,,True,8.887636772,True,False,,True,14.569537829,14.00000000000091
2026-03-20,YOUNG_LEVEL,ASK,2026-03-20 19:33:21.271879575,1774035201271879575,0.536175874,1.0,2125.6,33.404,3.210071112819527,1,1,5.0,4-5,10.339,0.3095138306789606,2125.4,2125.5,0.9999999999990905,2125.4,2125.5,0.0,0.9999999999990905,2.12545,-1.1254500000009093,4.2509,-3.250900000000909,HIT_TARGET,0.008412888,True,0.008412888,False,,False,False,,False,,0.0
2026-03-20,YOUNG_LEVEL,ASK,2026-03-20 19:35:06.737271692,1774035306737271692,0.892321352,1.0,2122.0,99.06,7.7032544033593835,3,3,5.0,4-5,48.905,0.49369069250959013,2121.6,2121.9,3.000000000001819,2121.6,2121.7,0.0,3.000000000001819,2.12175,0.878250000001819,4.2435,-1.243499999998181,HIT_TARGET,1.413068491,True,1.413068491,False,,False,False,,False,,0.0
2026-03-20,YOUNG_LEVEL,ASK,2026-03-20 19:40:37.090419068,1774035637090419068,1.748415418,0.9236179848192119,2121.2,36.294,3.6553530063450492,2,2,4.0000000000009095,4-5,18.055,0.49746514575411915,2120.9,2121.1,1.999999999998181,2120.9,2121.0,0.0,1.999999999998181,2.121,-0.12100000000181899,4.242,-2.242000000001819,HIT_TARGET,0.769729877,True,0.769729877,False,,False,False,,False,,0.0
2026-03-20,YOUNG_LEVEL,ASK,2026-03-20 19:40:38.265299325,1774035638265299325,0.890739338,1.0,2121.3,49.595,4.704069050554871,1,1,3.999999999996362,2-3,8.485,0.17108579493900594,2121.1,2121.2000000000003,1.000000000003638,2121.1,2121.2,0.0,1.000000000003638,2.1211499999999996,-1.1211499999963617,4.242299999999999,-3.2422999999963613,HIT_TARGET,0.054335182,True,0.054335182,False,,False,False,,False,,0.0
2026-03-20,YOUNG_LEVEL,ASK,2026-03-20 19:41:04.897583608,1774035664897583608,0.546317605,1.0,2123.8,35.427,3.185594820609657,2,2,12.999999999997272,6+,16.223,0.4579275693679961,2123.5,2123.7000000000003,2.0000000000027285,2123.5,2123.6,0.0,2.0000000000027285,2.1236,-0.12359999999727167,4.2472,-2.247199999997272,TIMEOUT,60.0,False,,True,3.47607978,True,False,,True,3.556618433,12.999999999997272
2026-03-20,YOUNG_LEVEL,BID,2026-03-20 19:44:00.358503142,1774035840358503142,0.515771067,1.0,2127.0,37.917,4.712820831520726,1,1,5.0,4-5,3.35,0.08835087164068887,2127.2,2127.1,0.9999999999990905,2127.1,2127.2,0.0,0.9999999999990905,2.1271499999999994,-1.127150000000909,4.254299999999999,-3.2543000000009084,HIT_TARGET,0.038641401,True,0.038641401,False,,False,False,,False,,0.0
2026-03-20,YOUNG_LEVEL,BID,2026-03-20 19:44:11.536862195,1774035851536862195,0.560493186,0.8094311498017034,2125.1,82.214,12.65512198876318,4,4,18.00000000000182,6+,19.944,0.2425864208042426,2125.6,2125.2,4.0000000000009095,2125.5,2125.6,0.0,4.0000000000009095,2.1253999999999995,1.87460000000091,4.250799999999999,-0.25079999999908953,TIMEOUT,60.0,False,,True,0.102857476,True,False,,True,0.204785108,41.99999999999818
2026-03-20,YOUNG_LEVEL,ASK,2026-03-20 19:44:55.082547680,1774035895082547680,0.505693366,1.0,2130.2,58.186,6.722819179664934,4,4,13.000000000001819,6+,27.555,0.47356752483415254,2129.7,2130.1,4.0000000000009095,2129.7,2129.8,0.0,4.0000000000009095,2.1298999999999992,1.8701000000009103,4.2597999999999985,-0.259799999999089,HIT_TARGET,29.767833221,True,29.767833221,True,3.633374679,True,True,26.134458542,True,5.321347543,5.0
2026-03-20,YOUNG_LEVEL,ASK,2026-03-20 19:45:10.814485174,1774035910814485174,0.511495732,1.0,2129.9,36.531,4.5273268062957,2,2,3.999999999996362,2-3,12.405999999999999,0.3396019818784046,2129.6,2129.8,2.0000000000027285,2129.6,2129.7,0.0,2.0000000000027285,2.1296999999999997,-0.12969999999727122,4.259399999999999,-2.259399999997271,HIT_TARGET,0.607116935,True,0.607116935,False,,False,False,,False,,0.0
2026-03-20,YOUNG_LEVEL,ASK,2026-03-20 19:46:57.036312251,1774036017036312251,0.536728081,1.0,2128.0,84.962,9.737207036846026,4,4,5.0,4-5,27.801,0.3272168734257668,2127.5,2127.9,4.0000000000009095,2127.5,2127.6,0.0,4.0000000000009095,2.1277,1.8723000000009096,4.2554,-0.25539999999909035,HIT_TARGET,12.371646817,True,12.371646817,True,0.789127019,True,True,11.582519798,True,4.306491379,5.0
2026-03-20,YOUNG_LEVEL,BID,2026-03-20 19:47:02.671512942,1774036022671512942,1.378632753,0.8377553191643924,2126.6,81.405,8.323194110730535,5,5,5.9999999999990905,4-5,28.277,0.3473619556538296,2127.2,2126.7,5.0,2127.1,2127.2,0.0,5.0,2.12695,2.87305,4.2539,0.7461000000000002,TIMEOUT,60.0,False,,True,0.357659546,True,False,,True,2.195065616,18.00000000000182
2026-03-20,YOUNG_LEVEL,ASK,2026-03-20 19:48:47.313655229,1774036127313655229,0.505062332,1.0,2128.0,59.438,3.2158199426500027,1,1,5.9999999999990905,4-5,23.529,0.39585786870352296,2127.8,2127.9,0.9999999999990905,2127.8,2127.9,0.0,0.9999999999990905,2.12785,-1.1278500000009095,4.2557,-3.2557000000009095,HIT_TARGET,0.048636005,True,0.048636005,False,,False,False,,False,,0.0
2026-03-20,YOUNG_LEVEL,BID,2026-03-20 19:51:31.187765358,1774036291187765358,1.325112276,1.0,2126.0,56.424,5.702273875694796,3,3,5.0,4-5,27.326999999999998,0.48431518502764775,2126.4,2126.1,3.000000000001819,2126.3,2126.4,0.0,3.000000000001819,2.1262499999999998,0.8737500000018192,4.2524999999999995,-1.2524999999981805,TIMEOUT,60.0,False,,True,0.610947335,True,False,,True,12.862732009,20.99999999999909
2026-03-20,YOUNG_LEVEL,ASK,2026-03-20 19:51:44.655585846,1774036304655585846,0.605088479,1.0,2127.5,88.102,7.670715249662618,5,5,4.0000000000009095,4-5,19.708000000000002,0.22369526230959572,2126.9,2127.4,5.0,2126.9,2127.0,0.0,5.0,2.12715,2.87285,4.2543,0.7457000000000003,HIT_TARGET,13.068541366,True,13.068541366,True,6.626384796,True,True,6.44215657,False,,0.0
2026-03-20,YOUNG_LEVEL,ASK,2026-03-20 19:54:27.421165553,1774036467421165553,1.22498452,1.0,2131.1,52.986,7.147713476325373,2,2,4.0000000000009095,4-5,8.696,0.1641188238402597,2130.8,2131.0,1.999999999998181,2130.8,2130.9,0.0,1.999999999998181,2.1309,-0.130900000001819,4.2618,-2.261800000001819,HIT_TARGET,2.450902074,True,2.450902074,False,,False,False,,False,,0.0
2026-03-20,YOUNG_LEVEL,ASK,2026-03-20 19:57:14.183632970,1774036634183632970,1.571076554,0.9363276297737939,2133.9,50.513,4.91730348016549,3,3,5.0,4-5,3.326,0.0658444360857601,2133.5,2133.8,3.000000000001819,2133.5,2133.6,0.0,3.000000000001819,2.13365,0.8663500000018192,4.2673,-1.2672999999981807,HIT_TARGET,7.619164253,True,7.619164253,True,0.051828191,True,True,7.567336062,False,,0.0
2026-03-20,YOUNG_LEVEL,BID,2026-03-20 19:59:04.444846950,1774036744444846950,0.760110516,1.0,2132.5,83.043,8.57350815610159,4,4,5.0,4-5,37.141000000000005,0.4472502197656636,2133.0,2132.6,4.0000000000009095,2132.9,2133.0,0.0,4.0000000000009095,2.1328,1.8672000000009095,4.2656,-0.26559999999909056,HIT_TARGET,1.690378975,True,1.690378975,True,0.361999157,True,True,1.328379818,False,,0.0
2026-03-20,YOUNG_LEVEL,ASK,2026-03-20 20:03:22.003525535,1774037002003525535,1.832258969,1.0,2134.7,58.55,5.884717825016332,4,4,4.0000000000009095,4-5,14.732,0.2516140051238258,2134.2,2134.6,4.0000000000009095,2134.2,2134.3,0.0,4.0000000000009095,2.1343999999999994,1.86560000000091,4.268799999999999,-0.2687999999990893,HIT_TARGET,0.974647324,True,0.974647324,True,0.105249529,True,True,0.869397795,False,,0.0
2026-03-20,YOUNG_LEVEL,ASK,2026-03-20 20:16:48.367317823,1774037808367317823,0.505879607,0.5834155516769033,2133.0,33.695,6.97330298013245,6,6,4.0000000000009095,4-5,11.639,0.3454221694613444,2132.3,2132.9,5.9999999999990905,2132.3,2132.4,0.0,5.9999999999990905,2.1326,3.8673999999990905,4.2652,1.7347999999990904,HIT_TARGET,2.913722376,True,2.913722376,True,0.053404027,True,True,2.860318349,False,,0.0
2026-03-20,YOUNG_LEVEL,ASK,2026-03-20 20:50:01.035685896,1774039801035685896,0.574099424,1.0,2134.2,59.364,5.916874314761288,3,3,9.00000000000091,6+,19.505,0.3285661343575231,2133.8,2134.1,2.9999999999972715,2133.8,2133.9,0.0,2.9999999999972715,2.1339499999999996,0.866049999997272,4.267899999999999,-1.2679000000027276,HIT_TARGET,3.048956001,True,3.048956001,True,1.261394413,True,True,1.787561588,False,,0.0
2026-03-20,YOUNG_LEVEL,BID,2026-03-20 21:13:13.897636547,1774041193897636547,1.889362049,1.0,2131.3,53.791,5.072230080150872,1,1,5.0,4-5,1.961,0.03645591269915042,2131.5,2131.4,0.9999999999990905,2131.4,2131.5,0.0,0.9999999999990905,2.1314499999999996,-1.1314500000009091,4.262899999999999,-3.2629000000009087,HIT_TARGET,0.050913342,True,0.050913342,False,,False,False,,False,,0.0
2026-03-20,YOUNG_LEVEL,ASK,2026-03-20 21:15:13.038179371,1774041313038179371,0.710442519,1.0,2135.7,77.267,8.339215368841401,6,6,6.999999999998181,6+,34.501999999999995,0.4465295663090323,2135.0,2135.6,5.9999999999990905,2135.0,2135.1,0.0,5.9999999999990905,2.1353,3.8646999999990905,4.2706,1.7293999999990906,HIT_TARGET,6.893936887,True,6.893936887,True,0.204340138,True,True,6.689596749,False,,0.0
2026-03-20,YOUNG_LEVEL,BID,2026-03-20 21:15:32.482853582,1774041332482853582,0.6073422,1.0,2135.9,87.491,5.631682276077371,4,4,5.0,4-5,32.594,0.3725411756637826,2136.4,2136.0,4.0000000000009095,2136.3,2136.4,0.0,4.0000000000009095,2.1361999999999997,1.8638000000009098,4.272399999999999,-0.2723999999990898,HIT_TARGET,1.893848568,True,1.893848568,False,,False,False,,False,,0.0
2026-03-20,YOUNG_LEVEL,ASK,2026-03-20 21:18:14.792894481,1774041494792894481,0.96797948,1.0,2137.8,86.582,7.8361842700696895,4,4,4.0000000000009095,4-5,25.034999999999997,0.2891478598322977,2137.3,2137.7000000000003,4.0000000000009095,2137.3,2137.4,0.0,4.0000000000009095,2.1374999999999997,1.8625000000009098,4.2749999999999995,-0.27499999999909,HIT_TARGET,0.103803602,True,0.103803602,False,,False,False,,False,,0.0
2026-03-20,YOUNG_LEVEL,ASK,2026-03-20 21:18:55.953074455,1774041535953074455,1.262693045,1.0,2147.7,46.93,5.527354101643012,5,5,17.99999999999727,6+,22.862000000000002,0.4871510760707437,2147.1,2147.6,5.0,2147.1,2147.2,0.0,5.0,2.14735,2.85265,4.2947,0.7053000000000003,HIT_TARGET,3.329253788,True,3.329253788,True,0.359839729,True,True,2.969414059,False,,0.0
2026-03-20,YOUNG_LEVEL,BID,2026-03-20 21:20:41.594295975,1774041641594295975,1.020696694,1.0,2147.4,60.159,4.667106283941039,3,3,9.00000000000091,6+,16.157,0.26857161854419126,2147.8,2147.5,3.000000000001819,2147.7,2147.8,0.0,3.000000000001819,2.14765,0.8523500000018189,4.2953,-1.2952999999981811,HIT_TARGET,0.816796998,True,0.816796998,False,,False,False,,False,,0.0
2026-03-20,YOUNG_LEVEL,ASK,2026-03-20 21:22:53.735466878,1774041773735466878,0.504871538,0.8902772372167274,2148.6,43.402,7.673620933521923,5,5,5.9999999999990905,4-5,12.174,0.2804939864522372,2148.0,2148.5,5.0,2148.0,2148.1,0.0,5.0,2.1482499999999995,2.8517500000000005,4.296499999999999,0.7035000000000009,HIT_TARGET,1.894073085,True,1.894073085,False,,False,False,,False,,0.0
2026-03-20,YOUNG_LEVEL,BID,2026-03-20 21:23:22.516835714,1774041802516835714,0.555026374,1.0,2147.8,85.949,6.050190060537801,4,4,5.0,4-5,41.509,0.4829491907991949,2148.3,2147.9,4.0000000000009095,2148.2,2148.3,0.0,4.0000000000009095,2.1481000000000003,1.8519000000009092,4.296200000000001,-0.2961999999990912,HIT_TARGET,2.303841106,True,2.303841106,True,0.92281762,True,True,1.381023486,False,,0.0
2026-03-20,YOUNG_LEVEL,ASK,2026-03-20 21:27:36.835452357,1774042056835452357,1.793653101,0.9621765061693499,2149.0,47.92,4.22835965763699,2,2,5.0,4-5,3.343,0.06976210350584307,2148.7,2148.9,2.0000000000027285,2148.7,2148.8,0.0,2.0000000000027285,2.1488,-0.14879999999727156,4.2976,-2.2975999999972716,HIT_TARGET,13.123171838,True,13.123171838,True,0.288647867,True,True,12.834523971,False,,0.0
2026-03-20,YOUNG_LEVEL,BID,2026-03-20 21:30:14.130928474,1774042214130928474,1.938814961,0.9214180243784492,2150.5,36.986,6.023778501628663,1,1,4.0000000000009095,4-5,2.324,0.06283458605959012,2150.7,2150.6,0.9999999999990905,2150.6,2150.7,0.0,0.9999999999990905,2.1506499999999993,-1.1506500000009088,4.301299999999999,-3.301300000000908,HIT_TARGET,0.037086575,True,0.037086575,False,,False,False,,False,,0.0
2026-03-20,YOUNG_LEVEL,BID,2026-03-20 21:34:48.960602051,1774042488960602051,0.610929689,1.0,2152.4,36.767,4.013864628820961,1,1,5.0,4-5,4.18,0.1136889058122773,2152.6,2152.5,0.9999999999990905,2152.5,2152.6,0.0,0.9999999999990905,2.15255,-1.1525500000009097,4.3051,-3.30510000000091,HIT_TARGET,0.051630079,True,0.051630079,False,,False,False,,False,,0.0
2026-03-20,YOUNG_LEVEL,BID,2026-03-20 21:34:49.520717075,1774042489520717075,0.508484945,1.0,2152.3,41.054,3.7574592714625665,2,2,5.0,4-5,6.792,0.16544063915818188,2152.6,2152.4,1.999999999998181,2152.5,2152.6,0.0,1.999999999998181,2.1525,-0.15250000000181885,4.305,-2.3050000000018187,HIT_TARGET,0.103815079,True,0.103815079,False,,False,False,,False,,0.0
2026-03-20,YOUNG_LEVEL,BID,2026-03-20 21:37:13.736429803,1774042633736429803,1.007433859,1.0,2153.8,54.947,6.267122897063017,4,4,18.00000000000182,6+,18.146,0.33024550930897045,2154.3,2153.9,4.0000000000009095,2154.2,2154.3,0.0,4.0000000000009095,2.1541,1.8459000000009094,4.3082,-0.30819999999909076,HIT_TARGET,1.39152441,True,1.39152441,False,,False,False,,False,,0.0
2026-03-20,YOUNG_LEVEL,BID,2026-03-20 21:38:49.420328608,1774042729420328608,0.531399805,1.0,2151.4,91.661,7.7038998150949745,6,6,5.9999999999990905,4-5,40.238,0.4389871373866748,2152.1,2151.5,5.9999999999990905,2152.0,2152.1,0.0,5.9999999999990905,2.1518,3.8481999999990903,4.3036,1.6963999999990902,HIT_TARGET,9.397026801,True,9.397026801,True,6.580627556,True,True,2.816399245,False,,0.0
2026-03-20,YOUNG_LEVEL,BID,2026-03-20 21:40:02.535592445,1774042802535592445,0.633315068,0.8453957564767747,2150.5,20.958,5.67429267632327,3,3,5.9999999999990905,4-5,9.803,0.4677450138371983,2150.9,2150.6,3.000000000001819,2150.8,2150.9,0.0,3.000000000001819,2.15075,0.849250000001819,4.3015,-1.301499999998181,HIT_TARGET,0.796177157,True,0.796177157,False,,False,False,,False,,0.0
2026-03-20,YOUNG_LEVEL,ASK,2026-03-20 21:43:22.078768492,1774043002078768492,0.841276356,1.0,2146.0,50.395,5.753839127704516,3,3,3.999999999996362,2-3,21.164,0.4199622978470086,2145.6,2145.9,3.000000000001819,2145.6,2145.7,0.0,3.000000000001819,2.1457499999999996,0.8542500000018194,4.291499999999999,-1.2914999999981802,HIT_TARGET,3.049710077,True,3.049710077,False,,False,False,,False,,0.0
2026-03-20,YOUNG_LEVEL,ASK,2026-03-20 21:50:48.160377963,1774043448160377963,1.426932207,0.9057941482149193,2148.4,76.426,4.1507671418873056,3,3,5.9999999999990905,4-5,34.368,0.4496898961086541,2148.0,2148.3,3.000000000001819,2148.0,2148.1,0.0,3.000000000001819,2.14815,0.8518500000018192,4.2963,-1.2962999999981806,HIT_TARGET,45.279315183,True,45.279315183,True,0.052282881,True,True,45.227032302,True,0.257202037,10.0
2026-03-20,YOUNG_LEVEL,ASK,2026-03-20 21:52:42.757673538,1774043562757673538,0.771494811,1.0,2149.0,110.765,12.071163905841326,5,5,4.0000000000009095,4-5,26.065,0.23531801561865212,2148.3,2148.9,5.9999999999990905,2148.3,2148.5,0.0,5.9999999999990905,2.1486,3.8513999999990904,4.2972,1.7027999999990904,HIT_TARGET,10.464440584,True,10.464440584,True,1.633858993,True,True,8.830581591,False,,0.0
2026-03-20,YOUNG_LEVEL,ASK,2026-03-20 21:54:49.376009021,1774043689376009021,0.857405287,0.8663923167527657,2148.1,50.561,3.8446505969127824,4,4,3.999999999996362,2-3,22.598,0.4469452740254346,2147.6,2148.0,4.0000000000009095,2147.6,2147.7,0.0,4.0000000000009095,2.1478,1.8522000000009093,4.2956,-0.2955999999990908,DATA_GAP,49.148276378,False,,True,2.15353676,True,False,,False,,0.0
2026-03-20,YOUNG_LEVEL,BID,2026-03-20 22:03:51.608484057,1774044231608484057,0.506161096,1.0,2156.9,125.662,9.879088050314465,2,2,5.0,4-5,34.643,0.2756839776543426,2157.2,2157.0,1.999999999998181,2157.1,2157.2,0.0,1.999999999998181,2.1571,-0.15710000000181878,4.3142,-2.3142000000018186,TIMEOUT,60.0,False,,True,0.917653016,True,False,,True,2.552251253,108.00000000000182
2026-03-20,YOUNG_LEVEL,ASK,2026-03-20 22:05:02.084719645,1774044302084719645,0.763190839,0.7954876499768887,2166.7,46.6,6.623081296191018,4,4,4.0000000000009095,4-5,20.369,0.43710300429184545,2166.2,2166.6,4.0000000000009095,2166.2,2166.3,0.0,4.0000000000009095,2.1663999999999994,1.83360000000091,4.332799999999999,-0.3327999999990894,HIT_TARGET,4.543853591,True,4.543853591,True,0.60618107,True,True,3.937672521,True,0.257746281,8.000000000001819
2026-03-20,YOUNG_LEVEL,BID,2026-03-20 22:05:53.832006448,1774044353832006448,0.510032566,0.7105109107876064,2166.2,69.703,8.49363309571681,4,4,5.9999999999990905,4-5,13.736,0.19706468875084288,2166.7,2166.2999999999997,4.0000000000009095,2166.6,2166.7,0.0,4.0000000000009095,2.1665,1.8335000000009094,4.333,-0.3329999999990907,HIT_TARGET,2.499263605,True,2.499263605,True,0.918574356,True,True,1.580689249,False,,0.0
2026-03-20,YOUNG_LEVEL,BID,2026-03-20 22:06:03.413517156,1774044363413517156,1.216531923,0.8291367508980692,2163.5,49.73,8.568228807718814,6,6,12.000000000002728,6+,22.540999999999997,0.45326764528453645,2164.2,2163.6,5.9999999999990905,2164.1,2164.2,0.0,5.9999999999990905,2.1638999999999995,3.836099999999091,4.327799999999999,1.6721999999990915,HIT_TARGET,1.130938177,True,1.130938177,True,0.417265199,True,True,0.713672978,False,,0.0
2026-03-20,YOUNG_LEVEL,BID,2026-03-20 22:13:47.675241368,1774044827675241368,0.70729439,1.0,2159.5,26.695,3.0050092868801714,3,3,3.999999999996362,2-3,10.431000000000001,0.3907473309608541,2159.9,2159.6,3.000000000001819,2159.8,2159.9,0.0,3.000000000001819,2.15975,0.8402500000018192,4.3195,-1.3194999999981807,HIT_TARGET,0.470323831,True,0.470323831,False,,False,False,,False,,0.0
2026-03-20,YOUNG_LEVEL,BID,2026-03-20 22:21:03.576457628,1774045263576457628,0.793519197,0.8963230778649959,2159.7,26.623,3.148229172825637,1,1,5.9999999999990905,4-5,6.481,0.24343612665740147,2159.9,2159.7999999999997,1.000000000003638,2159.8,2159.9,0.0,1.000000000003638,2.1598499999999996,-1.1598499999963616,4.319699999999999,-3.3196999999963612,HIT_TARGET,0.223813149,True,0.223813149,False,,False,False,,False,,0.0
2026-03-20,YOUNG_LEVEL,BID,2026-03-20 22:21:04.670430184,1774045264670430184,1.389921593,0.9399320836366055,2159.6,71.412,8.43565058177308,2,2,5.9999999999990905,4-5,11.110999999999999,0.15559009690248135,2159.9,2159.7,2.0000000000027285,2159.8,2159.9,0.0,2.0000000000027285,2.1597999999999997,-0.15979999999727124,4.319599999999999,-2.319599999997271,HIT_TARGET,0.307400749,True,0.307400749,False,,False,False,,False,,0.0
2026-03-20,YOUNG_LEVEL,ASK,2026-03-20 22:31:29.200863442,1774045889200863442,0.766100199,1.0,2156.8,47.843,4.100711408245479,2,2,4.0000000000009095,4-5,0.8,0.016721359446523,2156.5,2156.7000000000003,2.0000000000027285,2156.5,2156.6,0.0,2.0000000000027285,2.1566000000000005,-0.15659999999727203,4.313200000000001,-2.3131999999972725,HIT_TARGET,0.094608496,True,0.094608496,False,,False,False,,False,,0.0
2026-03-20,YOUNG_LEVEL,ASK,2026-03-20 22:49:29.201335557,1774046969201335557,1.072013436,0.9687905646734823,2156.5,49.577,5.9013212712772285,2,2,6.000000000003638,6+,7.666,0.15462815418440004,2156.2,2156.4,2.0000000000027285,2156.2,2156.3,0.0,2.0000000000027285,2.1563,-0.1562999999972714,4.3126,-2.3125999999972713,HIT_TARGET,2.234253676,True,2.234253676,True,0.082625882,True,True,2.151627794,False,,0.0
2026-03-20,YOUNG_LEVEL,BID,2026-03-20 23:05:01.546915979,1774047901546915979,0.503274073,1.0,2151.3,76.904,13.74758670003575,7,7,5.9999999999990905,4-5,38.267,0.49759440341204625,2152.1,2151.4,6.999999999998181,2152.0,2152.1,0.0,6.999999999998181,2.15175,4.848249999998181,4.3035,2.6964999999981814,HIT_TARGET,1.795916143,True,1.795916143,True,0.416550683,True,True,1.37936546,False,,0.0
2026-03-20,YOUNG_LEVEL,BID,2026-03-20 23:05:02.472343320,1774047902472343320,0.508876658,1.0,2151.1,81.606,8.27521168179283,5,5,10.0,6+,33.107,0.4056932088326839,2151.7,2151.2,5.0,2151.6,2151.7,0.0,5.0,2.1514499999999996,2.8485500000000004,4.302899999999999,0.6971000000000007,HIT_TARGET,0.921340694,True,0.921340694,False,,False,False,,False,,0.0
2026-03-20,YOUNG_LEVEL,BID,2026-03-20 23:06:27.646967776,1774047987646967776,0.589451497,1.0,2148.6,23.56,3.2654192654192653,4,4,6.999999999998181,6+,3.095,0.1313667232597623,2149.1,2148.7,4.0000000000009095,2149.0,2149.1,0.0,4.0000000000009095,2.1488999999999994,1.8511000000009101,4.297799999999999,-0.29779999999908924,HIT_TARGET,0.431018382,True,0.431018382,False,,False,False,,False,,0.0
2026-03-20,YOUNG_LEVEL,ASK,2026-03-20 23:14:30.117920686,1774048470117920686,1.024381782,1.0,2147.3,49.18,5.29272492466638,4,4,4.0000000000009095,4-5,20.636,0.41960146400976006,2146.8,2147.2000000000003,4.0000000000009095,2146.8,2146.9,0.0,4.0000000000009095,2.147,1.8530000000009097,4.294,-0.2939999999990901,HIT_TARGET,1.485709779,True,1.485709779,False,,False,False,,False,,0.0
2026-03-20,YOUNG_LEVEL,BID,2026-03-20 23:14:45.070971628,1774048485070971628,0.51209636,0.9024344578430512,2146.5,24.923,3.2121407397860544,2,2,5.0,4-5,1.718,0.06893231151948,2146.8,2146.6,2.0000000000027285,2146.7,2146.8,0.0,2.0000000000027285,2.1466999999999996,-0.14669999999727112,4.293399999999999,-2.2933999999972707,HIT_TARGET,3.882437583,True,3.882437583,False,,False,False,,False,,0.0
2026-03-20,YOUNG_LEVEL,BID,2026-03-20 23:15:28.455535049,1774048528455535049,1.131685493,1.0,2144.3,68.828,3.9001558294375975,1,1,4.0000000000009095,4-5,4.466,0.0648863834485965,2144.5,2144.4,0.9999999999990905,2144.4,2144.5,0.0,0.9999999999990905,2.1444499999999995,-1.144450000000909,4.288899999999999,-3.2889000000009085,HIT_TARGET,0.025859664,True,0.025859664,False,,False,False,,False,,0.0
2026-03-20,YOUNG_LEVEL,ASK,2026-03-20 23:15:35.647794525,1774048535647794525,0.507805356,1.0,2145.5,55.249,6.136732200377652,5,5,5.0,4-5,12.806000000000001,0.23178700066969538,2144.9,2145.4,5.0,2144.9,2145.0,0.0,5.0,2.14515,2.85485,4.2903,0.7096999999999998,HIT_TARGET,19.026942446,True,19.026942446,True,0.244480831,True,True,18.782461615,False,,0.0
2026-03-20,YOUNG_LEVEL,ASK,2026-03-20 23:16:09.112537217,1774048569112537217,1.928948281,0.9047084798433743,2146.4,103.895,10.313182449870954,2,2,3.999999999996362,2-3,37.945,0.36522450551037106,2146.1,2146.3,2.0000000000027285,2146.1,2146.2,0.0,2.0000000000027285,2.1461999999999994,-0.14619999999727096,4.292399999999999,-2.2923999999972704,HIT_TARGET,3.070750952,True,3.070750952,True,0.262165946,True,True,2.808585006,False,,0.0
2026-03-20,YOUNG_LEVEL,ASK,2026-03-20 23:16:43.826912672,1774048603826912672,1.171938613,1.0,2144.9,56.604,5.881851717150725,4,4,9.00000000000091,6+,17.78,0.3141120768850258,2144.4,2144.8,4.0000000000009095,2144.4,2144.5,0.0,4.0000000000009095,2.1446,1.8554000000009094,4.2892,-0.28919999999909063,HIT_TARGET,2.855397652,True,2.855397652,True,1.835478999,True,True,1.019918653,False,,0.0
2026-03-20,YOUNG_LEVEL,BID,2026-03-20 23:25:20.669340280,1774049120669340280,0.661393965,1.0,2146.7,54.988,5.23720177151293,3,3,5.0,4-5,18.681,0.33972866807303415,2147.1,2146.7999999999997,3.000000000001819,2147.0,2147.1,0.0,3.000000000001819,2.1469499999999995,0.8530500000018195,4.293899999999999,-1.29389999999818,TIMEOUT,60.0,False,,True,0.357643453,True,False,,True,10.668693964,18.00000000000182
2026-03-20,YOUNG_LEVEL,ASK,2026-03-20 23:25:32.052342544,1774049132052342544,0.7143083,1.0,2148.2,80.618,8.808784965034963,6,6,5.0,4-5,28.063999999999997,0.348110843732169,2147.5,2148.1,5.9999999999990905,2147.5,2147.6,0.0,5.9999999999990905,2.1478,3.8521999999990904,4.2956,1.7043999999990902,HIT_TARGET,16.897356035,True,16.897356035,True,1.72847491,True,True,15.168881125,False,,0.0
2026-03-20,YOUNG_LEVEL,ASK,2026-03-20 23:25:33.780817454,1774049133780817454,1.72847491,0.984665921474093,2148.3,129.697,9.735184837680617,7,7,5.0,4-5,64.106,0.49427511816001907,2147.5,2148.2000000000003,7.0000000000027285,2147.5,2147.6,0.0,7.0000000000027285,2.14785,4.8521500000027284,4.2957,2.7043000000027284,HIT_TARGET,16.597407293,True,16.597407293,True,11.646572539,True,True,4.950834754,False,,0.0
2026-03-20,YOUNG_LEVEL,BID,2026-03-20 23:31:02.860613029,1774049462860613029,0.668573986,1.0,2146.5,47.0,7.334581772784021,2,2,9.00000000000091,6+,4.615,0.09819148936170213,2146.8,2146.6,2.0000000000027285,2146.7,2146.8,0.0,2.0000000000027285,2.1466999999999996,-0.14669999999727112,4.293399999999999,-2.2933999999972707,HIT_TARGET,19.454459471,True,19.454459471,False,,False,False,,False,,0.0
2026-03-20,YOUNG_LEVEL,ASK,2026-03-20 23:37:14.648941852,1774049834648941852,0.506810453,1.0,2148.8,53.731,6.80483789260385,3,3,9.00000000000091,6+,22.936,0.42686717165137444,2148.4,2148.7000000000003,3.000000000001819,2148.4,2148.5,0.0,3.000000000001819,2.14855,0.8514500000018188,4.2971,-1.2970999999981814,HIT_TARGET,2.454668806,True,2.454668806,False,,False,False,,False,,0.0
2026-03-20,YOUNG_LEVEL,ASK,2026-03-20 23:37:15.102242500,1774049835102242500,0.502107612,1.0,2149.1,155.401,19.947500160451835,6,6,9.00000000000091,6+,51.941,0.33423851841365243,2148.4,2149.0,5.9999999999990905,2148.4,2148.5,0.0,5.9999999999990905,2.1487,3.8512999999990907,4.2974,1.7025999999990908,TIMEOUT,60.0,False,,True,2.001368158,True,False,,True,39.099036414,5.9999999999990905
2026-03-20,YOUNG_LEVEL,ASK,2026-03-20 23:37:17.685713000,1774049837685713000,0.582102342,1.0,2149.3,94.647,14.218733568692256,4,4,4.0000000000009095,4-5,31.574,0.33359747271440193,2148.8,2149.2000000000003,4.0000000000009095,2148.8,2148.9,0.0,4.0000000000009095,2.149,1.8510000000009095,4.298,-0.29799999999909055,TIMEOUT,60.0,False,,True,35.751288831,True,False,,True,35.493964003,10.0
2026-03-20,YOUNG_LEVEL,BID,2026-03-20 23:40:46.735535202,1774050046735535202,0.668214298,0.9252421114760403,2146.8,33.989,3.510535013426978,1,1,4.0000000000009095,4-5,8.942,0.26308511577275,2147.0,2146.9,0.9999999999990905,2146.9,2147.0,0.0,0.9999999999990905,2.1469499999999995,-1.146950000000909,4.293899999999999,-3.2939000000009084,HIT_TARGET,0.107394599,True,0.107394599,False,,False,False,,False,,0.0
2026-03-20,YOUNG_LEVEL,ASK,2026-03-20 23:46:37.794375331,1774050397794375331,1.019845705,1.0,2147.2,114.505,10.082771980803944,5,5,6.999999999998181,6+,51.36099999999999,0.44854809833631715,2146.6,2147.1,5.0,2146.6,2146.7,0.0,5.0,2.1468499999999997,2.8531500000000003,4.293699999999999,0.7063000000000006,TIMEOUT,60.0,False,,True,2.182525241,True,False,,True,15.925093325,8.999999999996362
2026-03-20,YOUNG_LEVEL,BID,2026-03-20 23:47:36.639603941,1774050456639603941,0.537770414,1.0,2145.6,68.159,5.45272,2,2,3.999999999996362,2-3,27.487000000000002,0.40327763024692265,2145.9,2145.7,2.0000000000027285,2145.8,2145.9,0.0,2.0000000000027285,2.1458,-0.14579999999727145,4.2916,-2.2915999999972714,HIT_TARGET,0.810817918,True,0.810817918,False,,False,False,,False,,0.0
2026-03-20,YOUNG_LEVEL,ASK,2026-03-20 23:49:30.925334895,1774050570925334895,0.560796952,1.0,2146.9,47.568,3.681021474172954,1,1,7.0000000000027285,6+,10.433,0.21932811974436597,2146.7,2146.8,1.000000000003638,2146.7,2146.8,0.0,1.000000000003638,2.14675,-1.146749999996362,4.2935,-3.293499999996362,HIT_TARGET,0.051841766,True,0.051841766,False,,False,False,,False,,0.0
2026-03-20,YOUNG_LEVEL,ASK,2026-03-20 23:49:31.996763639,1774050571996763639,1.133594165,0.9332549078531999,2147.6,76.389,9.558183183183182,7,7,8.000000000001819,6+,15.18,0.19871971095314772,2146.8,2147.5,6.999999999998181,2146.8,2146.9,0.0,6.999999999998181,2.14715,4.852849999998181,4.2943,2.7056999999981812,HIT_TARGET,26.538625476,True,26.538625476,True,0.126592491,True,True,26.412032985,False,,0.0
2026-03-20,YOUNG_LEVEL,ASK,2026-03-20 23:50:00.368415605,1774050600368415605,1.884911186,0.9987880601394022,2148.3,33.91,4.5027220820608145,5,5,5.0,4-5,15.408000000000001,0.454379239162489,2147.7,2148.2000000000003,5.0000000000045475,2147.7,2147.8,0.0,5.0000000000045475,2.14795,2.8520500000045477,4.2959,0.7041000000045479,HIT_TARGET,9.197312655,True,9.197312655,True,1.370369527,True,True,7.826943128,False,,0.0
2026-03-20,YOUNG_LEVEL,ASK,2026-03-20 23:51:02.171024501,1774050662171024501,0.812749786,1.0,2148.8,35.282,4.112121212121211,2,2,4.0000000000009095,4-5,7.630999999999999,0.21628592483419307,2148.5,2148.7000000000003,2.0000000000027285,2148.5,2148.6,0.0,2.0000000000027285,2.1486,-0.14859999999727158,4.2972,-2.2971999999972716,HIT_TARGET,8.48579328,True,8.48579328,True,7.715925851,True,True,0.769867429,False,,0.0
2026-03-20,YOUNG_LEVEL,BID,2026-03-20 23:54:00.588990495,1774050840588990495,0.505312283,1.0,2147.1,37.457,4.177904188277285,5,5,5.0,4-5,15.043,0.40160717622874226,2147.7,2147.2,5.0,2147.6,2147.7,0.0,5.0,2.1474499999999996,2.8525500000000004,4.294899999999999,0.7051000000000007,HIT_TARGET,8.635528987,True,8.635528987,True,0.567679825,True,True,8.067849162,False,,0.0
2026-03-20,YOUNG_LEVEL,BID,2026-03-20 23:54:02.147638799,1774050842147638799,0.548818692,0.9944972300615447,2147.3,32.244,4.203637311778893,1,1,6.999999999998181,6+,3.51,0.10885746185336806,2147.5,2147.4,0.9999999999990905,2147.4,2147.5,0.0,0.9999999999990905,2.1474499999999996,-1.1474500000009091,4.294899999999999,-3.2949000000009088,HIT_TARGET,0.207022722,True,0.207022722,False,,False,False,,False,,0.0
2026-03-20,YOUNG_LEVEL,BID,2026-03-20 23:54:16.603439939,1774050856603439939,0.692975754,1.0,2145.7,33.034,3.021909161597219,3,3,6.999999999998181,6+,11.128,0.3368650481322274,2146.1,2145.7999999999997,3.000000000001819,2146.0,2146.1,0.0,3.000000000001819,2.1459499999999996,0.8540500000018194,4.291899999999999,-1.2918999999981802,HIT_TARGET,2.215395113,True,2.215395113,False,,False,False,,False,,0.0
2026-03-20,YOUNG_LEVEL,BID,2026-03-20 23:54:19.069395092,1774050859069395092,0.510217591,1.0,2145.7,36.045,4.232620948802254,1,1,3.999999999996362,2-3,2.888,0.08012206963517825,2145.9,2145.7999999999997,1.000000000003638,2145.8,2145.9,0.0,1.000000000003638,2.14585,-1.1458499999963618,4.2917,-3.2916999999963616,HIT_TARGET,0.053743126,True,0.053743126,False,,False,False,,False,,0.0
2026-03-20,YOUNG_LEVEL,BID,2026-03-20 23:54:19.517969723,1774050859517969723,0.748294857,1.0,2145.4,33.707,3.9042103434296638,4,4,3.999999999996362,2-3,12.157999999999998,0.3606965912125077,2145.9,2145.5,4.0000000000009095,2145.8,2145.9,0.0,4.0000000000009095,2.1456999999999997,1.8543000000009098,4.291399999999999,-0.29139999999908994,HIT_TARGET,0.476409753,True,0.476409753,False,,False,False,,False,,0.0
2026-03-20,YOUNG_LEVEL,ASK,2026-03-20 23:54:37.658098225,1774050877658098225,0.518991288,1.0,2146.1,40.341,4.075260127285584,1,1,5.0,4-5,3.841,0.09521330656156268,2145.9,2146.0,0.9999999999990905,2145.9,2146.0,0.0,0.9999999999990905,2.1459499999999996,-1.145950000000909,4.291899999999999,-3.2919000000009087,HIT_TARGET,0.152342734,True,0.152342734,False,,False,False,,False,,0.0
2026-03-20,YOUNG_LEVEL,ASK,2026-03-20 23:54:38.316341400,1774050878316341400,0.505900441,1.0,2146.3,39.504,3.6185765320142895,3,3,5.0,4-5,5.437,0.1376316322397732,2145.9,2146.2000000000003,3.000000000001819,2145.9,2146.0,0.0,3.000000000001819,2.1460500000000002,0.8539500000018188,4.2921000000000005,-1.2920999999981815,HIT_TARGET,16.799920119,True,16.799920119,True,3.936541282,True,True,12.863378837,False,,0.0
2026-03-20,YOUNG_LEVEL,BID,2026-03-20 23:56:08.211293966,1774050968211293966,0.556749646,1.0,2146.1,87.643,7.478071672354949,4,4,5.0,4-5,18.109,0.2066223200940178,2146.6,2146.2,4.0000000000009095,2146.5,2146.6,0.0,4.0000000000009095,2.1463999999999994,1.85360000000091,4.292799999999999,-0.29279999999908934,TIMEOUT,60.0,False,,True,0.310291771,True,False,,True,36.193366431,6.999999999998181
2026-03-20,YOUNG_LEVEL,BID,2026-03-20 23:57:32.286168799,1774051052286168799,0.628736351,1.0,2146.4,47.256,3.348876762809156,2,2,4.0000000000009095,4-5,16.176000000000002,0.3423057389537837,2146.7,2146.5,1.999999999998181,2146.6,2146.7,0.0,1.999999999998181,2.1466,-0.14660000000181883,4.2932,-2.2932000000018187,DATA_GAP,18.684677261,False,,False,,False,False,,False,,0.0
2026-03-20,YOUNG_LEVEL,ASK,2026-03-20 23:58:31.537300134,1774051111537300134,0.549769421,1.0,2147.7,41.04,3.9904710972823176,5,5,3.999999999996362,2-3,14.392,0.350682261208577,2147.1,2147.6,5.0,2147.1,2147.2,0.0,5.0,2.14735,2.85265,4.2947,0.7053000000000003,TIMEOUT,60.0,False,,True,2.906444747,True,False,,False,,1.999999999998181
2026-03-21,YOUNG_LEVEL,ASK,2026-03-21 00:02:27.654227436,1774051347654227436,1.071394619,0.9358692065635622,2148.9,119.029,13.143661660777383,6,6,4.0000000000009095,4-5,36.823,0.30936158415176135,2148.2,2148.8,6.000000000003638,2148.2,2148.3,0.0,6.000000000003638,2.1485,3.851500000003638,4.297,1.7030000000036383,DATA_GAP,37.480745099,False,,True,0.153132891,True,False,,False,,0.0
2026-03-21,YOUNG_LEVEL,BID,2026-03-21 00:03:10.781504825,1774051390781504825,0.567092851,1.0,2147.6,80.42,5.624366192257929,4,4,4.0000000000009095,4-5,32.370999999999995,0.4025242476995772,2148.1,2147.7,4.0000000000009095,2148.0,2148.1,0.0,4.0000000000009095,2.1478999999999995,1.85210000000091,4.295799999999999,-0.29579999999908946,DATA_GAP,6.667759973,False,,True,0.616152539,True,False,,False,,0.0
2026-03-21,YOUNG_LEVEL,ASK,2026-03-21 00:05:06.846558549,1774051506846558549,0.606138208,1.0,2149.5,73.707,9.109751575824989,2,2,5.0,4-5,3.8569999999999998,0.052328815444937386,2149.2,2149.4,2.0000000000027285,2149.2,2149.3,0.0,2.0000000000027285,2.1492999999999998,-0.14929999999727128,4.2985999999999995,-2.298599999997271,DATA_GAP,6.561515329,False,,True,0.655451266,True,False,,False,,0.0
2026-03-21,YOUNG_LEVEL,ASK,2026-03-21 00:06:22.037275646,1774051582037275646,0.65929964,0.9899175236922623,2150.2,38.599,3.6947449028429213,2,2,10.0,6+,12.436,0.3221845125521387,2149.9,2150.1,1.999999999998181,2149.9,2150.0,0.0,1.999999999998181,2.15,-0.1500000000018189,4.3,-2.300000000001819,TIMEOUT,60.0,False,,True,1.329353316,True,False,,True,5.571190203,13.000000000001819
2026-03-21,YOUNG_LEVEL,BID,2026-03-21 00:07:00.741704128,1774051620741704128,0.613146181,1.0,2148.9,48.021,8.45886912101462,2,2,4.0000000000009095,4-5,1.9449999999999998,0.040503113221299014,2149.2,2149.0,1.999999999998181,2149.1,2149.2,0.0,1.999999999998181,2.1491,-0.14910000000181878,4.2982,-2.2982000000018186,HIT_TARGET,0.050841819,True,0.050841819,False,,False,False,,False,,0.0
2026-03-21,YOUNG_LEVEL,BID,2026-03-21 00:10:09.679337380,1774051809679337380,1.429012088,0.9637703869444105,2145.9,49.43,5.648174598640233,1,1,4.0000000000009095,4-5,3.93,0.07950637264818937,2146.1,2146.0,0.9999999999990905,2146.0,2146.1,0.0,0.9999999999990905,2.1460500000000002,-1.1460500000009097,4.2921000000000005,-3.29210000000091,HIT_TARGET,0.04706106,True,0.04706106,False,,False,False,,False,,0.0
2026-03-21,YOUNG_LEVEL,BID,2026-03-21 00:10:26.818111178,1774051826818111178,0.669841698,1.0,2145.0,60.503,6.343695937090433,3,3,5.9999999999990905,4-5,18.636000000000003,0.30801778424210374,2145.4,2145.1,3.000000000001819,2145.3,2145.4,0.0,3.000000000001819,2.14525,0.8547500000018191,4.2905,-1.2904999999981808,HIT_TARGET,1.08587443,True,1.08587443,True,0.31947669,True,True,0.76639774,False,,0.0
2026-03-21,YOUNG_LEVEL,ASK,2026-03-21 00:10:43.838203030,1774051843838203030,0.523469206,1.0,2145.8,81.164,13.797535061623458,4,4,7.0000000000027285,6+,16.435000000000002,0.2024912522793357,2145.3,2145.7000000000003,4.0000000000009095,2145.3,2145.4,0.0,4.0000000000009095,2.1454999999999997,1.8545000000009098,4.2909999999999995,-0.29099999999909,HIT_TARGET,17.139988729,True,17.139988729,True,0.646437624,True,True,16.493551105,False,,0.0
2026-03-21,YOUNG_LEVEL,ASK,2026-03-21 00:11:02.718102478,1774051862718102478,0.566490852,1.0,2146.5,31.106,3.557004002287021,4,4,5.0,4-5,14.522000000000002,0.4668552690799203,2146.0,2146.4,4.0000000000009095,2146.0,2146.1,0.0,4.0000000000009095,2.1461999999999994,1.85380000000091,4.292399999999999,-0.2923999999990894,HIT_TARGET,19.847172462,True,19.847172462,True,2.139217964,True,True,17.707954498,True,3.210958132,4.0000000000009095
2026-03-21,YOUNG_LEVEL,ASK,2026-03-21 00:11:21.936259577,1774051881936259577,0.545024246,1.0,2146.5,81.737,7.013041613041613,3,3,5.0,4-5,28.891,0.35346293600205536,2146.1,2146.4,3.000000000001819,2146.1,2146.2,0.0,3.000000000001819,2.1462499999999998,0.8537500000018192,4.2924999999999995,-1.2924999999981805,HIT_TARGET,0.629015363,True,0.629015363,True,0.117492608,True,True,0.511522755,False,,0.0
2026-03-21,YOUNG_LEVEL,ASK,2026-03-21 00:12:34.300842965,1774051954300842965,0.591113213,0.9036019128877094,2146.6,34.849,4.029484881771405,3,3,10.0,6+,16.358999999999998,0.4694252345834888,2146.2,2146.5,3.000000000001819,2146.2,2146.3,0.0,3.000000000001819,2.14635,0.853650000001819,4.2927,-1.292699999998181,TIMEOUT,60.0,False,,True,13.647841244,True,False,,True,10.434851765,13.000000000001819
2026-03-21,YOUNG_LEVEL,ASK,2026-03-21 00:13:27.437117944,1774052007437117944,0.536775985,0.9900343827788793,2146.1,73.915,9.934144210738527,5,5,5.0,4-5,17.127,0.23171210173848336,2145.5,2146.0,5.0,2145.5,2145.6,0.0,5.0,2.1457499999999996,2.8542500000000004,4.291499999999999,0.7085000000000008,HIT_TARGET,4.207457366,True,4.207457366,True,1.300384378,True,True,2.907072988,False,,0.0
2026-03-21,YOUNG_LEVEL,BID,2026-03-21 00:20:11.870307152,1774052411870307152,0.592695587,1.0,2154.2,73.46,14.832912670368497,4,4,8.000000000001819,6+,16.35,0.22257010618023418,2154.7,2154.2999999999997,4.0000000000009095,2154.6,2154.7,0.0,4.0000000000009095,2.1545,1.8455000000009094,4.309,-0.30899999999909067,HIT_TARGET,11.91674929,True,11.91674929,True,4.706992505,True,True,7.209756785,False,,0.0
2026-03-21,YOUNG_LEVEL,ASK,2026-03-21 00:20:39.152822014,1774052439152822014,0.56219287,1.0,2157.7,93.991,9.373323360757915,6,6,10.0,6+,46.457,0.4942707280484302,2157.0,2157.6,5.9999999999990905,2157.0,2157.1,0.0,5.9999999999990905,2.1572999999999998,3.8426999999990907,4.3145999999999995,1.685399999999091,TIMEOUT,60.0,False,,True,1.786531434,True,False,,True,2.347629348,47.99999999999727
2026-03-21,YOUNG_LEVEL,BID,2026-03-21 00:20:43.232487773,1774052443232487773,0.86487957,1.0,2155.4,81.156,10.500873390696771,5,5,10.99999999999909,6+,20.497,0.25256296515353144,2156.0,2155.5,5.0,2155.9,2156.0,0.0,5.0,2.15575,2.84425,4.3115,0.6885000000000003,HIT_TARGET,0.563139454,True,0.563139454,True,0.046702539,True,True,0.516436915,False,,0.0
2026-03-21,YOUNG_LEVEL,BID,2026-03-21 00:20:44.406571114,1774052444406571114,0.610943887,1.0,2154.8,82.94,10.425491798127082,6,6,15.99999999999909,6+,25.241,0.30432843019049916,2155.5,2154.9,5.9999999999990905,2155.4,2155.5,0.0,5.9999999999990905,2.1552,3.8447999999990907,4.3104,1.689599999999091,HIT_TARGET,9.441974674,True,9.441974674,True,0.300793363,True,True,9.141181311,False,,0.0
2026-03-21,YOUNG_LEVEL,BID,2026-03-21 00:20:54.717366694,1774052454717366694,0.56269613,0.9291906041720955,2154.1,30.188,3.1062406750012865,2,2,8.999999999996362,6+,13.951,0.46213727308864455,2154.4,2154.2,2.0000000000027285,2154.3,2154.4,0.0,2.0000000000027285,2.1543,-0.15429999999727162,4.3086,-2.3085999999972717,HIT_TARGET,1.531255186,True,1.531255186,True,0.480705312,True,True,1.050549874,False,,0.0
2026-03-21,YOUNG_LEVEL,BID,2026-03-21 00:23:25.788751175,1774052605788751175,0.66264449,1.0,2151.5,49.223,3.0600851698734886,3,3,3.999999999996362,2-3,2.129,0.04325213822806412,2151.9,2151.6,3.000000000001819,2151.8,2151.9,0.0,3.000000000001819,2.15175,0.8482500000018192,4.3035,-1.3034999999981807,TIMEOUT,60.0,False,,True,0.432771892,True,False,,True,6.226835471,6.999999999998181
2026-03-21,YOUNG_LEVEL,ASK,2026-03-21 00:25:22.688299570,1774052722688299570,0.511280434,1.0,2153.2,43.844,3.6170440952027385,5,5,3.999999999996362,2-3,17.847,0.4070568378797555,2152.6,2153.1,5.0,2152.6,2152.7,0.0,5.0,2.15285,2.84715,4.3057,0.6943000000000001,HIT_TARGET,0.204642843,True,0.204642843,False,,False,False,,False,,0.0
2026-03-21,YOUNG_LEVEL,BID,2026-03-21 00:27:18.289011629,1774052838289011629,0.561265315,1.0,2152.0,85.578,9.35023217700082,5,5,4.0000000000009095,4-5,22.04,0.2575428264273528,2152.6,2152.1,5.0,2152.5,2152.6,0.0,5.0,2.1523499999999998,2.8476500000000002,4.3046999999999995,0.6953000000000005,TIMEOUT,60.0,False,,True,3.134798341,True,False,,True,5.716567991,4.0000000000009095
2026-03-21,YOUNG_LEVEL,ASK,2026-03-21 00:32:00.950470526,1774053120950470526,0.685596903,0.7494702276973384,2151.1,49.274,16.299702282500828,3,3,5.0,4-5,10.754,0.21824897511872385,2150.7,2151.0,3.000000000001819,2150.7,2150.8,0.0,3.000000000001819,2.1508499999999997,0.8491500000018193,4.301699999999999,-1.3016999999981804,HIT_TARGET,6.126245174,True,6.126245174,True,0.504476721,True,True,5.621768453,False,,0.0
2026-03-21,YOUNG_LEVEL,ASK,2026-03-21 00:35:40.178405037,1774053340178405037,0.561750121,0.8020745508660069,2152.1,52.815,4.430231095080317,3,3,5.0,4-5,22.561,0.4271703114645461,2151.7,2152.0,3.000000000001819,2151.7,2151.8,0.0,3.000000000001819,2.1518499999999996,0.8481500000018194,4.303699999999999,-1.3036999999981802,HIT_TARGET,38.073193061,True,38.073193061,True,27.302613657,True,True,10.770579404,False,,0.0
2026-03-21,YOUNG_LEVEL,ASK,2026-03-21 00:38:21.908787926,1774053501908787926,0.561386659,1.0,2153.9,58.478,4.9686052933429625,3,3,4.0000000000009095,4-5,25.012999999999998,0.42773350661787335,2153.5,2153.8,3.000000000001819,2153.5,2153.6,0.0,3.000000000001819,2.15365,0.8463500000018191,4.3073,-1.3072999999981807,HIT_TARGET,1.218905936,True,1.218905936,False,,False,False,,False,,0.0
2026-03-21,YOUNG_LEVEL,BID,2026-03-21 00:40:02.510192204,1774053602510192204,0.865981357,1.0,2152.1,93.249,12.425744553268038,4,4,5.9999999999990905,4-5,18.629,0.19977694130768162,2152.6,2152.2,4.0000000000009095,2152.5,2152.6,0.0,4.0000000000009095,2.1523999999999996,1.8476000000009098,4.304799999999999,-0.3047999999990898,HIT_TARGET,5.664981739,True,5.664981739,True,0.047536871,True,True,5.617444868,False,,0.0
2026-03-21,YOUNG_LEVEL,ASK,2026-03-21 00:41:46.629978919,1774053706629978919,0.666911569,1.0,2150.5,29.0,4.133114800826623,4,4,5.0,4-5,14.307,0.4933448275862069,2150.0,2150.4,4.0000000000009095,2150.0,2150.1,0.0,4.0000000000009095,2.1502,1.8498000000009096,4.3004,-0.3003999999990903,HIT_TARGET,16.801555345,True,16.801555345,False,,False,False,,False,,0.0
2026-03-21,YOUNG_LEVEL,ASK,2026-03-21 00:50:22.829070611,1774054222829070611,0.701716927,0.9896679405597408,2151.9,33.059,3.0523983195605,3,3,5.0,4-5,4.282,0.12952599897153574,2151.5,2151.8,3.000000000001819,2151.5,2151.6,0.0,3.000000000001819,2.15165,0.8483500000018189,4.3033,-1.3032999999981811,HIT_TARGET,3.369529325,True,3.369529325,False,,False,False,,False,,0.0
2026-03-21,YOUNG_LEVEL,ASK,2026-03-21 01:03:25.002164400,1774055005002164400,0.986565308,0.844620622925857,2154.5,73.445,5.594530773918342,1,1,5.0,4-5,7.12,0.09694329089795085,2154.3,2154.4,0.9999999999990905,2154.3,2154.4,0.0,0.9999999999990905,2.1543500000000004,-1.15435000000091,4.308700000000001,-3.3087000000009104,HIT_TARGET,0.04715728,True,0.04715728,False,,False,False,,False,,0.0
2026-03-21,YOUNG_LEVEL,BID,2026-03-21 01:10:23.822505216,1774055423822505216,0.54540296,0.8796115646310391,2158.0,82.914,13.804045617247981,6,6,4.0000000000009095,4-5,39.592999999999996,0.4775188749788937,2158.7,2158.1,5.9999999999990905,2158.6,2158.7,0.0,5.9999999999990905,2.1583999999999994,3.841599999999091,4.316799999999999,1.6831999999990916,TIMEOUT,60.0,False,,True,12.562665966,True,False,,True,23.336548629,17.00000000000273
2026-03-21,YOUNG_LEVEL,ASK,2026-03-21 01:11:11.448037611,1774055471448037611,0.610362119,1.0,2159.8,71.49,6.171709759571804,3,3,5.0,4-5,28.828,0.4032452091201567,2159.4,2159.7000000000003,3.000000000001819,2159.4,2159.5,0.0,3.000000000001819,2.15955,0.8404500000018191,4.3191,-1.3190999999981807,TIMEOUT,60.0,False,,True,0.613033661,True,False,,True,34.760591276,19.00000000000091
2026-03-21,YOUNG_LEVEL,BID,2026-03-21 01:11:47.742342694,1774055507742342694,1.533713807,1.0,2158.3,46.8,6.0921634990887785,3,3,5.9999999999990905,4-5,4.975,0.1063034188034188,2158.7,2158.4,2.9999999999972715,2158.6,2158.7,0.0,2.9999999999972715,2.15855,0.8414499999972715,4.3171,-1.3171000000027284,HIT_TARGET,0.810750348,True,0.810750348,False,,False,False,,False,,0.0
2026-03-21,YOUNG_LEVEL,BID,2026-03-21 01:12:42.659728999,1774055562659728999,0.672491359,1.0,2156.8,45.119,3.9370855148342057,1,1,10.0,6+,15.161,0.3360225182295707,2157.0,2156.9,0.9999999999990905,2156.9,2157.0,0.0,0.9999999999990905,2.1569499999999997,-1.1569500000009092,4.313899999999999,-3.313900000000909,HIT_TARGET,0.02039583,True,0.02039583,False,,False,False,,False,,0.0
2026-03-21,YOUNG_LEVEL,BID,2026-03-21 02:04:46.462120966,1774058686462120966,0.503492789,0.8955394731581746,2147.5,31.122,3.8403257650542946,2,2,4.0000000000009095,4-5,11.338,0.36430820641346956,2147.8,2147.6,2.0000000000027285,2147.7,2147.8,0.0,2.0000000000027285,2.1477,-0.14769999999727146,4.2954,-2.2953999999972714,HIT_TARGET,0.157187512,True,0.157187512,False,,False,False,,False,,0.0
2026-03-21,YOUNG_LEVEL,ASK,2026-03-21 02:17:08.416907327,1774059428416907327,0.50492198,1.0,2150.1,47.8,4.200720625714035,1,1,4.0000000000009095,4-5,2.31,0.04832635983263599,2149.9,2150.0,0.9999999999990905,2149.9,2150.0,0.0,0.9999999999990905,2.1499499999999996,-1.149950000000909,4.299899999999999,-3.2999000000009087,HIT_TARGET,0.018418254,True,0.018418254,False,,False,False,,False,,0.0
2026-03-21,YOUNG_LEVEL,ASK,2026-03-21 02:17:51.750358086,1774059471750358086,0.504530482,1.0,2150.5,56.068,5.40935841775205,3,3,5.0,4-5,12.202,0.21762859385032463,2150.1,2150.4,3.000000000001819,2150.1,2150.2,0.0,3.000000000001819,2.1502499999999998,0.8497500000018192,4.3004999999999995,-1.3004999999981806,HIT_TARGET,0.057654032,True,0.057654032,False,,False,False,,False,,0.0
2026-03-21,YOUNG_LEVEL,ASK,2026-03-21 02:25:30.025727023,1774059930025727023,0.504679462,1.0,2152.7,96.211,12.916828891723164,4,4,5.0,4-5,14.0,0.14551350677157499,2152.2,2152.6,4.0000000000009095,2152.2,2152.3,0.0,4.0000000000009095,2.1523999999999996,1.8476000000009098,4.304799999999999,-0.3047999999990898,TIMEOUT,60.0,False,,True,0.4120566,True,False,,True,55.693237738,3.000000000001819
2026-03-21,YOUNG_LEVEL,BID,2026-03-21 02:36:23.181346174,1774060583181346174,1.380579637,0.8726987300914392,2150.4,109.213,9.0561797752809,4,4,3.999999999996362,2-3,51.456,0.4711527016014578,2150.9,2150.5,4.0000000000009095,2150.8,2150.9,0.0,4.0000000000009095,2.1506999999999996,1.8493000000009099,4.301399999999999,-0.30139999999908973,TIMEOUT,60.0,False,,True,2.908558689,True,False,,True,12.610299762,5.9999999999990905
2026-03-21,YOUNG_LEVEL,BID,2026-03-21 02:45:07.980386795,1774061107980386795,0.547653428,1.0,2153.5,57.554,4.8385035729298025,4,4,5.9999999999990905,4-5,8.584999999999999,0.14916426312680264,2154.0,2153.6,4.0000000000009095,2153.9,2154.0,0.0,4.0000000000009095,2.1538,1.8462000000009096,4.3076,-0.3075999999990904,HIT_TARGET,27.423810376,True,27.423810376,True,5.012715346,True,True,22.41109503,False,,0.0
2026-03-21,YOUNG_LEVEL,BID,2026-03-21 02:49:05.609551884,1774061345609551884,1.218760364,1.0,2154.1,55.063,5.272466127256188,2,2,3.999999999996362,2-3,14.287,0.25946642936272996,2154.4,2154.2,2.0000000000027285,2154.3,2154.4,0.0,2.0000000000027285,2.1543,-0.15429999999727162,4.3086,-2.3085999999972717,HIT_TARGET,9.294052203,True,9.294052203,True,0.273908398,True,True,9.020143805,False,,0.0
2026-03-21,YOUNG_LEVEL,ASK,2026-03-21 03:11:24.695594811,1774062684695594811,0.650116361,0.8700685445447511,2156.4,36.719,3.2778968041421175,1,1,4.0000000000009095,4-5,9.06,0.24673874560854053,2156.2,2156.3,1.000000000003638,2156.2,2156.3,0.0,1.000000000003638,2.15625,-1.156249999996362,4.3125,-3.312499999996362,HIT_TARGET,0.040676094,True,0.040676094,False,,False,False,,False,,0.0
2026-03-21,YOUNG_LEVEL,BID,2026-03-21 03:43:19.665983024,1774064599665983024,0.501649893,1.0,2152.5,60.373,4.223217096289042,1,1,4.0000000000009095,4-5,25.937,0.42961257515776924,2152.7,2152.6,0.9999999999990905,2152.6,2152.7,0.0,0.9999999999990905,2.1526499999999995,-1.152650000000909,4.305299999999999,-3.3053000000009085,HIT_TARGET,0.040048471,True,0.040048471,False,,False,False,,False,,0.0
2026-03-21,YOUNG_LEVEL,ASK,2026-03-21 03:46:32.218690948,1774064792218690948,0.54489273,1.0,2153.7,50.724,4.180319762650403,1,1,5.0,4-5,13.06,0.2574718082170176,2153.5,2153.6,0.9999999999990905,2153.5,2153.6,0.0,0.9999999999990905,2.15355,-1.1535500000009096,4.3071,-3.3071000000009096,HIT_TARGET,0.083852479,True,0.083852479,False,,False,False,,False,,0.0
2026-03-21,YOUNG_LEVEL,BID,2026-03-21 03:52:11.303808221,1774065131303808221,0.518105423,1.0,2153.3,93.038,3.937366427558772,2,2,4.0000000000009095,4-5,33.857,0.3639050710462392,2153.6,2153.4,1.999999999998181,2153.5,2153.6,0.0,1.999999999998181,2.1535,-0.15350000000181918,4.307,-2.3070000000018194,HIT_TARGET,23.409786098,True,23.409786098,True,4.053960477,True,True,19.355825621,False,,0.0
2026-03-21,YOUNG_LEVEL,BID,2026-03-21 04:08:10.700076115,1774066090700076115,0.53509222,1.0,2156.9,54.16,4.623330061035468,3,3,5.0,4-5,24.374,0.45003692762186115,2157.3,2157.0,3.000000000001819,2157.2,2157.3,0.0,3.000000000001819,2.15715,0.8428500000018189,4.3143,-1.3142999999981813,HIT_TARGET,20.264379087,True,20.264379087,True,14.492302114,True,True,5.772076973,False,,0.0
2026-03-21,YOUNG_LEVEL,BID,2026-03-21 04:14:46.333038400,1774066486333038400,0.723049559,1.0,2155.6,36.01,3.9493309936389553,2,2,3.999999999996362,2-3,15.268,0.42399333518467097,2155.9,2155.7,2.0000000000027285,2155.8,2155.9,0.0,2.0000000000027285,2.1558,-0.15579999999727168,4.3116,-2.311599999997272,HIT_TARGET,2.45205104,True,2.45205104,True,1.581929203,True,True,0.870121837,False,,0.0
2026-03-21,YOUNG_LEVEL,ASK,2026-03-21 04:31:57.766094795,1774067517766094795,0.551467741,1.0,2151.8,34.212,3.2229863400847867,2,2,5.9999999999990905,4-5,1.022,0.02987255933590553,2151.5,2151.7000000000003,2.0000000000027285,2151.5,2151.6,0.0,2.0000000000027285,2.1516,-0.1515999999972717,4.3032,-2.303199999997272,HIT_TARGET,0.573097254,True,0.573097254,False,,False,False,,False,,0.0
2026-03-21,YOUNG_LEVEL,ASK,2026-03-21 05:15:18.314710894,1774070118314710894,0.611909453,1.0,2154.5,30.468,3.4802672911074306,1,1,4.0000000000009095,4-5,3.34,0.10962321123802021,2154.3,2154.4,0.9999999999990905,2154.3,2154.4,0.0,0.9999999999990905,2.1543500000000004,-1.15435000000091,4.308700000000001,-3.3087000000009104,HIT_TARGET,0.046391453,True,0.046391453,False,,False,False,,False,,0.0
2026-03-21,YOUNG_LEVEL,ASK,2026-03-21 05:22:48.465521562,1774070568465521562,0.607452236,1.0,2157.0,59.329,6.292183688620216,3,3,3.999999999996362,2-3,19.794,0.3336311078899021,2156.6,2156.9,3.000000000001819,2156.6,2156.7,0.0,3.000000000001819,2.1567499999999997,0.8432500000018193,4.3134999999999994,-1.3134999999981805,TIMEOUT,60.0,False,,True,31.759808214,True,False,,True,44.008900746,3.999999999996362
2026-03-21,YOUNG_LEVEL,ASK,2026-03-21 05:53:16.290689449,1774072396290689449,0.502659038,1.0,2154.1,74.06,5.472346399674881,4,4,3.999999999996362,2-3,16.172,0.21836348906292197,2153.6,2154.0,4.0000000000009095,2153.6,2153.7,0.0,4.0000000000009095,2.1538,1.8462000000009096,4.3076,-0.3075999999990904,TIMEOUT,60.0,False,,True,6.582256971,True,False,,False,,0.0
2026-03-21,YOUNG_LEVEL,ASK,2026-03-21 06:22:16.435155196,1774074136435155196,0.508393871,1.0,2153.5,211.668,11.970817780794027,1,1,5.9999999999990905,4-5,13.948,0.06589564790143054,2153.3,2153.4,0.9999999999990905,2153.3,2153.4,0.0,0.9999999999990905,2.15335,-1.1533500000009096,4.3067,-3.3067000000009097,HIT_TARGET,0.053390291,True,0.053390291,False,,False,False,,False,,0.0
2026-03-21,YOUNG_LEVEL,ASK,2026-03-21 06:41:40.569741109,1774075300569741109,1.439350276,1.0,2155.7,185.647,17.271898404428523,1,1,4.0000000000009095,4-5,4.415,0.023781693213464263,2155.5,2155.6,0.9999999999990905,2155.5,2155.6,0.0,0.9999999999990905,2.1555500000000003,-1.1555500000009098,4.311100000000001,-3.31110000000091,HIT_TARGET,0.057791835,True,0.057791835,False,,False,False,,False,,0.0
2026-03-21,YOUNG_LEVEL,ASK,2026-03-21 07:14:03.897111771,1774077243897111771,0.501681356,1.0,2156.4,75.543,4.290022147765347,3,3,4.0000000000009095,4-5,37.187,0.4922626848285082,2156.0,2156.3,3.000000000001819,2156.0,2156.1,0.0,3.000000000001819,2.15615,0.8438500000018192,4.3123,-1.3122999999981806,TIMEOUT,60.0,False,,False,,False,False,,False,,1.999999999998181
2026-03-21,YOUNG_LEVEL,ASK,2026-03-21 07:18:58.354597353,1774077538354597353,0.536229784,0.8614094718021109,2157.9,205.575,26.43881422416565,7,7,7.9999999999972715,6+,57.464,0.2795281527423082,2157.1,2157.8,7.0000000000027285,2157.1,2157.2,0.0,7.0000000000027285,2.15745,4.842550000002729,4.3149,2.6851000000027287,HIT_TARGET,2.627846607,True,2.627846607,True,2.014122141,True,True,0.613724466,False,,0.0
2026-03-21,YOUNG_LEVEL,BID,2026-03-21 07:27:16.870762591,1774078036870762591,1.574707995,1.0,2159.8,80.64,10.498632990496029,4,4,5.0,4-5,16.116,0.19985119047619046,2160.3,2159.9,4.0000000000009095,2160.2,2160.3,0.0,4.0000000000009095,2.1601000000000004,1.8399000000009091,4.320200000000001,-0.3201999999990912,HIT_TARGET,1.833950953,True,1.833950953,True,1.018896059,True,True,0.815054894,False,,0.0
2026-03-21,YOUNG_LEVEL,BID,2026-03-21 07:46:47.672608570,1774079207672608570,1.989274638,1.0,2153.4,48.582,5.081799163179916,4,4,7.9999999999972715,6+,0.621,0.01278251204149685,2153.9,2153.5,4.0000000000009095,2153.8,2153.9,0.0,4.0000000000009095,2.1536999999999997,1.8463000000009098,4.3073999999999995,-0.30739999999908996,HIT_TARGET,0.461020855,True,0.461020855,False,,False,False,,False,,0.0
2026-03-21,YOUNG_LEVEL,ASK,2026-03-21 08:05:42.517780552,1774080342517780552,1.984517321,0.975293749023418,2155.7,72.393,4.765832784726794,3,3,4.0000000000009095,4-5,33.141999999999996,0.45780669401737734,2155.3,2155.6,2.9999999999972715,2155.3,2155.4,0.0,2.9999999999972715,2.1554499999999996,0.8445499999972719,4.310899999999999,-1.3109000000027278,HIT_TARGET,25.633832887,True,25.633832887,True,4.446738031,True,True,21.187094856,False,,0.0
2026-03-21,YOUNG_LEVEL,ASK,2026-03-21 08:10:03.780848661,1774080603780848661,0.612950941,0.5938640919714323,2156.2,46.902,5.55250384751983,1,1,5.0,4-5,4.761,0.101509530510426,2156.0,2156.1,0.9999999999990905,2156.0,2156.1,0.0,0.9999999999990905,2.15605,-1.1560500000009095,4.3121,-3.3121000000009095,HIT_TARGET,0.037780663,True,0.037780663,False,,False,False,,False,,0.0
2026-03-21,YOUNG_LEVEL,BID,2026-03-21 08:18:51.208200256,1774081131208200256,0.641559256,1.0,2153.0,24.077,3.026840153372305,1,1,4.0000000000009095,4-5,7.432,0.30867633010757156,2153.2,2153.1,0.9999999999990905,2153.1,2153.2,0.0,0.9999999999990905,2.1531499999999992,-1.1531500000009087,4.3062999999999985,-3.306300000000908,HIT_TARGET,0.022998561,True,0.022998561,False,,False,False,,False,,0.0
2026-03-21,YOUNG_LEVEL,ASK,2026-03-21 08:41:26.884718293,1774082486884718293,0.525818449,1.0,2153.3,39.407,3.999492540343042,2,2,4.0000000000009095,4-5,11.384,0.28888268581724064,2153.0,2153.2000000000003,2.0000000000027285,2153.0,2153.1,0.0,2.0000000000027285,2.1531000000000002,-0.15309999999727175,4.3062000000000005,-2.306199999997272,DATA_GAP,20.770099948,False,,True,12.600844813,True,False,,False,,0.0
2026-03-21,YOUNG_LEVEL,ASK,2026-03-21 09:04:41.870513256,1774083881870513256,0.56576214,1.0,2156.8,38.149,3.026377374955377,1,1,5.0,4-5,4.318,0.11318776376838185,2156.6,2156.7000000000003,1.000000000003638,2156.6,2156.7,0.0,1.000000000003638,2.15665,-1.156649999996362,4.3133,-3.313299999996362,HIT_TARGET,0.003882518,True,0.003882518,False,,False,False,,False,,0.0
2026-03-21,YOUNG_LEVEL,ASK,2026-03-21 09:14:09.107476163,1774084449107476163,0.509033908,0.6879305710219996,2157.9,64.867,3.5593294740596453,1,1,6.000000000003638,6+,18.733,0.288790910632525,2157.7,2157.8,1.000000000003638,2157.7,2157.8,0.0,1.000000000003638,2.1577499999999996,-1.1577499999963616,4.315499999999999,-3.3154999999963612,HIT_TARGET,0.027433551,True,0.027433551,False,,False,False,,False,,0.0
2026-03-21,YOUNG_LEVEL,ASK,2026-03-21 10:00:01.629492762,1774087201629492762,0.504993851,1.0,2159.3,26.875,3.9056823136172065,6,6,3.999999999996362,2-3,4.076,0.15166511627906976,2158.6,2159.2000000000003,6.000000000003638,2158.6,2158.7,0.0,6.000000000003638,2.1589,3.841100000003638,4.3178,1.682200000003638,TIMEOUT,60.0,False,,True,0.306817467,True,False,,True,46.564140484,5.0
2026-03-21,YOUNG_LEVEL,ASK,2026-03-21 10:06:03.054921856,1774087563054921856,0.558609761,1.0,2157.0,88.389,6.867832167832167,4,4,5.0,4-5,32.163,0.363880120829515,2156.5,2156.9,4.0000000000009095,2156.5,2156.6,0.0,4.0000000000009095,2.1566999999999994,1.84330000000091,4.313399999999999,-0.3133999999990893,TIMEOUT,60.0,False,,True,3.508688693,True,False,,False,,0.0
2026-03-21,YOUNG_LEVEL,BID,2026-03-21 11:51:39.494818079,1774093899494818079,0.687468208,1.0,2155.7,61.289,4.02040080028863,3,3,4.0000000000009095,4-5,22.433999999999997,0.36603631973110995,2156.1,2155.7999999999997,3.000000000001819,2156.0,2156.1,0.0,3.000000000001819,2.15595,0.8440500000018192,4.3119,-1.3118999999981806,TIMEOUT,60.0,False,,True,8.043827443,True,False,,True,28.042486873,4.0000000000009095
2026-03-21,YOUNG_LEVEL,ASK,2026-03-21 12:36:16.736763747,1774096576736763747,0.502960406,1.0,2158.7,40.998,3.80491879350348,3,3,5.0,4-5,11.826,0.28845309527294016,2158.3,2158.6,2.9999999999972715,2158.3,2158.4,0.0,2.9999999999972715,2.1584499999999998,0.8415499999972718,4.3168999999999995,-1.316900000002728,TIMEOUT,60.0,False,,True,10.679754337,True,False,,True,10.010054961,4.0000000000009095
2026-03-21,YOUNG_LEVEL,ASK,2026-03-21 13:30:18.719813894,1774099818719813894,0.514528453,0.9517960107834892,2157.1,58.499,4.027608523529209,4,4,3.999999999996362,2-3,20.927,0.35773261081386004,2156.6,2157.0,4.0000000000009095,2156.6,2156.7,0.0,4.0000000000009095,2.1568,1.8432000000009094,4.3136,-0.3135999999990906,HIT_TARGET,32.878469158,True,32.878469158,True,5.20864583,True,True,27.669823328,False,,0.0
2026-03-21,YOUNG_LEVEL,BID,2026-03-21 14:11:09.462647177,1774102269462647177,0.546241842,1.0,2158.6,77.9,6.82047016591516,1,1,4.0000000000009095,4-5,33.888,0.4350192554557124,2158.8,2158.7,1.000000000003638,2158.7,2158.8,0.0,1.000000000003638,2.15875,-1.158749999996362,4.3175,-3.317499999996362,HIT_TARGET,0.068446638,True,0.068446638,False,,False,False,,False,,0.0
2026-03-21,YOUNG_LEVEL,ASK,2026-03-21 14:15:02.052037735,1774102502052037735,0.867306465,1.0,2166.0,74.87,6.608703327742961,4,4,4.0000000000009095,4-5,36.49,0.48737812207826897,2165.5,2165.9,4.0000000000009095,2165.5,2165.6,0.0,4.0000000000009095,2.1656999999999997,1.8343000000009098,4.3313999999999995,-0.33139999999909,HIT_TARGET,11.33185346,True,11.33185346,True,0.559796924,True,True,10.772056536,True,0.301330872,2.9999999999972715
2026-03-21,YOUNG_LEVEL,BID,2026-03-21 14:20:10.122684303,1774102810122684303,0.524743969,1.0,2163.4,73.551,5.074757649981025,5,5,4.0000000000009095,4-5,35.257000000000005,0.4793544615300948,2164.0,2163.5,5.0,2163.9,2164.0,0.0,5.0,2.16375,2.83625,4.3275,0.6725000000000003,HIT_TARGET,4.391581748,True,4.391581748,True,0.209895984,True,True,4.181685764,False,,0.0
2026-03-21,YOUNG_LEVEL,ASK,2026-03-21 14:33:24.816838665,1774103604816838665,0.568340722,1.0,2162.4,37.39,4.017837954008167,3,3,5.0,4-5,1.672,0.04471783899438352,2162.0,2162.3,3.000000000001819,2162.0,2162.1,0.0,3.000000000001819,2.16215,0.837850000001819,4.3243,-1.324299999998181,HIT_TARGET,20.077694053,True,20.077694053,True,2.760278449,True,True,17.317415604,False,,1.999999999998181
2026-03-21,YOUNG_LEVEL,ASK,2026-03-21 14:54:53.722337005,1774104893722337005,0.508127611,1.0,2154.8,82.895,5.361208123140603,1,1,5.0,4-5,22.566,0.2722238977019121,2154.6,2154.7000000000003,1.000000000003638,2154.6,2154.7,0.0,1.000000000003638,2.15465,-1.1546499999963622,4.3093,-3.3092999999963624,HIT_TARGET,0.050160302,True,0.050160302,False,,False,False,,False,,0.0
2026-03-21,YOUNG_LEVEL,ASK,2026-03-21 14:56:38.235762053,1774104998235762053,0.999958607,1.0,2152.0,54.011,4.7432159480108895,3,3,5.9999999999990905,4-5,13.745,0.25448519745977666,2151.6,2151.9,3.000000000001819,2151.6,2151.7,0.0,3.000000000001819,2.15175,0.8482500000018192,4.3035,-1.3034999999981807,HIT_TARGET,2.704582424,True,2.704582424,True,0.051838012,True,True,2.652744412,False,,0.0
2026-03-21,YOUNG_LEVEL,BID,2026-03-21 14:57:17.975297099,1774105037975297099,1.886260744,1.0,2151.5,61.599,5.450033178500332,3,3,3.999999999996362,2-3,26.104,0.42377311319988964,2151.9,2151.6,3.000000000001819,2151.8,2151.9,0.0,3.000000000001819,2.15175,0.8482500000018192,4.3035,-1.3034999999981807,HIT_TARGET,2.44939536,True,2.44939536,True,0.107722266,True,True,2.341673094,False,,0.0
2026-03-21,YOUNG_LEVEL,ASK,2026-03-21 15:01:31.221719024,1774105291221719024,0.513308021,1.0,2153.3,49.362,3.3263923986657233,4,4,4.0000000000009095,4-5,21.578,0.4371378793403833,2152.8,2153.2000000000003,4.0000000000009095,2152.8,2152.9,0.0,4.0000000000009095,2.1529999999999996,1.84700000000091,4.305999999999999,-0.30599999999908967,HIT_TARGET,10.561786054,True,10.561786054,True,3.305453204,True,True,7.25633285,False,,0.0
2026-03-21,YOUNG_LEVEL,BID,2026-03-21 15:03:06.500871468,1774105386500871468,1.220020873,1.0,2151.3,63.444,5.255467196819086,3,3,4.0000000000009095,4-5,22.416,0.35331946283336485,2151.7,2151.4,2.9999999999972715,2151.6,2151.7,0.0,2.9999999999972715,2.15155,0.8484499999972717,4.3031,-1.3031000000027282,HIT_TARGET,2.302898152,True,2.302898152,False,,False,False,,False,,0.0
2026-03-21,YOUNG_LEVEL,BID,2026-03-21 15:10:15.507598919,1774105815507598919,0.51995181,0.8985625475560899,2152.7,59.393,3.493705882352941,2,2,4.0000000000009095,4-5,15.238999999999999,0.2565790581381644,2153.0,2152.7999999999997,2.0000000000027285,2152.9,2153.0,0.0,2.0000000000027285,2.1528999999999994,-0.15289999999727089,4.305799999999999,-2.3057999999972703,TIMEOUT,60.0,False,,True,2.62299687,True,False,,False,,0.9999999999990905
2026-03-21,YOUNG_LEVEL,BID,2026-03-21 15:17:04.118500166,1774106224118500166,1.271502052,1.0,2151.1,85.661,6.904804127035306,1,1,5.0,4-5,33.988,0.3967733274185452,2151.3,2151.2,1.000000000003638,2151.2,2151.3,0.0,1.000000000003638,2.15125,-1.1512499999963621,4.3025,-3.3024999999963622,HIT_TARGET,0.059996575,True,0.059996575,False,,False,False,,False,,0.0
2026-03-21,YOUNG_LEVEL,BID,2026-03-21 15:18:04.617326811,1774106284617326811,1.018829593,1.0,2147.9,72.427,7.419278836304036,4,4,23.999999999996362,6+,31.307,0.4322559266571858,2148.4,2148.0,4.0000000000009095,2148.3,2148.4,0.0,4.0000000000009095,2.1481999999999997,1.8518000000009098,4.296399999999999,-0.29639999999908984,HIT_TARGET,2.351350619,True,2.351350619,True,0.10510144,True,True,2.246249179,True,1.687023202,3.999999999996362
2026-03-21,YOUNG_LEVEL,BID,2026-03-21 15:23:53.035395683,1774106633035395683,0.574886732,1.0,2150.2,80.096,8.8562582927908,4,4,4.0000000000009095,4-5,11.521999999999998,0.14385237714742308,2150.7,2150.2999999999997,4.0000000000009095,2150.6,2150.7,0.0,4.0000000000009095,2.1504999999999996,1.8495000000009099,4.300999999999999,-0.3009999999990898,TIMEOUT,60.0,False,,True,2.427396773,True,False,,True,30.660030081,14.00000000000091
2026-03-21,YOUNG_LEVEL,ASK,2026-03-21 16:17:12.382273673,1774109832382273673,1.466749698,0.9302058652954978,2154.7,50.29,5.553224381625441,2,2,4.0000000000009095,4-5,10.588999999999999,0.21055875919665934,2154.4,2154.6,1.999999999998181,2154.4,2154.5,0.0,1.999999999998181,2.1545,-0.15450000000181907,4.309,-2.309000000001819,TIMEOUT,60.0,False,,True,9.404169972,True,False,,True,9.404169972,38.00000000000182
2026-03-21,YOUNG_LEVEL,ASK,2026-03-21 16:17:43.736225212,1774109863736225212,0.56560862,1.0,2151.6,75.992,8.362715967866183,3,3,5.0,4-5,18.795,0.2473286661753869,2151.2,2151.5,3.000000000001819,2151.2,2151.3,0.0,3.000000000001819,2.15135,0.8486500000018191,4.3027,-1.3026999999981808,HIT_TARGET,4.383710864,True,4.383710864,True,0.30037596,True,True,4.083334904,False,,0.0
2026-03-21,YOUNG_LEVEL,ASK,2026-03-21 16:28:57.292958247,1774110537292958247,0.965248557,0.8964968294689717,2148.0,51.347,5.4563519472929185,4,4,4.0000000000009095,4-5,17.924,0.3490758953785031,2147.5,2147.9,4.0000000000009095,2147.5,2147.6,0.0,4.0000000000009095,2.1477,1.8523000000009096,4.2954,-0.2953999999990904,HIT_TARGET,2.14216237,True,2.14216237,False,,False,False,,False,,0.0
2026-03-21,YOUNG_LEVEL,ASK,2026-03-21 16:30:55.774223995,1774110655774223995,0.501947101,1.0,2150.1,85.923,8.166809238665525,6,6,4.0000000000009095,4-5,23.594,0.27459469525039865,2149.4,2150.0,5.9999999999990905,2149.4,2149.5,0.0,5.9999999999990905,2.1496999999999997,3.850299999999091,4.2993999999999994,1.700599999999091,HIT_TARGET,20.317933298,True,20.317933298,True,1.439390431,True,True,18.878542867,False,,0.0
2026-03-21,YOUNG_LEVEL,BID,2026-03-21 16:38:40.873042050,1774111120873042050,1.788781094,0.9706518264442257,2150.4,57.615,3.5372666994106092,3,3,4.0000000000009095,4-5,23.166,0.4020827909398594,2150.8,2150.5,3.000000000001819,2150.7,2150.8,0.0,3.000000000001819,2.1506499999999997,0.8493500000018193,4.3012999999999995,-1.3012999999981805,HIT_TARGET,2.34997041,True,2.34997041,True,0.049561002,True,True,2.300409408,False,,0.0
2026-03-21,YOUNG_LEVEL,ASK,2026-03-21 16:46:12.610218626,1774111572610218626,0.50804457,1.0,2149.6,52.517,4.236950383219041,3,3,5.0,4-5,7.849,0.14945636650989202,2149.2,2149.5,3.000000000001819,2149.2,2149.3,0.0,3.000000000001819,2.1493499999999996,0.8506500000018193,4.298699999999999,-1.2986999999981803,HIT_TARGET,11.137443337,True,11.137443337,False,,False,False,,False,,0.0
2026-03-21,YOUNG_LEVEL,BID,2026-03-21 16:46:48.593004966,1774111608593004966,0.509275996,1.0,2149.4,46.447,4.737556099551204,2,2,4.0000000000009095,4-5,16.378,0.35261696126768144,2149.7,2149.5,1.999999999998181,2149.6,2149.7,0.0,1.999999999998181,2.1495999999999995,-0.1496000000018185,4.299199999999999,-2.299200000001818,HIT_TARGET,5.749048412,True,5.749048412,False,,False,False,,False,,0.0
2026-03-21,YOUNG_LEVEL,ASK,2026-03-21 16:56:38.923595859,1774112198923595859,0.511441574,1.0,2145.6,75.644,5.613238349658653,4,4,3.999999999996362,2-3,36.626000000000005,0.48418909629316276,2145.1,2145.5,4.0000000000009095,2145.1,2145.2,0.0,4.0000000000009095,2.1453,1.8547000000009093,4.2906,-0.2905999999990909,HIT_TARGET,11.43401826,True,11.43401826,True,0.819812168,True,True,10.614206092,False,,0.0
2026-03-21,YOUNG_LEVEL,ASK,2026-03-21 17:17:01.413863413,1774113421413863413,1.86893832,0.9429133862480812,2146.2,86.007,6.835717691940868,3,3,4.0000000000009095,4-5,23.497999999999998,0.27321032009022517,2145.8,2146.1,2.9999999999972715,2145.8,2145.9,0.0,2.9999999999972715,2.1459499999999996,0.8540499999972719,4.291899999999999,-1.2919000000027276,HIT_TARGET,30.202925282,True,30.202925282,False,,False,False,,False,,0.9999999999990905
2026-03-21,YOUNG_LEVEL,ASK,2026-03-21 17:21:17.051521806,1774113677051521806,0.764774764,1.0,2147.7,107.089,9.260549982704946,5,5,3.999999999996362,2-3,47.05800000000001,0.43942888625349014,2147.1,2147.6,5.0,2147.1,2147.2,0.0,5.0,2.14735,2.85265,4.2947,0.7053000000000003,HIT_TARGET,3.457600481,True,3.457600481,True,2.348174379,True,True,1.109426102,False,,0.0
2026-03-21,YOUNG_LEVEL,ASK,2026-03-21 17:52:53.277106384,1774115573277106384,0.511094542,1.0,2148.8,83.284,7.4291066410954025,4,4,4.0000000000009095,4-5,34.474000000000004,0.41393304836463185,2148.3,2148.7000000000003,4.0000000000009095,2148.3,2148.4,0.0,4.0000000000009095,2.1485,1.8515000000009096,4.297,-0.2969999999990902,TIMEOUT,60.0,False,,True,5.405178793,True,False,,False,,0.0
2026-03-21,YOUNG_LEVEL,ASK,2026-03-21 18:12:35.094276488,1774116755094276488,0.894945033,1.0,2149.6,36.514,3.5581757941921652,1,1,4.0000000000009095,4-5,3.82,0.10461740702196416,2149.4,2149.5,0.9999999999990905,2149.4,2149.5,0.0,0.9999999999990905,2.1494499999999994,-1.149450000000909,4.298899999999999,-3.2989000000009083,HIT_TARGET,0.047882736,True,0.047882736,False,,False,False,,False,,0.0
2026-03-21,YOUNG_LEVEL,BID,2026-03-21 18:38:55.535397649,1774118335535397649,0.546192512,1.0,2152.9,75.981,3.430913031698726,1,1,4.0000000000009095,4-5,29.095,0.38292467853805556,2153.1,2153.0,0.9999999999990905,2153.0,2153.1,0.0,0.9999999999990905,2.15305,-1.1530500000009094,4.3061,-3.3061000000009093,HIT_TARGET,0.101626912,True,0.101626912,False,,False,False,,False,,0.0
2026-03-21,YOUNG_LEVEL,ASK,2026-03-21 18:42:54.408442293,1774118574408442293,0.714039063,1.0,2155.6,47.61,5.827417380660955,3,3,4.0000000000009095,4-5,0.647,0.01358958202058391,2155.2,2155.5,3.000000000001819,2155.2,2155.3,0.0,3.000000000001819,2.15535,0.8446500000018191,4.3107,-1.3106999999981808,HIT_TARGET,4.742567406,True,4.742567406,False,,False,False,,False,,0.0
2026-03-21,YOUNG_LEVEL,BID,2026-03-21 20:01:35.742554931,1774123295742554931,0.561947297,1.0,2152.4,57.064,6.09137489325363,4,4,3.999999999996362,2-3,9.924,0.17390999579419597,2152.9,2152.5,4.0000000000009095,2152.8,2152.9,0.0,4.0000000000009095,2.1527,1.8473000000009097,4.3054,-0.3053999999990902,TIMEOUT,60.0,False,,True,4.591891609,True,False,,False,,0.0
2026-03-21,YOUNG_LEVEL,BID,2026-03-21 20:05:01.786182562,1774123501786182562,0.533700756,1.0,2151.4,51.838,3.256667190199466,2,2,5.0,4-5,14.977,0.2889193255912651,2151.7,2151.5,1.999999999998181,2151.6,2151.7,0.0,1.999999999998181,2.1515999999999997,-0.15160000000181872,4.3031999999999995,-2.3032000000018185,HIT_TARGET,39.07714509,True,39.07714509,True,0.934941107,True,True,38.142203983,False,,0.0
2026-03-21,YOUNG_LEVEL,BID,2026-03-21 20:39:02.447112252,1774125542447112252,0.688261111,0.9833770224451923,2155.6,49.219,5.614121136078476,3,3,4.0000000000009095,4-5,9.809,0.1992929559722871,2156.0,2155.7,3.000000000001819,2155.9,2156.0,0.0,3.000000000001819,2.15585,0.844150000001819,4.3117,-1.311699999998181,DATA_GAP,8.291206469,False,,True,2.069505053,True,False,,False,,0.0
2026-03-21,YOUNG_LEVEL,ASK,2026-03-21 20:45:05.122252580,1774125905122252580,0.542262203,0.9909719744933061,2156.4,31.108,3.520199162611746,3,3,4.0000000000009095,4-5,6.714,0.21582872572971584,2156.0,2156.3,3.000000000001819,2156.0,2156.1,0.0,3.000000000001819,2.15615,0.8438500000018192,4.3123,-1.3122999999981806,HIT_TARGET,23.707721273,True,23.707721273,False,,False,False,,False,,0.0
2026-03-21,YOUNG_LEVEL,ASK,2026-03-21 20:58:56.350833199,1774126736350833199,0.738892832,0.8256881493201439,2156.7,56.847,4.629234527687297,2,2,4.0000000000009095,4-5,7.756,0.1364363994581948,2156.4,2156.6,1.999999999998181,2156.4,2156.5,0.0,1.999999999998181,2.1565,-0.15650000000181885,4.313,-2.3130000000018187,TIMEOUT,60.0,False,,True,25.296798618,True,False,,True,9.978103563,4.0000000000009095
2026-03-21,YOUNG_LEVEL,ASK,2026-03-21 21:04:48.496113368,1774127088496113368,1.075867551,1.0,2155.1,52.454,4.030427599984632,3,3,4.0000000000009095,4-5,24.085,0.459164220078545,2154.7,2155.0,3.000000000001819,2154.7,2154.8,0.0,3.000000000001819,2.1548499999999997,0.8451500000018193,4.309699999999999,-1.3096999999981804,HIT_TARGET,7.759976711,True,7.759976711,True,7.093750656,True,True,0.666226055,False,,0.0
2026-03-21,YOUNG_LEVEL,ASK,2026-03-21 21:17:19.460772646,1774127839460772646,1.123568256,0.8933228449985685,2154.8,48.378,20.551401869158877,4,4,5.0,4-5,12.673,0.26195791475464053,2154.3,2154.7000000000003,4.0000000000009095,2154.3,2154.4,0.0,4.0000000000009095,2.1545,1.8455000000009094,4.309,-0.30899999999909067,HIT_TARGET,11.114954804,True,11.114954804,True,10.056433257,True,True,1.058521547,False,,0.0
2026-03-21,YOUNG_LEVEL,ASK,2026-03-21 21:38:45.595646145,1774129125595646145,0.558569338,1.0,2155.7,35.673,3.4035874439461886,1,1,5.0,4-5,11.578,0.3245591904241303,2155.5,2155.6,0.9999999999990905,2155.5,2155.6,0.0,0.9999999999990905,2.1555500000000003,-1.1555500000009098,4.311100000000001,-3.31110000000091,HIT_TARGET,0.046307925,True,0.046307925,False,,False,False,,False,,0.0
2026-03-21,YOUNG_LEVEL,ASK,2026-03-21 21:48:26.756913037,1774129706756913037,0.717016516,1.0,2155.7,47.99,5.236510447924055,1,1,5.0,4-5,8.045,0.16763909147739112,2155.5,2155.6,0.9999999999990905,2155.5,2155.6,0.0,0.9999999999990905,2.1555500000000003,-1.1555500000009098,4.311100000000001,-3.31110000000091,HIT_TARGET,0.04979459,True,0.04979459,False,,False,False,,False,,0.0
2026-03-21,YOUNG_LEVEL,BID,2026-03-21 22:02:30.045894297,1774130550045894297,0.556165957,1.0,2150.7,40.584,3.3746881756194913,2,2,6.999999999998181,6+,6.676,0.1644983244628425,2151.0,2150.7999999999997,2.0000000000027285,2150.9,2151.0,0.0,2.0000000000027285,2.1508999999999996,-0.1508999999972711,4.301799999999999,-2.3017999999972707,HIT_TARGET,2.457579749,True,2.457579749,False,,False,False,,False,,0.0
2026-03-21,YOUNG_LEVEL,BID,2026-03-21 22:19:44.380431984,1774131584380431984,0.519758684,1.0,2151.4,50.068,3.4640744456360046,1,1,5.0,4-5,0.241,0.004813453702963969,2151.6,2151.5,0.9999999999990905,2151.5,2151.6,0.0,0.9999999999990905,2.15155,-1.1515500000009093,4.3031,-3.303100000000909,HIT_TARGET,0.10232386,True,0.10232386,False,,False,False,,False,,0.0
2026-03-21,YOUNG_LEVEL,BID,2026-03-21 23:11:58.357665313,1774134718357665313,1.880284705,1.0,2146.5,47.2,6.074255195933338,2,2,4.0000000000009095,4-5,5.619,0.11904661016949152,2146.8,2146.6,2.0000000000027285,2146.7,2146.8,0.0,2.0000000000027285,2.1466999999999996,-0.14669999999727112,4.293399999999999,-2.2933999999972707,HIT_TARGET,2.968010901,True,2.968010901,True,0.660266515,True,True,2.307744386,False,,0.0
2026-03-21,YOUNG_LEVEL,ASK,2026-03-21 23:24:09.249174862,1774135449249174862,0.510816672,1.0,2147.7,75.412,5.8590630098671435,3,3,4.0000000000009095,4-5,24.872,0.3298148835729061,2147.3,2147.6,2.9999999999972715,2147.3,2147.4,0.0,2.9999999999972715,2.1474499999999996,0.8525499999972719,4.294899999999999,-1.2949000000027278,TIMEOUT,60.0,False,,True,4.492616722,True,False,,True,14.295562993,20.99999999999909
2026-03-21,YOUNG_LEVEL,BID,2026-03-21 23:25:00.335628213,1774135500335628213,0.501061836,1.0,2145.5,31.893,5.252037875669,4,4,5.9999999999990905,4-5,12.067,0.37835888753017904,2146.0,2145.6,4.0000000000009095,2145.9,2146.0,0.0,4.0000000000009095,2.1458,1.8542000000009096,4.2916,-0.29159999999909036,HIT_TARGET,0.9885551,True,0.9885551,False,,False,False,,False,,0.0
2026-03-21,YOUNG_LEVEL,BID,2026-03-21 23:45:32.839019408,1774136732839019408,0.662312375,0.7715743753089318,2144.0,37.009,3.4097107057306064,5,5,4.0000000000009095,4-5,11.937000000000001,0.3225431651760383,2144.6,2144.1,5.0,2144.5,2144.6,0.0,5.0,2.1443499999999998,2.8556500000000002,4.2886999999999995,0.7113000000000005,HIT_TARGET,4.542457898,True,4.542457898,False,,False,False,,False,,0.0
2026-03-21,YOUNG_LEVEL,BID,2026-03-21 23:46:56.073539001,1774136816073539001,0.821009258,1.0,2137.3,100.0,27.427317608337905,7,7,35.99999999999909,6+,10.928,0.10928,2138.1,2137.4,6.999999999998181,2138.0,2138.1,0.0,6.999999999998181,2.1377499999999996,4.862249999998181,4.275499999999999,2.724499999998182,HIT_TARGET,0.103482225,True,0.103482225,False,,False,False,,False,,0.0
2026-03-21,YOUNG_LEVEL,ASK,2026-03-21 23:47:25.716474085,1774136845716474085,1.174811248,1.0,2134.2,51.781,7.283353259722906,4,4,5.0,4-5,21.842000000000002,0.42181495143006126,2133.7,2134.1,4.0000000000009095,2133.7,2133.8,0.0,4.0000000000009095,2.1338999999999997,1.8661000000009098,4.267799999999999,-0.2677999999990899,HIT_TARGET,6.584046641,True,6.584046641,True,2.552560864,True,True,4.031485777,True,2.603868644,12.000000000002728
2026-03-21,YOUNG_LEVEL,ASK,2026-03-21 23:48:36.538665863,1774136916538665863,1.683435765,1.0,2130.5,57.491,5.975884829270828,4,4,4.0000000000009095,4-5,13.304,0.2314101337600668,2130.0,2130.4,4.0000000000009095,2130.0,2130.1,0.0,4.0000000000009095,2.1302,1.8698000000009096,4.2604,-0.26039999999909025,HIT_TARGET,1.631630512,True,1.631630512,True,0.507404504,True,True,1.124226008,False,,0.0
2026-03-21,YOUNG_LEVEL,ASK,2026-03-21 23:48:38.731619369,1774136918731619369,0.561322994,1.0,2130.8,87.324,8.388069737284471,3,3,4.0000000000009095,4-5,24.364,0.2790069167697311,2130.4,2130.7000000000003,3.000000000001819,2130.4,2130.5,0.0,3.000000000001819,2.13055,0.869450000001819,4.2611,-1.261099999998181,TIMEOUT,60.0,False,,True,0.713070809,True,False,,True,4.235999579,30.99999999999909
2026-03-21,YOUNG_LEVEL,BID,2026-03-21 23:49:10.788611471,1774136950788611471,1.125287258,0.8522249009594668,2128.1,14.349,3.1728026533996685,3,3,5.0,4-5,5.886,0.4102028015889609,2128.5,2128.2,3.000000000001819,2128.4,2128.5,0.0,3.000000000001819,2.1283499999999997,0.8716500000018192,4.2566999999999995,-1.2566999999981805,HIT_TARGET,1.275181497,True,1.275181497,False,,False,False,,False,,0.0
2026-03-21,YOUNG_LEVEL,BID,2026-03-21 23:49:12.011075290,1774136952011075290,0.510232523,1.0,2128.1,43.099,3.461350038148014,2,2,5.9999999999990905,4-5,20.342,0.47198310865681337,2128.4,2128.2,2.0000000000027285,2128.3,2128.4,0.0,2.0000000000027285,2.1283,-0.12829999999727137,4.2566,-2.2565999999972712,HIT_TARGET,0.052717678,True,0.052717678,False,,False,False,,False,,0.0
2026-03-21,YOUNG_LEVEL,ASK,2026-03-21 23:50:10.295575102,1774137010295575102,1.075170161,1.0,2121.0,48.4,5.257155270732635,4,4,5.9999999999990905,4-5,13.340000000000002,0.27561983471074386,2120.5,2120.9,4.0000000000009095,2120.5,2120.6,0.0,4.0000000000009095,2.1207,1.8793000000009097,4.2414,-0.24139999999909012,HIT_TARGET,0.662526036,True,0.662526036,False,,False,False,,False,,0.0
2026-03-21,YOUNG_LEVEL,ASK,2026-03-21 23:50:34.736736480,1774137034736736480,0.563727442,1.0,2124.5,103.778,10.5939158840343,3,3,3.999999999996362,2-3,22.024,0.21222224363545258,2124.1,2124.4,3.000000000001819,2124.1,2124.2,0.0,3.000000000001819,2.12425,0.875750000001819,4.2485,-1.248499999998181,TIMEOUT,60.0,False,,True,1.124401281,True,False,,True,1.073593681,78.99999999999636
2026-03-21,YOUNG_LEVEL,BID,2026-03-21 23:51:48.059615897,1774137108059615897,0.715842442,0.9220881764928937,2109.5,29.173,4.530672464668426,4,4,7.9999999999972715,6+,11.423,0.39156068967881263,2110.0,2109.6,4.0000000000009095,2109.9,2110.0,0.0,4.0000000000009095,2.1098000000000003,1.8902000000009092,4.219600000000001,-0.2195999999990912,HIT_TARGET,0.051096061,True,0.051096061,False,,False,False,,False,,0.0
2026-03-21,YOUNG_LEVEL,ASK,2026-03-21 23:51:55.095671215,1774137115095671215,0.559969978,1.0,2109.4,57.309,13.37120858609426,1,1,4.0000000000009095,4-5,3.202,0.05587255055924899,2109.2,2109.3,1.000000000003638,2109.2,2109.3,0.0,1.000000000003638,2.10925,-1.1092499999963619,4.2185,-3.2184999999963617,HIT_TARGET,0.04150803,True,0.04150803,False,,False,False,,False,,0.0
2026-03-21,YOUNG_LEVEL,BID,2026-03-21 23:52:04.180676478,1774137124180676478,1.633197884,1.0,2104.0,14.294,10.023842917251052,7,7,5.0,4-5,6.002,0.4198964600531691,2104.8,2104.1,7.0000000000027285,2104.7,2104.8,0.0,7.0000000000027285,2.10445,4.8955500000027286,4.2089,2.7911000000027286,HIT_TARGET,1.172938337,True,1.172938337,False,,False,False,,True,0.662812715,14.00000000000091
2026-03-21,YOUNG_LEVEL,BID,2026-03-21 23:52:19.601635743,1774137139601635743,0.868190596,0.8089597459772532,2101.1,25.057,3.7401298604373454,2,2,3.999999999996362,2-3,5.514,0.220058267150896,2101.4,2101.2,2.0000000000027285,2101.3,2101.4,0.0,2.0000000000027285,2.1013,-0.10129999999727168,4.2026,-2.202599999997272,HIT_TARGET,0.507843604,True,0.507843604,False,,False,False,,False,,0.9999999999990905
2026-03-21,YOUNG_LEVEL,BID,2026-03-21 23:53:06.034642494,1774137186034642494,0.766854117,1.0,2104.4,14.351,8.793504901960786,4,4,20.0,6+,1.361,0.09483659675283952,2104.9,2104.5,4.0000000000009095,2104.8,2104.9,0.0,4.0000000000009095,2.1047,1.8953000000009097,4.2094,-0.2093999999990901,HIT_TARGET,0.050704052,True,0.050704052,False,,False,False,,False,,0.0
2026-03-21,YOUNG_LEVEL,ASK,2026-03-21 23:53:11.181396305,1774137191181396305,0.506649588,1.0,2108.6,47.9,10.271255494800043,3,3,30.0,6+,18.422,0.38459290187891443,2108.2,2108.5,3.000000000001819,2108.2,2108.3,0.0,3.000000000001819,2.1083499999999997,0.8916500000018193,4.2166999999999994,-1.2166999999981805,HIT_TARGET,0.256038781,True,0.256038781,False,,False,False,,False,,0.0
2026-03-21,YOUNG_LEVEL,BID,2026-03-21 23:53:22.257153284,1774137202257153284,0.511327301,1.0,2104.6,35.865,6.96272568433314,1,1,5.0,4-5,12.812,0.35722849574794363,2104.8,2104.7,1.000000000003638,2104.7,2104.8,0.0,1.000000000003638,2.1047499999999997,-1.1047499999963617,4.209499999999999,-3.2094999999963614,HIT_TARGET,0.034450455,True,0.034450455,False,,False,False,,False,,0.0
2026-03-21,YOUNG_LEVEL,BID,2026-03-21 23:53:26.337447927,1774137206337447927,0.663432385,0.7536563051561012,2101.8,16.412,3.039822189294314,2,2,5.0,4-5,6.754,0.41152815013404825,2102.1,2101.9,1.999999999998181,2102.0,2102.1,0.0,1.999999999998181,2.102,-0.10200000000181886,4.204,-2.2040000000018187,HIT_TARGET,18.217354943,True,18.217354943,True,1.376626686,True,True,16.840728257,True,1.214829388,41.99999999999818
2026-03-21,YOUNG_LEVEL,ASK,2026-03-21 23:53:29.703798278,1774137209703798278,1.938405104,0.8878834643225331,2102.8,46.471,6.060776002608411,3,3,4.0000000000009095,4-5,13.506,0.2906328678100321,2102.4,2102.7000000000003,3.000000000001819,2102.4,2102.5,0.0,3.000000000001819,2.10255,0.8974500000018191,4.2051,-1.2050999999981808,HIT_TARGET,0.154789986,True,0.154789986,False,,False,False,,False,,0.0
2026-03-21,YOUNG_LEVEL,BID,2026-03-21 23:53:54.452074781,1774137234452074781,0.506458479,1.0,2098.2,34.0,4.383137811009411,2,2,9.00000000000091,6+,6.348,0.18670588235294117,2098.5,2098.2999999999997,2.0000000000027285,2098.4,2098.5,0.0,2.0000000000027285,2.0983999999999994,-0.09839999999727089,4.196799999999999,-2.1967999999972703,HIT_TARGET,0.870382147,True,0.870382147,True,0.308754585,True,True,0.561627562,False,,1.999999999998181
2026-03-21,YOUNG_LEVEL,BID,2026-03-21 23:54:02.825391981,1774137242825391981,0.816521629,1.0,2098.2,37.915,3.797766314418791,4,4,13.000000000001819,6+,1.048,0.027640775418699724,2098.7,2098.2999999999997,4.0000000000009095,2098.6,2098.7,0.0,4.0000000000009095,2.0985,1.9015000000009095,4.197,-0.19699999999909057,HIT_TARGET,13.415359798,True,13.415359798,True,0.510842398,True,True,12.9045174,True,0.612869119,20.0
2026-03-21,YOUNG_LEVEL,BID,2026-03-21 23:55:29.308636495,1774137329308636495,1.125012987,0.9565927330934891,2087.6,35.548,7.847240618101547,4,4,5.9999999999990905,4-5,6.9430000000000005,0.19531337909305727,2088.1,2087.7,4.0000000000009095,2088.0,2088.1,0.0,4.0000000000009095,2.0878999999999994,1.91210000000091,4.175799999999999,-0.17579999999908935,HIT_TARGET,0.816753686,True,0.816753686,True,0.305823136,True,True,0.51093055,False,,0.0
2026-03-21,YOUNG_LEVEL,BID,2026-03-21 23:55:54.165537416,1774137354165537416,0.661982179,0.6840211252877247,2087.9,42.627,5.888520513883133,4,4,13.999999999996362,6+,11.73,0.2751777042719403,2088.4,2088.0,4.0000000000009095,2088.3,2088.4,0.0,4.0000000000009095,2.0881999999999996,1.9118000000009099,4.176399999999999,-0.17639999999908973,HIT_TARGET,0.30709047,True,0.30709047,False,,False,False,,False,,0.0
2026-03-21,YOUNG_LEVEL,ASK,2026-03-21 23:56:39.157248362,1774137399157248362,1.321233177,0.8368260427054051,2082.3,60.801,29.10531354715175,3,3,4.0000000000009095,4-5,3.601,0.059225999572375454,2081.9,2082.2000000000003,3.000000000001819,2081.9,2082.0,0.0,3.000000000001819,2.08205,0.9179500000018188,4.1641,-1.1640999999981814,HIT_TARGET,0.054886263,True,0.054886263,False,,False,False,,False,,0.0
2026-03-21,YOUNG_LEVEL,ASK,2026-03-21 23:56:51.613197283,1774137411613197283,0.618718782,0.7447984583729672,2081.1,51.664,11.182683982683983,4,4,5.0,4-5,19.986,0.38684577268504183,2080.6,2081.0,4.0000000000009095,2080.6,2080.7,0.0,4.0000000000009095,2.0808,1.9192000000009095,4.1616,-0.16159999999909047,HIT_TARGET,2.965495112,True,2.965495112,True,0.870301332,True,True,2.09519378,True,0.819223319,15.0
2026-03-21,YOUNG_LEVEL,ASK,2026-03-21 23:56:54.578692395,1774137414578692395,0.510374876,0.7903186872388287,2081.2,12.332,7.839796567069295,1,1,4.0000000000009095,4-5,0.528,0.042815439506973724,2080.8,2081.1,2.9999999999972715,2080.8,2081.1,0.0,2.9999999999972715,2.0809499999999996,0.9190499999972719,4.161899999999999,-1.1619000000027278,HIT_TARGET,0.049712147,True,0.049712147,False,,False,False,,False,,0.0
2026-03-21,YOUNG_LEVEL,ASK,2026-03-21 23:57:17.640578423,1774137437640578423,0.560843552,1.0,2081.6,47.233,10.152176249328317,4,4,3.999999999996362,2-3,9.793,0.20733385556708234,2081.1,2081.5,4.0000000000009095,2081.1,2081.2,0.0,4.0000000000009095,2.0813,1.9187000000009093,4.1626,-0.1625999999990908,HIT_TARGET,0.051202343,True,0.051202343,False,,False,False,,False,,0.0
2026-03-21,YOUNG_LEVEL,BID,2026-03-21 23:57:23.048922350,1774137443048922350,0.610448368,1.0,2079.7,39.748,5.634817125035441,4,4,9.00000000000091,6+,14.614,0.3676662976753548,2080.2,2079.7999999999997,4.0000000000009095,2080.1,2080.2,0.0,4.0000000000009095,2.0799999999999996,1.9200000000009099,4.159999999999999,-0.15999999999908976,HIT_TARGET,1.071075905,True,1.071075905,True,0.052312363,True,True,1.018763542,False,,0.0
2026-03-21,YOUNG_LEVEL,ASK,2026-03-21 23:57:52.094573860,1774137472094573860,1.188747135,0.8675822701351873,2073.5,48.908,15.447883765003159,6,6,4.0000000000009095,4-5,17.293,0.3535822360350045,2072.8,2073.4,5.9999999999990905,2072.8,2072.9,0.0,5.9999999999990905,2.0731,3.9268999999990903,4.1462,1.8537999999990902,HIT_TARGET,8.166110867,True,8.166110867,True,0.152913562,True,True,8.013197305,True,0.152913562,12.000000000002728
2026-03-21,YOUNG_LEVEL,BID,2026-03-21 23:58:03.371447437,1774137483371447437,0.56089987,0.9877474245091196,2073.0,26.329,3.9253074916138653,4,4,5.0,4-5,11.404,0.43313456644764325,2073.5,2073.1,4.0000000000009095,2073.4,2073.5,0.0,4.0000000000009095,2.0733,1.9267000000009094,4.1466,-0.1465999999990908,HIT_TARGET,1.632062475,True,1.632062475,True,0.050747692,True,True,1.581314783,True,0.663252617,16.99999999999818
2026-03-21,YOUNG_LEVEL,BID,2026-03-21 23:58:03.422195129,1774137483422195129,1.223497105,0.8265502704234025,2073.3,35.521,5.6431805544523,1,1,5.0,4-5,7.796,0.2194758030460854,2073.5,2073.4,0.9999999999990905,2073.4,2073.5,0.0,0.9999999999990905,2.07345,-1.0734500000009093,4.1469,-3.146900000000909,HIT_TARGET,0.050494331,True,0.050494331,False,,False,False,,False,,0.0
2026-03-21,YOUNG_LEVEL,BID,2026-03-21 23:58:05.920364742,1774137485920364742,0.508663849,1.0,2073.4,25.392,10.349296922763399,2,2,5.0,4-5,8.181,0.32218809073724003,2073.7,2073.5,1.999999999998181,2073.6,2073.7,0.0,1.999999999998181,2.0736,-0.07360000000181888,4.1472,-2.1472000000018188,HIT_TARGET,2.196907035,True,2.196907035,True,0.200025575,True,True,1.99688146,True,0.462808822,8.000000000001819
2026-03-21,YOUNG_LEVEL,ASK,2026-03-21 23:58:06.383173564,1774137486383173564,0.921411943,0.6373674971998925,2074.3,13.417,3.163640650789908,2,2,5.9999999999990905,4-5,5.880000000000001,0.4382499813669226,2074.0,2074.2000000000003,2.0000000000027285,2074.0,2074.1,0.0,2.0000000000027285,2.0741,-0.07409999999727157,4.1482,-2.1481999999972716,HIT_TARGET,0.100182178,True,0.100182178,False,,False,False,,False,,0.0
2026-03-21,YOUNG_LEVEL,ASK,2026-03-21 23:58:09.387182384,1774137489387182384,1.015462711,0.8959447069248415,2075.5,75.199,13.222964656233515,7,7,7.0000000000027285,6+,37.186,0.49450125666564715,2074.7,2075.4,7.0000000000027285,2074.7,2074.8,0.0,7.0000000000027285,2.07505,4.924950000002728,4.1501,2.8499000000027284,HIT_TARGET,0.874164527,True,0.874164527,False,,False,False,,False,,0.0
2026-03-21,YOUNG_LEVEL,BID,2026-03-21 23:58:18.477499942,1774137498477499942,0.517995685,0.6355123962084742,2072.8,14.424,6.679323917573512,4,4,25.0,6+,1.2670000000000001,0.08783971159179146,2073.3,2072.9,4.0000000000009095,2073.2,2073.3,0.0,4.0000000000009095,2.0731,1.9269000000009093,4.1462,-0.14619999999909083,HIT_TARGET,1.935658439,True,1.935658439,False,,False,False,,False,,0.0
2026-03-21,YOUNG_LEVEL,BID,2026-03-21 23:58:31.431414144,1774137511431414144,1.681812287,0.9627552340506833,2073.6,34.918,4.660704751735184,2,2,10.0,6+,14.847,0.42519617389312103,2073.9,2073.7,2.0000000000027285,2073.8,2073.9,0.0,2.0000000000027285,2.0738,-0.07379999999727138,4.1476,-2.1475999999972712,TIMEOUT,60.0,False,,True,0.91911228,True,False,,True,2.246000099,121.99999999999818
2026-03-21,YOUNG_LEVEL,BID,2026-03-21 23:58:50.162875888,1774137530162875888,0.618633052,0.7483073681617645,2074.9,39.161,3.751412970591053,1,1,18.00000000000182,6+,13.467,0.3438880518883583,2075.1,2075.0,0.9999999999990905,2075.0,2075.1,0.0,0.9999999999990905,2.07505,-1.0750500000009096,4.1501,-3.1501000000009096,HIT_TARGET,0.049917169,True,0.049917169,False,,False,False,,False,,0.0
2026-03-21,YOUNG_LEVEL,BID,2026-03-21 23:58:58.637618426,1774137538637618426,0.925859493,1.0,2076.0,53.655,9.142102572840349,5,5,4.0000000000009095,4-5,13.241,0.24678035597800763,2076.6,2076.1,5.0,2076.5,2076.6,0.0,5.0,2.0763499999999997,2.9236500000000003,4.152699999999999,0.8473000000000006,HIT_TARGET,3.979952274,True,3.979952274,True,0.917960353,True,True,3.061991921,True,0.969080621,10.99999999999909
2026-03-21,YOUNG_LEVEL,ASK,2026-03-21 23:59:10.263740309,1774137550263740309,0.763113793,1.0,2077.7,65.006,8.336774607245912,4,4,5.0,4-5,25.336,0.3897486385872073,2077.2,2077.6,4.0000000000009095,2077.2,2077.3,0.0,4.0000000000009095,2.0773999999999995,1.92260000000091,4.154799999999999,-0.15479999999908944,HIT_TARGET,1.739794406,True,1.739794406,True,0.916954628,True,True,0.822839778,False,,0.0
2026-03-21,YOUNG_LEVEL,ASK,2026-03-21 23:59:12.053523968,1774137552053523968,0.561136681,0.8840009266833155,2078.5,57.051,6.743218485905089,5,5,5.0,4-5,15.312,0.268391439238576,2077.9,2078.4,5.0,2077.9,2078.0,0.0,5.0,2.07815,2.92185,4.1563,0.8437000000000001,HIT_TARGET,0.809032377,True,0.809032377,False,,False,False,,False,,0.0
2026-03-21,YOUNG_LEVEL,ASK,2026-03-21 23:59:27.344062784,1774137567344062784,1.264123305,0.8395720313059176,2085.1,56.396,10.887258687258688,3,3,11.000000000003638,6+,26.767999999999997,0.47464359174409526,2084.7,2085.0,3.000000000001819,2084.7,2084.8,0.0,3.000000000001819,2.08485,0.9151500000018191,4.1697,-1.1696999999981808,HIT_TARGET,0.166875062,True,0.166875062,False,,False,False,,False,,0.0
2026-03-21,YOUNG_LEVEL,BID,2026-03-21 23:59:50.036005782,1774137590036005782,1.500411447,0.9655486372732266,2083.8,26.434,4.202877812226727,3,3,5.9999999999990905,4-5,9.354,0.35386244987516075,2084.2,2083.9,2.9999999999972715,2084.1,2084.2,0.0,2.9999999999972715,2.08405,0.9159499999972716,4.1681,-1.1681000000027284,DATA_GAP,6.228147595,False,,True,1.811820321,True,False,,True,1.811820321,7.0000000000027285
2026-03-21,YOUNG_LEVEL,ASK,2026-03-21 23:59:52.347955209,1774137592347955209,0.500129106,0.7187203997681351,2085.0,41.551,4.828984833517346,2,2,6.000000000003638,6+,18.907999999999998,0.4550552333277177,2084.7,2084.9,2.0000000000027285,2084.7,2084.8,0.0,2.0000000000027285,2.0848,-0.0847999999972715,4.1696,-2.1695999999972715,DATA_GAP,3.916198168,False,,True,0.631545469,True,False,,True,0.631545469,5.0
