date,eventType,side,timestamp,timestampNs,wallAgeSeconds,presenceShare,wallPrice,wallVolume,wallRatio,distanceTicks,distanceBucket,approachTicks,approachBucket,thinVolume,thinVolumeRatio,entryPrice,targetPrice,grossEdgeTicks,signalBestBid,signalBestAsk,roundTripFee0_0bpsTicks,netEdgeIfHit0_0bpsTicks,roundTripFee0_5bpsTicks,netEdgeIfHit0_5bpsTicks,roundTripFee1_0bpsTicks,netEdgeIfHit1_0bpsTicks,outcome,outcomeSeconds,targetHitWithinWindow,timeToTargetSeconds,wallRemoved,timeToWallRemovalSeconds,wallRemovedBeforeHit,targetHitAfterWallRemoved,secondsFromRemovalToHit,movedAwayBeforeHit,timeToMovedAwaySeconds,maxMovedAwayTicks
2026-03-19,WALL,ASK,2026-03-19 00:01:19.539670586,1773878479539670586,4.854658013,0.9921650196783902,2202.4,34.196,3.22832192589096,2,2,5.0,4-5,6.766,0.1978593987600889,2202.1,2202.3,2.0000000000027285,2202.1,2202.2,0.0,2.0000000000027285,2.2021999999999995,-0.202199999997271,4.404399999999999,-2.4043999999972705,HIT_TARGET,5.567987644,True,5.567987644,True,0.130768111,True,True,5.437219533,False,,0.0
2026-03-19,WALL,BID,2026-03-19 00:02:25.444198071,1773878545444198071,4.802630082,1.0,2202.3,74.346,14.468424637540137,4,4,4.0000000000009095,4-5,15.692,0.21106717241008258,2202.8,2202.4,4.0000000000009095,2202.7,2202.8,0.0,4.0000000000009095,2.2026000000000003,1.7974000000009092,4.405200000000001,-0.4051999999990912,HIT_TARGET,0.610752509,True,0.610752509,True,0.051011901,True,True,0.559740608,False,,0.0
2026-03-19,WALL,BID,2026-03-19 00:05:38.096488552,1773878738096488552,3.318188818,0.9890246969062024,2203.9,71.889,14.749487074271645,4,4,3.999999999996362,2-3,13.901,0.19336755275494166,2204.4,2204.0,4.0000000000009095,2204.3,2204.4,0.0,4.0000000000009095,2.2041999999999997,1.7958000000009098,4.408399999999999,-0.40839999999908994,HIT_TARGET,32.215877947,True,32.215877947,True,2.860901541,True,True,29.354976406,True,2.963798301,11.999999999998181
2026-03-19,WALL,ASK,2026-03-19 00:05:48.706970503,1773878748706970503,3.010257863,0.9989669207285449,2205.7,36.226,4.813766527141054,2,2,5.9999999999990905,4-5,17.493,0.48288522055981886,2205.4,2205.6,1.999999999998181,2205.4,2205.5,0.0,1.999999999998181,2.2055,-0.20550000000181878,4.411,-2.4110000000018186,HIT_TARGET,9.50201501,True,9.50201501,True,1.181783828,True,True,8.320231182,False,,0.0
2026-03-19,WALL,BID,2026-03-19 00:06:10.362669758,1773878770362669758,3.58047879,1.0,2203.3,50.999,19.71356783919598,4,4,16.000000000003638,6+,14.495000000000001,0.2842212592403773,2203.8,2203.4,4.0000000000009095,2203.7,2203.8,0.0,4.0000000000009095,2.2036000000000002,1.7964000000009093,4.4072000000000005,-0.40719999999909096,HIT_TARGET,0.153977884,True,0.153977884,False,,False,False,,False,,0.0
2026-03-19,WALL,BID,2026-03-19 00:06:10.414265444,1773878770414265444,8.726897334,0.9955457641459174,2203.4,8.952,4.131056760498385,2,2,17.00000000000273,6+,0.092,0.010277033065236819,2203.7,2203.5,1.999999999998181,2203.6,2203.7,0.0,1.999999999998181,2.2036,-0.20360000000181877,4.4072,-2.4072000000018186,HIT_TARGET,0.102382198,True,0.102382198,False,,False,False,,False,,0.0
2026-03-19,WALL,ASK,2026-03-19 00:07:23.535308526,1773878843535308526,3.007281093,1.0,2204.4,64.11,5.330063185899568,2,2,5.0,4-5,13.761000000000001,0.21464670098268604,2204.1,2204.3,2.0000000000027285,2204.1,2204.2,0.0,2.0000000000027285,2.2041999999999997,-0.20419999999727123,4.408399999999999,-2.408399999997271,HIT_TARGET,5.744360864,True,5.744360864,True,0.999774773,True,True,4.744586091,False,,1.999999999998181
2026-03-19,WALL,ASK,2026-03-19 00:07:38.668158601,1773878858668158601,7.29589984,0.9722047945493726,2205.2,58.238,7.302570532915361,2,2,5.9999999999990905,4-5,11.58,0.198839245853223,2204.9,2205.1,1.999999999998181,2204.9,2205.0,0.0,1.999999999998181,2.205,-0.20500000000181906,4.41,-2.410000000001819,HIT_TARGET,0.204354954,True,0.204354954,False,,False,False,,False,,0.0
2026-03-19,WALL,ASK,2026-03-19 00:11:35.799053324,1773879095799053324,4.361483884,1.0,2196.2,49.243,5.273681392235609,1,1,5.0,4-5,14.985,0.30430721117722315,2196.0,2196.1,0.9999999999990905,2196.0,2196.1,0.0,0.9999999999990905,2.19605,-1.1960500000009096,4.3921,-3.3921000000009096,HIT_TARGET,0.046458182,True,0.046458182,False,,False,False,,False,,0.0
2026-03-19,WALL,ASK,2026-03-19 00:11:56.982063015,1773879116982063015,3.362585381,1.0,2197.7,69.093,7.65064776879637,3,3,5.0,4-5,17.542,0.25388968491743014,2197.3,2197.6,2.9999999999972715,2197.3,2197.4,0.0,2.9999999999972715,2.1974499999999995,0.8025499999972721,4.394899999999999,-1.3949000000027274,HIT_TARGET,0.466390922,True,0.466390922,False,,False,False,,False,,0.0
2026-03-19,WALL,ASK,2026-03-19 00:12:04.995744102,1773879124995744102,3.22139745,1.0,2198.8,50.978,4.0566585763736915,2,2,4.0000000000009095,4-5,20.404,0.40025108870493153,2198.5,2198.7000000000003,2.0000000000027285,2198.5,2198.6,0.0,2.0000000000027285,2.1986000000000003,-0.19859999999727185,4.397200000000001,-2.397199999997272,HIT_TARGET,1.541853212,True,1.541853212,False,,False,False,,False,,0.0
2026-03-19,WALL,ASK,2026-03-19 00:19:23.735569956,1773879563735569956,3.001316247,0.9834215141274314,2200.3,57.629,6.063976429736413,1,1,8.999999999996362,6+,9.998,0.17348904197539433,2200.1,2200.2000000000003,1.000000000003638,2200.1,2200.2,0.0,1.000000000003638,2.20015,-1.2001499999963618,4.4003,-3.4002999999963617,HIT_TARGET,0.151434287,True,0.151434287,False,,False,False,,False,,0.0
2026-03-19,WALL,BID,2026-03-19 00:19:44.577634554,1773879584577634554,3.473793236,0.9454216690172633,2199.3,72.044,7.550594770214327,2,2,4.0000000000009095,4-5,3.295,0.045735939148298266,2199.6,2199.4,1.999999999998181,2199.5,2199.6,0.0,1.999999999998181,2.1995,-0.199500000001819,4.399,-2.399000000001819,HIT_TARGET,19.511976457,True,19.511976457,True,0.101351833,True,True,19.410624624,False,,0.9999999999990905
2026-03-19,WALL,BID,2026-03-19 00:19:46.147155908,1773879586147155908,5.781990621,0.9388034083426439,2199.1,86.161,6.405307958220273,4,4,4.0000000000009095,4-5,27.339000000000002,0.3173013312287462,2199.6,2199.2,4.0000000000009095,2199.5,2199.6,0.0,4.0000000000009095,2.1993999999999994,1.8006000000009101,4.398799999999999,-0.3987999999990892,HIT_TARGET,17.942455103,True,17.942455103,True,0.149136641,True,True,17.793318462,False,,0.9999999999990905
2026-03-19,WALL,ASK,2026-03-19 00:21:09.027586903,1773879669027586903,4.391051519,0.9805978536960089,2198.9,57.732,6.596435100548446,1,1,4.0000000000009095,4-5,2.273,0.0393715790203007,2198.7,2198.8,1.000000000003638,2198.7,2198.8,0.0,1.000000000003638,2.1987499999999995,-1.1987499999963616,4.397499999999999,-3.397499999996361,HIT_TARGET,0.028613921,True,0.028613921,False,,False,False,,False,,0.0
2026-03-19,WALL,ASK,2026-03-19 00:21:20.860201824,1773879680860201824,3.054230197,1.0,2199.5,74.47,7.209797657082001,2,2,4.0000000000009095,4-5,27.361,0.36740969517926686,2199.2,2199.4,2.0000000000027285,2199.2,2199.3,0.0,2.0000000000027285,2.1993,-0.19929999999727155,4.3986,-2.3985999999972716,HIT_TARGET,2.199541055,True,2.199541055,False,,False,False,,False,,0.0
2026-03-19,WALL,ASK,2026-03-19 00:26:32.233342328,1773879992233342328,3.828286571,0.9942963799613631,2198.7,54.805,5.747771368641846,1,1,6.999999999998181,6+,11.453,0.20897728309460814,2198.5,2198.6,0.9999999999990905,2198.5,2198.6,0.0,0.9999999999990905,2.19855,-1.1985500000009095,4.3971,-3.3971000000009095,HIT_TARGET,0.034298146,True,0.034298146,False,,False,False,,False,,0.0
2026-03-19,WALL,BID,2026-03-19 00:32:39.764137339,1773880359764137339,6.792752317,0.9276405955845188,2199.9,75.676,7.7572651324893656,4,4,3.999999999996362,2-3,13.708,0.18114065225434747,2200.4,2200.0,4.0000000000009095,2200.3,2200.4,0.0,4.0000000000009095,2.2001999999999997,1.7998000000009098,4.400399999999999,-0.40039999999908993,HIT_TARGET,36.342534907,True,36.342534907,True,4.418301215,True,True,31.924233692,True,4.957915322,7.9999999999972715
2026-03-19,WALL,BID,2026-03-19 00:35:05.377484892,1773880505377484892,5.408490168,0.9482628661034482,2192.1,55.314,7.349720967313314,4,4,14.00000000000091,6+,23.663,0.4277940485229779,2192.6,2192.2,4.0000000000009095,2192.5,2192.6,0.0,4.0000000000009095,2.1923999999999997,1.8076000000009098,4.384799999999999,-0.38479999999908987,HIT_TARGET,10.154153899,True,10.154153899,True,0.048232806,True,True,10.105921093,True,0.356745403,15.99999999999909
2026-03-19,WALL,ASK,2026-03-19 00:37:24.354026046,1773880644354026046,9.846270755,0.9894524937832668,2196.2,25.035,3.0204500211135916,1,1,4.0000000000009095,4-5,0.455,0.01817455562212902,2196.0,2196.1,0.9999999999990905,2196.0,2196.1,0.0,0.9999999999990905,2.19605,-1.1960500000009096,4.3921,-3.3921000000009096,HIT_TARGET,0.057721204,True,0.057721204,False,,False,False,,False,,0.0
2026-03-19,WALL,BID,2026-03-19 00:40:17.009969974,1773880817009969974,3.017540194,0.9864002046827417,2194.8,36.845,3.6494651347068143,2,2,4.0000000000009095,4-5,5.2620000000000005,0.14281449314696704,2195.1,2194.9,1.999999999998181,2195.0,2195.1,0.0,1.999999999998181,2.195,-0.19500000000181883,4.39,-2.3900000000018187,HIT_TARGET,8.724423365,True,8.724423365,True,5.651121507,True,True,3.073301858,False,,0.0
2026-03-19,WALL,BID,2026-03-19 00:46:48.028356534,1773881208028356534,5.001192648,1.0,2192.4,46.556,20.414821311115983,1,1,13.000000000001819,6+,12.115,0.26022424606924993,2192.6,2192.5,0.9999999999990905,2192.5,2192.6,0.0,0.9999999999990905,2.1925499999999998,-1.1925500000009093,4.3850999999999996,-3.385100000000909,HIT_TARGET,0.051336143,True,0.051336143,False,,False,False,,False,,0.0
2026-03-19,WALL,ASK,2026-03-19 00:47:50.499440991,1773881270499440991,12.759658653,0.9698876746275917,2193.6,58.687,6.596268405080364,2,2,4.0000000000009095,4-5,12.448,0.21210830337212672,2193.3,2193.5,1.999999999998181,2193.3,2193.4,0.0,1.999999999998181,2.1934,-0.193400000001819,4.3868,-2.386800000001819,HIT_TARGET,0.510101514,True,0.510101514,False,,False,False,,False,,0.0
2026-03-19,WALL,BID,2026-03-19 00:48:08.211316821,1773881288211316821,7.299704827,0.9857847974049321,2195.2,33.148,3.6970778496542493,1,1,3.999999999996362,2-3,1.429,0.043109689875708936,2195.4,2195.2999999999997,1.000000000003638,2195.3,2195.4,0.0,1.000000000003638,2.1953499999999995,-1.1953499999963615,4.390699999999999,-3.390699999996361,HIT_TARGET,0.052100526,True,0.052100526,False,,False,False,,False,,0.0
2026-03-19,WALL,BID,2026-03-19 00:51:18.670677039,1773881478670677039,9.240419242,1.0,2193.2,49.58,5.520850732141863,1,1,3.999999999996362,2-3,2.279,0.045966115369100446,2193.4,2193.2999999999997,1.000000000003638,2193.3,2193.4,0.0,1.000000000003638,2.1933499999999997,-1.1933499999963617,4.386699999999999,-3.3866999999963614,HIT_TARGET,0.052904429,True,0.052904429,False,,False,False,,False,,0.0
2026-03-19,WALL,ASK,2026-03-19 00:52:36.454098653,1773881556454098653,5.105359374,0.9659126646624975,2191.8,27.002,3.260717304673349,7,7,4.0000000000009095,4-5,13.09,0.4847789052662766,2191.0,2191.7000000000003,7.0000000000027285,2191.0,2191.1,0.0,7.0000000000027285,2.19135,4.808650000002729,4.3827,2.6173000000027287,HIT_TARGET,0.25350995,True,0.25350995,False,,False,False,,False,,0.0
2026-03-19,WALL,BID,2026-03-19 00:57:53.718593854,1773881873718593854,3.065577096,0.9406988435432909,2192.1,37.637,3.370980743394537,3,3,5.0,4-5,18.41,0.48914631878204956,2192.5,2192.2,3.000000000001819,2192.4,2192.5,0.0,3.000000000001819,2.19235,0.8076500000018192,4.3847,-1.3846999999981806,HIT_TARGET,5.82120045,True,5.82120045,False,,False,False,,False,,0.0
2026-03-19,WALL,BID,2026-03-19 00:58:48.684306363,1773881928684306363,3.047790929,0.9327123340224365,2192.3,35.463,3.454917433874032,1,1,4.0000000000009095,4-5,9.106,0.25677466655387304,2192.5,2192.4,0.9999999999990905,2192.4,2192.5,0.0,0.9999999999990905,2.19245,-1.1924500000009095,4.3849,-3.3849000000009095,HIT_TARGET,0.051168963,True,0.051168963,False,,False,False,,False,,0.0
2026-03-19,WALL,ASK,2026-03-19 00:59:15.540820763,1773881955540820763,5.910683976,0.939846734922104,2192.8,37.236,4.586561556937857,2,2,5.0,4-5,10.146,0.2724782468578795,2192.5,2192.7000000000003,2.0000000000027285,2192.5,2192.6,0.0,2.0000000000027285,2.1926,-0.19259999999727162,4.3852,-2.3851999999972717,HIT_TARGET,1.027159303,True,1.027159303,False,,False,False,,False,,0.0
2026-03-19,WALL,ASK,2026-03-19 00:59:16.667345249,1773881956667345249,3.670062311,0.9445226266622916,2193.3,122.66,14.13215046949709,5,5,7.0000000000027285,6+,60.870999999999995,0.49625794880156526,2192.7,2193.2000000000003,5.0000000000045475,2192.7,2192.8,0.0,5.0000000000045475,2.1929499999999997,2.8070500000045477,4.3858999999999995,0.614100000004548,HIT_TARGET,7.301319653,True,7.301319653,True,0.615322225,True,True,6.685997428,False,,0.0
2026-03-19,WALL,ASK,2026-03-19 01:04:32.751636793,1773882272751636793,3.003386544,1.0,2193.5,117.802,10.40791624331846,4,4,5.0,4-5,57.160000000000004,0.48522096399042464,2193.0,2193.4,4.0000000000009095,2193.0,2193.1,0.0,4.0000000000009095,2.1931999999999996,1.80680000000091,4.386399999999999,-0.3863999999990897,TIMEOUT,60.0,False,,True,1.63571887,True,False,,True,13.490535617,40.0
2026-03-19,WALL,ASK,2026-03-19 01:05:26.203990453,1773882326203990453,3.055197072,0.9312935941436383,2190.4,103.628,11.99051200462829,7,7,5.0,4-5,51.705,0.4989481607287605,2189.6,2190.3,7.0000000000027285,2189.6,2189.7,0.0,7.0000000000027285,2.1899499999999996,4.810050000002729,4.379899999999999,2.6201000000027292,HIT_TARGET,1.127973141,True,1.127973141,True,0.259853617,True,True,0.868119524,False,,0.0
2026-03-19,WALL,BID,2026-03-19 01:06:08.817695158,1773882368817695158,3.159031787,1.0,2190.6,28.42,4.605039293526696,2,2,3.999999999996362,2-3,5.02,0.17663617171006332,2190.9,2190.7,2.0000000000027285,2190.8,2190.9,0.0,2.0000000000027285,2.1908000000000003,-0.19079999999727182,4.381600000000001,-2.381599999997272,HIT_TARGET,2.4568651,True,2.4568651,True,0.555391412,True,True,1.901473688,False,,0.0
2026-03-19,WALL,ASK,2026-03-19 01:09:55.057627742,1773882595057627742,3.166483887,1.0,2191.5,67.908,4.125637910085055,2,2,5.0,4-5,6.317,0.09302291335336042,2191.2,2191.4,2.0000000000027285,2191.2,2191.3,0.0,2.0000000000027285,2.1913,-0.19129999999727154,4.3826,-2.3825999999972716,HIT_TARGET,5.459290746,True,5.459290746,True,3.469139383,True,True,1.990151363,False,,2.0000000000027285
2026-03-19,WALL,ASK,2026-03-19 01:13:36.204877283,1773882816204877283,23.327033265,0.9873531943968786,2190.4,47.556,6.184537356134989,1,1,4.0000000000009095,4-5,3.542,0.07448061233072588,2190.2,2190.3,1.000000000003638,2190.2,2190.3,0.0,1.000000000003638,2.19025,-1.1902499999963618,4.3805,-3.3804999999963616,HIT_TARGET,0.051151768,True,0.051151768,False,,False,False,,False,,0.0
2026-03-19,WALL,BID,2026-03-19 01:17:07.575642459,1773883027575642459,9.799196726,0.9953701262186498,2190.8,155.77,18.734740513560645,5,5,13.999999999996362,6+,68.84700000000001,0.4419785581305772,2191.4,2190.9,5.0,2191.3,2191.4,0.0,5.0,2.19115,2.80885,4.3823,0.6177000000000001,HIT_TARGET,0.969949519,True,0.969949519,True,0.051247726,True,True,0.918701793,False,,0.0
2026-03-19,WALL,BID,2026-03-19 01:23:18.781150743,1773883398781150743,10.003558624,0.9977338924224812,2187.9,50.7,14.629923531957873,5,5,7.9999999999972715,6+,21.735000000000003,0.42869822485207104,2189.0,2188.0,10.0,2188.4,2189.0,0.0,10.0,2.1885,7.8115000000000006,4.377,5.623,HIT_TARGET,25.015437655,True,25.015437655,True,0.45933551,True,True,24.556102145,False,,1.999999999998181
2026-03-19,WALL,ASK,2026-03-19 01:24:03.652387606,1773883443652387606,7.759437933,0.9823382124860924,2189.3,26.263,3.7403688670512003,4,4,4.0000000000009095,4-5,12.671000000000001,0.4824658264478544,2188.8,2189.2000000000003,4.0000000000009095,2188.8,2188.9,0.0,4.0000000000009095,2.189,1.8110000000009094,4.378,-0.3779999999990906,TIMEOUT,60.0,False,,True,2.001621192,True,False,,True,10.68125928,17.00000000000273
2026-03-19,WALL,ASK,2026-03-19 01:29:00.310192779,1773883740310192779,9.798920237,0.9718158466116311,2192.5,37.362,3.3695887445887442,1,1,5.9999999999990905,4-5,2.625,0.07025855146940742,2192.3,2192.4,0.9999999999990905,2192.3,2192.4,0.0,0.9999999999990905,2.1923500000000002,-1.1923500000009097,4.3847000000000005,-3.38470000000091,HIT_TARGET,0.051455867,True,0.051455867,False,,False,False,,False,,0.0
2026-03-19,WALL,ASK,2026-03-19 01:30:31.848465568,1773883831848465568,3.72094771,0.9426298774835511,2194.1,46.996,4.0398865296999915,4,4,5.0,4-5,15.174000000000001,0.32287854285471107,2193.6,2194.0,4.0000000000009095,2193.6,2193.7,0.0,4.0000000000009095,2.1938,1.8062000000009095,4.3876,-0.38759999999909045,HIT_TARGET,8.329251202,True,8.329251202,True,0.051541895,True,True,8.277709307,False,,0.0
2026-03-19,WALL,ASK,2026-03-19 01:31:55.524692206,1773883915524692206,3.731886939,0.9910394916709453,2192.9,168.735,20.276993330529354,4,4,5.0,4-5,29.402,0.17424956292411176,2192.4,2192.8,4.0000000000009095,2192.4,2192.5,0.0,4.0000000000009095,2.1926,1.8074000000009094,4.3852,-0.3851999999990907,HIT_TARGET,3.877468748,True,3.877468748,True,0.101924329,True,True,3.775544419,False,,0.0
2026-03-19,WALL,ASK,2026-03-19 01:33:58.541716742,1773884038541716742,5.106250244,1.0,2193.3,79.365,4.602336977007161,2,2,4.0000000000009095,4-5,26.386,0.33246393246393247,2193.0,2193.2000000000003,2.0000000000027285,2193.0,2193.1,0.0,2.0000000000027285,2.1931000000000003,-0.1930999999972718,4.3862000000000005,-2.386199999997272,HIT_TARGET,14.088467327,True,14.088467327,True,7.894002236,True,True,6.194465091,True,8.734446499,4.0000000000009095
2026-03-19,WALL,ASK,2026-03-19 01:34:42.536365979,1773884082536365979,3.000437306,1.0,2195.7,164.869,19.51574337121212,5,5,5.0,4-5,62.31,0.37793642225039276,2195.1,2195.6,5.0,2195.1,2195.2,0.0,5.0,2.1953499999999995,2.8046500000000005,4.390699999999999,0.6093000000000011,HIT_TARGET,4.449756043,True,4.449756043,False,,False,False,,False,,0.0
2026-03-19,WALL,BID,2026-03-19 01:38:17.240540466,1773884297240540466,3.012006628,1.0,2197.6,35.65,3.132000878541621,1,1,4.0000000000009095,4-5,12.117,0.3398877980364657,2197.8,2197.7,1.000000000003638,2197.7,2197.8,0.0,1.000000000003638,2.1977499999999996,-1.1977499999963617,4.395499999999999,-3.3954999999963613,HIT_TARGET,0.02175661,True,0.02175661,False,,False,False,,False,,0.0
2026-03-19,WALL,BID,2026-03-19 01:46:26.183593377,1773884786183593377,7.509707338,1.0,2200.9,46.036,8.080035103115401,4,4,5.9999999999990905,4-5,21.237000000000002,0.4613128855678165,2201.4,2201.0,4.0000000000009095,2201.3,2201.4,0.0,4.0000000000009095,2.2011999999999996,1.79880000000091,4.402399999999999,-0.4023999999990897,HIT_TARGET,0.408299244,True,0.408299244,False,,False,False,,False,,0.0
2026-03-19,WALL,ASK,2026-03-19 01:48:05.508472912,1773884885508472912,5.550488177,0.9993654655432662,2201.6,59.793,4.363974747290443,2,2,5.9999999999990905,4-5,13.89,0.23230143996788924,2201.3,2201.5,1.999999999998181,2201.3,2201.4,0.0,1.999999999998181,2.2014,-0.201400000001819,4.4028,-2.402800000001819,TIMEOUT,60.0,False,,True,17.594180529,True,False,,True,15.880143567,20.0
2026-03-19,WALL,BID,2026-03-19 01:50:21.145212836,1773885021145212836,3.052750548,0.9377152259870792,2199.6,30.589,3.597859327217125,1,1,8.000000000001819,6+,11.773,0.384876916538625,2199.8,2199.7,1.000000000003638,2199.7,2199.8,0.0,1.000000000003638,2.19975,-1.199749999996362,4.3995,-3.3994999999963618,HIT_TARGET,0.048305923,True,0.048305923,False,,False,False,,False,,0.0
2026-03-19,WALL,ASK,2026-03-19 01:52:04.460253267,1773885124460253267,3.014612074,1.0,2198.0,46.068,3.420171498570845,2,2,5.0,4-5,3.8499999999999996,0.08357211079274116,2197.7,2197.9,2.0000000000027285,2197.7,2197.8,0.0,2.0000000000027285,2.1978,-0.1977999999972715,4.3956,-2.3955999999972715,HIT_TARGET,0.098307231,True,0.098307231,False,,False,False,,False,,0.0
2026-03-19,WALL,BID,2026-03-19 01:59:43.735455423,1773885583735455423,3.025642834,0.9736395198059257,2196.4,93.109,6.6943955135348885,4,4,3.999999999996362,2-3,27.102,0.2910781986703756,2196.9,2196.5,4.0000000000009095,2196.8,2196.9,0.0,4.0000000000009095,2.1966999999999994,1.80330000000091,4.393399999999999,-0.39339999999908937,HIT_TARGET,30.615123323,True,30.615123323,True,1.111414164,True,True,29.503709159,True,3.151893062,3.999999999996362
2026-03-19,WALL,ASK,2026-03-19 02:06:40.580987346,1773886000580987346,3.014493143,0.9881311304080813,2194.0,40.075,3.2695602512849797,2,2,8.000000000001819,6+,6.426,0.16034934497816594,2193.7,2193.9,2.0000000000027285,2193.7,2193.8,0.0,2.0000000000027285,2.1938,-0.1937999999972715,4.3876,-2.3875999999972715,HIT_TARGET,1.272056959,True,1.272056959,False,,False,False,,False,,0.0
2026-03-19,WALL,ASK,2026-03-19 02:10:07.109444489,1773886207109444489,4.289357806,0.8865862940322866,2198.9,35.895,4.029750210496773,3,3,5.0,4-5,13.419,0.37384036773923945,2198.5,2198.8,3.000000000001819,2198.5,2198.6,0.0,3.000000000001819,2.1986499999999998,0.8013500000018192,4.3972999999999995,-1.3972999999981806,HIT_TARGET,1.58515985,True,1.58515985,False,,False,False,,False,,0.0
2026-03-19,WALL,ASK,2026-03-19 02:11:34.947496433,1773886294947496433,3.002527601,1.0,2201.5,166.322,17.135998351535132,5,5,5.9999999999990905,4-5,71.366,0.42908334435612844,2200.9,2201.4,5.0,2200.9,2201.0,0.0,5.0,2.2011499999999997,2.7988500000000003,4.402299999999999,0.5977000000000006,TIMEOUT,60.0,False,,True,0.771630343,True,False,,True,31.194031896,19.00000000000091
2026-03-19,WALL,BID,2026-03-19 02:12:09.099268388,1773886329099268388,3.007713752,0.994077261844431,2199.8,49.702,6.815962698848052,3,3,7.0000000000027285,6+,13.585999999999999,0.27334916099955736,2200.2,2199.9,2.9999999999972715,2200.1,2200.2,0.0,2.9999999999972715,2.20005,0.7999499999972715,4.4001,-1.4001000000027286,HIT_TARGET,1.028387865,True,1.028387865,False,,False,False,,False,,0.0
2026-03-19,WALL,BID,2026-03-19 02:14:44.969696258,1773886484969696258,3.894539308,0.9770333207791057,2199.7,102.445,15.566783163652941,4,4,4.0000000000009095,4-5,23.945999999999998,0.23374493630728682,2200.2,2199.7999999999997,4.0000000000009095,2200.1,2200.2,0.0,4.0000000000009095,2.1999999999999997,1.8000000000009098,4.3999999999999995,-0.39999999999909,HIT_TARGET,19.148483401,True,19.148483401,True,6.637600504,True,True,12.510882897,True,6.683972842,4.0000000000009095
2026-03-19,WALL,BID,2026-03-19 02:16:05.070972436,1773886565070972436,4.658899408,1.0,2199.7,55.508,6.087070950762145,3,3,4.0000000000009095,4-5,21.877000000000002,0.3941233696043814,2200.1,2199.7999999999997,3.000000000001819,2200.0,2200.1,0.0,3.000000000001819,2.1999499999999994,0.8000500000018196,4.399899999999999,-1.3998999999981798,HIT_TARGET,5.550938581,True,5.550938581,False,,False,False,,False,,0.0
2026-03-19,WALL,ASK,2026-03-19 02:20:39.429173915,1773886839429173915,9.405716525,0.977835787901337,2202.5,35.295,3.489199742968711,1,1,4.0000000000009095,4-5,9.196,0.26054681966284177,2202.3,2202.4,0.9999999999990905,2202.3,2202.4,0.0,0.9999999999990905,2.2023500000000005,-1.20235000000091,4.404700000000001,-3.4047000000009104,HIT_TARGET,0.048160515,True,0.048160515,False,,False,False,,False,,0.0
2026-03-19,WALL,ASK,2026-03-19 02:23:45.248732631,1773887025248732631,7.705068802,0.9566385202279729,2200.7,33.891,3.6287809839927183,1,1,4.0000000000009095,4-5,9.228,0.2722846773479685,2200.5,2200.6,0.9999999999990905,2200.5,2200.6,0.0,0.9999999999990905,2.2005500000000002,-1.2005500000009097,4.4011000000000005,-3.40110000000091,HIT_TARGET,0.052265755,True,0.052265755,False,,False,False,,False,,0.0
2026-03-19,WALL,ASK,2026-03-19 02:30:00.081495440,1773887400081495440,14.753738317,0.9855550563917461,2202.5,54.621,6.268548803580651,2,2,4.0000000000009095,4-5,8.46,0.1548854836052068,2202.2,2202.4,2.0000000000027285,2202.2,2202.3,0.0,2.0000000000027285,2.2023,-0.20229999999727166,4.4046,-2.404599999997272,HIT_TARGET,0.153130115,True,0.153130115,False,,False,False,,False,,0.0
2026-03-19,WALL,BID,2026-03-19 02:32:53.246217656,1773887573246217656,12.87569909,1.0,2200.2,105.794,11.154997891185154,4,4,5.0,4-5,46.31400000000001,0.4377752991663044,2200.7,2200.2999999999997,4.0000000000009095,2200.6,2200.7,0.0,4.0000000000009095,2.2005,1.7995000000009096,4.401,-0.4009999999990903,HIT_TARGET,1.27491593,True,1.27491593,False,,False,False,,False,,0.0
2026-03-19,WALL,ASK,2026-03-19 02:36:02.484070888,1773887762484070888,9.803488849,0.9952897195364576,2204.1,33.659,3.223578987693339,3,3,4.0000000000009095,4-5,10.952,0.3253810273626668,2203.7,2204.0,3.000000000001819,2203.7,2203.8,0.0,3.000000000001819,2.2038499999999996,0.7961500000018193,4.407699999999999,-1.4076999999981803,HIT_TARGET,4.492496894,True,4.492496894,False,,False,False,,False,,0.0
2026-03-19,WALL,ASK,2026-03-19 02:46:58.438170144,1773888418438170144,5.715986258,0.9548195717513217,2203.3,82.666,8.402724130920918,4,4,5.9999999999990905,4-5,37.279999999999994,0.4509713788014419,2202.8,2203.2000000000003,4.0000000000009095,2202.8,2202.9,0.0,4.0000000000009095,2.203,1.7970000000009096,4.406,-0.4059999999990902,HIT_TARGET,0.051141912,True,0.051141912,False,,False,False,,False,,0.0
2026-03-19,WALL,ASK,2026-03-19 02:50:01.193303828,1773888601193303828,15.62847439,0.9855844676596102,2200.1,108.608,10.155975313259773,4,4,5.0,4-5,32.037,0.2949782704773129,2199.6,2200.0,4.0000000000009095,2199.6,2199.7,0.0,4.0000000000009095,2.1997999999999998,1.8002000000009097,4.3995999999999995,-0.39959999999909,HIT_TARGET,0.6629628,True,0.6629628,False,,False,False,,False,,0.0
2026-03-19,WALL,BID,2026-03-19 02:52:19.166472189,1773888739166472189,3.42517042,0.9984515731044997,2198.1,99.115,9.280865209045366,5,5,4.0000000000009095,4-5,44.977999999999994,0.4537960954446854,2198.7,2198.2,5.0,2198.6,2198.7,0.0,5.0,2.19845,2.80155,4.3969,0.6031000000000004,HIT_TARGET,20.579177893,True,20.579177893,True,0.714243003,True,True,19.86493489,False,,0.0
2026-03-19,WALL,ASK,2026-03-19 02:52:51.437011303,1773888771437011303,4.447904644,1.0,2198.4,55.225,5.3154627267914725,4,4,4.0000000000009095,4-5,23.703,0.42920778632865547,2197.9,2198.3,4.0000000000009095,2197.9,2198.0,0.0,4.0000000000009095,2.1981,1.8019000000009093,4.3962,-0.39619999999909083,HIT_TARGET,14.191949154,True,14.191949154,True,6.535853692,True,True,7.656095462,False,,0.0
2026-03-19,WALL,ASK,2026-03-19 02:59:37.667616237,1773889177667616237,17.771715494,0.9895134861312112,2197.4,130.056,14.11427641217646,4,4,4.0000000000009095,4-5,9.5,0.0730454573414529,2196.9,2197.3,4.0000000000009095,2196.9,2197.0,0.0,4.0000000000009095,2.1971000000000003,1.8029000000009092,4.3942000000000005,-0.39419999999909106,HIT_TARGET,12.201692296,True,12.201692296,True,1.428773234,True,True,10.772919062,False,,0.0
2026-03-19,WALL,ASK,2026-03-19 03:02:02.337466666,1773889322337466666,3.341507497,1.0,2198.0,39.365,3.557774865561029,1,1,7.0000000000027285,6+,6.303,0.16011685507430456,2197.8,2197.9,0.9999999999990905,2197.8,2197.9,0.0,0.9999999999990905,2.1978500000000003,-1.1978500000009098,4.395700000000001,-3.39570000000091,HIT_TARGET,0.050376987,True,0.050376987,False,,False,False,,False,,0.0
2026-03-19,WALL,ASK,2026-03-19 03:06:10.884658784,1773889570884658784,4.286591972,1.0,2201.8,45.075,4.390493352164808,6,6,3.999999999996362,2-3,7.295,0.16184137548530225,2201.1,2201.7000000000003,6.000000000003638,2201.1,2201.2,0.0,6.000000000003638,2.2014,3.798600000003638,4.4028,1.597200000003638,HIT_TARGET,4.291707635,True,4.291707635,True,0.051159442,True,True,4.240548193,False,,0.0
2026-03-19,WALL,ASK,2026-03-19 03:15:54.655574304,1773890154655574304,3.009978658,1.0,2206.7,37.754,4.753115951151957,4,4,6.000000000003638,6+,16.183,0.4286433225618478,2206.2,2206.6,4.0000000000009095,2206.2,2206.3,0.0,4.0000000000009095,2.2063999999999995,1.79360000000091,4.412799999999999,-0.41279999999908945,HIT_TARGET,5.717671441,True,5.717671441,True,2.757077738,True,True,2.960593703,False,,0.0
2026-03-19,WALL,ASK,2026-03-19 03:17:27.765163444,1773890247765163444,10.156187357,0.9999899961475277,2211.0,100.09,26.884233145312923,2,2,18.00000000000182,6+,2.44,0.024378059746228392,2210.7,2210.9,2.0000000000027285,2210.7,2210.8,0.0,2.0000000000027285,2.2108000000000003,-0.21079999999727184,4.421600000000001,-2.421599999997272,HIT_TARGET,0.052201244,True,0.052201244,False,,False,False,,False,,0.0
2026-03-19,WALL,BID,2026-03-19 03:17:43.692515268,1773890263692515268,3.036106794,1.0,2214.5,70.415,33.004452777126794,4,4,5.9999999999990905,4-5,28.639,0.4067173187531065,2215.0,2214.6,4.0000000000009095,2214.9,2215.0,0.0,4.0000000000009095,2.2148,1.7852000000009096,4.4296,-0.42959999999909027,HIT_TARGET,3.666786457,True,3.666786457,True,0.816193104,True,True,2.850593353,False,,0.0
2026-03-19,WALL,ASK,2026-03-19 03:19:16.936586859,1773890356936586859,3.169555721,1.0,2220.5,141.616,8.340164899882215,3,3,3.999999999996362,2-3,33.96,0.23980341204383684,2220.1,2220.4,3.000000000001819,2220.1,2220.2,0.0,3.000000000001819,2.22025,0.7797500000018189,4.4405,-1.4404999999981811,HIT_TARGET,3.012405805,True,3.012405805,True,0.096009102,True,True,2.916396703,False,,0.0
2026-03-19,WALL,ASK,2026-03-19 03:19:21.116917035,1773890361116917035,8.978346093,0.9828811761756621,2221.7,24.125,3.4672319632078183,4,4,11.000000000003638,6+,9.586,0.39734715025906736,2221.2,2221.6,4.0000000000009095,2221.2,2221.3,0.0,4.0000000000009095,2.2213999999999996,1.77860000000091,4.442799999999999,-0.4427999999990897,HIT_TARGET,0.057010297,True,0.057010297,False,,False,False,,False,,0.0
2026-03-19,WALL,ASK,2026-03-19 03:19:29.639720288,1773890369639720288,7.293430255,0.9783776319939594,2223.3,50.0,20.491803278688526,7,7,5.9999999999990905,4-5,17.717,0.35434,2222.5,2223.2000000000003,7.0000000000027285,2222.5,2222.6,0.0,7.0000000000027285,2.22285,4.777150000002728,4.4457,2.554300000002728,HIT_TARGET,0.305865065,True,0.305865065,False,,False,False,,False,,0.0
2026-03-19,WALL,ASK,2026-03-19 03:19:33.312682054,1773890373312682054,3.672961766,0.9278693117765495,2225.4,20.756,3.782414578587699,3,3,10.0,6+,4.529,0.21820196569666603,2224.8,2225.3,5.0,2224.8,2225.1,0.0,5.0,2.22505,2.77495,4.4501,0.5499,HIT_TARGET,1.631600827,True,1.631600827,False,,False,False,,False,,0.0
2026-03-19,WALL,ASK,2026-03-19 03:21:11.916224144,1773890471916224144,4.490650381,1.0,2221.5,69.932,8.710468954350128,4,4,4.0000000000009095,4-5,17.362,0.24826974775496194,2221.0,2221.4,4.0000000000009095,2221.0,2221.1,0.0,4.0000000000009095,2.2211999999999996,1.7788000000009099,4.442399999999999,-0.44239999999908974,HIT_TARGET,3.882042205,True,3.882042205,True,0.103444285,True,True,3.77859792,False,,0.0
2026-03-19,WALL,ASK,2026-03-19 03:21:26.422365613,1773890486422365613,3.267307027,0.9289817516130234,2223.1,45.4,7.123244685023927,7,7,8.000000000001819,6+,20.147,0.4437665198237885,2222.3,2223.0,6.999999999998181,2222.3,2222.4,0.0,6.999999999998181,2.2226500000000002,4.777349999998181,4.4453000000000005,2.5546999999981805,HIT_TARGET,0.765136126,True,0.765136126,True,0.046629189,True,True,0.718506937,False,,0.0
2026-03-19,WALL,BID,2026-03-19 03:23:28.058617569,1773890608058617569,3.013290746,1.0,2229.9,71.365,8.63251481795089,4,4,7.9999999999972715,6+,31.536,0.44189728858684235,2230.4,2230.0,4.0000000000009095,2230.3,2230.4,0.0,4.0000000000009095,2.2301999999999995,1.76980000000091,4.460399999999999,-0.46039999999908954,HIT_TARGET,31.078049887,True,31.078049887,True,0.96796803,True,True,30.110081857,True,4.746881325,18.999999999996362
2026-03-19,WALL,BID,2026-03-19 03:26:00.435394240,1773890760435394240,4.597270533,0.9544927427049897,2229.2,30.952,3.375170383294259,3,3,4.0000000000009095,4-5,13.780999999999999,0.44523778754200044,2229.6,2229.2999999999997,3.000000000001819,2229.5,2229.6,0.0,3.000000000001819,2.2294499999999995,0.7705500000018195,4.458899999999999,-1.45889999999818,HIT_TARGET,5.724279558,True,5.724279558,True,0.671756434,True,True,5.052523124,False,,0.0
2026-03-19,WALL,ASK,2026-03-19 03:27:45.211088910,1773890865211088910,4.233468937,0.8930594891004866,2231.0,83.132,13.677525501809805,4,4,5.0,4-5,18.906000000000002,0.22742145022374058,2230.3,2230.9,5.9999999999990905,2230.3,2230.6,0.0,5.9999999999990905,2.2306000000000004,3.76939999999909,4.461200000000001,1.5387999999990898,HIT_TARGET,0.342312132,True,0.342312132,False,,False,False,,False,,0.0
2026-03-19,WALL,BID,2026-03-19 03:30:39.349045531,1773891039349045531,3.061683248,0.9480566044498931,2227.3,55.62,6.649133293484759,2,2,9.00000000000091,6+,11.251999999999999,0.20230133045667026,2227.6,2227.4,1.999999999998181,2227.5,2227.6,0.0,1.999999999998181,2.2275,-0.22750000000181902,4.455,-2.455000000001819,HIT_TARGET,0.919512063,True,0.919512063,False,,False,False,,False,,0.0
2026-03-19,WALL,BID,2026-03-19 03:30:51.709401948,1773891051709401948,4.193222984,0.8970043392283381,2225.7,32.728,3.856023564064801,4,4,4.0000000000009095,4-5,13.921,0.4253544365680762,2226.2,2225.7999999999997,4.0000000000009095,2226.1,2226.2,0.0,4.0000000000009095,2.226,1.7740000000009095,4.452,-0.45199999999909046,HIT_TARGET,0.81720431,True,0.81720431,False,,False,False,,False,,0.0
2026-03-19,WALL,BID,2026-03-19 03:30:53.138208246,1773891053138208246,4.085727386,0.894294520608527,2225.4,44.299,3.9338424651451915,3,3,8.000000000001819,6+,15.453,0.34883405945958146,2225.8,2225.5,3.000000000001819,2225.7,2225.8,0.0,3.000000000001819,2.22565,0.7743500000018191,4.4513,-1.4512999999981808,HIT_TARGET,0.253942979,True,0.253942979,False,,False,False,,False,,0.0
2026-03-19,WALL,ASK,2026-03-19 03:31:03.144559407,1773891063144559407,3.014206103,1.0,2225.0,81.811,7.4309460011808,5,5,4.0000000000009095,4-5,40.76,0.4982215105548153,2224.4,2224.9,5.0,2224.4,2224.5,0.0,5.0,2.22465,2.77535,4.4493,0.5507,HIT_TARGET,11.8401546,True,11.8401546,True,0.55759487,True,True,11.28255973,True,1.223908669,8.000000000001819
2026-03-19,WALL,BID,2026-03-19 03:34:30.670811764,1773891270670811764,12.916988975,0.9865850679802102,2220.5,14.497,3.3113293741434444,3,3,15.0,6+,6.8,0.4690625646685521,2222.1,2220.6,15.0,2220.8,2222.1,0.0,15.0,2.2213499999999997,12.77865,4.442699999999999,10.557300000000001,HIT_TARGET,0.101920841,True,0.101920841,False,,False,False,,False,,0.0
2026-03-19,WALL,ASK,2026-03-19 03:37:17.330131047,1773891437330131047,3.31107223,0.9875241818569449,2219.6,36.867,4.823313926865964,3,3,6.000000000003638,6+,17.94,0.4866140450809668,2219.2,2219.5,3.000000000001819,2219.2,2219.3,0.0,3.000000000001819,2.21935,0.780650000001819,4.4387,-1.4386999999981809,HIT_TARGET,2.555356246,True,2.555356246,False,,False,False,,False,,0.0
2026-03-19,WALL,ASK,2026-03-19 03:37:19.936451643,1773891439936451643,4.131270237,1.0,2220.0,32.804,4.453434699972849,3,3,3.999999999996362,2-3,12.246,0.37330813315449335,2219.6,2219.9,3.000000000001819,2219.6,2219.7,0.0,3.000000000001819,2.21975,0.7802500000018191,4.4395,-1.4394999999981808,HIT_TARGET,0.664101653,True,0.664101653,False,,False,False,,False,,0.0
2026-03-19,WALL,BID,2026-03-19 03:38:29.874116315,1773891509874116315,9.646676624,0.9791673566106677,2217.9,51.068,10.684799665236948,4,4,15.0,6+,24.005,0.47005952847184146,2218.4,2218.0,4.0000000000009095,2218.3,2218.4,0.0,4.0000000000009095,2.2182,1.7818000000009095,4.4364,-0.4363999999990904,HIT_TARGET,1.018383827,True,1.018383827,True,0.099008538,True,True,0.919375289,False,,0.0
2026-03-19,WALL,ASK,2026-03-19 03:39:37.872040368,1773891577872040368,4.038141432,0.9599987844110756,2214.9,50.115,7.329433272394881,3,3,5.0,4-5,5.675000000000001,0.11323954903721442,2214.5,2214.8,3.000000000001819,2214.5,2214.6,0.0,3.000000000001819,2.2146500000000002,0.7853500000018188,4.4293000000000005,-1.4292999999981815,TIMEOUT,60.0,False,,True,2.189475408,True,False,,True,6.78760383,10.99999999999909
2026-03-19,WALL,ASK,2026-03-19 03:46:10.074772546,1773891970074772546,5.20422413,0.9963437400994488,2209.2,31.119,3.225268176400477,3,3,4.0000000000009095,4-5,12.115,0.3893119958867573,2208.8,2209.1,2.9999999999972715,2208.8,2208.9,0.0,2.9999999999972715,2.2089499999999997,0.7910499999972718,4.4178999999999995,-1.417900000002728,HIT_TARGET,23.632449536,True,23.632449536,True,0.97181187,True,True,22.660637666,True,0.410929147,25.99999999999909
2026-03-19,WALL,BID,2026-03-19 03:53:03.607460539,1773892383607460539,3.560146414,0.9951904655008944,2212.7,43.96,4.1648507816200855,4,4,5.9999999999990905,4-5,21.930999999999997,0.49888535031847125,2213.2,2212.7999999999997,4.0000000000009095,2213.1,2213.2,0.0,4.0000000000009095,2.2129999999999996,1.7870000000009099,4.425999999999999,-0.4259999999990898,TIMEOUT,60.0,False,,True,3.994684559,True,False,,True,4.760946604,12.000000000002728
2026-03-19,WALL,ASK,2026-03-19 03:54:02.796194838,1773892442796194838,3.013168169,0.9721743645566834,2214.5,48.635,4.34940082275085,1,1,5.9999999999990905,4-5,19.135,0.39344093759638127,2214.3,2214.4,0.9999999999990905,2214.3,2214.4,0.0,0.9999999999990905,2.2143500000000005,-1.21435000000091,4.428700000000001,-3.4287000000009105,HIT_TARGET,0.045422003,True,0.045422003,False,,False,False,,False,,0.0
2026-03-19,WALL,BID,2026-03-19 03:55:40.384145548,1773892540384145548,3.148334604,0.9656544320725574,2211.7,98.017,9.667324193707467,4,4,13.000000000001819,6+,48.758,0.49744432088311213,2212.2,2211.7999999999997,4.0000000000009095,2212.1,2212.2,0.0,4.0000000000009095,2.2119999999999997,1.7880000000009098,4.4239999999999995,-0.42399999999909,HIT_TARGET,1.125017506,True,1.125017506,False,,False,False,,False,,0.0
2026-03-19,WALL,ASK,2026-03-19 03:56:24.138753455,1773892584138753455,4.850823137,1.0,2213.1,46.794,5.107957646545137,1,1,4.0000000000009095,4-5,12.364,0.26422190879172547,2212.9,2213.0,0.9999999999990905,2212.9,2213.0,0.0,0.9999999999990905,2.2129499999999998,-1.2129500000009092,4.4258999999999995,-3.425900000000909,HIT_TARGET,0.049759763,True,0.049759763,False,,False,False,,False,,0.0
2026-03-19,WALL,ASK,2026-03-19 04:02:35.956003467,1773892955956003467,3.033390333,0.8937329721489555,2211.3,107.91,10.329281133339716,5,5,4.0000000000009095,4-5,37.346000000000004,0.34608470021314064,2210.7,2211.2000000000003,5.0000000000045475,2210.7,2210.8,0.0,5.0000000000045475,2.2109499999999995,2.789050000004548,4.421899999999999,0.5781000000045484,HIT_TARGET,24.810632081,True,24.810632081,True,4.33887412,True,True,20.471757961,False,,2.0000000000027285
2026-03-19,WALL,BID,2026-03-19 04:05:56.935256109,1773893156935256109,3.010735152,1.0,2208.4,56.856,5.160049008485729,4,4,3.999999999996362,2-3,25.431,0.4472878851836218,2208.9,2208.5,4.0000000000009095,2208.8,2208.9,0.0,4.0000000000009095,2.2087,1.7913000000009096,4.4174,-0.4173999999990903,HIT_TARGET,3.237563118,True,3.237563118,True,2.320233553,True,True,0.917329565,False,,0.0
2026-03-19,WALL,BID,2026-03-19 04:07:33.837983911,1773893253837983911,5.003602905,1.0,2200.9,147.783,17.385212634550907,7,7,10.0,6+,70.333,0.47592077573198543,2201.7,2201.0,6.999999999998181,2201.6,2201.7,0.0,6.999999999998181,2.2013499999999997,4.798649999998181,4.402699999999999,2.5972999999981816,HIT_TARGET,0.204409468,True,0.204409468,False,,False,False,,False,,0.0
2026-03-19,WALL,ASK,2026-03-19 04:08:29.874419208,1773893309874419208,3.371752893,1.0,2202.2,31.991,3.238447132661842,3,3,5.9999999999990905,4-5,10.543000000000001,0.3295614391547623,2201.8,2202.1,2.9999999999972715,2201.8,2201.9,0.0,2.9999999999972715,2.2019499999999996,0.7980499999972719,4.403899999999999,-1.4039000000027277,HIT_TARGET,2.96036909,True,2.96036909,True,1.323940896,True,True,1.636428194,False,,0.0
2026-03-19,WALL,BID,2026-03-19 04:11:13.397135339,1773893473397135339,3.824004714,0.9993097707253507,2200.8,80.881,8.121397730695854,6,6,4.0000000000009095,4-5,34.93,0.4318690421730691,2201.5,2200.9,5.9999999999990905,2201.4,2201.5,0.0,5.9999999999990905,2.2011999999999996,3.798799999999091,4.402399999999999,1.5975999999990913,HIT_TARGET,6.541504673,True,6.541504673,True,0.261951607,True,True,6.279553066,False,,0.0
2026-03-19,WALL,ASK,2026-03-19 04:12:05.047514813,1773893525047514813,3.206290786,1.0,2201.0,36.228,3.0341708542713572,2,2,4.0000000000009095,4-5,15.495,0.4277078502815501,2200.7,2200.9,2.0000000000027285,2200.7,2200.8,0.0,2.0000000000027285,2.2008,-0.2007999999972716,4.4016,-2.4015999999972717,HIT_TARGET,0.208037695,True,0.208037695,False,,False,False,,False,,0.0
2026-03-19,WALL,ASK,2026-03-19 04:12:42.618605978,1773893562618605978,4.235079613,1.0,2202.0,73.579,12.925603864734299,2,2,4.0000000000009095,4-5,32.762,0.4452629146903329,2201.7,2201.9,2.0000000000027285,2201.7,2201.8,0.0,2.0000000000027285,2.2018,-0.2017999999972715,4.4036,-2.4035999999972715,TIMEOUT,60.0,False,,True,0.048275124,True,False,,True,3.164987861,12.000000000002728
2026-03-19,WALL,ASK,2026-03-19 04:14:20.279909784,1773893660279909784,9.597667142,1.0,2201.2,72.941,11.98111038107753,2,2,4.0000000000009095,4-5,8.626000000000001,0.11825996353216985,2200.5,2201.1,5.9999999999990905,2200.5,2201.0,0.0,5.9999999999990905,2.2008,3.7991999999990904,4.4016,1.5983999999990903,HIT_TARGET,43.341701913,True,43.341701913,True,1.785651104,True,True,41.556050809,False,,1.999999999998181
2026-03-19,WALL,BID,2026-03-19 04:16:14.022269918,1773893774022269918,3.007096181,0.9554308658809074,2199.5,103.939,9.207104260784833,5,5,8.000000000001819,6+,29.457,0.2834066134944535,2200.1,2199.6,5.0,2200.0,2200.1,0.0,5.0,2.1998499999999996,2.8001500000000004,4.399699999999999,0.6003000000000007,HIT_TARGET,16.401297697,True,16.401297697,True,2.205403891,True,True,14.195893806,False,,0.0
2026-03-19,WALL,ASK,2026-03-19 04:17:17.342840111,1773893837342840111,5.207810015,0.9902663766815618,2201.8,55.859,4.8725575715282625,4,4,5.9999999999990905,4-5,27.192000000000004,0.48679711416244476,2201.3,2201.7000000000003,4.0000000000009095,2201.3,2201.4,0.0,4.0000000000009095,2.2015,1.7985000000009097,4.403,-0.4029999999990901,HIT_TARGET,17.51074553,True,17.51074553,True,4.173442819,True,True,13.337302711,True,8.884705149,5.0
2026-03-19,WALL,ASK,2026-03-19 04:26:41.449923506,1773894401449923506,3.311325228,1.0,2195.5,41.136,4.685994190351426,3,3,5.0,4-5,7.57,0.18402372617658497,2195.1,2195.4,3.000000000001819,2195.1,2195.2,0.0,3.000000000001819,2.1952499999999997,0.8047500000018193,4.390499999999999,-1.3904999999981804,HIT_TARGET,0.923426204,True,0.923426204,True,0.207830627,True,True,0.715595577,False,,0.0
2026-03-19,WALL,ASK,2026-03-19 04:27:05.190665992,1773894425190665992,3.829561055,1.0,2195.6,55.826,6.986983729662078,3,3,4.0000000000009095,4-5,26.508,0.4748325153154444,2195.2,2195.5,3.000000000001819,2195.2,2195.3,0.0,3.000000000001819,2.1953499999999995,0.8046500000018195,4.390699999999999,-1.39069999999818,HIT_TARGET,1.577014789,True,1.577014789,True,0.560356051,True,True,1.016658738,False,,0.0
2026-03-19,WALL,BID,2026-03-19 04:27:23.616589901,1773894443616589901,4.440958488,1.0,2195.1,51.309,3.0364846870838877,3,3,4.0000000000009095,4-5,1.5619999999999998,0.030443002202342667,2195.6,2195.2,4.0000000000009095,2195.4,2195.6,0.0,4.0000000000009095,2.1953999999999994,1.8046000000009101,4.390799999999999,-0.3907999999990892,HIT_TARGET,20.615734286,True,20.615734286,True,0.046424374,True,True,20.569309912,False,,0.0
2026-03-19,WALL,BID,2026-03-19 04:30:04.967159452,1773894604967159452,4.288777725,1.0,2193.1,79.199,5.661924506720045,4,4,8.000000000001819,6+,30.558999999999997,0.385850831449892,2193.6,2193.2,4.0000000000009095,2193.5,2193.6,0.0,4.0000000000009095,2.1933999999999996,1.80660000000091,4.386799999999999,-0.38679999999908965,TIMEOUT,60.0,False,,True,0.259509324,True,False,,True,0.259509324,30.99999999999909
2026-03-19,WALL,ASK,2026-03-19 04:31:43.439219050,1773894703439219050,3.016608899,1.0,2196.8,82.91,6.596650356048852,3,3,6.999999999998181,6+,32.292,0.3894825714630322,2196.4,2196.7000000000003,3.000000000001819,2196.4,2196.5,0.0,3.000000000001819,2.1965500000000002,0.8034500000018188,4.3931000000000004,-1.3930999999981815,HIT_TARGET,1.798394354,True,1.798394354,True,0.367707371,True,True,1.430686983,False,,0.0
2026-03-19,WALL,ASK,2026-03-19 04:33:00.160691164,1773894780160691164,6.073007202,1.0,2196.8,12.636,4.457142857142857,1,1,7.9999999999972715,6+,0.455,0.0360082304526749,2196.6,2196.7000000000003,1.000000000003638,2196.6,2196.7,0.0,1.000000000003638,2.19665,-1.196649999996362,4.3933,-3.393299999996362,HIT_TARGET,0.0503507,True,0.0503507,False,,False,False,,False,,0.0
2026-03-19,WALL,ASK,2026-03-19 04:42:05.461880639,1773895325461880639,6.579061256,0.9473137404392029,2191.9,41.281,3.214530446970877,1,1,7.0000000000027285,6+,5.384,0.13042319711247305,2191.7,2191.8,1.000000000003638,2191.7,2191.8,0.0,1.000000000003638,2.19175,-1.1917499999963619,4.3835,-3.3834999999963618,HIT_TARGET,0.024313394,True,0.024313394,False,,False,False,,False,,0.0
2026-03-19,WALL,ASK,2026-03-19 04:42:34.054384329,1773895354054384329,7.195640601,0.9730903258324088,2193.6,62.045,7.428759578544061,2,2,4.0000000000009095,4-5,23.373,0.3767104520912241,2193.3,2193.5,1.999999999998181,2193.3,2193.4,0.0,1.999999999998181,2.1934,-0.193400000001819,4.3868,-2.386800000001819,HIT_TARGET,1.277671563,True,1.277671563,True,0.148473754,True,True,1.129197809,False,,0.0
2026-03-19,WALL,ASK,2026-03-19 04:50:32.959385097,1773895832959385097,8.835260667,0.9619747353629493,2195.6,59.634,5.803513211035959,3,3,4.0000000000009095,4-5,29.793,0.49959754502465037,2195.2,2195.5,3.000000000001819,2195.2,2195.3,0.0,3.000000000001819,2.1953499999999995,0.8046500000018195,4.390699999999999,-1.39069999999818,HIT_TARGET,10.87322838,True,10.87322838,True,9.483934753,True,True,1.389293627,False,,2.0000000000027285
2026-03-19,WALL,BID,2026-03-19 04:56:32.214957469,1773896192214957469,4.906707465,1.0,2197.0,46.5,6.666666666666667,1,1,4.0000000000009095,4-5,1.332,0.02864516129032258,2197.2,2197.1,0.9999999999990905,2197.1,2197.2,0.0,0.9999999999990905,2.1971499999999997,-1.1971500000009092,4.394299999999999,-3.394300000000909,HIT_TARGET,0.051789154,True,0.051789154,False,,False,False,,False,,0.0
2026-03-19,WALL,ASK,2026-03-19 04:58:01.497727608,1773896281497727608,3.308206381,0.9585949526043188,2196.1,75.005,5.922928100446164,4,4,5.9999999999990905,4-5,31.682999999999996,0.4224118392107193,2195.6,2196.0,4.0000000000009095,2195.6,2195.7,0.0,4.0000000000009095,2.1958,1.8042000000009093,4.3916,-0.3915999999990909,TIMEOUT,60.0,False,,True,7.457748622,True,False,,True,6.850831335,12.999999999997272
2026-03-19,WALL,BID,2026-03-19 04:58:41.997628967,1773896321997628967,13.787584111,0.9719731665903888,2194.7,50.829,3.069847501132418,3,3,4.0000000000009095,4-5,18.069,0.3554860414330402,2195.1,2194.7999999999997,3.000000000001819,2195.0,2195.1,0.0,3.000000000001819,2.19495,0.805050000001819,4.3899,-1.389899999998181,HIT_TARGET,0.65155209,True,0.65155209,False,,False,False,,False,,0.0
2026-03-19,WALL,ASK,2026-03-19 05:02:05.035216712,1773896525035216712,3.003457297,1.0,2193.5,53.927,3.769669008423334,2,2,5.0,4-5,10.562,0.19585736273109944,2193.2,2193.4,2.0000000000027285,2193.2,2193.3,0.0,2.0000000000027285,2.1933000000000002,-0.19329999999727177,4.3866000000000005,-2.386599999997272,HIT_TARGET,15.146833801,True,15.146833801,True,1.071006009,True,True,14.075827792,False,,2.0000000000027285
2026-03-19,WALL,BID,2026-03-19 05:12:00.541175607,1773897120541175607,5.906247102,0.9800495954596787,2191.4,70.763,6.111322221262631,4,4,3.999999999996362,2-3,33.787,0.47746703785876793,2191.9,2191.5,4.0000000000009095,2191.8,2191.9,0.0,4.0000000000009095,2.1916999999999995,1.80830000000091,4.383399999999999,-0.3833999999990896,TIMEOUT,60.0,False,,True,0.100798702,True,False,,True,20.875884598,10.0
2026-03-19,WALL,ASK,2026-03-19 05:15:10.435702323,1773897310435702323,3.042320836,1.0,2194.4,73.465,4.909777451045914,2,2,5.0,4-5,24.71,0.3363506431634111,2194.1,2194.3,2.0000000000027285,2194.1,2194.2,0.0,2.0000000000027285,2.1941999999999995,-0.194199999997271,4.388399999999999,-2.3883999999972705,HIT_TARGET,6.401917457,True,6.401917457,False,,False,False,,False,,0.0
2026-03-19,WALL,ASK,2026-03-19 05:23:57.239856335,1773897837239856335,3.027863417,1.0,2195.2,46.963,3.075406830162732,2,2,5.0,4-5,16.567,0.3527670719502587,2194.9,2195.1,1.999999999998181,2194.9,2195.0,0.0,1.999999999998181,2.195,-0.19500000000181883,4.39,-2.3900000000018187,HIT_TARGET,12.283833016,True,12.283833016,True,4.57805862,True,True,7.705774396,False,,0.0
2026-03-19,WALL,ASK,2026-03-19 05:26:21.088478958,1773897981088478958,3.352974901,0.8823667967564067,2195.1,52.25,3.892282479141836,2,2,4.0000000000009095,4-5,5.639,0.10792344497607656,2194.8,2195.0,1.999999999998181,2194.8,2194.9,0.0,1.999999999998181,2.1949,-0.19490000000181906,4.3898,-2.389800000001819,HIT_TARGET,1.018812658,True,1.018812658,False,,False,False,,False,,0.0
2026-03-19,WALL,BID,2026-03-19 05:28:22.072689342,1773898102072689342,10.402599072,0.9677080745230128,2194.1,84.368,13.394935302056044,4,4,5.0,4-5,23.453,0.27798454390290156,2194.7,2194.2,5.0,2194.5,2194.7,0.0,5.0,2.19445,2.80555,4.3889,0.6111000000000004,HIT_TARGET,3.158003711,True,3.158003711,False,,False,False,,False,,0.0
2026-03-19,WALL,ASK,2026-03-19 05:29:05.348754146,1773898145348754146,3.420544182,1.0,2191.3,106.221,10.698594953920532,5,5,5.0,4-5,44.988,0.4235320699296749,2190.7,2191.2000000000003,5.0000000000045475,2190.7,2190.8,0.0,5.0000000000045475,2.1909499999999995,2.809050000004548,4.381899999999999,0.6181000000045485,HIT_TARGET,8.831614226,True,8.831614226,True,0.152417831,True,True,8.679196395,False,,0.0
2026-03-19,WALL,ASK,2026-03-19 05:31:24.954485609,1773898284954485609,3.068011757,0.9876611079101546,2188.5,60.812,5.362373793042634,3,3,3.999999999996362,2-3,27.259,0.4482503453265803,2188.1,2188.4,3.000000000001819,2188.1,2188.2,0.0,3.000000000001819,2.1882499999999996,0.8117500000018194,4.376499999999999,-1.3764999999981802,HIT_TARGET,8.32491478,True,8.32491478,True,0.155560206,True,True,8.169354574,False,,0.9999999999990905
2026-03-19,WALL,BID,2026-03-19 05:34:07.843597954,1773898447843597954,4.645594348,1.0,2187.3,41.772,5.139587819132574,2,2,5.0,4-5,9.109,0.2180647323566025,2187.6,2187.4,1.999999999998181,2187.5,2187.6,0.0,1.999999999998181,2.1875,-0.187500000001819,4.375,-2.375000000001819,HIT_TARGET,6.480428559,True,6.480428559,True,0.538674077,True,True,5.941754482,False,,0.0
2026-03-19,WALL,ASK,2026-03-19 05:36:37.052348373,1773898597052348373,3.060269522,0.94876034876251,2188.8,50.485,3.3596193518333664,3,3,4.0000000000009095,4-5,24.688000000000002,0.48901653956620783,2188.4,2188.7000000000003,3.000000000001819,2188.4,2188.5,0.0,3.000000000001819,2.18855,0.8114500000018188,4.3771,-1.3770999999981814,TIMEOUT,60.0,False,,True,0.794970077,True,False,,True,0.716556861,10.0
2026-03-19,WALL,ASK,2026-03-19 05:38:55.127909099,1773898735127909099,3.006693501,1.0,2188.7,55.694,5.13237801225637,3,3,4.0000000000009095,4-5,11.712,0.2102919524544834,2188.3,2188.6,2.9999999999972715,2188.3,2188.4,0.0,2.9999999999972715,2.1884499999999996,0.811549999997272,4.376899999999999,-1.3769000000027276,HIT_TARGET,6.237674124,True,6.237674124,False,,False,False,,False,,0.9999999999990905
2026-03-19,WALL,ASK,2026-03-19 05:41:47.793968559,1773898907793968559,3.70159844,1.0,2193.0,42.141,6.742020638348931,2,2,4.0000000000009095,4-5,8.870999999999999,0.21050758169004055,2192.7,2192.9,2.0000000000027285,2192.7,2192.8,0.0,2.0000000000027285,2.1928,-0.1927999999972716,4.3856,-2.3855999999972717,HIT_TARGET,22.436664438,True,22.436664438,True,0.281558811,True,True,22.155105627,False,,2.0000000000027285
2026-03-19,WALL,ASK,2026-03-19 05:41:47.978221763,1773898907978221763,3.016720455,1.0,2193.3,137.591,22.012798976081914,5,5,4.0000000000009095,4-5,60.797,0.44186756401218097,2192.7,2193.2000000000003,5.0000000000045475,2192.7,2192.8,0.0,5.0000000000045475,2.1929499999999997,2.8070500000045477,4.3858999999999995,0.614100000004548,HIT_TARGET,22.303533103,True,22.303533103,True,12.958931961,True,True,9.344601142,False,,2.0000000000027285
2026-03-19,WALL,BID,2026-03-19 05:47:32.303091440,1773899252303091440,3.552321148,0.9528531357323102,2187.8,46.36,13.304634811307219,3,3,4.0000000000009095,4-5,6.519,0.14061691113028474,2188.2,2187.9,2.9999999999972715,2188.1,2188.2,0.0,2.9999999999972715,2.18805,0.8119499999972715,4.3761,-1.3761000000027286,HIT_TARGET,0.051637322,True,0.051637322,False,,False,False,,False,,0.0
2026-03-19,WALL,ASK,2026-03-19 05:48:18.842962195,1773899298842962195,3.081317816,1.0,2190.7,59.49,5.018982536066819,3,3,4.0000000000009095,4-5,20.878,0.35094973945200875,2190.3,2190.6,2.9999999999972715,2190.3,2190.4,0.0,2.9999999999972715,2.19045,0.8095499999972717,4.3809,-1.380900000002728,HIT_TARGET,7.81463365,True,7.81463365,False,,False,False,,False,,0.0
2026-03-19,WALL,BID,2026-03-19 05:48:50.293795099,1773899330293795099,3.063795379,0.9298673033216296,2190.9,35.27,3.2789476130711668,1,1,4.0000000000009095,4-5,7.759,0.21998865891692657,2191.1,2191.0,0.9999999999990905,2191.0,2191.1,0.0,0.9999999999990905,2.19105,-1.1910500000009097,4.3821,-3.38210000000091,HIT_TARGET,0.043426994,True,0.043426994,False,,False,False,,False,,0.0
2026-03-19,WALL,ASK,2026-03-19 05:53:06.445160993,1773899586445160993,3.650039005,1.0,2190.7,32.023,3.1820937049734193,1,1,4.0000000000009095,4-5,1.256,0.039221809324547975,2190.5,2190.6,0.9999999999990905,2190.5,2190.6,0.0,0.9999999999990905,2.19055,-1.1905500000009095,4.3811,-3.3811000000009095,HIT_TARGET,0.047595964,True,0.047595964,False,,False,False,,False,,0.0
2026-03-19,WALL,ASK,2026-03-19 06:03:03.036682097,1773900183036682097,3.020844359,0.9899477753928202,2184.6,28.678,3.864438754884787,3,3,5.0,4-5,9.860000000000001,0.3438175604993375,2184.2,2184.5,3.000000000001819,2184.2,2184.3,0.0,3.000000000001819,2.18435,0.8156500000018192,4.3687,-1.3686999999981806,HIT_TARGET,0.355836969,True,0.355836969,False,,False,False,,False,,0.0
2026-03-19,WALL,ASK,2026-03-19 06:04:35.517202597,1773900275517202597,3.112229228,0.8246194849372451,2185.2,36.564,3.6030744974379187,1,1,5.0,4-5,5.037,0.13775845093534625,2185.0,2185.1,0.9999999999990905,2185.0,2185.1,0.0,0.9999999999990905,2.18505,-1.1850500000009094,4.3701,-3.3701000000009094,HIT_TARGET,0.049712023,True,0.049712023,False,,False,False,,False,,0.0
2026-03-19,WALL,ASK,2026-03-19 06:07:04.346937508,1773900424346937508,3.00962095,0.9817245666767438,2186.1,102.021,10.852720599968086,3,3,4.0000000000009095,4-5,46.369,0.45450446476705775,2185.7,2186.0,3.000000000001819,2185.7,2185.8,0.0,3.000000000001819,2.18585,0.8141500000018191,4.3717,-1.3716999999981807,HIT_TARGET,14.20954012,True,14.20954012,True,0.717072862,True,True,13.492467258,True,0.832146308,9.00000000000091
2026-03-19,WALL,BID,2026-03-19 06:07:05.024374692,1773900425024374692,3.721795439,0.9676100312400862,2185.3,32.963,3.542504030091349,2,2,5.0,4-5,8.451,0.25637836361981614,2185.6,2185.4,1.999999999998181,2185.5,2185.6,0.0,1.999999999998181,2.1854999999999998,-0.18550000000181877,4.3709999999999996,-2.3710000000018185,HIT_TARGET,0.154709124,True,0.154709124,False,,False,False,,False,,0.0
2026-03-19,WALL,ASK,2026-03-19 06:07:41.569134255,1773900461569134255,3.008920265,0.9982454613166694,2187.3,50.304,5.4020618556701026,3,3,9.00000000000091,6+,11.079,0.22024093511450382,2186.8,2187.2000000000003,4.0000000000009095,2186.8,2187.0,0.0,4.0000000000009095,2.187,1.8130000000009097,4.374,-0.37399999999909017,HIT_TARGET,0.0511348,True,0.0511348,False,,False,False,,False,,0.0
2026-03-19,WALL,BID,2026-03-19 06:09:46.093629342,1773900586093629342,9.455124151,0.9742829845365613,2188.7,10.9,5.448637840539866,2,2,5.9999999999990905,4-5,2.9539999999999997,0.27100917431192656,2189.3,2188.7999999999997,5.0000000000045475,2188.9,2189.3,0.0,5.0000000000045475,2.18905,2.8109500000045475,4.3781,0.6219000000045476,HIT_TARGET,0.05101867,True,0.05101867,False,,False,False,,False,,0.0
2026-03-19,WALL,ASK,2026-03-19 06:10:54.273419168,1773900654273419168,3.34170146,1.0,2188.9,28.646,3.5213275968039337,2,2,3.999999999996362,2-3,13.979000000000001,0.48799134259582494,2188.6,2188.8,2.0000000000027285,2188.6,2188.7,0.0,2.0000000000027285,2.1887,-0.18869999999727138,4.3774,-2.3773999999972713,TIMEOUT,60.0,False,,True,1.280645471,True,False,,True,7.861750359,5.0
2026-03-19,WALL,BID,2026-03-19 06:14:28.852327920,1773900868852327920,30.047221651,0.990047200953435,2192.9,46.501,4.461383478844862,1,1,4.0000000000009095,4-5,1.294,0.027827358551429003,2193.1,2193.0,0.9999999999990905,2193.0,2193.1,0.0,0.9999999999990905,2.19305,-1.1930500000009094,4.3861,-3.3861000000009094,HIT_TARGET,0.05487524,True,0.05487524,False,,False,False,,False,,0.0
2026-03-19,WALL,BID,2026-03-19 06:14:28.953012946,1773900868953012946,29.317438464,0.9803050526495001,2192.4,90.635,11.118130520117761,4,4,5.9999999999990905,4-5,13.764,0.15186186351850828,2192.9,2192.5,4.0000000000009095,2192.8,2192.9,0.0,4.0000000000009095,2.1927,1.8073000000009096,4.3854,-0.38539999999909025,HIT_TARGET,2.197345873,True,2.197345873,True,0.351909683,True,True,1.84543619,False,,0.0
2026-03-19,WALL,ASK,2026-03-19 06:18:29.838970826,1773901109838970826,4.940217066,0.9724120478555507,2195.3,77.382,8.70732530662766,6,6,6.999999999998181,6+,37.952,0.4904499754464862,2194.6,2195.2000000000003,6.000000000003638,2194.6,2194.7,0.0,6.000000000003638,2.1949,3.805100000003638,4.3898,1.6102000000036378,TIMEOUT,60.0,False,,True,1.797666137,True,False,,True,2.715551152,12.999999999997272
2026-03-19,WALL,ASK,2026-03-19 06:20:53.620561346,1773901253620561346,7.80789197,1.0,2192.2,43.906,5.039426111908178,5,5,5.0,4-5,15.917,0.3625244841251765,2191.6,2192.1,5.0,2191.6,2191.7,0.0,5.0,2.1918499999999996,2.8081500000000004,4.383699999999999,0.6163000000000007,HIT_TARGET,6.050030438,True,6.050030438,False,,False,False,,False,,0.0
2026-03-19,WALL,BID,2026-03-19 06:23:47.324110386,1773901427324110386,7.252964347,0.9791556765252082,2190.3,39.374,4.030504657590337,1,1,4.0000000000009095,4-5,4.908,0.12465078478183574,2190.5,2190.4,0.9999999999990905,2190.4,2190.5,0.0,0.9999999999990905,2.19045,-1.1904500000009093,4.3809,-3.380900000000909,HIT_TARGET,0.054657977,True,0.054657977,False,,False,False,,False,,0.0
2026-03-19,WALL,ASK,2026-03-19 06:26:11.550182942,1773901571550182942,6.696630652,0.9765840166273515,2192.7,85.663,6.270853921891585,4,4,4.0000000000009095,4-5,32.807,0.3829774815264467,2192.2,2192.6,4.0000000000009095,2192.2,2192.3,0.0,4.0000000000009095,2.1923999999999997,1.8076000000009098,4.384799999999999,-0.38479999999908987,HIT_TARGET,0.465347809,True,0.465347809,False,,False,False,,False,,0.0
2026-03-19,WALL,BID,2026-03-19 06:29:07.735304272,1773901747735304272,3.012571138,0.9679920278782144,2188.4,72.933,5.615414228518634,2,2,4.0000000000009095,4-5,34.004000000000005,0.46623613453443574,2188.7,2188.5,1.999999999998181,2188.6,2188.7,0.0,1.999999999998181,2.1885999999999997,-0.18860000000181865,4.377199999999999,-2.3772000000018183,HIT_TARGET,2.152080751,True,2.152080751,False,,False,False,,False,,0.0
2026-03-19,WALL,BID,2026-03-19 06:30:39.101902504,1773901839101902504,7.298169706,0.9862596930409061,2186.3,58.851,5.545441696113074,2,2,4.0000000000009095,4-5,17.862000000000002,0.30351225977468527,2186.6,2186.4,1.999999999998181,2186.5,2186.6,0.0,1.999999999998181,2.1865,-0.1865000000018191,4.373,-2.373000000001819,HIT_TARGET,0.051818075,True,0.051818075,False,,False,False,,False,,0.0
2026-03-19,WALL,ASK,2026-03-19 06:30:53.189717642,1773901853189717642,3.776728163,0.981282984120348,2187.9,53.591,6.73084652097463,5,5,5.9999999999990905,4-5,22.822000000000003,0.4258550876079939,2187.3,2187.8,5.0,2187.3,2187.4,0.0,5.0,2.18755,2.81245,4.3751,0.6249000000000002,HIT_TARGET,11.888478067,True,11.888478067,True,4.792483422,True,True,7.095994645,False,,0.0
2026-03-19,WALL,ASK,2026-03-19 06:34:04.974556461,1773902044974556461,3.519730005,0.9810555599704301,2183.7,32.054,4.136,2,2,5.0,4-5,10.934,0.3411118737131091,2183.0,2183.6,5.9999999999990905,2183.0,2183.5,0.0,5.9999999999990905,2.1833,3.8166999999990905,4.3666,1.6333999999990905,HIT_TARGET,2.447108536,True,2.447108536,True,0.049335713,True,True,2.397772823,False,,0.9999999999990905
2026-03-19,WALL,ASK,2026-03-19 06:35:00.687637349,1773902100687637349,3.225786217,0.9031017615635129,2183.7,35.868,3.6916426512968306,3,3,4.0000000000009095,4-5,17.228,0.48031671685067473,2183.3,2183.6,2.9999999999972715,2183.3,2183.4,0.0,2.9999999999972715,2.1834499999999997,0.8165499999972718,4.366899999999999,-1.3669000000027278,HIT_TARGET,0.771998011,True,0.771998011,False,,False,False,,False,,0.0
2026-03-19,WALL,BID,2026-03-19 06:35:08.232924672,1773902108232924672,6.416468469,1.0,2181.6,85.744,9.095094139485548,6,6,15.0,6+,36.113,0.4211723269266654,2182.3,2181.7,6.000000000003638,2182.2,2182.3,0.0,6.000000000003638,2.182,3.818000000003638,4.364,1.636000000003638,HIT_TARGET,0.679724186,True,0.679724186,False,,False,False,,False,,0.0
2026-03-19,WALL,ASK,2026-03-19 06:35:30.042076879,1773902130042076879,3.420922201,1.0,2180.6,107.467,9.47012689460698,4,4,5.0,4-5,47.885,0.44557864274614534,2180.1,2180.5,4.0000000000009095,2180.1,2180.2,0.0,4.0000000000009095,2.1803000000000003,1.8197000000009091,4.360600000000001,-0.3605999999990912,HIT_TARGET,8.16098851,True,8.16098851,True,0.610336258,True,True,7.550652252,True,2.805525215,5.0
2026-03-19,WALL,BID,2026-03-19 06:36:42.506991516,1773902202506991516,18.839452984,1.0,2178.6,163.467,11.243732159438734,7,7,10.0,6+,71.515,0.437488912135171,2179.4,2178.7,7.0000000000027285,2179.3,2179.4,0.0,7.0000000000027285,2.17905,4.820950000002728,4.3581,2.641900000002728,HIT_TARGET,46.386681431,True,46.386681431,True,0.256716757,True,True,46.129964674,True,3.832156839,16.99999999999818
2026-03-19,WALL,ASK,2026-03-19 06:38:07.860397056,1773902287860397056,3.917860285,0.8933098447639003,2181.4,35.43,3.974423691738179,2,2,5.9999999999990905,4-5,9.316,0.26294101044312734,2181.1,2181.3,2.0000000000027285,2181.1,2181.2,0.0,2.0000000000027285,2.1811999999999996,-0.1811999999972711,4.362399999999999,-2.3623999999972707,HIT_TARGET,0.621325518,True,0.621325518,False,,False,False,,False,,0.0
2026-03-19,WALL,ASK,2026-03-19 06:39:35.293292626,1773902375293292626,8.733291957,0.9784469215128977,2182.8,33.101,3.060090598132569,7,7,4.0000000000009095,4-5,16.24,0.49061961874263615,2182.0,2182.7000000000003,7.0000000000027285,2182.0,2182.1,0.0,7.0000000000027285,2.1823500000000005,4.817650000002728,4.364700000000001,2.6353000000027276,HIT_TARGET,1.06996413,True,1.06996413,False,,False,False,,False,,0.0
2026-03-19,WALL,ASK,2026-03-19 06:39:53.059486097,1773902393059486097,3.362925912,0.9427961114713965,2186.4,22.42,5.716471188169303,4,4,15.0,6+,10.46,0.4665477252453167,2185.9,2186.3,4.0000000000009095,2185.9,2186.0,0.0,4.0000000000009095,2.1861,1.8139000000009093,4.3722,-0.3721999999990908,HIT_TARGET,0.411886416,True,0.411886416,False,,False,False,,False,,0.0
2026-03-19,WALL,ASK,2026-03-19 06:40:55.570630955,1773902455570630955,3.671359888,0.890725114606362,2185.7,51.894,4.033421420799005,2,2,4.0000000000009095,4-5,4.744,0.09141711951285313,2185.4,2185.6,1.999999999998181,2185.4,2185.5,0.0,1.999999999998181,2.1854999999999998,-0.18550000000181877,4.3709999999999996,-2.3710000000018185,HIT_TARGET,0.051844685,True,0.051844685,False,,False,False,,False,,0.0
2026-03-19,WALL,BID,2026-03-19 06:46:55.682311071,1773902815682311071,11.73433239,0.9955688930335473,2186.0,88.563,7.2387919408230825,4,4,4.0000000000009095,4-5,26.395,0.29803642604699476,2186.5,2186.1,4.0000000000009095,2186.4,2186.5,0.0,4.0000000000009095,2.1863,1.8137000000009094,4.3726,-0.37259999999909077,HIT_TARGET,31.035524805,True,31.035524805,True,6.07241222,True,True,24.963112585,True,5.876514151,5.9999999999990905
2026-03-19,WALL,ASK,2026-03-19 06:47:38.705617168,1773902858705617168,8.018018997,0.9787749994027608,2186.5,40.87,4.470575366440603,2,2,5.0,4-5,8.68,0.21238071935404942,2186.2,2186.4,2.0000000000027285,2186.2,2186.3,0.0,2.0000000000027285,2.1863,-0.18629999999727165,4.3726,-2.372599999997272,HIT_TARGET,1.430047755,True,1.430047755,True,0.051813847,True,True,1.378233908,False,,0.0
2026-03-19,WALL,BID,2026-03-19 06:49:03.627671072,1773902943627671072,3.167784847,1.0,2183.7,82.747,5.724653222179944,3,3,4.0000000000009095,4-5,29.992000000000004,0.36245422794784105,2184.1,2183.7999999999997,3.000000000001819,2184.0,2184.1,0.0,3.000000000001819,2.18395,0.8160500000018192,4.3679,-1.3678999999981807,HIT_TARGET,0.920007947,True,0.920007947,False,,False,False,,False,,0.0
2026-03-19,WALL,BID,2026-03-19 06:51:13.923482197,1773903073923482197,8.571778172,0.9946813408973971,2183.0,89.339,9.47592278319898,5,5,5.0,4-5,29.146,0.32624049966979707,2183.6,2183.1,5.0,2183.5,2183.6,0.0,5.0,2.18335,2.81665,4.3667,0.6333000000000002,HIT_TARGET,2.246469978,True,2.246469978,False,,False,False,,False,,0.0
2026-03-19,WALL,BID,2026-03-19 06:55:08.389244870,1773903308389244870,4.381920095,1.0,2177.9,67.232,5.422810130666236,4,4,5.0,4-5,30.67,0.45618158019990485,2178.4,2178.0,4.0000000000009095,2178.3,2178.4,0.0,4.0000000000009095,2.1782,1.8218000000009096,4.3564,-0.35639999999909033,HIT_TARGET,1.789335925,True,1.789335925,False,,False,False,,False,,0.0
2026-03-19,WALL,ASK,2026-03-19 06:56:04.977531096,1773903364977531096,3.012436149,0.9791048935523845,2181.4,149.481,14.1883156945565,5,5,9.00000000000091,6+,67.167,0.44933469805527126,2180.8,2181.3,5.0,2180.8,2180.9,0.0,5.0,2.18105,2.81895,4.3621,0.6379000000000001,TIMEOUT,60.0,False,,True,2.396455794,True,False,,True,12.554175799,25.0
2026-03-19,WALL,ASK,2026-03-19 07:01:04.671911465,1773903664671911465,3.063160731,0.999525664459819,2179.4,99.803,13.432436069986542,4,4,4.0000000000009095,4-5,19.94,0.19979359337895655,2178.9,2179.3,4.0000000000009095,2178.9,2179.0,0.0,4.0000000000009095,2.1791000000000005,1.820900000000909,4.358200000000001,-0.35819999999909147,HIT_TARGET,0.356817298,True,0.356817298,False,,False,False,,False,,0.0
2026-03-19,WALL,ASK,2026-03-19 07:02:36.586712308,1773903756586712308,3.490381504,1.0,2176.3,4.646,3.216337833160263,4,4,15.99999999999909,6+,1.994,0.42918639690055965,2174.8,2176.2000000000003,14.00000000000091,2174.8,2175.9,0.0,14.00000000000091,2.1755,11.82450000000091,4.351,9.64900000000091,HIT_TARGET,0.051029004,True,0.051029004,False,,False,False,,False,,0.0
2026-03-19,WALL,ASK,2026-03-19 07:02:52.754808701,1773903772754808701,4.387392788,0.9906244446331528,2176.8,85.706,9.174266752301437,4,4,4.0000000000009095,4-5,30.131999999999998,0.35157398548526353,2176.3,2176.7000000000003,4.0000000000009095,2176.3,2176.4,0.0,4.0000000000009095,2.1765,1.8235000000009096,4.353,-0.35299999999909026,HIT_TARGET,1.634976559,True,1.634976559,True,0.215739086,True,True,1.419237473,False,,0.0
2026-03-19,WALL,ASK,2026-03-19 07:03:46.795999132,1773903826795999132,3.157748021,1.0,2178.9,75.72,10.051105064047256,4,4,5.9999999999990905,4-5,25.055000000000003,0.3308901215002642,2178.4,2178.8,4.0000000000009095,2178.4,2178.5,0.0,4.0000000000009095,2.1786000000000003,1.8214000000009092,4.357200000000001,-0.35719999999909113,HIT_TARGET,1.229220671,True,1.229220671,False,,False,False,,False,,0.0
2026-03-19,WALL,BID,2026-03-19 07:05:03.344360229,1773903903344360229,8.773160026,0.9984297110779727,2178.6,87.92,10.150080812745324,4,4,5.0,4-5,13.617999999999999,0.15489080982711553,2179.1,2178.7,4.0000000000009095,2179.0,2179.1,0.0,4.0000000000009095,2.1788999999999996,1.8211000000009099,4.357799999999999,-0.35779999999908974,TIMEOUT,60.0,False,,True,0.051345902,True,False,,True,1.070571596,29.00000000000091
2026-03-19,WALL,BID,2026-03-19 07:08:58.042538092,1773904138042538092,4.186574537,0.9989316979883022,2172.2,46.661,6.266586086489391,4,4,15.99999999999909,6+,21.337,0.45727695505882854,2172.7,2172.2999999999997,4.0000000000009095,2172.6,2172.7,0.0,4.0000000000009095,2.1725,1.8275000000009096,4.345,-0.34499999999909026,HIT_TARGET,1.940130927,True,1.940130927,True,0.044948692,True,True,1.895182235,False,,0.0
2026-03-19,WALL,ASK,2026-03-19 07:10:48.477239123,1773904248477239123,3.313580148,1.0,2170.9,30.178,4.028836526266605,3,3,6.999999999998181,6+,11.065999999999999,0.3666909669295513,2170.5,2170.8,3.000000000001819,2170.5,2170.6,0.0,3.000000000001819,2.1706499999999997,0.8293500000018192,4.3412999999999995,-1.3412999999981805,HIT_TARGET,3.929610131,True,3.929610131,True,3.319463358,True,True,0.610146773,False,,0.9999999999990905
2026-03-19,WALL,BID,2026-03-19 07:11:22.984683847,1773904282984683847,7.758210839,0.992696627717931,2169.0,77.958,10.279949891211182,3,3,7.9999999999972715,6+,30.715,0.3939942020062085,2169.4,2169.1,3.000000000001819,2169.3,2169.4,0.0,3.000000000001819,2.16925,0.8307500000018191,4.3385,-1.3384999999981808,HIT_TARGET,0.716021174,True,0.716021174,False,,False,False,,True,0.460997118,3.999999999996362
2026-03-19,WALL,BID,2026-03-19 07:11:52.228221902,1773904312228221902,4.135667096,0.9110071361024268,2168.4,19.468,3.80234375,4,4,15.0,6+,0.662,0.034004520238339844,2168.9,2168.5,4.0000000000009095,2168.8,2168.9,0.0,4.0000000000009095,2.1687,1.8313000000009096,4.3374,-0.3373999999990902,HIT_TARGET,0.051546459,True,0.051546459,False,,False,False,,False,,0.0
2026-03-19,WALL,BID,2026-03-19 07:12:16.420520552,1773904336420520552,7.716982448,0.9988855726888133,2167.4,51.213,16.827008378511582,3,3,16.000000000003638,6+,10.8,0.21088395524573839,2167.8,2167.5,3.000000000001819,2167.7,2167.8,0.0,3.000000000001819,2.16765,0.8323500000018189,4.3353,-1.3352999999981812,HIT_TARGET,4.694743046,True,4.694743046,True,0.051237099,True,True,4.643505947,False,,0.0
2026-03-19,WALL,ASK,2026-03-19 07:13:10.862176547,1773904390862176547,4.439064882,0.951543997955018,2167.4,76.715,10.043859649122808,4,4,4.0000000000009095,4-5,20.466,0.2667796389232875,2166.9,2167.3,4.0000000000009095,2166.9,2167.0,0.0,4.0000000000009095,2.1671000000000005,1.832900000000909,4.334200000000001,-0.33419999999909145,HIT_TARGET,3.061421374,True,3.061421374,True,2.181351886,True,True,0.880069488,False,,0.0
2026-03-19,WALL,ASK,2026-03-19 07:13:13.973090324,1773904393973090324,3.110913777,0.9657555362711681,2167.7,98.457,9.07354160906829,3,3,4.0000000000009095,4-5,25.394,0.25791970098621736,2167.3,2167.6,2.9999999999972715,2167.3,2167.4,0.0,2.9999999999972715,2.1674499999999997,0.8325499999972719,4.334899999999999,-1.3349000000027278,TIMEOUT,60.0,False,,True,0.102726254,True,False,,True,0.307352708,54.00000000000091
2026-03-19,WALL,ASK,2026-03-19 07:14:01.580660940,1773904441580660940,3.014600694,1.0,2164.8,51.438,4.8045955538950125,2,2,5.0,4-5,13.479000000000001,0.2620436253353552,2164.5,2164.7000000000003,2.0000000000027285,2164.5,2164.6,0.0,2.0000000000027285,2.1646,-0.1645999999972716,4.3292,-2.3291999999972717,HIT_TARGET,1.837374659,True,1.837374659,False,,False,False,,False,,0.0
2026-03-19,WALL,ASK,2026-03-19 07:14:13.507596252,1773904453507596252,3.096978373,0.965507941569342,2162.8,94.504,10.331128723694999,4,4,4.0000000000009095,4-5,17.869999999999997,0.18909252518411915,2162.3,2162.7000000000003,4.0000000000009095,2162.3,2162.4,0.0,4.0000000000009095,2.1624999999999996,1.8375000000009098,4.324999999999999,-0.3249999999990898,HIT_TARGET,52.660065859,True,52.660065859,True,2.207715359,True,True,50.4523505,True,0.779791977,29.00000000000091
2026-03-19,WALL,BID,2026-03-19 07:16:04.394443514,1773904564394443514,3.622799773,1.0,2154.8,98.784,10.009017680733573,7,7,10.99999999999909,6+,44.00200000000001,0.445436507936508,2155.6,2154.9,6.999999999998181,2155.5,2155.6,0.0,6.999999999998181,2.1552499999999997,4.844749999998181,4.310499999999999,2.6894999999981817,HIT_TARGET,0.815885714,True,0.815885714,True,0.05121702,True,True,0.764668694,False,,0.0
2026-03-19,WALL,ASK,2026-03-19 07:17:39.382655039,1773904659382655039,3.208100705,0.9498991896515293,2162.0,70.983,8.653825053337396,4,4,15.0,6+,28.748,0.40499837989377735,2161.5,2161.9,4.0000000000009095,2161.5,2161.6,0.0,4.0000000000009095,2.1616999999999997,1.8383000000009098,4.3233999999999995,-0.32339999999908997,HIT_TARGET,4.954943013,True,4.954943013,True,0.314006061,True,True,4.640936952,False,,0.0
2026-03-19,WALL,BID,2026-03-19 07:19:04.292203788,1773904744292203788,6.364531116,0.9584512965400985,2160.0,33.592,3.46344984018971,3,3,3.999999999996362,2-3,11.523,0.3430281019290307,2160.4,2160.1,3.000000000001819,2160.3,2160.4,0.0,3.000000000001819,2.16025,0.839750000001819,4.3205,-1.320499999998181,HIT_TARGET,22.366378967,True,22.366378967,True,1.032304312,True,True,21.334074655,True,1.133154596,10.99999999999909
2026-03-19,WALL,BID,2026-03-19 07:21:26.900503411,1773904886900503411,3.212699278,0.9778791739125233,2150.6,87.922,6.999323329220237,5,5,15.99999999999909,6+,38.762,0.44086804212825004,2151.2,2150.7,5.0,2151.1,2151.2,0.0,5.0,2.1509499999999995,2.8490500000000005,4.301899999999999,0.698100000000001,HIT_TARGET,0.971217647,True,0.971217647,True,0.250870263,True,True,0.720347384,False,,0.0
2026-03-19,WALL,ASK,2026-03-19 07:21:56.038010654,1773904916038010654,4.082463438,0.973595453667355,2151.6,158.387,42.85942362332567,3,3,8.000000000001819,6+,26.695999999999998,0.16854918648626463,2151.2,2151.5,3.000000000001819,2151.2,2151.3,0.0,3.000000000001819,2.15135,0.8486500000018191,4.3027,-1.3026999999981808,TIMEOUT,60.0,False,,True,0.255582554,True,False,,True,0.255582554,39.00000000000091
2026-03-19,WALL,BID,2026-03-19 07:22:04.202632131,1773904924202632131,4.951218923,1.0,2149.2,108.539,10.375585508077622,7,7,7.9999999999972715,6+,24.977,0.2301200490146399,2150.0,2149.2999999999997,7.0000000000027285,2149.9,2150.0,0.0,7.0000000000027285,2.1496499999999994,4.850350000002729,4.299299999999999,2.7007000000027297,HIT_TARGET,0.0997885,True,0.0997885,False,,False,False,,False,,0.0
2026-03-19,WALL,ASK,2026-03-19 07:22:55.335920233,1773904975335920233,3.006805267,0.9958168448292797,2148.6,50.988,10.767184035476719,5,5,5.9999999999990905,4-5,17.816,0.34941554875657016,2148.0,2148.5,5.0,2148.0,2148.1,0.0,5.0,2.1482499999999995,2.8517500000000005,4.296499999999999,0.7035000000000009,HIT_TARGET,13.102115579,True,13.102115579,True,1.175000638,True,True,11.927114941,True,0.206660967,6.999999999998181
2026-03-19,WALL,ASK,2026-03-19 07:23:03.196640757,1773904983196640757,4.905670233,1.0,2148.2,101.468,17.44185646755479,4,4,4.0000000000009095,4-5,23.604,0.23262506405960498,2147.7,2148.1,4.0000000000009095,2147.7,2147.8,0.0,4.0000000000009095,2.1478999999999995,1.85210000000091,4.295799999999999,-0.29579999999908946,HIT_TARGET,3.468639476,True,3.468639476,True,0.25433478,True,True,3.214304696,False,,0.0
2026-03-19,WALL,ASK,2026-03-19 07:23:24.055427746,1773905004055427746,4.738828894,0.9285814388807092,2149.0,29.394,3.1159166799173157,3,3,3.999999999996362,2-3,12.893,0.4386269306661224,2148.6,2148.9,3.000000000001819,2148.6,2148.7,0.0,3.000000000001819,2.14875,0.8512500000018188,4.2975,-1.2974999999981813,HIT_TARGET,2.302217412,True,2.302217412,True,1.023736522,True,True,1.27848089,False,,0.0
2026-03-19,WALL,ASK,2026-03-19 07:23:26.404278417,1773905006404278417,3.574841352,0.9938521422810261,2149.3,30.129,3.5857185361499555,3,3,4.0000000000009095,4-5,13.472,0.44714394769159277,2148.9,2149.2000000000003,3.000000000001819,2148.9,2149.0,0.0,3.000000000001819,2.14905,0.8509500000018191,4.2981,-1.2980999999981808,TIMEOUT,60.0,False,,True,0.056006057,True,False,,True,2.198096367,61.99999999999818
2026-03-19,WALL,BID,2026-03-19 07:23:45.031676003,1773905025031676003,3.063189697,1.0,2144.5,12.213,3.6462158531124045,2,2,14.00000000000091,6+,5.128,0.4198804552525997,2144.8,2144.6,2.0000000000027285,2144.7,2144.8,0.0,2.0000000000027285,2.1447,-0.14469999999727134,4.2894,-2.289399999997271,HIT_TARGET,0.159579212,True,0.159579212,False,,False,False,,False,,0.0
2026-03-19,WALL,BID,2026-03-19 07:23:55.935451561,1773905035935451561,3.293738908,0.9656471246931028,2142.6,38.466,3.0814708002883924,2,2,3.999999999996362,2-3,16.93,0.44012894504237504,2142.9,2142.7,2.0000000000027285,2142.8,2142.9,0.0,2.0000000000027285,2.1428000000000003,-0.14279999999727178,4.2856000000000005,-2.285599999997272,HIT_TARGET,2.012133561,True,2.012133561,False,,False,False,,False,,0.0
2026-03-19,WALL,ASK,2026-03-19 07:24:02.084670715,1773905042084670715,6.943384786,0.9540973058784474,2144.7,53.829,12.454650624710782,5,5,12.999999999997272,6+,13.007,0.24163554961080458,2144.1,2144.6,5.0,2144.1,2144.2,0.0,5.0,2.1443499999999998,2.8556500000000002,4.2886999999999995,0.7113000000000005,HIT_TARGET,0.508176011,True,0.508176011,False,,False,False,,False,,0.0
2026-03-19,WALL,ASK,2026-03-19 07:24:23.151576734,1773905063151576734,4.592005082,0.9526781322930601,2147.0,77.623,14.337458441078686,4,4,14.00000000000091,6+,16.87,0.2173324916584002,2146.5,2146.9,4.0000000000009095,2146.5,2146.6,0.0,4.0000000000009095,2.1466999999999996,1.8533000000009099,4.293399999999999,-0.2933999999990897,HIT_TARGET,0.559290192,True,0.559290192,False,,False,False,,False,,0.0
2026-03-19,WALL,BID,2026-03-19 07:25:03.761730411,1773905103761730411,4.747955357,0.9767399679027774,2144.4,54.663,11.708900074970547,6,6,11.999999999998181,6+,19.759,0.3614693668477764,2146.1,2144.5,15.99999999999909,2145.0,2146.1,0.0,15.99999999999909,2.1453,13.85469999999909,4.2906,11.70939999999909,TIMEOUT,60.0,False,,True,0.356578895,True,False,,True,7.965664091,119.00000000000091
2026-03-19,WALL,ASK,2026-03-19 07:25:11.371765013,1773905111371765013,7.158106109,0.9844259000491997,2145.4,26.8,5.60728109634899,2,2,3.999999999996362,2-3,10.378,0.38723880597014926,2145.1,2145.3,2.0000000000027285,2145.1,2145.2,0.0,2.0000000000027285,2.1451999999999996,-0.14519999999727107,4.290399999999999,-2.2903999999972706,HIT_TARGET,0.355629489,True,0.355629489,False,,False,False,,False,,0.0
2026-03-19,WALL,ASK,2026-03-19 07:25:11.677713508,1773905111677713508,5.675298351,1.0,2145.6,27.975,6.515663211831839,4,4,3.999999999996362,2-3,12.378,0.4424664879356568,2145.1,2145.5,4.0000000000009095,2145.1,2145.2,0.0,4.0000000000009095,2.1453,1.8547000000009093,4.2906,-0.2905999999990909,HIT_TARGET,0.100663645,True,0.100663645,False,,False,False,,False,,0.0
2026-03-19,WALL,ASK,2026-03-19 07:25:12.647174529,1773905112647174529,9.80422752,0.9381185840738221,2146.1,30.701,3.9975260416666667,3,3,10.0,6+,11.177999999999999,0.3640923748412103,2145.7,2146.0,3.000000000001819,2145.7,2145.8,0.0,3.000000000001819,2.14585,0.8541500000018192,4.2917,-1.2916999999981806,HIT_TARGET,1.836156596,True,1.836156596,False,,False,False,,False,,0.0
2026-03-19,WALL,ASK,2026-03-19 07:25:27.545749488,1773905127545749488,4.64500339,1.0,2148.7,13.216,3.5903287150230914,3,3,4.0000000000009095,4-5,6.43,0.4865314769975787,2148.3,2148.6,2.9999999999972715,2148.3,2148.4,0.0,2.9999999999972715,2.1484499999999995,0.851549999997272,4.296899999999999,-1.2969000000027275,HIT_TARGET,0.202645577,True,0.202645577,False,,False,False,,False,,0.0
2026-03-19,WALL,ASK,2026-03-19 07:27:30.979052573,1773905250979052573,4.184773164,1.0,2154.6,48.864,7.782750657004061,1,1,4.0000000000009095,4-5,13.199,0.27011705959397514,2154.4,2154.5,0.9999999999990905,2154.4,2154.5,0.0,0.9999999999990905,2.1544499999999998,-1.1544500000009092,4.3088999999999995,-3.308900000000909,HIT_TARGET,0.050102007,True,0.050102007,False,,False,False,,False,,0.0
2026-03-19,WALL,ASK,2026-03-19 07:28:06.955345692,1773905286955345692,6.431353684,0.9644997685995712,2155.0,35.306,3.07677559912854,1,1,5.9999999999990905,4-5,10.168,0.2879963745539002,2154.8,2154.9,0.9999999999990905,2154.8,2154.9,0.0,0.9999999999990905,2.15485,-1.1548500000009096,4.3097,-3.30970000000091,HIT_TARGET,0.049021439,True,0.049021439,False,,False,False,,False,,0.0
2026-03-19,WALL,BID,2026-03-19 07:29:31.157596907,1773905371157596907,4.562742176,0.9882918098504455,2154.5,94.671,12.050022274549736,4,4,6.999999999998181,6+,20.795,0.21965543830740142,2155.0,2154.6,4.0000000000009095,2154.9,2155.0,0.0,4.0000000000009095,2.1548,1.8452000000009097,4.3096,-0.30959999999909016,HIT_TARGET,11.48025039,True,11.48025039,True,0.04921258,True,True,11.43103781,False,,0.9999999999990905
2026-03-19,WALL,BID,2026-03-19 07:29:56.617651757,1773905396617651757,3.344504087,0.9507791831859705,2154.2,74.808,7.894470240607853,4,4,4.0000000000009095,4-5,21.997999999999998,0.294059458881403,2154.7,2154.2999999999997,4.0000000000009095,2154.6,2154.7,0.0,4.0000000000009095,2.1545,1.8455000000009094,4.309,-0.30899999999909067,HIT_TARGET,5.256472144,True,5.256472144,True,1.375514901,True,True,3.880957243,False,,2.0000000000027285
2026-03-19,WALL,BID,2026-03-19 07:30:44.220716784,1773905444220716784,4.44042674,0.9988687157126704,2155.1,33.596,5.764090246203997,1,1,4.0000000000009095,4-5,3.253,0.09682700321466843,2155.3,2155.2,1.000000000003638,2155.2,2155.3,0.0,1.000000000003638,2.1552499999999997,-1.1552499999963617,4.310499999999999,-3.3104999999963614,HIT_TARGET,0.056292423,True,0.056292423,False,,False,False,,False,,0.0
2026-03-19,WALL,ASK,2026-03-19 07:30:54.022223922,1773905454022223922,3.014062581,0.9110753278018948,2156.6,37.623,4.17384069225649,3,3,4.0000000000009095,4-5,17.977,0.4778194189724371,2156.2,2156.5,3.000000000001819,2156.2,2156.3,0.0,3.000000000001819,2.1563499999999998,0.8436500000018192,4.3126999999999995,-1.3126999999981805,HIT_TARGET,6.127171172,True,6.127171172,True,4.996520087,True,True,1.130651085,True,0.564285132,3.000000000001819
2026-03-19,WALL,BID,2026-03-19 07:31:46.334124219,1773905506334124219,6.332825331,0.9631873701207566,2156.0,79.115,11.886268028846153,4,4,12.999999999997272,6+,16.15,0.2041332237881565,2156.5,2156.1,4.0000000000009095,2156.4,2156.5,0.0,4.0000000000009095,2.1563,1.8437000000009096,4.3126,-0.31259999999909027,HIT_TARGET,7.705987317,True,7.705987317,True,0.917624531,True,True,6.788362786,False,,1.999999999998181
2026-03-19,WALL,ASK,2026-03-19 07:31:57.870354044,1773905517870354044,3.983517317,0.8842419032466328,2156.4,40.682,3.572200026342363,3,3,4.0000000000009095,4-5,3.8629999999999995,0.09495600019664716,2156.0,2156.3,3.000000000001819,2156.0,2156.1,0.0,3.000000000001819,2.15615,0.8438500000018192,4.3123,-1.3122999999981806,HIT_TARGET,0.19071823,True,0.19071823,False,,False,False,,False,,0.0
2026-03-19,WALL,ASK,2026-03-19 07:32:06.949756442,1773905526949756442,6.485113296,0.9829738451804528,2158.5,60.128,5.8390871570769605,4,4,14.00000000000091,6+,29.738,0.4945782331027142,2158.0,2158.4,4.0000000000009095,2158.0,2158.1,0.0,4.0000000000009095,2.1582,1.8418000000009096,4.3164,-0.3163999999990903,HIT_TARGET,0.868972639,True,0.868972639,False,,False,False,,False,,0.0
2026-03-19,WALL,ASK,2026-03-19 07:32:31.647198909,1773905551647198909,3.889129523,0.9858948457037542,2157.4,35.457,3.662913223140496,2,2,5.9999999999990905,4-5,6.534000000000001,0.1842795498773162,2157.1,2157.3,2.0000000000027285,2157.1,2157.2,0.0,2.0000000000027285,2.1572,-0.15719999999727152,4.3144,-2.3143999999972715,HIT_TARGET,6.63473875,True,6.63473875,False,,False,False,,False,,0.9999999999990905
2026-03-19,WALL,ASK,2026-03-19 07:33:12.332305110,1773905592332305110,3.181547851,1.0,2158.6,56.881,4.950694112015318,4,4,3.999999999996362,2-3,23.741,0.41738014451222727,2158.1,2158.5,4.0000000000009095,2158.1,2158.2,0.0,4.0000000000009095,2.1583,1.8417000000009094,4.3166,-0.3165999999990907,HIT_TARGET,0.357330443,True,0.357330443,False,,False,False,,False,,0.0
2026-03-19,WALL,ASK,2026-03-19 07:33:44.478316495,1773905624478316495,6.9501558,1.0,2162.5,46.7,21.63038443723946,5,5,10.0,6+,22.563,0.48314775160599566,2161.9,2162.4,5.0,2161.9,2162.0,0.0,5.0,2.16215,2.83785,4.3243,0.6757,HIT_TARGET,1.123530874,True,1.123530874,False,,False,False,,False,,0.9999999999990905
2026-03-19,WALL,ASK,2026-03-19 07:35:00.500346331,1773905700500346331,4.702415999,1.0,2162.4,40.644,6.422374970372126,3,3,4.0000000000009095,4-5,11.087,0.27278319063084344,2162.0,2162.3,3.000000000001819,2162.0,2162.1,0.0,3.000000000001819,2.16215,0.837850000001819,4.3243,-1.324299999998181,HIT_TARGET,0.561917274,True,0.561917274,True,0.051132079,True,True,0.510785195,False,,0.0
2026-03-19,WALL,ASK,2026-03-19 07:36:37.236381748,1773905797236381748,3.038835041,0.9508970348877848,2162.3,37.945,5.2475452911077305,4,4,5.9999999999990905,4-5,14.565000000000001,0.3838450388720517,2161.8,2162.2000000000003,4.0000000000009095,2161.8,2161.9,0.0,4.0000000000009095,2.162,1.8380000000009096,4.324,-0.32399999999909035,HIT_TARGET,8.752797973,True,8.752797973,True,7.782326242,True,True,0.970471731,False,,0.0
2026-03-19,WALL,BID,2026-03-19 07:38:00.472488141,1773905880472488141,3.368097199,0.9534049973241286,2166.5,10.768,3.9028633562885107,1,1,19.00000000000091,6+,1.846,0.17143387815750372,2166.7,2166.6,0.9999999999990905,2166.6,2166.7,0.0,0.9999999999990905,2.1666499999999997,-1.1666500000009092,4.3332999999999995,-3.333300000000909,HIT_TARGET,0.051513141,True,0.051513141,False,,False,False,,False,,0.0
2026-03-19,WALL,ASK,2026-03-19 07:38:11.836470432,1773905891836470432,5.372149626,1.0,2168.0,36.897,6.507407407407407,4,4,4.0000000000009095,4-5,17.523,0.4749166598910481,2167.5,2167.9,4.0000000000009095,2167.5,2167.6,0.0,4.0000000000009095,2.1677,1.8323000000009095,4.3354,-0.3353999999990904,HIT_TARGET,15.121202693,True,15.121202693,True,7.817566029,True,True,7.303636664,True,7.467186224,6.999999999998181
2026-03-19,WALL,ASK,2026-03-19 07:38:24.457634499,1773905904457634499,3.390127334,0.9793062728657967,2167.6,15.043,3.97489760866693,3,3,4.0000000000009095,4-5,5.927,0.3940038556139068,2167.2,2167.5,3.000000000001819,2167.2,2167.3,0.0,3.000000000001819,2.16735,0.8326500000018191,4.3347,-1.3346999999981808,HIT_TARGET,2.39807073,True,2.39807073,True,1.887308836,True,True,0.510761894,False,,0.0
2026-03-19,WALL,ASK,2026-03-19 07:38:33.842807713,1773905913842807713,3.375807186,1.0,2169.1,51.745,8.953971275307147,3,3,6.000000000003638,6+,14.188,0.274190743066963,2168.7,2169.0,3.000000000001819,2168.7,2168.8,0.0,3.000000000001819,2.16885,0.831150000001819,4.3377,-1.337699999998181,HIT_TARGET,3.721825297,True,3.721825297,True,2.138517478,True,True,1.583307819,True,0.305540885,3.000000000001819
2026-03-19,WALL,ASK,2026-03-19 07:39:34.721701605,1773905974721701605,4.439098512,1.0,2172.0,49.164,28.600349040139616,7,7,11.000000000003638,6+,18.863,0.3836750467821983,2171.2,2171.9,7.0000000000027285,2171.2,2171.3,0.0,7.0000000000027285,2.17155,4.828450000002729,4.3431,2.6569000000027287,HIT_TARGET,0.5609319,True,0.5609319,False,,False,False,,False,,0.0
2026-03-19,WALL,ASK,2026-03-19 07:39:35.486669172,1773905975486669172,5.001158088,0.9782956727041978,2172.1,34.331,6.453195488721804,2,2,17.00000000000273,6+,16.451999999999998,0.4792170341673705,2171.8,2172.0,1.999999999998181,2171.8,2171.9,0.0,1.999999999998181,2.1719,-0.17190000000181893,4.3438,-2.343800000001819,HIT_TARGET,24.589060426,True,24.589060426,True,0.91520527,True,True,23.673855156,True,0.606061499,15.0
2026-03-19,WALL,ASK,2026-03-19 07:39:49.250949628,1773905989250949628,4.186147418,1.0,2171.2,32.161,3.559010678913296,3,3,4.0000000000009095,4-5,14.756,0.45881657908647117,2170.8,2171.1,2.9999999999972715,2170.8,2170.9,0.0,2.9999999999972715,2.1709499999999995,0.829049999997272,4.341899999999999,-1.3419000000027275,HIT_TARGET,6.386668666,True,6.386668666,True,0.961539841,True,True,5.425128825,True,3.733508804,4.0000000000009095
2026-03-19,WALL,BID,2026-03-19 07:40:15.072236174,1773906015072236174,3.364623436,1.0,2172.4,99.61,13.737415528892566,3,3,9.00000000000091,6+,28.852999999999998,0.2896596727236221,2172.8,2172.5,3.000000000001819,2172.7,2172.8,0.0,3.000000000001819,2.17265,0.827350000001819,4.3453,-1.345299999998181,HIT_TARGET,0.357905343,True,0.357905343,False,,False,False,,False,,0.0
2026-03-19,WALL,ASK,2026-03-19 07:42:22.095550815,1773906142095550815,5.155941882,1.0,2170.8,34.935,4.240713765477058,2,2,4.0000000000009095,4-5,7.5760000000000005,0.21685988263918707,2170.5,2170.7000000000003,2.0000000000027285,2170.5,2170.6,0.0,2.0000000000027285,2.1706000000000003,-0.17059999999727182,4.341200000000001,-2.341199999997272,HIT_TARGET,0.051058349,True,0.051058349,False,,False,False,,False,,0.0
2026-03-19,WALL,BID,2026-03-19 07:42:55.466479520,1773906175466479520,3.014942114,1.0,2169.5,103.25,8.69693396226415,4,4,4.0000000000009095,4-5,50.117999999999995,0.48540435835351087,2170.0,2169.6,4.0000000000009095,2169.9,2170.0,0.0,4.0000000000009095,2.1698,1.8302000000009095,4.3396,-0.3395999999990904,HIT_TARGET,4.590759744,True,4.590759744,True,2.905968524,True,True,1.68479122,False,,0.0
2026-03-19,WALL,ASK,2026-03-19 07:45:02.684661577,1773906302684661577,8.575241658,1.0,2168.3,51.041,4.5611009338278,1,1,5.0,4-5,2.023,0.039634803393350446,2168.1,2168.2000000000003,1.000000000003638,2168.1,2168.2,0.0,1.000000000003638,2.16815,-1.1681499999963618,4.3363,-3.3362999999963616,HIT_TARGET,0.047989072,True,0.047989072,False,,False,False,,False,,0.0
2026-03-19,WALL,ASK,2026-03-19 07:45:49.130660668,1773906349130660668,3.52284349,1.0,2168.5,75.44,9.203928506069664,4,4,5.0,4-5,27.997,0.3711161187698834,2167.5,2168.4,9.00000000000091,2167.5,2168.1,0.0,9.00000000000091,2.16795,6.83205000000091,4.3359,4.66410000000091,HIT_TARGET,0.204868866,True,0.204868866,False,,False,False,,False,,0.0
2026-03-19,WALL,ASK,2026-03-19 07:46:12.243620642,1773906372243620642,3.00807668,1.0,2165.7,47.464,6.1713691327525675,6,6,7.9999999999972715,6+,5.18,0.10913534468228551,2165.0,2165.6,5.9999999999990905,2165.0,2165.1,0.0,5.9999999999990905,2.1653000000000002,3.8346999999990903,4.3306000000000004,1.66939999999909,HIT_TARGET,1.534137179,True,1.534137179,True,0.921829554,True,True,0.612307625,False,,0.0
2026-03-19,WALL,BID,2026-03-19 07:47:41.905778115,1773906461905778115,7.55240556,0.9657345813934283,2166.4,79.908,15.152744856357257,5,5,10.99999999999909,6+,38.889,0.4866721729989488,2167.0,2166.5,5.0,2166.9,2167.0,0.0,5.0,2.16675,2.83325,4.3335,0.6665000000000001,HIT_TARGET,12.449200674,True,12.449200674,True,0.204097103,True,True,12.245103571,False,,1.999999999998181
2026-03-19,WALL,BID,2026-03-19 07:47:51.959049689,1773906471959049689,3.116267268,0.9804969132063547,2166.2,107.863,11.517672183662572,4,4,5.0,4-5,24.798000000000002,0.2299027470031429,2166.7,2166.2999999999997,4.0000000000009095,2166.6,2166.7,0.0,4.0000000000009095,2.1665,1.8335000000009094,4.333,-0.3329999999990907,HIT_TARGET,4.992065541,True,4.992065541,True,2.3959291,True,True,2.596136441,False,,0.0
2026-03-19,WALL,ASK,2026-03-19 07:49:36.200480746,1773906576200480746,10.775751191,1.0,2165.2,59.279,4.0058791728611975,2,2,4.0000000000009095,4-5,27.941,0.47134735741156225,2164.9,2165.1,1.999999999998181,2164.9,2165.0,0.0,1.999999999998181,2.165,-0.16500000000181902,4.33,-2.330000000001819,HIT_TARGET,2.689102643,True,2.689102643,True,0.6628378,True,True,2.026264843,False,,0.0
2026-03-19,WALL,ASK,2026-03-19 07:50:56.008231744,1773906656008231744,6.069513465,1.0,2165.6,55.824,4.606700775705562,3,3,4.0000000000009095,4-5,23.791,0.42617870449985673,2165.2,2165.5,3.000000000001819,2165.2,2165.3,0.0,3.000000000001819,2.1653499999999997,0.8346500000018193,4.330699999999999,-1.3306999999981803,HIT_TARGET,0.255288022,True,0.255288022,False,,False,False,,False,,0.0
2026-03-19,WALL,ASK,2026-03-19 07:51:16.421937961,1773906676421937961,3.421699749,0.9322652301483394,2167.3,49.827,4.393915343915344,4,4,5.0,4-5,23.115,0.46390511168643506,2166.8,2167.2000000000003,4.0000000000009095,2166.8,2166.9,0.0,4.0000000000009095,2.167,1.8330000000009097,4.334,-0.33399999999909014,HIT_TARGET,0.306692921,True,0.306692921,False,,False,False,,False,,0.0
2026-03-19,WALL,BID,2026-03-19 07:56:51.788682252,1773907011788682252,4.346639226,1.0,2171.5,49.328,5.374884227730864,5,5,8.000000000001819,6+,24.541,0.49750648718780405,2172.1,2171.6,5.0,2172.0,2172.1,0.0,5.0,2.1718499999999996,2.8281500000000004,4.343699999999999,0.6563000000000008,HIT_TARGET,6.124826154,True,6.124826154,True,0.868891196,True,True,5.255934958,False,,0.0
2026-03-19,WALL,BID,2026-03-19 07:58:08.029480718,1773907088029480718,3.33223393,0.954658406890419,2167.5,43.478,7.877162786484282,2,2,4.0000000000009095,4-5,5.165,0.11879571277427664,2167.8,2167.6,2.0000000000027285,2167.7,2167.8,0.0,2.0000000000027285,2.1677,-0.16769999999727148,4.3354,-2.3353999999972714,HIT_TARGET,0.087164821,True,0.087164821,False,,False,False,,False,,0.0
2026-03-19,WALL,ASK,2026-03-19 07:59:51.761451524,1773907191761451524,3.008179047,0.865629588969077,2167.0,84.307,11.443094672548355,2,2,8.000000000001819,6+,37.830999999999996,0.44872904978234307,2166.7,2166.9,2.0000000000027285,2166.7,2166.8,0.0,2.0000000000027285,2.1668,-0.16679999999727135,4.3336,-2.333599999997271,HIT_TARGET,15.011888598,True,15.011888598,True,0.87169622,True,True,14.140192378,True,1.894306263,4.0000000000009095
2026-03-19,WALL,BID,2026-03-19 07:59:53.946351448,1773907193946351448,3.607767831,0.9447588890594552,2166.2,28.239,3.943719014035333,1,1,3.999999999996362,2-3,6.821,0.24154538050214241,2166.4,2166.2999999999997,1.000000000003638,2166.3,2166.4,0.0,1.000000000003638,2.16635,-1.166349999996362,4.3327,-3.332699999996362,HIT_TARGET,0.09295703,True,0.09295703,False,,False,False,,False,,0.0
2026-03-19,WALL,ASK,2026-03-19 08:00:29.224988216,1773907229224988216,3.017430151,0.8040725357622371,2170.3,64.913,9.146540791883895,2,2,9.00000000000091,6+,29.683,0.4572735815630151,2170.0,2170.2000000000003,2.0000000000027285,2170.0,2170.1,0.0,2.0000000000027285,2.1701,-0.17009999999727166,4.3402,-2.340199999997272,HIT_TARGET,3.570432198,True,3.570432198,True,3.060407617,True,True,0.510024581,False,,1.999999999998181
2026-03-19,WALL,ASK,2026-03-19 08:01:06.689404963,1773907266689404963,4.18754834,0.9381705690351505,2170.5,91.04,5.543445168361444,4,4,15.0,6+,42.135999999999996,0.46282952548330397,2170.0,2170.4,4.0000000000009095,2170.0,2170.1,0.0,4.0000000000009095,2.1702,1.8298000000009096,4.3404,-0.3403999999990903,TIMEOUT,60.0,False,,True,0.918995437,True,False,,True,3.265271371,22.99999999999727
2026-03-19,WALL,ASK,2026-03-19 08:01:34.865399441,1773907294865399441,3.726777825,1.0,2169.6,107.6,14.339974678483374,4,4,3.999999999996362,2-3,37.786,0.3511710037174722,2169.0,2169.5,5.0,2169.0,2169.2,0.0,5.0,2.16925,2.83075,4.3385,0.6615000000000002,HIT_TARGET,35.451715197,True,35.451715197,True,0.496812554,True,True,34.954902643,True,0.969254796,13.999999999996362
2026-03-19,WALL,BID,2026-03-19 08:02:45.691630141,1773907365691630141,3.477542348,1.0,2168.7,55.869,15.78443282949569,3,3,18.00000000000182,6+,1.726,0.030893697757253574,2169.1,2168.7999999999997,3.000000000001819,2169.0,2169.1,0.0,3.000000000001819,2.1689499999999997,0.8310500000018193,4.337899999999999,-1.3378999999981804,HIT_TARGET,0.051036028,True,0.051036028,False,,False,False,,False,,0.0
2026-03-19,WALL,ASK,2026-03-19 08:03:12.936609107,1773907392936609107,4.58966121,1.0,2165.1,26.668,3.318979464841319,2,2,4.0000000000009095,4-5,8.823,0.33084595770211495,2164.8,2165.0,1.999999999998181,2164.8,2164.9,0.0,1.999999999998181,2.1649,-0.16490000000181881,4.3298,-2.3298000000018186,HIT_TARGET,1.63956935,True,1.63956935,True,1.005260723,True,True,0.634308627,False,,0.0
2026-03-19,WALL,BID,2026-03-19 08:04:00.810628419,1773907440810628419,3.011474078,0.9397169690663364,2164.1,87.884,13.53727664818238,7,7,3.999999999996362,2-3,33.682,0.38325520003641167,2164.9,2164.2,7.0000000000027285,2164.8,2164.9,0.0,7.0000000000027285,2.1645499999999998,4.835450000002728,4.3290999999999995,2.670900000002729,HIT_TARGET,17.555831693,True,17.555831693,True,0.050819586,True,True,17.505012107,True,3.266353478,5.9999999999990905
2026-03-19,WALL,BID,2026-03-19 08:07:50.384580728,1773907670384580728,3.420413397,0.9837670458054284,2163.3,12.5,5.108295872496935,5,5,5.9999999999990905,4-5,2.864,0.22912,2163.9,2163.4,5.0,2163.8,2163.9,0.0,5.0,2.16365,2.83635,4.3273,0.6726999999999999,HIT_TARGET,0.049089247,True,0.049089247,False,,False,False,,False,,0.0
2026-03-19,WALL,BID,2026-03-19 08:09:23.002856308,1773907763002856308,3.82572015,0.9711690469570807,2163.4,34.238,3.6956122834475686,1,1,4.0000000000009095,4-5,12.844,0.3751387347391787,2163.6,2163.5,0.9999999999990905,2163.5,2163.6,0.0,0.9999999999990905,2.16355,-1.1635500000009094,4.3271,-3.327100000000909,HIT_TARGET,0.03827252,True,0.03827252,False,,False,False,,False,,0.0
2026-03-19,WALL,BID,2026-03-19 08:10:57.250258311,1773907857250258311,3.205536135,1.0,2162.9,36.058,4.374909002669255,2,2,4.0000000000009095,4-5,13.381,0.3710965666426313,2163.2,2163.0,1.999999999998181,2163.1,2163.2,0.0,1.999999999998181,2.1631,-0.163100000001819,4.3262,-2.326200000001819,HIT_TARGET,0.263337838,True,0.263337838,False,,False,False,,False,,0.0
2026-03-19,WALL,ASK,2026-03-19 08:17:15.307843791,1773908235307843791,4.142088662,1.0,2166.7,110.266,10.74874494321782,5,5,3.999999999996362,2-3,52.568999999999996,0.47674713873723534,2166.1,2166.6,5.0,2166.1,2166.2,0.0,5.0,2.16635,2.83365,4.3327,0.6673,HIT_TARGET,4.84974403,True,4.84974403,True,3.979745925,True,True,0.869998105,False,,0.0
2026-03-19,WALL,BID,2026-03-19 08:19:38.742397199,1773908378742397199,3.05935212,0.9987253150840316,2164.5,36.638,4.667855777806089,3,3,3.999999999996362,2-3,11.574,0.3159015230088979,2164.9,2164.6,3.000000000001819,2164.8,2164.9,0.0,3.000000000001819,2.1647499999999997,0.8352500000018193,4.3294999999999995,-1.3294999999981805,HIT_TARGET,3.126179245,True,3.126179245,False,,False,False,,False,,0.0
2026-03-19,WALL,ASK,2026-03-19 08:21:35.546125632,1773908495546125632,9.341092123,1.0,2167.9,45.545,4.097984524023754,2,2,3.999999999996362,2-3,11.473,0.2519047096278406,2167.6,2167.8,2.0000000000027285,2167.6,2167.7,0.0,2.0000000000027285,2.1677,-0.16769999999727148,4.3354,-2.3353999999972714,HIT_TARGET,0.255536336,True,0.255536336,False,,False,False,,False,,0.0
2026-03-19,WALL,BID,2026-03-19 08:30:00.848210997,1773909000848210997,12.036091587,0.961004808694964,2158.5,36.905,5.4081184056271985,2,2,5.0,4-5,5.095,0.138057173824685,2158.8,2158.6,2.0000000000027285,2158.7,2158.8,0.0,2.0000000000027285,2.1586999999999996,-0.15869999999727114,4.317399999999999,-2.3173999999972708,HIT_TARGET,0.111164085,True,0.111164085,False,,False,False,,False,,0.0
2026-03-19,WALL,BID,2026-03-19 08:33:52.928763034,1773909232928763034,3.245532776,1.0,2160.1,62.0,5.560039458344543,3,3,4.0000000000009095,4-5,26.592,0.42890322580645157,2160.5,2160.2,3.000000000001819,2160.4,2160.5,0.0,3.000000000001819,2.1603499999999998,0.8396500000018192,4.3206999999999995,-1.3206999999981806,HIT_TARGET,9.666611894,True,9.666611894,True,2.422973571,True,True,7.243638323,True,2.728979018,5.9999999999990905
2026-03-19,WALL,BID,2026-03-19 08:34:03.241563317,1773909243241563317,3.09956092,0.9971107149589433,2159.2,50.256,5.869656622284512,3,3,15.0,6+,17.286,0.3439589302769819,2159.6,2159.2999999999997,3.000000000001819,2159.5,2159.6,0.0,3.000000000001819,2.1594499999999996,0.8405500000018193,4.318899999999999,-1.3188999999981803,HIT_TARGET,2.963068681,True,2.963068681,False,,False,False,,False,,0.0
2026-03-19,WALL,ASK,2026-03-19 08:41:00.832677729,1773909660832677729,3.878784471,0.9225192834902427,2162.2,24.811,3.247725636494535,3,3,4.0000000000009095,4-5,1.049,0.042279634033291685,2161.8,2162.1,2.9999999999972715,2161.8,2161.9,0.0,2.9999999999972715,2.1619499999999996,0.8380499999972719,4.323899999999999,-1.3239000000027277,HIT_TARGET,0.102926954,True,0.102926954,False,,False,False,,False,,0.0
2026-03-19,WALL,BID,2026-03-19 08:42:20.534439741,1773909740534439741,5.410224279,0.9866769628608958,2161.6,29.1,3.496335455965397,3,3,4.0000000000009095,4-5,13.693999999999999,0.4705841924398625,2162.0,2161.7,3.000000000001819,2161.9,2162.0,0.0,3.000000000001819,2.16185,0.8381500000018192,4.3237,-1.3236999999981807,HIT_TARGET,2.295972663,True,2.295972663,False,,False,False,,False,,0.0
2026-03-19,WALL,BID,2026-03-19 08:42:22.779625080,1773909742779625080,3.737260987,0.9834332929342191,2161.3,76.688,15.996662494785147,5,5,5.0,4-5,12.729999999999999,0.16599728771124556,2161.9,2161.4,5.0,2161.8,2161.9,0.0,5.0,2.16165,2.83835,4.3233,0.6767000000000003,HIT_TARGET,0.050787324,True,0.050787324,False,,False,False,,False,,0.0
2026-03-19,WALL,ASK,2026-03-19 08:43:21.762318576,1773909801762318576,5.037327357,0.9578972369732373,2160.2,31.22,3.51102114260009,1,1,4.0000000000009095,4-5,10.417,0.33366431774503524,2160.0,2160.1,0.9999999999990905,2160.0,2160.1,0.0,0.9999999999990905,2.16005,-1.1600500000009095,4.3201,-3.3201000000009095,HIT_TARGET,0.059968799,True,0.059968799,False,,False,False,,False,,0.0
2026-03-19,WALL,BID,2026-03-19 08:45:13.537936935,1773909913537936935,3.480503379,1.0,2159.6,34.216,3.6320789766997503,2,2,3.999999999996362,2-3,5.9990000000000006,0.17532733224222588,2159.9,2159.7,2.0000000000027285,2159.8,2159.9,0.0,2.0000000000027285,2.1597999999999997,-0.15979999999727124,4.319599999999999,-2.319599999997271,HIT_TARGET,0.56794436,True,0.56794436,False,,False,False,,False,,0.0
2026-03-19,WALL,ASK,2026-03-19 08:47:03.728429543,1773910023728429543,3.623987936,1.0,2161.4,33.653,3.7765682863876107,1,1,6.000000000003638,6+,5.492,0.16319496033043118,2161.2,2161.3,1.000000000003638,2161.2,2161.3,0.0,1.000000000003638,2.16125,-1.161249999996362,4.3225,-3.322499999996362,HIT_TARGET,0.051666767,True,0.051666767,False,,False,False,,False,,0.0
2026-03-19,WALL,ASK,2026-03-19 08:47:39.807083117,1773910059807083117,3.790060027,1.0,2163.4,53.68,4.478931998331247,2,2,3.999999999996362,2-3,16.764,0.3122950819672131,2163.1,2163.3,2.0000000000027285,2163.1,2163.2,0.0,2.0000000000027285,2.1632,-0.1631999999972713,4.3264,-2.326399999997271,HIT_TARGET,14.746514382,True,14.746514382,True,3.599209034,True,True,11.147305348,False,,0.0
2026-03-19,WALL,BID,2026-03-19 08:48:35.372722044,1773910115372722044,3.618977865,0.9990038999589184,2163.5,35.452,3.136789948681649,2,2,4.0000000000009095,4-5,3.806,0.10735642558952951,2163.8,2163.6,2.0000000000027285,2163.7,2163.8,0.0,2.0000000000027285,2.1636999999999995,-0.16369999999727103,4.327399999999999,-2.3273999999972705,HIT_TARGET,0.821835509,True,0.821835509,False,,False,False,,False,,0.0
2026-03-19,WALL,ASK,2026-03-19 08:49:31.979061665,1773910171979061665,3.264801353,1.0,2163.2,134.161,9.93748379689641,3,3,4.0000000000009095,4-5,63.218999999999994,0.47121741787851906,2162.8,2163.1,2.9999999999972715,2162.8,2162.9,0.0,2.9999999999972715,2.16295,0.8370499999972716,4.3259,-1.3259000000027283,HIT_TARGET,3.573556111,True,3.573556111,False,,False,False,,False,,0.0
2026-03-19,WALL,BID,2026-03-19 08:51:12.302465472,1773910272302465472,3.142959957,1.0,2162.6,40.624,4.537220081532362,4,4,4.0000000000009095,4-5,18.562,0.45692201654194564,2163.1,2162.7,4.0000000000009095,2163.0,2163.1,0.0,4.0000000000009095,2.1628999999999996,1.83710000000091,4.325799999999999,-0.3257999999990897,HIT_TARGET,5.125452929,True,5.125452929,False,,False,False,,False,,0.0
2026-03-19,WALL,BID,2026-03-19 08:52:06.236990050,1773910326236990050,5.429084706,0.9808698641439101,2159.1,61.168,5.124879560973565,3,3,4.0000000000009095,4-5,30.506,0.4987248234370913,2159.5,2159.2,3.000000000001819,2159.4,2159.5,0.0,3.000000000001819,2.15935,0.8406500000018191,4.3187,-1.3186999999981808,HIT_TARGET,4.319982919,True,4.319982919,True,1.769509136,True,True,2.550473783,True,1.769509136,5.9999999999990905
2026-03-19,WALL,BID,2026-03-19 08:53:08.890196820,1773910388890196820,3.271309015,0.9361896042095552,2160.0,79.121,12.62401276426007,5,5,6.999999999998181,6+,21.486,0.27155875178524036,2160.6,2160.1,5.0,2160.5,2160.6,0.0,5.0,2.1603499999999998,2.8396500000000002,4.3206999999999995,0.6793000000000005,TIMEOUT,60.0,False,,True,1.8368711,True,False,,True,6.575497532,23.00000000000182
2026-03-19,WALL,BID,2026-03-19 08:56:34.850564379,1773910594850564379,3.012181259,1.0,2159.6,33.833,3.7248706374545852,1,1,4.0000000000009095,4-5,14.857,0.43912747908846395,2159.8,2159.7,1.000000000003638,2159.7,2159.8,0.0,1.000000000003638,2.15975,-1.1597499999963619,4.3195,-3.3194999999963617,HIT_TARGET,0.050557989,True,0.050557989,False,,False,False,,False,,0.0
2026-03-19,WALL,BID,2026-03-19 08:58:20.951849224,1773910700951849224,3.161369082,1.0,2159.0,34.597,3.856537732694237,2,2,4.0000000000009095,4-5,10.918999999999999,0.31560539931207904,2159.3,2159.1,2.0000000000027285,2159.2,2159.3,0.0,2.0000000000027285,2.1592,-0.1591999999972713,4.3184,-2.318399999997271,HIT_TARGET,0.410897695,True,0.410897695,False,,False,False,,False,,0.0
2026-03-19,WALL,ASK,2026-03-19 09:00:13.334680242,1773910813334680242,4.490783954,1.0,2161.6,83.326,12.686662606577345,4,4,3.999999999996362,2-3,27.822,0.3338933826176704,2161.1,2161.5,4.0000000000009095,2161.1,2161.2,0.0,4.0000000000009095,2.1613,1.8387000000009093,4.3226,-0.32259999999909095,HIT_TARGET,1.480917087,True,1.480917087,False,,False,False,,False,,0.0
2026-03-19,WALL,ASK,2026-03-19 09:00:16.237578797,1773910816237578797,3.009217486,1.0,2161.8,86.673,12.867131828978621,3,3,6.999999999998181,6+,41.504000000000005,0.4788573142731878,2161.4,2161.7000000000003,3.000000000001819,2161.4,2161.5,0.0,3.000000000001819,2.16155,0.8384500000018189,4.3231,-1.3230999999981812,HIT_TARGET,1.332030806,True,1.332030806,False,,False,False,,False,,0.0
2026-03-19,WALL,BID,2026-03-19 09:01:47.551306985,1773910907551306985,3.108153908,0.997197815726698,2164.6,25.803,5.007860262008734,3,3,4.0000000000009095,4-5,9.697,0.3758090144556834,2165.0,2164.7,3.000000000001819,2164.9,2165.0,0.0,3.000000000001819,2.1648499999999995,0.8351500000018195,4.329699999999999,-1.32969999999818,HIT_TARGET,2.045497467,True,2.045497467,False,,False,False,,False,,0.0
2026-03-19,WALL,BID,2026-03-19 09:12:50.539446535,1773911570539446535,9.586424622,1.0,2164.2,29.721,3.8362052274927394,7,7,11.999999999998181,6+,14.004999999999999,0.47121563877393086,2165.0,2164.2999999999997,7.0000000000027285,2164.9,2165.0,0.0,7.0000000000027285,2.1646499999999995,4.8353500000027285,4.329299999999999,2.6707000000027294,HIT_TARGET,1.68828748,True,1.68828748,False,,False,False,,False,,0.0
2026-03-19,WALL,ASK,2026-03-19 09:13:39.278258220,1773911619278258220,3.00921584,0.9797091872944548,2161.3,33.214,5.086760088827629,4,4,5.9999999999990905,4-5,14.956999999999999,0.4503221533088457,2160.8,2161.2000000000003,4.0000000000009095,2160.8,2160.9,0.0,4.0000000000009095,2.1609999999999996,1.83900000000091,4.321999999999999,-0.3219999999990897,HIT_TARGET,0.408464416,True,0.408464416,False,,False,False,,False,,0.0
2026-03-19,WALL,ASK,2026-03-19 09:14:49.292633603,1773911689292633603,3.011738307,1.0,2164.2,145.249,20.567686207873123,2,2,5.9999999999990905,4-5,66.441,0.45742827833582334,2163.9,2164.1,1.999999999998181,2163.9,2164.0,0.0,1.999999999998181,2.164,-0.16400000000181914,4.328,-2.3280000000018193,TIMEOUT,60.0,False,,True,3.363823146,True,False,,True,3.319718868,13.000000000001819
2026-03-19,WALL,ASK,2026-03-19 09:15:40.833600953,1773911740833600953,5.327951595,1.0,2163.4,107.64,6.4563339731286,3,3,4.0000000000009095,4-5,50.354,0.4678000743218134,2163.0,2163.3,3.000000000001819,2163.0,2163.1,0.0,3.000000000001819,2.16315,0.8368500000018191,4.3263,-1.3262999999981808,HIT_TARGET,4.430939631,True,4.430939631,True,3.672049161,True,True,0.75889047,False,,0.0
2026-03-19,WALL,BID,2026-03-19 09:18:26.530593154,1773911906530593154,3.878318004,1.0,2164.5,35.909,4.17061556329849,1,1,4.0000000000009095,4-5,7.406,0.20624356011027875,2164.7,2164.6,0.9999999999990905,2164.6,2164.7,0.0,0.9999999999990905,2.1646499999999995,-1.164650000000909,4.329299999999999,-3.3293000000009085,HIT_TARGET,0.050043597,True,0.050043597,False,,False,False,,False,,0.0
2026-03-19,WALL,ASK,2026-03-19 09:19:42.003482317,1773911982003482317,3.207226141,1.0,2167.3,101.119,9.365905617561246,5,5,4.0000000000009095,4-5,43.06700000000001,0.42590413275447747,2166.7,2167.2000000000003,5.0000000000045475,2166.7,2166.8,0.0,5.0000000000045475,2.1669499999999995,2.833050000004548,4.333899999999999,0.6661000000045485,HIT_TARGET,19.03909406,True,19.03909406,True,1.026879769,True,True,18.012214291,False,,0.0
2026-03-19,WALL,BID,2026-03-19 09:20:10.173809488,1773912010173809488,4.336755598,0.9755955945387357,2166.9,49.552,5.896590706253346,3,3,5.0,4-5,12.110000000000001,0.24438973199870845,2167.3,2167.0,3.000000000001819,2167.2,2167.3,0.0,3.000000000001819,2.16715,0.8328500000018191,4.3343,-1.3342999999981808,HIT_TARGET,0.558734456,True,0.558734456,False,,False,False,,False,,0.0
2026-03-19,WALL,ASK,2026-03-19 09:21:13.918293595,1773912073918293595,11.644546425,0.9940004433448768,2169.1,48.798,3.4201009251471826,2,2,4.0000000000009095,4-5,14.32,0.2934546497807287,2168.8,2169.0,1.999999999998181,2168.8,2168.9,0.0,1.999999999998181,2.1689,-0.16890000000181882,4.3378,-2.3378000000018186,HIT_TARGET,0.10281485,True,0.10281485,False,,False,False,,False,,0.0
2026-03-19,WALL,ASK,2026-03-19 09:21:44.580424197,1773912104580424197,3.007002988,0.9135265940746714,2176.3,47.502,6.634820867379008,3,3,20.0,6+,20.647000000000002,0.434655382931245,2175.9,2176.2000000000003,3.000000000001819,2175.9,2176.0,0.0,3.000000000001819,2.17605,0.823950000001819,4.3521,-1.352099999998181,HIT_TARGET,1.891318142,True,1.891318142,True,0.102314992,True,True,1.78900315,True,0.503539181,4.0000000000009095
2026-03-19,WALL,BID,2026-03-19 09:25:12.217515405,1773912312217515405,3.370597411,0.9300571921669941,2178.7,16.783,3.690599230346345,3,3,5.0,4-5,7.6259999999999994,0.4543883691831019,2179.1,2178.7999999999997,3.000000000001819,2179.0,2179.1,0.0,3.000000000001819,2.1789499999999995,0.8210500000018195,4.357899999999999,-1.35789999999818,HIT_TARGET,2.704310793,True,2.704310793,False,,False,False,,False,,0.0
2026-03-19,WALL,ASK,2026-03-19 09:25:18.133153613,1773912318133153613,3.211327415,0.9355987508361865,2180.5,99.394,10.846137058053253,4,4,11.999999999998181,6+,47.745,0.48036098758476364,2180.0,2180.4,4.0000000000009095,2180.0,2180.1,0.0,4.0000000000009095,2.1801999999999997,1.8198000000009098,4.360399999999999,-0.3603999999990899,HIT_TARGET,3.065913256,True,3.065913256,True,0.050156595,True,True,3.015756661,False,,0.0
2026-03-19,WALL,BID,2026-03-19 09:25:48.240537052,1773912348240537052,3.006877714,1.0,2177.1,46.4,6.836599381169884,4,4,15.99999999999909,6+,20.035,0.4317887931034483,2177.6,2177.2,4.0000000000009095,2177.5,2177.6,0.0,4.0000000000009095,2.1773999999999996,1.82260000000091,4.354799999999999,-0.3547999999990896,HIT_TARGET,0.407174155,True,0.407174155,False,,False,False,,False,,0.0
2026-03-19,WALL,BID,2026-03-19 09:26:27.885600861,1773912387885600861,7.042039528,0.9754479868633875,2175.6,47.886,8.322933866342225,5,5,12.000000000002728,6+,22.622999999999998,0.4724345320135321,2176.2,2175.7,5.0,2176.1,2176.2,0.0,5.0,2.17595,2.82405,4.3519,0.6481000000000003,HIT_TARGET,2.703909713,True,2.703909713,True,0.253336153,True,True,2.45057356,False,,0.0
2026-03-19,WALL,ASK,2026-03-19 09:27:40.901904574,1773912460901904574,3.535902339,0.9682560938513523,2176.2,97.653,10.158959687906371,4,4,7.0000000000027285,6+,44.544,0.4561457405302448,2175.7,2176.1,4.0000000000009095,2175.7,2175.8,0.0,4.0000000000009095,2.1758999999999995,1.82410000000091,4.351799999999999,-0.3517999999990895,HIT_TARGET,1.941268523,True,1.941268523,False,,False,False,,False,,0.0
2026-03-19,WALL,BID,2026-03-19 09:31:42.296422238,1773912702296422238,4.080779671,0.983301039386108,2179.0,84.707,14.274856757667676,5,5,5.9999999999990905,4-5,23.669999999999998,0.2794338130260781,2179.6,2179.1,5.0,2179.5,2179.6,0.0,5.0,2.17935,2.82065,4.3587,0.6413000000000002,HIT_TARGET,10.415148804,True,10.415148804,True,0.153175892,True,True,10.261972912,False,,0.0
2026-03-19,WALL,BID,2026-03-19 09:32:59.412699430,1773912779412699430,9.047867057,0.9601138657623404,2179.1,82.697,9.806937444411505,4,4,5.9999999999990905,4-5,22.802,0.2757294702347122,2179.6,2179.2,4.0000000000009095,2179.5,2179.6,0.0,4.0000000000009095,2.1793999999999993,1.8206000000009102,4.358799999999999,-0.3587999999990892,HIT_TARGET,41.639855287,True,41.639855287,True,0.817122147,True,True,40.82273314,True,2.950489674,14.00000000000091
2026-03-19,WALL,BID,2026-03-19 09:33:15.639229290,1773912795639229290,3.72863848,0.9713270421432758,2179.1,88.037,9.353697407564812,6,6,12.000000000002728,6+,41.349999999999994,0.4696888808114769,2179.8,2179.2,6.000000000003638,2179.7,2179.8,0.0,6.000000000003638,2.1795,3.820500000003638,4.359,1.641000000003638,HIT_TARGET,25.413325427,True,25.413325427,True,1.073523507,True,True,24.33980192,True,3.776943927,5.0
2026-03-19,WALL,BID,2026-03-19 09:33:39.424644862,1773912819424644862,3.016871536,0.9534916931908763,2179.5,25.737,3.0174101647224334,3,3,3.999999999996362,2-3,11.943000000000001,0.4640400979135098,2179.9,2179.6,3.000000000001819,2179.8,2179.9,0.0,3.000000000001819,2.17975,0.8202500000018191,4.3595,-1.3594999999981807,HIT_TARGET,1.473646348,True,1.473646348,True,0.654540385,True,True,0.819105963,False,,0.0
2026-03-19,WALL,ASK,2026-03-19 09:34:11.454238468,1773912851454238468,3.980104783,1.0,2177.4,79.045,10.82289313342918,4,4,8.000000000001819,6+,20.393,0.2579922828768423,2176.9,2177.3,4.0000000000009095,2176.9,2177.0,0.0,4.0000000000009095,2.1771000000000003,1.8229000000009092,4.3542000000000005,-0.354199999999091,HIT_TARGET,20.004325162,True,20.004325162,True,0.351465025,True,True,19.652860137,False,,0.9999999999990905
2026-03-19,WALL,ASK,2026-03-19 09:35:23.718211698,1773912923718211698,4.047736253,1.0,2178.0,51.617,6.249409770567226,3,3,3.999999999996362,2-3,12.268,0.23767363465524927,2177.6,2177.9,3.000000000001819,2177.6,2177.7,0.0,3.000000000001819,2.1777499999999996,0.8222500000018194,4.355499999999999,-1.3554999999981803,HIT_TARGET,0.15277447,True,0.15277447,False,,False,False,,False,,0.0
2026-03-19,WALL,BID,2026-03-19 09:37:51.449715867,1773913071449715867,3.469816909,0.9927991436853073,2179.2,55.186,6.54638196915777,4,4,4.0000000000009095,4-5,9.3,0.16852100170333056,2179.7,2179.2999999999997,4.0000000000009095,2179.6,2179.7,0.0,4.0000000000009095,2.1795,1.8205000000009095,4.359,-0.3589999999990905,HIT_TARGET,2.756834093,True,2.756834093,True,0.657615738,True,True,2.099218355,False,,0.9999999999990905
2026-03-19,WALL,ASK,2026-03-19 09:38:15.685851520,1773913095685851520,3.062285811,1.0,2179.0,59.141,4.380814814814815,2,2,4.0000000000009095,4-5,26.105,0.44140274936169493,2178.7,2178.9,2.0000000000027285,2178.7,2178.8,0.0,2.0000000000027285,2.1788,-0.17879999999727136,4.3576,-2.357599999997271,HIT_TARGET,4.592136408,True,4.592136408,False,,False,False,,False,,1.000000000003638
2026-03-19,WALL,BID,2026-03-19 09:43:34.840476351,1773913414840476351,3.70283219,1.0,2183.5,74.049,9.805866384162087,4,4,4.0000000000009095,4-5,24.762999999999998,0.33441369903712403,2184.0,2183.6,4.0000000000009095,2183.9,2184.0,0.0,4.0000000000009095,2.1838,1.8162000000009093,4.3676,-0.3675999999990909,HIT_TARGET,36.148913279,True,36.148913279,True,0.834295163,True,True,35.314618116,True,8.388040233,5.9999999999990905
2026-03-19,WALL,ASK,2026-03-19 09:49:34.047351217,1773913774047351217,6.736245184,1.0,2184.5,47.058,5.201215805471125,2,2,6.000000000003638,6+,9.418,0.20013600238004164,2184.2,2184.4,2.0000000000027285,2184.2,2184.3,0.0,2.0000000000027285,2.1843,-0.18429999999727142,4.3686,-2.3685999999972713,HIT_TARGET,24.495553767,True,24.495553767,True,0.140401228,True,True,24.355152539,True,1.837261266,9.00000000000091
2026-03-19,WALL,ASK,2026-03-19 09:51:06.262618834,1773913866262618834,4.031183503,1.0,2185.6,47.615,8.684114535838045,7,7,5.0,4-5,9.231,0.19386747873569252,2184.8,2185.5,6.999999999998181,2184.8,2184.9,0.0,6.999999999998181,2.18515,4.814849999998181,4.3703,2.6296999999981807,HIT_TARGET,31.781136055,True,31.781136055,True,1.813892348,True,True,29.967243707,True,7.445307847,13.000000000001819
2026-03-19,WALL,ASK,2026-03-19 09:51:06.310503755,1773913866310503755,3.671648106,1.0,2185.3,24.481,3.341887925738858,4,4,5.0,4-5,0.053,0.002164944242473755,2184.8,2185.2000000000003,4.0000000000009095,2184.8,2184.9,0.0,4.0000000000009095,2.185,1.8150000000009094,4.37,-0.3699999999990906,HIT_TARGET,0.156011233,True,0.156011233,False,,False,False,,False,,0.0
2026-03-19,WALL,ASK,2026-03-19 09:56:15.007141001,1773914175007141001,8.007492928,1.0,2187.8,36.342,5.274983670803397,2,2,15.0,6+,7.289,0.20056683726817456,2187.5,2187.7000000000003,2.0000000000027285,2187.5,2187.6,0.0,2.0000000000027285,2.1876,-0.18759999999727173,4.3752,-2.375199999997272,HIT_TARGET,20.981297136,True,20.981297136,True,0.039493399,True,True,20.941803737,True,1.987130614,11.999999999998181
2026-03-19,WALL,BID,2026-03-19 09:57:04.255584422,1773914224255584422,3.317324413,1.0,2188.6,86.457,11.131324835843955,4,4,4.0000000000009095,4-5,33.227000000000004,0.38431821599176474,2189.1,2188.7,4.0000000000009095,2189.0,2189.1,0.0,4.0000000000009095,2.1888999999999994,1.81110000000091,4.377799999999999,-0.3777999999990893,HIT_TARGET,17.245103867,True,17.245103867,True,0.357078524,True,True,16.888025343,True,7.44789103,6.999999999998181
2026-03-19,WALL,ASK,2026-03-19 10:00:28.076515235,1773914428076515235,9.907030211,1.0,2190.7,90.445,13.221986696878881,4,4,15.0,6+,35.526,0.39279119907125887,2190.2,2190.6,4.0000000000009095,2190.2,2190.3,0.0,4.0000000000009095,2.1903999999999995,1.80960000000091,4.380799999999999,-0.3807999999990894,HIT_TARGET,8.732183865,True,8.732183865,True,1.83419581,True,True,6.897988055,True,2.910077656,5.0
2026-03-19,WALL,ASK,2026-03-19 10:05:04.489379648,1773914704489379648,17.50987302,0.9944770479551999,2185.9,52.008,4.549932198941429,2,2,3.999999999996362,2-3,20.915,0.4021496692816489,2185.6,2185.8,2.0000000000027285,2185.6,2185.7,0.0,2.0000000000027285,2.1856999999999998,-0.18569999999727127,4.3713999999999995,-2.371399999997271,HIT_TARGET,17.709934245,True,17.709934245,True,0.203268021,True,True,17.506666224,False,,0.0
2026-03-19,WALL,BID,2026-03-19 10:08:44.879900067,1773914924879900067,4.242729158,1.0,2185.8,62.482,9.280653546230969,4,4,4.0000000000009095,4-5,20.573,0.329262827694376,2186.3,2185.9,4.0000000000009095,2186.2,2186.3,0.0,4.0000000000009095,2.1861,1.8139000000009093,4.3722,-0.3721999999990908,HIT_TARGET,32.008656403,True,32.008656403,True,5.005759169,True,True,27.002897234,True,5.005759169,12.000000000002728
2026-03-19,WALL,BID,2026-03-19 10:25:08.257715088,1773915908257715088,7.862646633,0.9839054677252211,2182.5,74.934,6.755984312311229,4,4,4.0000000000009095,4-5,34.363,0.45857688098860333,2183.0,2182.6,4.0000000000009095,2182.9,2183.0,0.0,4.0000000000009095,2.1828000000000003,1.8172000000009092,4.365600000000001,-0.3655999999990911,HIT_TARGET,4.138396807,True,4.138396807,True,0.304198582,True,True,3.834198225,False,,0.0
2026-03-19,WALL,BID,2026-03-19 10:25:12.396111895,1773915912396111895,4.138396807,1.0,2182.1,52.628,5.4932414800897655,2,2,5.0,4-5,14.336,0.27240252337158927,2182.4,2182.2,2.0000000000027285,2182.3,2182.4,0.0,2.0000000000027285,2.1823,-0.18229999999727164,4.3646,-2.3645999999972718,TIMEOUT,60.0,False,,True,0.195476243,True,False,,True,9.184962606,23.999999999996362
2026-03-19,WALL,ASK,2026-03-19 10:26:08.243094105,1773915968243094105,3.26894034,0.9544136905233334,2184.7,37.172,3.265858372869442,1,1,4.0000000000009095,4-5,11.329,0.30477240934036376,2184.5,2184.6,0.9999999999990905,2184.5,2184.6,0.0,0.9999999999990905,2.1845499999999998,-1.1845500000009093,4.3690999999999995,-3.369100000000909,HIT_TARGET,0.049278716,True,0.049278716,False,,False,False,,False,,0.0
2026-03-19,WALL,ASK,2026-03-19 10:26:13.452014512,1773915973452014512,3.676855029,1.0,2185.3,17.865,3.1104727082789236,2,2,4.0000000000009095,4-5,1.002,0.05608732157850546,2185.0,2185.2000000000003,2.0000000000027285,2185.0,2185.1,0.0,2.0000000000027285,2.1851000000000003,-0.18509999999727178,4.3702000000000005,-2.370199999997272,TIMEOUT,60.0,False,,True,2.500166197,True,False,,True,7.707703388,11.999999999998181
2026-03-19,WALL,BID,2026-03-19 10:27:21.828242566,1773916041828242566,3.740166154,0.9985756691599643,2182.8,44.123,4.171598752009076,4,4,6.000000000003638,6+,20.901,0.4736985245790178,2183.3,2182.9,4.0000000000009095,2183.2,2183.3,0.0,4.0000000000009095,2.1831,1.8169000000009095,4.3662,-0.3661999999990906,HIT_TARGET,58.406274608,True,58.406274608,True,3.014997033,True,True,55.391277575,True,25.325368092,5.0
2026-03-19,WALL,ASK,2026-03-19 10:30:23.360405726,1773916223360405726,6.331463557,1.0,2182.8,96.769,11.145292254534983,4,4,4.0000000000009095,4-5,20.47,0.21153468569479894,2182.3,2182.7000000000003,4.0000000000009095,2182.3,2182.4,0.0,4.0000000000009095,2.1824999999999997,1.8175000000009098,4.364999999999999,-0.36499999999908983,TIMEOUT,60.0,False,,True,0.665181605,True,False,,True,8.223066455,20.99999999999909
2026-03-19,WALL,BID,2026-03-19 10:31:21.031533315,1773916281031533315,9.133595602,0.9932486005854587,2180.2,55.908,5.362877697841727,4,4,5.0,4-5,25.255,0.45172426128639903,2180.7,2180.2999999999997,4.0000000000009095,2180.6,2180.7,0.0,4.0000000000009095,2.1805,1.8195000000009096,4.361,-0.36099999999909027,HIT_TARGET,4.237131817,True,4.237131817,True,0.258136636,True,True,3.978995181,False,,0.0
2026-03-19,WALL,ASK,2026-03-19 10:32:09.659184107,1773916329659184107,3.455067775,1.0,2181.3,99.254,18.928959664346333,5,5,6.000000000003638,6+,40.879,0.41186249420678256,2180.7,2181.2000000000003,5.0000000000045475,2180.7,2180.8,0.0,5.0000000000045475,2.1809499999999997,2.8190500000045478,4.3618999999999994,0.638100000004548,TIMEOUT,60.0,False,,True,3.587173433,True,False,,True,5.630658322,6.000000000003638
2026-03-19,WALL,BID,2026-03-19 10:34:45.256624954,1773916485256624954,10.123671501,0.9744948720457302,2179.2,34.531,4.640639698965193,1,1,3.999999999996362,2-3,2.848,0.08247661521531377,2179.4,2179.2999999999997,1.000000000003638,2179.3,2179.4,0.0,1.000000000003638,2.17935,-1.179349999996362,4.3587,-3.358699999996362,HIT_TARGET,0.038496374,True,0.038496374,False,,False,False,,False,,0.0
2026-03-19,WALL,BID,2026-03-19 10:36:37.104699751,1773916597104699751,4.669147936,1.0,2177.0,22.933,9.853061224489798,1,1,5.0,4-5,0.2,0.008721056992107444,2177.6,2177.1,5.0,2177.1,2177.6,0.0,5.0,2.1773499999999997,2.8226500000000003,4.354699999999999,0.6453000000000007,HIT_TARGET,0.050966277,True,0.050966277,False,,False,False,,False,,0.0
2026-03-19,WALL,ASK,2026-03-19 10:42:52.327753589,1773916972327753589,3.004150277,1.0,2177.8,55.784,3.385156866314704,2,2,4.0000000000009095,4-5,13.292,0.23827620823175105,2177.5,2177.7000000000003,2.0000000000027285,2177.5,2177.6,0.0,2.0000000000027285,2.1776000000000004,-0.17759999999727194,4.355200000000001,-2.3551999999972724,TIMEOUT,60.0,False,,True,7.26996141,True,False,,True,13.087797092,11.999999999998181
2026-03-19,WALL,ASK,2026-03-19 10:44:30.765439493,1773917070765439493,3.929767078,1.0,2177.6,62.837,5.177522349936143,3,3,4.0000000000009095,4-5,27.830000000000002,0.4428919267310661,2177.2,2177.5,3.000000000001819,2177.2,2177.3,0.0,3.000000000001819,2.1773499999999997,0.8226500000018193,4.354699999999999,-1.3546999999981804,HIT_TARGET,13.935797562,True,13.935797562,True,2.910022346,True,True,11.025775216,False,,2.0000000000027285
2026-03-19,WALL,BID,2026-03-19 10:50:18.459737372,1773917418459737372,5.205018155,1.0,2175.4,46.4,14.118363000152137,3,3,4.0000000000009095,4-5,0.8400000000000001,0.01810344827586207,2175.8,2175.5,3.000000000001819,2175.7,2175.8,0.0,3.000000000001819,2.17565,0.8243500000018189,4.3513,-1.3512999999981812,HIT_TARGET,0.050620829,True,0.050620829,False,,False,False,,False,,0.0
2026-03-19,WALL,BID,2026-03-19 10:50:37.850248936,1773917437850248936,7.703582622,1.0,2174.9,25.774,3.2600556539337213,1,1,4.0000000000009095,4-5,5.717,0.2218126794444013,2175.1,2175.0,0.9999999999990905,2175.0,2175.1,0.0,0.9999999999990905,2.17505,-1.1750500000009096,4.3501,-3.35010000000091,HIT_TARGET,0.051353634,True,0.051353634,False,,False,False,,False,,0.0
2026-03-19,WALL,BID,2026-03-19 10:52:25.463812893,1773917545463812893,6.735731878,1.0,2173.4,33.434,4.9487862640615745,4,4,3.999999999996362,2-3,14.329,0.42857570138182693,2174.0,2173.5,5.0,2173.8,2174.0,0.0,5.0,2.17375,2.82625,4.3475,0.6524999999999999,HIT_TARGET,9.85058417,True,9.85058417,True,0.099940545,True,True,9.750643625,False,,0.9999999999990905
2026-03-19,WALL,BID,2026-03-19 10:57:23.293917307,1773917843293917307,3.726518291,0.9572394255021248,2173.2,31.51,3.45466505865585,1,1,5.0,4-5,6.962,0.22094573151380512,2173.4,2173.2999999999997,1.000000000003638,2173.3,2173.4,0.0,1.000000000003638,2.1733499999999997,-1.1733499999963617,4.346699999999999,-3.3466999999963614,HIT_TARGET,0.048794601,True,0.048794601,False,,False,False,,False,,0.0
2026-03-19,WALL,ASK,2026-03-19 10:59:36.120709490,1773917976120709490,13.467868061,0.9914966712265596,2173.3,38.589,3.982969499922589,1,1,3.999999999996362,2-3,3.047,0.0789603254813548,2173.1,2173.2000000000003,1.000000000003638,2173.1,2173.2,0.0,1.000000000003638,2.17315,-1.1731499999963622,4.3463,-3.3462999999963623,HIT_TARGET,0.009873147,True,0.009873147,False,,False,False,,False,,0.0
2026-03-19,WALL,ASK,2026-03-19 11:00:07.874807347,1773918007874807347,3.018573144,0.9879931311016792,2172.5,26.094,3.0041446005065624,2,2,8.000000000001819,6+,11.161000000000001,0.427722848164329,2172.2,2172.4,2.0000000000027285,2172.2,2172.3,0.0,2.0000000000027285,2.1723,-0.1722999999972714,4.3446,-2.3445999999972713,HIT_TARGET,1.027417394,True,1.027417394,False,,False,False,,False,,0.0
2026-03-19,WALL,ASK,2026-03-19 11:03:06.776340848,1773918186776340848,3.386859968,0.970448824591026,2174.6,40.648,3.6364286992306316,1,1,4.0000000000009095,4-5,2.299,0.056558748277898044,2174.4,2174.5,0.9999999999990905,2174.4,2174.5,0.0,0.9999999999990905,2.1744499999999998,-1.1744500000009093,4.3488999999999995,-3.348900000000909,HIT_TARGET,0.062856745,True,0.062856745,False,,False,False,,False,,0.0
2026-03-19,WALL,BID,2026-03-19 11:03:25.283210861,1773918205283210861,3.053332565,0.9694338638149624,2173.0,34.922,4.962273534635879,1,1,4.0000000000009095,4-5,7.943,0.2274497451463261,2173.2,2173.1,0.9999999999990905,2173.1,2173.2,0.0,0.9999999999990905,2.1731499999999992,-1.1731500000009087,4.3462999999999985,-3.346300000000908,HIT_TARGET,0.052444608,True,0.052444608,False,,False,False,,False,,0.0
2026-03-19,WALL,ASK,2026-03-19 11:03:59.176560017,1773918239176560017,4.949228007,0.9813182417804903,2173.8,78.445,5.84429130191842,4,4,4.0000000000009095,4-5,31.344,0.39956657530754036,2173.3,2173.7000000000003,4.0000000000009095,2173.3,2173.4,0.0,4.0000000000009095,2.1734999999999998,1.8265000000009097,4.3469999999999995,-0.34699999999909004,HIT_TARGET,0.663990703,True,0.663990703,True,0.05094399,True,True,0.613046713,False,,0.0
2026-03-19,WALL,ASK,2026-03-19 11:07:34.484554351,1773918454484554351,4.946882901,0.9658586650664687,2172.2,80.164,7.720697293653088,4,4,4.0000000000009095,4-5,25.973999999999997,0.3240107779052941,2171.7,2172.1,4.0000000000009095,2171.7,2171.8,0.0,4.0000000000009095,2.1718999999999995,1.82810000000091,4.343799999999999,-0.3437999999990895,TIMEOUT,60.0,False,,True,1.687014737,True,False,,True,3.06148565,18.00000000000182
2026-03-19,WALL,ASK,2026-03-19 11:10:30.108683470,1773918630108683470,11.250254782,0.9678196779526055,2170.3,46.5,4.08683424151872,1,1,3.999999999996362,2-3,5.989,0.12879569892473117,2170.1,2170.2000000000003,1.000000000003638,2170.1,2170.2,0.0,1.000000000003638,2.17015,-1.170149999996362,4.3403,-3.340299999996362,HIT_TARGET,0.047419111,True,0.047419111,False,,False,False,,False,,0.0
2026-03-19,WALL,ASK,2026-03-19 11:13:01.666002795,1773918781666002795,8.880039523,0.979798842275941,2170.3,49.981,6.457076416252179,4,4,5.0,4-5,22.189,0.44394870050619234,2169.8,2170.2000000000003,4.0000000000009095,2169.8,2169.9,0.0,4.0000000000009095,2.17,1.8300000000009096,4.34,-0.33999999999909036,HIT_TARGET,1.994584045,True,1.994584045,True,0.208100744,True,True,1.786483301,False,,0.0
2026-03-19,WALL,BID,2026-03-19 11:16:26.373839023,1773918986373839023,10.062888032,1.0,2170.1,33.328,3.5122773738012434,1,1,4.0000000000009095,4-5,2.411,0.07234157465194431,2170.3,2170.2,1.000000000003638,2170.2,2170.3,0.0,1.000000000003638,2.17025,-1.1702499999963618,4.3405,-3.3404999999963616,HIT_TARGET,0.032933785,True,0.032933785,False,,False,False,,False,,0.0
2026-03-19,WALL,BID,2026-03-19 11:16:56.038592624,1773919016038592624,4.030952515,0.989536576567685,2171.3,36.508,3.712803823858436,2,2,4.0000000000009095,4-5,2.794,0.07653117125013695,2171.6,2171.4,1.999999999998181,2171.5,2171.6,0.0,1.999999999998181,2.1715,-0.17150000000181898,4.343,-2.343000000001819,HIT_TARGET,0.974198624,True,0.974198624,False,,False,False,,False,,0.0
2026-03-19,WALL,ASK,2026-03-19 11:19:43.746649170,1773919183746649170,7.607496029,1.0,2172.4,9.353,3.253217391304348,3,3,4.0000000000009095,4-5,1.968,0.21041377098257244,2171.9,2172.3,4.0000000000009095,2171.9,2172.1,0.0,4.0000000000009095,2.1721000000000004,1.8279000000009091,4.344200000000001,-0.34419999999909123,HIT_TARGET,0.044008916,True,0.044008916,False,,False,False,,False,,0.0
2026-03-19,WALL,ASK,2026-03-19 11:20:06.203407572,1773919206203407572,3.860281697,0.9721962148297594,2173.5,40.438,4.615683141193928,2,2,4.0000000000009095,4-5,17.522,0.43330530688955926,2173.2,2173.4,2.0000000000027285,2173.2,2173.3,0.0,2.0000000000027285,2.1733000000000002,-0.17329999999727175,4.3466000000000005,-2.346599999997272,HIT_TARGET,0.09603879,True,0.09603879,False,,False,False,,False,,0.0
2026-03-19,WALL,ASK,2026-03-19 11:20:22.074607335,1773919222074607335,4.642883881,0.996752333810952,2174.0,117.923,11.782285057700955,5,5,10.0,6+,45.771,0.38814311033470994,2173.4,2173.9,5.0,2173.4,2173.5,0.0,5.0,2.17365,2.82635,4.3473,0.6527000000000003,HIT_TARGET,1.47827985,True,1.47827985,True,0.046682563,True,True,1.431597287,False,,0.0
2026-03-19,WALL,ASK,2026-03-19 11:35:58.883960157,1773920158883960157,3.429910533,0.9812606254939886,2167.9,76.819,5.914385802825577,3,3,4.0000000000009095,4-5,23.483999999999998,0.3057056197034587,2167.5,2167.8,3.000000000001819,2167.5,2167.6,0.0,3.000000000001819,2.16765,0.8323500000018189,4.3353,-1.3352999999981812,HIT_TARGET,3.318325066,True,3.318325066,False,,False,False,,False,,0.0
2026-03-19,WALL,ASK,2026-03-19 11:38:39.360101234,1773920319360101234,4.897500564,1.0,2168.7,136.745,13.065016958868773,3,3,4.0000000000009095,4-5,25.706999999999997,0.1879922483454605,2168.3,2168.6,2.9999999999972715,2168.3,2168.4,0.0,2.9999999999972715,2.1684499999999995,0.831549999997272,4.336899999999999,-1.3369000000027276,HIT_TARGET,1.58307675,True,1.58307675,False,,False,False,,False,,0.0
2026-03-19,WALL,BID,2026-03-19 11:39:14.160973469,1773920354160973469,12.773203763,0.9813473929156171,2167.7,39.028,3.71217957863699,4,4,4.0000000000009095,4-5,14.645,0.37524341498411395,2168.2,2167.7999999999997,4.0000000000009095,2168.1,2168.2,0.0,4.0000000000009095,2.1679999999999997,1.8320000000009098,4.335999999999999,-0.3359999999990899,HIT_TARGET,2.514311096,True,2.514311096,False,,False,False,,False,,0.0
2026-03-19,WALL,BID,2026-03-19 11:45:07.961070649,1773920707961070649,3.306988394,1.0,2167.3,53.989,5.99577988783386,4,4,4.0000000000009095,4-5,21.267,0.39391357498749746,2167.8,2167.4,4.0000000000009095,2167.7,2167.8,0.0,4.0000000000009095,2.1676,1.8324000000009093,4.3352,-0.3351999999990909,HIT_TARGET,8.530993837,True,8.530993837,True,1.186794995,True,True,7.344198842,False,,0.0
2026-03-19,WALL,BID,2026-03-19 11:52:09.207741306,1773921129207741306,3.93072881,1.0,2168.1,77.624,6.691435713977845,4,4,4.0000000000009095,4-5,25.725,0.3314052354941771,2168.6,2168.2,4.0000000000009095,2168.5,2168.6,0.0,4.0000000000009095,2.1683999999999997,1.8316000000009098,4.336799999999999,-0.3367999999990898,HIT_TARGET,5.256268695,True,5.256268695,False,,False,False,,False,,0.0
2026-03-19,WALL,ASK,2026-03-19 11:53:46.933063487,1773921226933063487,5.105488623,0.9639182745075329,2168.7,42.436,4.775064701249015,2,2,4.0000000000009095,4-5,5.752,0.13554529173343388,2168.4,2168.6,1.999999999998181,2168.4,2168.5,0.0,1.999999999998181,2.1685,-0.16850000000181886,4.337,-2.3370000000018187,HIT_TARGET,3.946346301,True,3.946346301,True,2.858480191,True,True,1.08786611,False,,0.0
2026-03-19,WALL,ASK,2026-03-19 11:58:49.174107628,1773921529174107628,3.938398036,0.9976502776216599,2167.1,31.644,3.6569975730960356,2,2,4.0000000000009095,4-5,13.927,0.4401150297054734,2166.8,2167.0,1.999999999998181,2166.8,2166.9,0.0,1.999999999998181,2.1669,-0.16690000000181904,4.3338,-2.333800000001819,HIT_TARGET,19.024766577,True,19.024766577,True,18.422441456,True,True,0.602325121,True,1.733934285,4.0000000000009095
2026-03-19,WALL,ASK,2026-03-19 11:59:40.227254561,1773921580227254561,3.023339954,1.0,2166.6,74.381,4.934390340984477,3,3,5.0,4-5,33.115,0.4452077815571181,2166.2,2166.5,3.000000000001819,2166.2,2166.3,0.0,3.000000000001819,2.16635,0.833650000001819,4.3327,-1.332699999998181,HIT_TARGET,1.72526276,True,1.72526276,False,,False,False,,False,,0.0
2026-03-19,WALL,ASK,2026-03-19 12:05:46.190337712,1773921946190337712,5.409725834,0.9896343643429084,2158.0,14.009,3.2954598917901667,3,3,3.999999999996362,2-3,1.8439999999999999,0.13162966664287243,2157.5,2157.9,4.0000000000009095,2157.5,2157.7,0.0,4.0000000000009095,2.1576999999999997,1.8423000000009098,4.3153999999999995,-0.31539999999908996,HIT_TARGET,0.051355074,True,0.051355074,False,,False,False,,False,,0.0
2026-03-19,WALL,ASK,2026-03-19 12:06:52.395495546,1773922012395495546,3.011036815,1.0,2158.9,54.777,4.432872056324351,3,3,16.99999999999818,6+,24.078999999999997,0.4395823064424849,2158.5,2158.8,3.000000000001819,2158.5,2158.6,0.0,3.000000000001819,2.1586499999999997,0.8413500000018193,4.3172999999999995,-1.3172999999981805,HIT_TARGET,0.102047963,True,0.102047963,False,,False,False,,False,,0.0
2026-03-19,WALL,BID,2026-03-19 12:07:14.938823107,1773922034938823107,3.003712745,1.0,2156.6,124.408,13.103855066357701,6,6,14.00000000000091,6+,42.983,0.34550028937045846,2157.3,2156.7,6.000000000003638,2157.2,2157.3,0.0,6.000000000003638,2.157,3.843000000003638,4.314,1.686000000003638,HIT_TARGET,13.836035643,True,13.836035643,True,0.459339718,True,True,13.376695925,True,4.284574829,13.000000000001819
2026-03-19,WALL,ASK,2026-03-19 12:08:42.969077041,1773922122969077041,3.929555931,0.9978001089304256,2156.8,32.39,4.748918700975002,2,2,4.0000000000009095,4-5,0.463,0.014294535350416795,2156.5,2156.7000000000003,2.0000000000027285,2156.5,2156.6,0.0,2.0000000000027285,2.1566000000000005,-0.15659999999727203,4.313200000000001,-2.3131999999972725,HIT_TARGET,0.052466499,True,0.052466499,False,,False,False,,False,,0.0
2026-03-19,WALL,ASK,2026-03-19 12:08:44.143497196,1773922124143497196,3.01124022,0.9713634281226491,2157.2,124.593,12.09816963635481,4,4,6.000000000003638,6+,31.779,0.2550624834461005,2156.7,2157.1,4.0000000000009095,2156.7,2156.8,0.0,4.0000000000009095,2.1568999999999994,1.8431000000009101,4.313799999999999,-0.31379999999908925,HIT_TARGET,0.714785397,True,0.714785397,False,,False,False,,False,,0.0
2026-03-19,WALL,ASK,2026-03-19 12:08:50.918903800,1773922130918903800,3.000826277,0.9824523514061457,2158.6,122.458,8.290995260663507,3,3,7.0000000000027285,6+,60.644999999999996,0.49523101798167535,2158.2,2158.5,3.000000000001819,2158.2,2158.3,0.0,3.000000000001819,2.15835,0.841650000001819,4.3167,-1.316699999998181,TIMEOUT,60.0,False,,True,2.511627903,True,False,,True,2.511627903,16.000000000003638
2026-03-19,WALL,ASK,2026-03-19 12:10:03.247861334,1773922203247861334,5.460241969,0.998931224470796,2159.9,88.305,9.586386581989904,4,4,4.0000000000009095,4-5,36.229,0.41027121907026776,2159.4,2159.8,4.0000000000009095,2159.4,2159.5,0.0,4.0000000000009095,2.1596,1.8404000000009093,4.3192,-0.3191999999990909,HIT_TARGET,0.356373079,True,0.356373079,False,,False,False,,False,,0.0
2026-03-19,WALL,ASK,2026-03-19 12:11:17.960632299,1773922277960632299,3.062425783,1.0,2161.7,14.297,4.155500653974713,2,2,4.0000000000009095,4-5,5.888,0.41183465062600544,2161.4,2161.6,1.999999999998181,2161.4,2161.5,0.0,1.999999999998181,2.1614999999999998,-0.16150000000181874,4.3229999999999995,-2.3230000000018185,HIT_TARGET,1.227576145,True,1.227576145,False,,False,False,,False,,0.0
2026-03-19,WALL,ASK,2026-03-19 12:13:51.690295350,1773922431690295350,9.397498013,1.0,2163.1,51.665,5.640899661535102,5,5,4.0000000000009095,4-5,18.69,0.3617536049549986,2162.5,2163.0,5.0,2162.5,2162.6,0.0,5.0,2.16275,2.83725,4.3255,0.6745000000000001,HIT_TARGET,5.103309444,True,5.103309444,True,0.347494322,True,True,4.755815122,False,,0.0
2026-03-19,WALL,ASK,2026-03-19 12:18:05.429037705,1773922685429037705,3.009661288,0.8656907919799113,2158.6,84.158,13.80657862357477,4,4,7.9999999999972715,6+,28.914,0.343568050571544,2158.1,2158.5,4.0000000000009095,2158.1,2158.2,0.0,4.0000000000009095,2.1583,1.8417000000009094,4.3166,-0.3165999999990907,HIT_TARGET,47.222940384,True,47.222940384,True,0.098617227,True,True,47.124323157,True,7.867133455,5.9999999999990905
2026-03-19,WALL,ASK,2026-03-19 12:20:01.304358548,1773922801304358548,3.5231648,1.0,2158.8,53.144,4.728955330129916,3,3,5.9999999999990905,4-5,25.820999999999998,0.48586858347132317,2158.4,2158.7000000000003,3.000000000001819,2158.4,2158.5,0.0,3.000000000001819,2.15855,0.841450000001819,4.3171,-1.317099999998181,HIT_TARGET,3.265308409,True,3.265308409,True,0.099075169,True,True,3.16623324,False,,1.999999999998181
2026-03-19,WALL,ASK,2026-03-19 12:20:57.341715974,1773922857341715974,3.473213945,1.0,2159.1,48.571,12.324536919563563,1,1,5.9999999999990905,4-5,1.981,0.04078565399106463,2158.6,2159.0,4.0000000000009095,2158.6,2159.0,0.0,4.0000000000009095,2.1588,1.8412000000009097,4.3176,-0.31759999999909017,HIT_TARGET,0.050241798,True,0.050241798,False,,False,False,,False,,0.0
2026-03-19,WALL,ASK,2026-03-19 12:22:53.104091944,1773922973104091944,6.886929501,0.9958860524133598,2161.1,70.168,7.7696822057358,4,4,3.999999999996362,2-3,35.06399999999999,0.49971496978679725,2160.6,2161.0,4.0000000000009095,2160.6,2160.7,0.0,4.0000000000009095,2.1608,1.8392000000009094,4.3216,-0.3215999999990906,TIMEOUT,60.0,False,,True,1.177461668,True,False,,True,32.774062602,17.99999999999727
2026-03-19,WALL,BID,2026-03-19 12:26:51.279630962,1773923211279630962,4.235921892,1.0,2153.5,51.682,7.448583987893638,1,1,12.000000000002728,6+,17.528,0.3391509616500909,2153.7,2153.6,0.9999999999990905,2153.6,2153.7,0.0,0.9999999999990905,2.1536499999999994,-1.153650000000909,4.307299999999999,-3.3073000000009083,HIT_TARGET,13.619775396,True,13.619775396,True,0.050933852,True,True,13.568841544,True,0.050933852,12.000000000002728
2026-03-19,WALL,BID,2026-03-19 12:27:38.233697450,1773923258233697450,3.927078931,0.9968813822652448,2154.5,47.225,5.456068395817688,5,5,13.000000000001819,6+,17.238999999999997,0.3650397035468501,2155.1,2154.6,5.0,2155.0,2155.1,0.0,5.0,2.1548499999999997,2.8451500000000003,4.309699999999999,0.6903000000000006,HIT_TARGET,4.599489577,True,4.599489577,True,0.768007004,True,True,3.831482573,False,,0.0
2026-03-19,WALL,ASK,2026-03-19 12:27:57.988644426,1773923277988644426,3.006657456,1.0,2154.9,108.92,13.501084598698483,5,5,5.0,4-5,31.305999999999997,0.28742196107234663,2154.3,2154.8,5.0,2154.3,2154.4,0.0,5.0,2.15455,2.84545,4.3091,0.6909000000000001,TIMEOUT,60.0,False,,True,0.10680909,True,False,,True,11.031639012,7.0000000000027285
2026-03-19,WALL,BID,2026-03-19 12:30:03.537758017,1773923403537758017,3.934461525,0.9328157712763502,2154.8,28.999,3.515030303030303,1,1,4.0000000000009095,4-5,8.468,0.29201006931273493,2155.0,2154.9,0.9999999999990905,2154.9,2155.0,0.0,0.9999999999990905,2.15495,-1.1549500000009094,4.3099,-3.3099000000009093,HIT_TARGET,0.053530376,True,0.053530376,False,,False,False,,False,,0.0
2026-03-19,WALL,ASK,2026-03-19 12:31:36.069005546,1773923496069005546,3.025802878,0.9819220335211803,2155.8,79.442,6.0552612523343115,3,3,6.999999999998181,6+,29.884999999999998,0.37618640014098337,2155.4,2155.7000000000003,3.000000000001819,2155.4,2155.5,0.0,3.000000000001819,2.1555500000000003,0.8444500000018187,4.311100000000001,-1.3110999999981816,TIMEOUT,60.0,False,,True,0.633218931,True,False,,True,2.094395472,26.99999999999818
2026-03-19,WALL,ASK,2026-03-19 12:33:17.912373423,1773923597912373423,4.411718545,1.0,2155.7,51.578,6.148289426630112,2,2,4.0000000000009095,4-5,10.435,0.20231494047849857,2155.4,2155.6,1.999999999998181,2155.4,2155.5,0.0,1.999999999998181,2.1555,-0.15550000000181896,4.311,-2.311000000001819,HIT_TARGET,10.510957137,True,10.510957137,True,0.100874838,True,True,10.410082299,True,4.899020015,4.0000000000009095
2026-03-19,WALL,ASK,2026-03-19 12:35:34.444100788,1773923734444100788,3.100353812,1.0,2156.1,86.396,18.714610635763023,4,4,15.99999999999909,6+,43.005,0.4977661002824205,2155.6,2156.0,4.0000000000009095,2155.6,2155.7,0.0,4.0000000000009095,2.1558,1.8442000000009093,4.3116,-0.3115999999990908,HIT_TARGET,3.992855604,True,3.992855604,True,0.982705753,True,True,3.010149851,False,,0.0
2026-03-19,WALL,ASK,2026-03-19 12:36:08.955723085,1773923768955723085,3.486972427,1.0,2156.9,102.256,10.336719737174628,4,4,5.0,4-5,27.314,0.26711391018619934,2156.4,2156.8,4.0000000000009095,2156.4,2156.5,0.0,4.0000000000009095,2.1566000000000005,1.843400000000909,4.313200000000001,-0.31319999999909154,HIT_TARGET,6.937902453,True,6.937902453,True,0.25482018,True,True,6.683082273,False,,0.0
2026-03-19,WALL,BID,2026-03-19 12:38:23.397547773,1773923903397547773,3.68018867,1.0,2157.1,34.332,3.650981017706173,2,2,3.999999999996362,2-3,1.46,0.042525923336828614,2157.4,2157.2,2.0000000000027285,2157.3,2157.4,0.0,2.0000000000027285,2.1572999999999998,-0.1572999999972713,4.3145999999999995,-2.314599999997271,HIT_TARGET,0.048633616,True,0.048633616,False,,False,False,,False,,0.0
2026-03-19,WALL,ASK,2026-03-19 12:42:32.545981943,1773924152545981943,4.542869017,1.0,2155.1,70.988,5.258954698670222,3,3,4.0000000000009095,4-5,16.215000000000003,0.22841888769932953,2154.7,2155.0,3.000000000001819,2154.7,2154.8,0.0,3.000000000001819,2.1548499999999997,0.8451500000018193,4.309699999999999,-1.3096999999981804,HIT_TARGET,1.277471969,True,1.277471969,True,0.154138756,True,True,1.123333213,False,,0.0
2026-03-19,WALL,BID,2026-03-19 12:44:00.036315419,1773924240036315419,3.095446413,1.0,2156.5,54.471,4.4924536082474225,3,3,3.999999999996362,2-3,27.031,0.496245708725744,2156.9,2156.6,3.000000000001819,2156.8,2156.9,0.0,3.000000000001819,2.1567499999999997,0.8432500000018193,4.3134999999999994,-1.3134999999981805,HIT_TARGET,4.473352131,True,4.473352131,False,,False,False,,False,,0.0
2026-03-19,WALL,ASK,2026-03-19 12:48:09.474327404,1773924489474327404,3.008160604,1.0,2148.4,47.582,4.453783872326484,4,4,5.9999999999990905,4-5,13.82,0.2904459669622967,2147.9,2148.3,4.0000000000009095,2147.9,2148.0,0.0,4.0000000000009095,2.1481000000000003,1.8519000000009092,4.296200000000001,-0.2961999999990912,HIT_TARGET,1.637869924,True,1.637869924,False,,False,False,,False,,0.0
2026-03-19,WALL,ASK,2026-03-19 12:49:24.043494831,1773924564043494831,3.00584941,1.0,2148.8,82.145,6.9420265359587585,3,3,5.9999999999990905,4-5,27.945,0.34019112544890134,2148.4,2148.7000000000003,3.000000000001819,2148.4,2148.5,0.0,3.000000000001819,2.14855,0.8514500000018188,4.2971,-1.2970999999981814,TIMEOUT,60.0,False,,True,2.704705985,True,False,,True,2.043670741,23.00000000000182
2026-03-19,WALL,BID,2026-03-19 12:50:23.702959826,1773924623702959826,5.35485914,1.0,2146.0,37.376,3.821286167058583,1,1,4.0000000000009095,4-5,4.065,0.10875963184931509,2146.2,2146.1,0.9999999999990905,2146.1,2146.2,0.0,0.9999999999990905,2.1461499999999996,-1.146150000000909,4.292299999999999,-3.2923000000009086,HIT_TARGET,0.052037606,True,0.052037606,False,,False,False,,False,,0.0
2026-03-19,WALL,BID,2026-03-19 12:54:07.115554842,1773924847115554842,4.543126211,1.0,2132.9,105.273,42.39750302053967,7,7,10.99999999999909,6+,9.402000000000001,0.08931064945427604,2133.7,2133.0,6.999999999998181,2133.6,2133.7,0.0,6.999999999998181,2.1333499999999996,4.866649999998181,4.266699999999999,2.7332999999981817,HIT_TARGET,5.508693627,True,5.508693627,True,0.764344452,True,True,4.744349175,False,,2.0000000000027285
2026-03-19,WALL,ASK,2026-03-19 12:54:18.798159486,1773924858798159486,5.510395453,0.9901819716095791,2132.3,100.862,16.723926380368095,6,6,3.999999999996362,2-3,49.278999999999996,0.4885784537288572,2131.6,2132.2000000000003,6.000000000003638,2131.6,2131.7,0.0,6.000000000003638,2.1319,3.868100000003638,4.2638,1.7362000000036382,HIT_TARGET,0.86943998,True,0.86943998,False,,False,False,,False,,0.0
2026-03-19,WALL,BID,2026-03-19 12:54:25.484640481,1773924865484640481,3.215748952,0.9558649318965867,2131.5,28.891,3.983866519580805,2,2,16.000000000003638,6+,6.169,0.21352670381779792,2131.8,2131.6,2.0000000000027285,2131.7,2131.8,0.0,2.0000000000027285,2.1316999999999995,-0.131699999997271,4.263399999999999,-2.2633999999972705,HIT_TARGET,4.692994638,True,4.692994638,True,1.274484923,True,True,3.418509715,True,2.347174568,5.0
2026-03-19,WALL,ASK,2026-03-19 12:54:41.350641071,1773924881350641071,4.292504467,0.9767990638645502,2131.4,54.345,7.812118162869258,5,5,4.0000000000009095,4-5,24.555,0.4518354954457632,2130.8,2131.3,5.0,2130.8,2130.9,0.0,5.0,2.13105,2.86895,4.2621,0.7378999999999998,HIT_TARGET,0.86905897,True,0.86905897,True,0.30623825,True,True,0.56282072,False,,0.0
2026-03-19,WALL,ASK,2026-03-19 12:54:47.409890592,1773924887409890592,3.007881799,0.9410507922688487,2133.1,54.918,6.160524987380111,4,4,5.0,4-5,25.429,0.4630357988273426,2132.6,2133.0,4.0000000000009095,2132.6,2132.7,0.0,4.0000000000009095,2.1328,1.8672000000009095,4.2656,-0.26559999999909056,HIT_TARGET,4.706279973,True,4.706279973,True,0.452815641,True,True,4.253464332,False,,0.0
2026-03-19,WALL,ASK,2026-03-19 12:54:53.816910818,1773924893816910818,3.030905761,1.0,2133.7,52.082,5.5801146408099855,3,3,5.0,4-5,16.246,0.3119311854383472,2133.3,2133.6,2.9999999999972715,2133.3,2133.4,0.0,2.9999999999972715,2.13345,0.8665499999972717,4.2669,-1.2669000000027282,HIT_TARGET,12.281993624,True,12.281993624,True,3.496787236,True,True,8.785206388,True,3.400904808,3.000000000001819
2026-03-19,WALL,ASK,2026-03-19 12:56:01.470161590,1773924961470161590,3.325622377,1.0,2132.8,55.089,9.377649161630776,3,3,6.999999999998181,6+,21.059,0.3822723229682877,2132.4,2132.7000000000003,3.000000000001819,2132.4,2132.5,0.0,3.000000000001819,2.13255,0.8674500000018188,4.2651,-1.2650999999981813,HIT_TARGET,37.64881476,True,37.64881476,True,0.093851764,True,True,37.554962996,True,1.63017872,25.0
2026-03-19,WALL,ASK,2026-03-19 12:56:16.157825817,1773924976157825817,3.005342451,1.0,2132.0,118.542,11.454993477315554,4,4,9.00000000000091,6+,39.988,0.3373319161141199,2131.5,2131.9,4.0000000000009095,2131.5,2131.6,0.0,4.0000000000009095,2.1316999999999995,1.86830000000091,4.263399999999999,-0.2633999999990895,HIT_TARGET,4.850785069,True,4.850785069,True,1.58498171,True,True,3.265803359,True,1.687742286,6.999999999998181
2026-03-19,WALL,ASK,2026-03-19 12:56:30.802782118,1773924990802782118,3.215085014,0.9952170819953317,2132.0,57.582,13.215974294239155,6,6,13.000000000001819,6+,23.543999999999997,0.4088777743044701,2131.3,2131.9,5.9999999999990905,2131.3,2131.4,0.0,5.9999999999990905,2.1316,3.8683999999990903,4.2632,1.7367999999990902,HIT_TARGET,3.773807765,True,3.773807765,False,,False,False,,False,,0.0
2026-03-19,WALL,ASK,2026-03-19 12:56:54.478135193,1773925014478135193,3.214945031,1.0,2132.9,106.506,17.12315112540193,5,5,4.0000000000009095,4-5,36.459,0.3423187426060504,2132.3,2132.8,5.0,2132.3,2132.4,0.0,5.0,2.13255,2.86745,4.2651,0.7348999999999997,HIT_TARGET,5.81285646,True,5.81285646,True,0.043027371,True,True,5.769829089,False,,0.0
2026-03-19,WALL,BID,2026-03-19 12:59:50.625342552,1773925190625342552,7.390243873,0.9787444562453615,2131.0,44.421,6.416901408450705,1,1,5.0,4-5,2.346,0.05281285878300804,2131.2,2131.1,0.9999999999990905,2131.1,2131.2,0.0,0.9999999999990905,2.1311499999999994,-1.131150000000909,4.262299999999999,-3.2623000000009084,HIT_TARGET,0.053553046,True,0.053553046,False,,False,False,,False,,0.0
2026-03-19,WALL,ASK,2026-03-19 12:59:59.435814248,1773925199435814248,4.376749523,1.0,2132.3,131.116,37.8455765622745,5,5,4.0000000000009095,4-5,51.126,0.38992952805149633,2131.7,2132.2000000000003,5.0000000000045475,2131.7,2131.8,0.0,5.0000000000045475,2.13195,2.8680500000045477,4.2639,0.7361000000045479,HIT_TARGET,1.659964905,True,1.659964905,True,0.331402472,True,True,1.328562433,False,,0.0
2026-03-19,WALL,ASK,2026-03-19 13:01:03.036588765,1773925263036588765,3.060520758,0.9197162592811272,2132.3,75.714,7.935646158683576,4,4,4.0000000000009095,4-5,30.68,0.40520907626066516,2131.8,2132.2000000000003,4.0000000000009095,2131.8,2131.9,0.0,4.0000000000009095,2.1319999999999997,1.8680000000009098,4.263999999999999,-0.26399999999908985,TIMEOUT,60.0,False,,True,0.508538093,True,False,,True,1.529987499,77.00000000000273
2026-03-19,WALL,BID,2026-03-19 13:01:39.723543179,1773925299723543179,3.325263249,0.883106400939266,2124.9,49.056,54.50666666666666,4,4,15.99999999999909,6+,10.531,0.21467302674494457,2125.4,2125.0,4.0000000000009095,2125.3,2125.4,0.0,4.0000000000009095,2.1251999999999995,1.87480000000091,4.250399999999999,-0.2503999999990896,HIT_TARGET,6.781145732,True,6.781145732,True,0.509435938,True,True,6.271709794,True,0.254446803,15.0
2026-03-19,WALL,BID,2026-03-19 13:02:37.749733177,1773925357749733177,3.980400155,1.0,2121.5,47.671,13.936851337523754,5,5,15.0,6+,20.674,0.4336808541880808,2122.1,2121.6,5.0,2122.0,2122.1,0.0,5.0,2.12185,2.87815,4.2437,0.7563000000000004,HIT_TARGET,1.783795813,True,1.783795813,False,,False,False,,False,,0.0
2026-03-19,WALL,BID,2026-03-19 13:02:37.902640809,1773925357902640809,6.459543834,0.991344000994978,2121.4,66.857,7.191631259075996,3,3,18.00000000000182,6+,17.717,0.2649984294838237,2121.8,2121.5,3.000000000001819,2121.7,2121.8,0.0,3.000000000001819,2.1216500000000003,0.8783500000018187,4.2433000000000005,-1.2432999999981815,HIT_TARGET,8.475893654,True,8.475893654,True,0.101813028,True,True,8.374080626,True,5.312728466,10.0
2026-03-19,WALL,ASK,2026-03-19 13:05:55.578067253,1773925555578067253,3.214300654,1.0,2133.1,43.029,7.441245136186771,3,3,4.0000000000009095,4-5,7.674,0.1783448372028167,2132.7,2133.0,3.000000000001819,2132.7,2132.8,0.0,3.000000000001819,2.13285,0.8671500000018191,4.2657,-1.2656999999981808,HIT_TARGET,0.357747535,True,0.357747535,False,,False,False,,False,,0.0
2026-03-19,WALL,BID,2026-03-19 13:06:05.428714803,1773925565428714803,3.280834694,1.0,2131.3,50.352,9.483378849232507,5,5,7.9999999999972715,6+,17.087,0.339350969176994,2131.9,2131.4,5.0,2131.8,2131.9,0.0,5.0,2.13165,2.86835,4.2633,0.7366999999999999,HIT_TARGET,0.256036087,True,0.256036087,False,,False,False,,False,,0.0
2026-03-19,WALL,ASK,2026-03-19 13:07:01.357675339,1773925621357675339,10.152717808,1.0,2132.2,136.014,17.73324641460235,6,6,11.999999999998181,6+,55.602000000000004,0.40879615333715646,2131.5,2132.1,5.9999999999990905,2131.5,2131.6,0.0,5.9999999999990905,2.1318,3.8681999999990904,4.2636,1.7363999999990902,HIT_TARGET,4.387922039,True,4.387922039,True,0.046053357,True,True,4.341868682,False,,0.0
2026-03-19,WALL,ASK,2026-03-19 13:10:31.449347305,1773925831449347305,3.31613368,1.0,2129.8,76.19,14.794174757281551,3,3,5.9999999999990905,4-5,32.895,0.431749573434834,2129.4,2129.7000000000003,3.000000000001819,2129.4,2129.5,0.0,3.000000000001819,2.12955,0.8704500000018189,4.2591,-1.2590999999981811,HIT_TARGET,13.524506855,True,13.524506855,True,0.661606527,True,True,12.862900328,True,6.125024238,3.000000000001819
2026-03-19,WALL,BID,2026-03-19 13:13:12.752465242,1773925992752465242,3.794517981,0.9347697996848681,2117.7,55.941,14.046704331450096,5,5,18.00000000000182,6+,26.773000000000003,0.4785935181709301,2118.3,2117.7999999999997,5.0000000000045475,2118.2,2118.3,0.0,5.0000000000045475,2.11805,2.8819500000045473,4.2361,0.763900000004547,HIT_TARGET,11.529095768,True,11.529095768,True,0.101558713,True,True,11.427537055,True,0.714275789,7.0000000000027285
2026-03-19,WALL,ASK,2026-03-19 13:14:05.438908539,1773926045438908539,4.678281117,0.9340215941965593,2118.8,37.043,4.604474829086389,2,2,4.0000000000009095,4-5,10.615,0.2865588640228923,2118.5,2118.7000000000003,2.0000000000027285,2118.5,2118.6,0.0,2.0000000000027285,2.1186000000000003,-0.11859999999727178,4.2372000000000005,-2.237199999997272,HIT_TARGET,0.116418269,True,0.116418269,False,,False,False,,False,,0.0
2026-03-19,WALL,ASK,2026-03-19 13:16:06.372962911,1773926166372962911,3.896647948,0.9454162988706313,2123.9,100.29,9.984568669421078,3,3,7.9999999999972715,6+,42.804,0.42680227340711935,2123.5,2123.8,3.000000000001819,2123.5,2123.6,0.0,3.000000000001819,2.12365,0.876350000001819,4.2473,-1.247299999998181,HIT_TARGET,1.633668622,True,1.633668622,True,0.864263662,True,True,0.76940496,False,,0.0
2026-03-19,WALL,BID,2026-03-19 13:16:20.087594800,1773926180087594800,4.325033966,0.9147220396650175,2123.3,50.493,5.093871374527112,4,4,12.000000000002728,6+,23.852000000000004,0.4723823104192661,2123.8,2123.4,4.0000000000009095,2123.7,2123.8,0.0,4.0000000000009095,2.1236,1.8764000000009093,4.2472,-0.2471999999990908,HIT_TARGET,0.572701583,True,0.572701583,False,,False,False,,False,,0.0
2026-03-19,WALL,ASK,2026-03-19 13:17:23.942327809,1773926243942327809,3.101776312,0.9449731264180213,2124.9,23.017,3.018425021310078,2,2,5.0,4-5,11.266,0.4894643089890081,2124.6,2124.8,2.0000000000027285,2124.6,2124.7,0.0,2.0000000000027285,2.1247,-0.12469999999727133,4.2494,-2.249399999997271,HIT_TARGET,0.673719045,True,0.673719045,False,,False,False,,False,,0.0
2026-03-19,WALL,BID,2026-03-19 13:17:31.709836619,1773926251709836619,3.013976299,0.9450031043525469,2123.7,76.069,8.808360352014823,2,2,15.99999999999909,6+,28.503,0.3746992861743943,2124.0,2123.7999999999997,2.0000000000027285,2123.9,2124.0,0.0,2.0000000000027285,2.1238999999999995,-0.12389999999727097,4.247799999999999,-2.2477999999972704,HIT_TARGET,36.331323439,True,36.331323439,True,0.562657511,True,True,35.768665928,True,0.66037339,24.00000000000091
2026-03-19,WALL,ASK,2026-03-19 13:17:59.362184199,1773926279362184199,3.006922653,1.0,2125.6,157.72,24.586126266562744,1,1,4.0000000000009095,4-5,62.042,0.39336799391326405,2125.4,2125.5,0.9999999999990905,2125.4,2125.5,0.0,0.9999999999990905,2.12545,-1.1254500000009093,4.2509,-3.250900000000909,HIT_TARGET,0.051055986,True,0.051055986,False,,False,False,,False,,0.0
2026-03-19,WALL,ASK,2026-03-19 13:18:32.831459865,1773926312831459865,8.113199403,1.0,2127.1,112.516,59.56379036527263,5,5,12.999999999997272,6+,3.216,0.028582601585552276,2125.7,2127.0,13.000000000001819,2125.7,2126.6,0.0,13.000000000001819,2.12635,10.873650000001819,4.2527,8.747300000001818,HIT_TARGET,27.443565183,True,27.443565183,True,0.050757784,True,True,27.392807399,True,2.346243293,5.0
2026-03-19,WALL,ASK,2026-03-19 13:20:19.476977471,1773926419476977471,3.46538865,0.9689637870776774,2133.5,26.95,4.521432765707575,5,5,9.00000000000091,6+,11.338000000000001,0.4207050092764379,2132.9,2133.4,5.0,2132.9,2133.0,0.0,5.0,2.13315,2.86685,4.2663,0.7336999999999998,HIT_TARGET,0.462700645,True,0.462700645,False,,False,False,,False,,0.0
2026-03-19,WALL,BID,2026-03-19 13:20:28.201304368,1773926428201304368,3.110612303,0.8481618935460116,2133.4,54.329,9.833303167420814,4,4,12.999999999997272,6+,22.308,0.41060943510832154,2133.9,2133.5,4.0000000000009095,2133.8,2133.9,0.0,4.0000000000009095,2.1336999999999997,1.8663000000009098,4.267399999999999,-0.2673999999990899,HIT_TARGET,0.960759708,True,0.960759708,True,0.351527288,True,True,0.60923242,False,,0.0
2026-03-19,WALL,BID,2026-03-19 13:23:26.225485589,1773926606225485589,3.006198178,0.8917159203334465,2130.3,121.893,10.685338593030902,5,5,3.999999999996362,2-3,58.36,0.47878056984404355,2130.9,2130.4,5.0,2130.8,2130.9,0.0,5.0,2.1306499999999997,2.8693500000000003,4.261299999999999,0.7387000000000006,HIT_TARGET,2.458026994,True,2.458026994,True,0.211711498,True,True,2.246315496,False,,0.0
2026-03-19,WALL,ASK,2026-03-19 13:24:46.162521498,1773926686162521498,6.693107958,1.0,2128.6,14.907,3.3848773841961854,2,2,4.0000000000009095,4-5,2.574,0.1726705574562286,2128.3,2128.5,1.999999999998181,2128.3,2128.4,0.0,1.999999999998181,2.1284,-0.12840000000181906,4.2568,-2.256800000001819,HIT_TARGET,0.404432809,True,0.404432809,False,,False,False,,False,,0.0
2026-03-19,WALL,ASK,2026-03-19 13:27:55.178657520,1773926875178657520,3.969256205,0.9460838215153713,2129.0,112.142,11.374581600568009,4,4,4.0000000000009095,4-5,51.373000000000005,0.4581066861657542,2128.5,2128.9,4.0000000000009095,2128.5,2128.6,0.0,4.0000000000009095,2.1287,1.8713000000009097,4.2574,-0.25739999999909013,HIT_TARGET,2.916499717,True,2.916499717,True,0.219940576,True,True,2.696559141,False,,0.0
2026-03-19,WALL,ASK,2026-03-19 13:27:59.069910783,1773926879069910783,3.620528576,1.0,2129.3,52.254,3.845457556021636,2,2,4.0000000000009095,4-5,15.721,0.3008573506334443,2129.0,2129.2000000000003,2.0000000000027285,2129.0,2129.1,0.0,2.0000000000027285,2.1291,-0.12909999999727173,4.2582,-2.258199999997272,HIT_TARGET,3.728154727,True,3.728154727,False,,False,False,,False,,0.0
2026-03-19,WALL,ASK,2026-03-19 13:29:00.101301504,1773926940101301504,3.929363564,0.9684397101514937,2129.4,59.6,9.330724070450097,2,2,3.999999999996362,2-3,8.934,0.14989932885906038,2129.0,2129.3,3.000000000001819,2129.0,2129.2,0.0,3.000000000001819,2.12915,0.8708500000018189,4.2583,-1.2582999999981812,HIT_TARGET,13.365390184,True,13.365390184,True,1.934734154,True,True,11.43065603,False,,1.999999999998181
2026-03-19,WALL,ASK,2026-03-19 13:30:08.478750889,1773927008478750889,3.011073312,0.9997082820944614,2127.2,30.104,11.043286867204696,2,2,14.00000000000091,6+,14.049000000000001,0.46668216848259375,2126.9,2127.1,1.999999999998181,2126.9,2127.0,0.0,1.999999999998181,2.127,-0.12700000000181877,4.254,-2.2540000000018185,HIT_TARGET,0.152751111,True,0.152751111,False,,False,False,,False,,0.0
2026-03-19,WALL,ASK,2026-03-19 13:30:48.474700137,1773927048474700137,3.828579411,0.9996016122858474,2123.2,13.758,3.467674858223062,1,1,17.99999999999727,6+,6.123,0.4450501526384649,2123.0,2123.1,0.9999999999990905,2123.0,2123.1,0.0,0.9999999999990905,2.12305,-1.1230500000009096,4.2461,-3.2461000000009097,HIT_TARGET,0.047973292,True,0.047973292,False,,False,False,,False,,0.0
2026-03-19,WALL,BID,2026-03-19 13:31:32.144059359,1773927092144059359,4.488290069,0.9294309912838211,2121.3,49.957,6.505241226642361,5,5,6.999999999998181,6+,16.255000000000003,0.32537982665091986,2121.9,2121.4,5.0,2121.8,2121.9,0.0,5.0,2.1216500000000003,2.8783499999999997,4.2433000000000005,0.7566999999999995,HIT_TARGET,9.996822851,True,9.996822851,True,0.713219137,True,True,9.283603714,True,1.070824466,11.999999999998181
2026-03-19,WALL,BID,2026-03-19 13:32:14.941747603,1773927134941747603,3.164904623,0.9183836397081847,2122.6,76.139,7.558346155755199,4,4,11.999999999998181,6+,30.769999999999996,0.40412928985145585,2123.1,2122.7,4.0000000000009095,2123.0,2123.1,0.0,4.0000000000009095,2.1228999999999996,1.87710000000091,4.245799999999999,-0.24579999999908964,HIT_TARGET,16.83853932,True,16.83853932,True,2.396811997,True,True,14.441727323,True,2.450544264,20.0
2026-03-19,WALL,BID,2026-03-19 13:34:04.343052912,1773927244343052912,3.16306211,1.0,2122.0,126.147,14.709305037313433,3,3,16.99999999999818,6+,46.773999999999994,0.3707896343155207,2122.4,2122.1,3.000000000001819,2122.3,2122.4,0.0,3.000000000001819,2.1222499999999997,0.8777500000018192,4.2444999999999995,-1.2444999999981805,HIT_TARGET,0.203688454,True,0.203688454,False,,False,False,,False,,0.0
2026-03-19,WALL,BID,2026-03-19 13:34:25.405642731,1773927265405642731,3.003748891,1.0,2121.5,75.428,8.90741615493623,4,4,7.9999999999972715,6+,24.581,0.3258869385374132,2122.0,2121.6,4.0000000000009095,2121.9,2122.0,0.0,4.0000000000009095,2.1218,1.8782000000009096,4.2436,-0.24359999999909032,HIT_TARGET,6.998555386,True,6.998555386,True,0.055460478,True,True,6.943094908,True,1.639251823,9.00000000000091
2026-03-19,WALL,BID,2026-03-19 13:35:05.262631069,1773927305262631069,3.365899729,0.9513454900070197,2120.5,77.245,17.64994858905518,5,5,8.000000000001819,6+,21.980999999999998,0.28456210757977857,2121.1,2120.6,5.0,2121.0,2121.1,0.0,5.0,2.12085,2.87915,4.2417,0.7583000000000002,HIT_TARGET,0.661952943,True,0.661952943,False,,False,False,,False,,0.0
2026-03-19,WALL,BID,2026-03-19 13:36:31.280190049,1773927391280190049,3.883272361,1.0,2117.1,33.932,3.9361985963691204,2,2,3.999999999996362,2-3,10.091,0.2973888954379347,2117.4,2117.2,2.0000000000027285,2117.3,2117.4,0.0,2.0000000000027285,2.1173,-0.1172999999972717,4.2346,-2.234599999997272,TIMEOUT,60.0,False,,True,10.818803728,True,False,,True,0.307369774,55.99999999999909
2026-03-19,WALL,ASK,2026-03-19 13:37:22.759165912,1773927442759165912,4.494080772,1.0,2120.9,200.256,41.55550944179291,6,6,10.0,6+,31.033000000000005,0.15496664269734742,2120.2,2120.8,6.000000000003638,2120.2,2120.3,0.0,6.000000000003638,2.1205,3.879500000003638,4.241,1.7590000000036383,HIT_TARGET,36.527734986,True,36.527734986,True,0.665376953,True,True,35.862358033,True,3.615042794,19.00000000000091
2026-03-19,WALL,ASK,2026-03-19 13:38:08.667020798,1773927488667020798,3.982003429,0.9340662152403184,2120.5,104.842,21.453243298547164,3,3,5.0,4-5,29.115000000000002,0.2777035920718796,2120.1,2120.4,3.000000000001819,2120.1,2120.2,0.0,3.000000000001819,2.12025,0.879750000001819,4.2405,-1.240499999998181,HIT_TARGET,1.943628889,True,1.943628889,True,0.106652449,True,True,1.83697644,True,0.20814324,7.9999999999972715
2026-03-19,WALL,BID,2026-03-19 13:39:01.577992739,1773927541577992739,3.165760815,0.9824822624826127,2116.0,32.746,8.796776359973137,6,6,17.00000000000273,6+,16.04,0.489830819031332,2116.7,2116.1,5.9999999999990905,2116.6,2116.7,0.0,5.9999999999990905,2.1163999999999996,3.883599999999091,4.232799999999999,1.7671999999990913,HIT_TARGET,0.969253664,True,0.969253664,True,0.454260813,True,True,0.514992851,False,,0.9999999999990905
2026-03-19,WALL,BID,2026-03-19 13:41:07.434597257,1773927667434597257,4.541945544,0.8604888187536579,2115.9,22.995,4.772727272727273,1,1,6.999999999998181,6+,7.56,0.3287671232876712,2116.1,2116.0,0.9999999999990905,2116.0,2116.1,0.0,0.9999999999990905,2.11605,-1.1160500000009095,4.2321,-3.2321000000009095,TIMEOUT,60.0,False,,True,0.560097793,True,False,,True,0.047805199,161.99999999999818
2026-03-19,WALL,ASK,2026-03-19 13:41:07.943475582,1773927667943475582,3.776028692,0.9165618310402394,2117.1,15.856,5.825128581925055,2,2,5.9999999999990905,4-5,3.352,0.2114026236125126,2116.8,2117.0,1.999999999998181,2116.8,2116.9,0.0,1.999999999998181,2.1169000000000002,-0.11690000000181922,4.2338000000000005,-2.2338000000018194,HIT_TARGET,0.051219468,True,0.051219468,False,,False,False,,False,,0.0
2026-03-19,WALL,ASK,2026-03-19 13:41:08.403687823,1773927668403687823,4.090656861,0.9296681734068332,2118.3,54.783,12.543331425300517,4,4,13.000000000001819,6+,25.509,0.4656371502108318,2117.8,2118.2000000000003,4.0000000000009095,2117.8,2117.9,0.0,4.0000000000009095,2.118,1.8820000000009096,4.236,-0.23599999999909027,HIT_TARGET,6.98841081,True,6.98841081,True,1.734026465,True,True,5.254384345,True,0.25395011,10.0
2026-03-19,WALL,ASK,2026-03-19 13:41:19.013832594,1773927679013832594,3.727878928,0.911883679072101,2119.2,81.896,8.961645784319089,3,3,5.0,4-5,20.180999999999997,0.24642229168701765,2118.8,2119.1,2.9999999999972715,2118.8,2118.9,0.0,2.9999999999972715,2.1189499999999994,0.8810499999972721,4.237899999999999,-1.2379000000027274,HIT_TARGET,0.663109962,True,0.663109962,True,0.043050505,True,True,0.620059457,False,,0.0
2026-03-19,WALL,ASK,2026-03-19 13:42:00.691971385,1773927720691971385,14.743308455,0.9945685235953371,2128.1,59.399,7.209928991928142,4,4,5.0,4-5,24.032,0.40458593579016483,2127.6,2128.0,4.0000000000009095,2127.6,2127.7,0.0,4.0000000000009095,2.1278,1.8722000000009094,4.2556,-0.2555999999990908,HIT_TARGET,0.254066269,True,0.254066269,False,,False,False,,False,,0.0
2026-03-19,WALL,ASK,2026-03-19 13:42:39.039326727,1773927759039326727,3.461740319,0.85050193881975,2137.5,71.931,12.78091684434968,3,3,5.9999999999990905,4-5,18.032,0.2506846839332138,2137.1,2137.4,3.000000000001819,2137.1,2137.2,0.0,3.000000000001819,2.13725,0.8627500000018191,4.2745,-1.2744999999981808,HIT_TARGET,35.361769496,True,35.361769496,True,0.108753563,True,True,35.253015933,True,0.775557372,40.0
2026-03-19,WALL,ASK,2026-03-19 13:43:10.169449028,1773927790169449028,6.938269696,1.0,2136.0,100.637,13.467648042823686,4,4,5.9999999999990905,4-5,17.028,0.16920218210002283,2135.5,2135.9,4.0000000000009095,2135.5,2135.6,0.0,4.0000000000009095,2.1356999999999995,1.86430000000091,4.271399999999999,-0.2713999999990895,HIT_TARGET,0.459235075,True,0.459235075,False,,False,False,,False,,0.0
2026-03-19,WALL,ASK,2026-03-19 13:44:31.039977942,1773927871039977942,9.898726016,0.9679850517644634,2136.6,10.384,3.4521276595744683,3,3,5.0,4-5,0.5920000000000001,0.05701078582434515,2136.2,2136.5,3.000000000001819,2136.2,2136.3,0.0,3.000000000001819,2.1363499999999997,0.8636500000018192,4.2726999999999995,-1.2726999999981805,HIT_TARGET,0.358673892,True,0.358673892,False,,False,False,,False,,0.0
2026-03-19,WALL,ASK,2026-03-19 13:44:31.398651834,1773927871398651834,4.185002932,0.9860324580532457,2137.1,36.189,10.993013365735116,3,3,6.000000000003638,6+,11.854,0.32755809776451406,2136.7,2137.0,3.000000000001819,2136.7,2136.8,0.0,3.000000000001819,2.13685,0.8631500000018191,4.2737,-1.2736999999981808,HIT_TARGET,5.609896092,True,5.609896092,True,0.101254964,True,True,5.508641128,True,3.468986063,4.0000000000009095
2026-03-19,WALL,BID,2026-03-19 13:45:11.605642328,1773927911605642328,5.361380811,0.9609867451364666,2133.2,58.236,15.203237175303485,7,7,10.0,6+,26.233,0.45046019644206337,2134.0,2133.2999999999997,7.0000000000027285,2133.9,2134.0,0.0,7.0000000000027285,2.1336499999999994,4.866350000002729,4.267299999999999,2.7327000000027297,HIT_TARGET,3.165842728,True,3.165842728,True,2.396239883,True,True,0.769602845,False,,1.999999999998181
2026-03-19,WALL,ASK,2026-03-19 13:46:00.231202650,1773927960231202650,3.010050745,1.0,2134.1,55.074,6.542797742797743,4,4,8.999999999996362,6+,17.630000000000003,0.32011475469368494,2133.6,2134.0,4.0000000000009095,2133.6,2133.7,0.0,4.0000000000009095,2.1338,1.8662000000009096,4.2676,-0.26759999999909034,HIT_TARGET,31.800152866,True,31.800152866,True,0.767349945,True,True,31.032802921,True,0.81853244,22.99999999999727
2026-03-19,WALL,BID,2026-03-19 13:46:38.920387529,1773927998920387529,3.016248852,1.0,2133.2,27.144,4.148238710170398,3,3,10.0,6+,9.583,0.3530430297671677,2133.6,2133.2999999999997,3.000000000001819,2133.5,2133.6,0.0,3.000000000001819,2.13345,0.8665500000018191,4.2669,-1.2668999999981807,HIT_TARGET,0.506294769,True,0.506294769,False,,False,False,,False,,0.0
2026-03-19,WALL,BID,2026-03-19 13:47:37.993644561,1773928057993644561,3.053220534,0.9422302657027788,2130.3,11.556,3.971816463309847,2,2,4.0000000000009095,4-5,3.6559999999999997,0.3163724472135687,2130.6,2130.4,1.999999999998181,2130.5,2130.6,0.0,1.999999999998181,2.1304999999999996,-0.1305000000018186,4.260999999999999,-2.261000000001818,HIT_TARGET,0.211044483,True,0.211044483,False,,False,False,,False,,0.0
2026-03-19,WALL,BID,2026-03-19 13:47:38.918710716,1773928058918710716,6.121827304,1.0,2128.8,48.45,34.00000000000001,6,6,12.999999999997272,6+,13.575000000000001,0.2801857585139319,2129.5,2128.9,5.9999999999990905,2129.4,2129.5,0.0,5.9999999999990905,2.1291999999999995,3.870799999999091,4.258399999999999,1.7415999999990914,HIT_TARGET,17.295972115,True,17.295972115,True,0.509920879,True,True,16.786051236,True,2.190998032,7.9999999999972715
2026-03-19,WALL,BID,2026-03-19 13:49:08.876622421,1773928148876622421,3.224580764,0.9316613534819189,2132.6,9.383,3.5116017964071853,2,2,10.99999999999909,6+,0.96,0.10231269316849623,2132.9,2132.7,2.0000000000027285,2132.8,2132.9,0.0,2.0000000000027285,2.1328,-0.13279999999727155,4.2656,-2.2655999999972716,HIT_TARGET,0.050688325,True,0.050688325,False,,False,False,,False,,0.0
2026-03-19,WALL,BID,2026-03-19 13:49:33.057351786,1773928173057351786,3.004580741,0.9804437586921216,2133.7,102.432,14.816229116945108,5,5,7.0000000000027285,6+,48.108999999999995,0.46966768197438297,2134.3,2133.7999999999997,5.0000000000045475,2134.2,2134.3,0.0,5.0000000000045475,2.13405,2.8659500000045477,4.2681,0.7319000000045479,TIMEOUT,60.0,False,,True,0.667200791,True,False,,True,1.279700321,72.00000000000273
2026-03-19,WALL,ASK,2026-03-19 13:49:45.055607519,1773928185055607519,5.052796723,1.0,2137.5,49.333,10.1539569826078,5,5,15.0,6+,22.155,0.4490908722356233,2136.8,2137.4,5.9999999999990905,2136.8,2137.0,0.0,5.9999999999990905,2.1371,3.8628999999990903,4.2742,1.72579999999909,HIT_TARGET,0.407311951,True,0.407311951,False,,False,False,,False,,0.0
2026-03-19,WALL,ASK,2026-03-19 13:50:32.246518943,1773928232246518943,3.162888758,0.9981074424496089,2137.8,76.377,16.650752125572268,1,1,6.999999999998181,6+,7.556,0.09893030624402635,2137.6,2137.7000000000003,1.000000000003638,2137.6,2137.7,0.0,1.000000000003638,2.13765,-1.1376499999963618,4.2753,-3.2752999999963617,HIT_TARGET,18.190736525,True,18.190736525,True,1.22399286,True,True,16.966743665,True,0.202516127,17.99999999999727
2026-03-19,WALL,ASK,2026-03-19 13:51:18.777226997,1773928278777226997,3.979583079,1.0,2138.6,103.46,17.64475142832779,5,5,12.999999999997272,6+,25.813,0.24949739029576648,2138.0,2138.5,5.0,2138.0,2138.1,0.0,5.0,2.1382499999999998,2.8617500000000002,4.2764999999999995,0.7235000000000005,HIT_TARGET,21.837680697,True,21.837680697,True,1.321317486,True,True,20.516363211,True,3.521147267,15.99999999999909
2026-03-19,WALL,ASK,2026-03-19 13:51:50.092744114,1773928310092744114,3.048988435,0.8718915114546835,2140.3,74.357,8.39717673630717,2,2,10.0,6+,32.839,0.44163965732883254,2140.0,2140.2000000000003,2.0000000000027285,2140.0,2140.1,0.0,2.0000000000027285,2.1401000000000003,-0.14009999999727185,4.280200000000001,-2.280199999997272,HIT_TARGET,4.605926989,True,4.605926989,True,0.875896445,True,True,3.730030544,True,0.576114818,6.999999999998181
2026-03-19,WALL,BID,2026-03-19 13:51:52.957326524,1773928312957326524,3.156821893,1.0,2138.8,103.953,18.492039491238994,5,5,6.999999999998181,6+,48.266999999999996,0.46431560416726786,2139.4,2138.9,5.0,2139.3,2139.4,0.0,5.0,2.13915,2.86085,4.2783,0.7217000000000002,HIT_TARGET,10.262794067,True,10.262794067,True,0.515528551,True,True,9.747265516,True,1.333273672,10.99999999999909
2026-03-19,WALL,BID,2026-03-19 13:52:17.554638868,1773928337554638868,3.41619228,0.9453734644585052,2136.5,36.258,3.596666997321695,2,2,6.000000000003638,6+,8.776,0.24204313530806992,2136.8,2136.6,2.0000000000027285,2136.7,2136.8,0.0,2.0000000000027285,2.1366999999999994,-0.1366999999972709,4.273399999999999,-2.2733999999972703,HIT_TARGET,0.60358147,True,0.60358147,False,,False,False,,False,,0.0
2026-03-19,WALL,ASK,2026-03-19 13:52:32.918333779,1773928352918333779,3.112427242,1.0,2138.8,82.266,9.997083485235146,3,3,5.0,4-5,34.402,0.4181800500814431,2138.4,2138.7000000000003,3.000000000001819,2138.4,2138.5,0.0,3.000000000001819,2.13855,0.861450000001819,4.2771,-1.277099999998181,TIMEOUT,60.0,False,,True,0.255268204,True,False,,True,0.665333183,34.00000000000091
2026-03-19,WALL,ASK,2026-03-19 13:53:58.900342514,1773928438900342514,4.336753503,0.9218215098539807,2135.0,60.931,6.284137788778878,4,4,5.9999999999990905,4-5,30.022999999999996,0.4927376868917299,2134.5,2134.9,4.0000000000009095,2134.5,2134.6,0.0,4.0000000000009095,2.1346999999999996,1.86530000000091,4.269399999999999,-0.2693999999990897,HIT_TARGET,0.408970849,True,0.408970849,False,,False,False,,False,,0.0
2026-03-19,WALL,BID,2026-03-19 13:54:34.667717276,1773928474667717276,4.642084964,0.9619080578293353,2137.8,30.711,6.70399476096922,5,5,5.0,4-5,14.848999999999998,0.4835075380156947,2138.4,2137.9,5.0,2138.3,2138.4,0.0,5.0,2.13815,2.86185,4.2763,0.7237,TIMEOUT,60.0,False,,True,0.606379844,True,False,,True,0.867387593,46.99999999999818
2026-03-19,WALL,BID,2026-03-19 13:55:21.914393151,1773928521914393151,3.367712281,0.9830118976247544,2139.3,27.333,3.8693374858437144,1,1,4.0000000000009095,4-5,3.88,0.1419529506457396,2139.5,2139.4,0.9999999999990905,2139.4,2139.5,0.0,0.9999999999990905,2.1394499999999996,-1.1394500000009091,4.278899999999999,-3.2789000000009088,HIT_TARGET,0.048313077,True,0.048313077,False,,False,False,,False,,0.0
2026-03-19,WALL,BID,2026-03-19 13:55:52.579418786,1773928552579418786,4.133902137,1.0,2139.1,32.448,3.9479255383866647,1,1,4.0000000000009095,4-5,1.113,0.03430103550295858,2139.3,2139.2,1.000000000003638,2139.2,2139.3,0.0,1.000000000003638,2.13925,-1.1392499999963621,4.2785,-3.278499999996362,HIT_TARGET,0.048284373,True,0.048284373,False,,False,False,,False,,0.0
2026-03-19,WALL,BID,2026-03-19 13:55:57.629772142,1773928557629772142,4.846979347,1.0,2138.6,12.251,3.2990440285445,1,1,5.0,4-5,3.236,0.26414170271814547,2138.8,2138.7,1.000000000003638,2138.7,2138.8,0.0,1.000000000003638,2.13875,-1.138749999996362,4.2775,-3.277499999996362,HIT_TARGET,0.048265393,True,0.048265393,False,,False,False,,False,,0.0
2026-03-19,WALL,ASK,2026-03-19 13:56:11.996213325,1773928571996213325,3.001051243,0.9815350950340304,2140.9,108.007,8.672474706921472,3,3,5.0,4-5,50.236,0.46511800161100664,2140.5,2140.8,3.000000000001819,2140.5,2140.6,0.0,3.000000000001819,2.14065,0.859350000001819,4.2813,-1.281299999998181,TIMEOUT,60.0,False,,True,4.359035058,True,False,,True,2.826820517,16.99999999999818
2026-03-19,WALL,ASK,2026-03-19 13:56:20.272692115,1773928580272692115,3.104612449,0.9767247238787323,2140.9,128.894,19.06011090573013,4,4,4.0000000000009095,4-5,64.381,0.4994879513398606,2140.4,2140.8,4.0000000000009095,2140.4,2140.5,0.0,4.0000000000009095,2.1406,1.8594000000009094,4.2812,-0.2811999999990906,TIMEOUT,60.0,False,,True,0.09564423,True,False,,True,0.316448188,15.99999999999909
2026-03-19,WALL,ASK,2026-03-19 13:56:49.117547292,1773928609117547292,3.624913613,0.9560007947698367,2140.1,40.902,4.394048450341087,1,1,4.0000000000009095,4-5,12.882,0.31494792430687985,2139.9,2140.0,0.9999999999990905,2139.9,2140.0,0.0,0.9999999999990905,2.13995,-1.1399500000009093,4.2799,-3.279900000000909,HIT_TARGET,0.033485389,True,0.033485389,False,,False,False,,False,,0.0
2026-03-19,WALL,BID,2026-03-19 13:59:08.436537989,1773928748436537989,3.014601031,1.0,2136.2,12.494,3.5917780652580134,1,1,3.999999999996362,2-3,2.531,0.20257723707379544,2136.4,2136.2999999999997,1.000000000003638,2136.3,2136.4,0.0,1.000000000003638,2.1363499999999997,-1.1363499999963618,4.2726999999999995,-3.2726999999963615,HIT_TARGET,0.048755908,True,0.048755908,False,,False,False,,False,,0.0
2026-03-19,WALL,ASK,2026-03-19 13:59:47.583937744,1773928787583937744,10.381922111,1.0,2137.1,75.374,8.776665114112715,3,3,4.0000000000009095,4-5,35.592,0.4722052697216547,2136.7,2137.0,3.000000000001819,2136.7,2136.8,0.0,3.000000000001819,2.13685,0.8631500000018191,4.2737,-1.2736999999981808,HIT_TARGET,10.714951946,True,10.714951946,False,,False,False,,True,6.014084194,3.000000000001819
2026-03-19,WALL,ASK,2026-03-19 14:00:59.165678953,1773928859165678953,3.163174782,1.0,2145.1,78.656,19.92804661768432,6,6,11.999999999998181,6+,21.724999999999998,0.2762027054515866,2144.4,2145.0,5.9999999999990905,2144.4,2144.5,0.0,5.9999999999990905,2.1447,3.8552999999990907,4.2894,1.7105999999990908,HIT_TARGET,0.203520878,True,0.203520878,False,,False,False,,False,,0.0
2026-03-19,WALL,BID,2026-03-19 14:01:19.563287068,1773928879563287068,3.815885388,0.9261681401946761,2140.8,74.229,27.937147158449378,2,2,4.0000000000009095,4-5,22.423000000000002,0.3020787023939431,2141.1,2140.9,1.999999999998181,2141.0,2141.1,0.0,1.999999999998181,2.141,-0.141000000001819,4.282,-2.282000000001819,HIT_TARGET,0.416953822,True,0.416953822,False,,False,False,,False,,0.0
2026-03-19,WALL,ASK,2026-03-19 14:01:43.399343718,1773928903399343718,3.264768599,1.0,2139.6,111.103,25.222020431328033,2,2,4.0000000000009095,4-5,27.032999999999998,0.24331476197762436,2139.3,2139.5,1.999999999998181,2139.3,2139.4,0.0,1.999999999998181,2.1394,-0.13940000000181918,4.2788,-2.2788000000018194,HIT_TARGET,40.056145878,True,40.056145878,True,0.613764107,True,True,39.442381771,True,1.685420944,27.00000000000273
2026-03-19,WALL,ASK,2026-03-19 14:01:59.268337165,1773928919268337165,3.267694184,1.0,2137.7,9.884,3.9887005649717517,6,6,4.0000000000009095,4-5,3.487,0.3527923917442331,2137.0,2137.6,5.9999999999990905,2137.0,2137.1,0.0,5.9999999999990905,2.1373,3.8626999999990903,4.2746,1.72539999999909,HIT_TARGET,0.103023414,True,0.103023414,False,,False,False,,False,,0.0
2026-03-19,WALL,ASK,2026-03-19 14:02:19.419444774,1773928939419444774,7.904990073,1.0,2139.6,162.132,36.532672374943665,5,5,9.00000000000091,6+,77.316,0.4768706979498187,2139.0,2139.5,5.0,2139.0,2139.1,0.0,5.0,2.13925,2.86075,4.2785,0.7214999999999998,HIT_TARGET,4.036044822,True,4.036044822,True,0.715791058,True,True,3.320253764,False,,0.9999999999990905
2026-03-19,WALL,BID,2026-03-19 14:03:55.040826483,1773929035040826483,3.220986451,0.9995996316595497,2137.3,101.724,14.528886667142755,4,4,4.0000000000009095,4-5,50.105000000000004,0.4925582949942983,2137.8,2137.4,4.0000000000009095,2137.7,2137.8,0.0,4.0000000000009095,2.1376000000000004,1.862400000000909,4.275200000000001,-0.2751999999990913,HIT_TARGET,6.277666223,True,6.277666223,True,0.203601584,True,True,6.074064639,True,2.651986808,4.0000000000009095
2026-03-19,WALL,ASK,2026-03-19 14:04:32.139271980,1773929072139271980,6.53295093,0.9665417875716388,2135.7,77.214,13.175326337343229,3,3,4.0000000000009095,4-5,34.593,0.44801460874970866,2135.3,2135.6,2.9999999999972715,2135.3,2135.4,0.0,2.9999999999972715,2.1354499999999996,0.8645499999972719,4.270899999999999,-1.2709000000027277,HIT_TARGET,5.8166165,True,5.8166165,True,0.815280901,True,True,5.001335599,True,3.826245272,3.000000000001819
2026-03-19,WALL,ASK,2026-03-19 14:04:57.169465984,1773929097169465984,3.190540563,0.9416742670010053,2134.4,32.681,4.703655728267127,1,1,4.0000000000009095,4-5,10.0,0.30598818885591017,2134.2,2134.3,1.000000000003638,2134.2,2134.3,0.0,1.000000000003638,2.1342499999999998,-1.1342499999963618,4.2684999999999995,-3.2684999999963615,HIT_TARGET,0.075016669,True,0.075016669,False,,False,False,,False,,0.0
2026-03-19,WALL,BID,2026-03-19 14:05:40.410933649,1773929140410933649,3.163504267,0.9654079663676964,2135.4,82.583,12.278174249182278,4,4,5.0,4-5,38.416000000000004,0.46518048508772997,2135.9,2135.5,4.0000000000009095,2135.8,2135.9,0.0,4.0000000000009095,2.1356999999999995,1.86430000000091,4.271399999999999,-0.2713999999990895,HIT_TARGET,3.011573858,True,3.011573858,True,1.124709813,True,True,1.886864045,False,,0.9999999999990905
2026-03-19,WALL,ASK,2026-03-19 14:05:58.175885593,1773929158175885593,3.438703174,0.9359599872809493,2135.5,35.162,5.1872833222689385,1,1,5.0,4-5,11.507,0.3272566975712417,2135.3,2135.4,0.9999999999990905,2135.3,2135.4,0.0,0.9999999999990905,2.1353500000000003,-1.1353500000009098,4.270700000000001,-3.27070000000091,HIT_TARGET,0.08856115,True,0.08856115,False,,False,False,,False,,0.0
2026-03-19,WALL,ASK,2026-03-19 14:06:03.673652824,1773929163673652824,3.112306124,0.9857811355191742,2136.0,103.419,25.02274376965884,3,3,7.9999999999972715,6+,39.493,0.38187373693421905,2135.6,2135.9,3.000000000001819,2135.6,2135.7,0.0,3.000000000001819,2.13575,0.8642500000018192,4.2715,-1.2714999999981806,HIT_TARGET,13.062318327,True,13.062318327,True,0.81441402,True,True,12.247904307,True,0.204060827,11.999999999998181
2026-03-19,WALL,BID,2026-03-19 14:06:25.462654346,1773929185462654346,3.776183063,0.9691442644447876,2137.0,74.206,8.765178360500828,4,4,6.999999999998181,6+,32.83,0.44241705522464486,2137.5,2137.1,4.0000000000009095,2137.4,2137.5,0.0,4.0000000000009095,2.1373,1.8627000000009093,4.2746,-0.2745999999990909,HIT_TARGET,1.169285457,True,1.169285457,True,0.049509775,True,True,1.119775682,False,,0.0
2026-03-19,WALL,BID,2026-03-19 14:07:44.038360482,1773929264038360482,5.712391124,1.0,2133.0,47.679,6.387433853573582,1,1,5.9999999999990905,4-5,18.145,0.3805658675727259,2133.2,2133.1,0.9999999999990905,2133.1,2133.2,0.0,0.9999999999990905,2.1331499999999997,-1.1331500000009092,4.266299999999999,-3.266300000000909,HIT_TARGET,0.051249084,True,0.051249084,False,,False,False,,False,,0.0
2026-03-19,WALL,ASK,2026-03-19 14:10:02.102739965,1773929402102739965,3.370096767,0.9545576843669308,2129.1,28.268,3.020246808055986,3,3,8.000000000001819,6+,10.685,0.3779892457902929,2128.7,2129.0,3.000000000001819,2128.7,2128.8,0.0,3.000000000001819,2.12885,0.8711500000018191,4.2577,-1.2576999999981808,TIMEOUT,60.0,False,,True,1.63159926,True,False,,True,1.477885058,35.0
2026-03-19,WALL,ASK,2026-03-19 14:10:59.904713327,1773929459904713327,3.769430526,0.9299087702565074,2127.6,57.394,8.535058368651944,3,3,7.0000000000027285,6+,6.848,0.11931560790326515,2127.2,2127.5,3.000000000001819,2127.2,2127.3,0.0,3.000000000001819,2.12735,0.8726500000018191,4.2547,-1.2546999999981807,HIT_TARGET,2.046157392,True,2.046157392,True,0.311833151,True,True,1.734324241,False,,0.0
2026-03-19,WALL,ASK,2026-03-19 14:11:02.153289871,1773929462153289871,4.592258923,0.9990978424628345,2127.9,24.742,3.6684706056787015,1,1,5.0,4-5,3.289,0.1329318567617816,2127.7,2127.8,1.000000000003638,2127.7,2127.8,0.0,1.000000000003638,2.12775,-1.1277499999963618,4.2555,-3.2554999999963616,HIT_TARGET,0.052411042,True,0.052411042,False,,False,False,,False,,0.0
2026-03-19,WALL,ASK,2026-03-19 14:11:06.439651024,1773929466439651024,3.012818626,0.9644004169137794,2129.2,25.126,3.6170733462894984,3,3,9.00000000000091,6+,0.939,0.03737164689962588,2128.8,2129.1,2.9999999999972715,2128.8,2128.9,0.0,2.9999999999972715,2.1289499999999997,0.8710499999972718,4.257899999999999,-1.2579000000027278,HIT_TARGET,0.10201849,True,0.10201849,False,,False,False,,False,,0.0
2026-03-19,WALL,BID,2026-03-19 14:11:13.017659452,1773929473017659452,4.079339805,1.0,2130.2,52.498,12.743779584901079,6,6,10.0,6+,14.05,0.2676292430187817,2130.9,2130.2999999999997,6.000000000003638,2130.8,2130.9,0.0,6.000000000003638,2.1306,3.869400000003638,4.2612,1.7388000000036383,HIT_TARGET,0.971963421,True,0.971963421,False,,False,False,,False,,0.0
2026-03-19,WALL,ASK,2026-03-19 14:11:29.396660720,1773929489396660720,3.215012196,1.0,2130.9,78.352,10.28511420320294,4,4,4.0000000000009095,4-5,20.733999999999998,0.26462630181743924,2130.4,2130.8,4.0000000000009095,2130.4,2130.5,0.0,4.0000000000009095,2.1306000000000003,1.8694000000009092,4.2612000000000005,-0.26119999999909105,HIT_TARGET,4.692707371,True,4.692707371,True,0.051335217,True,True,4.641372154,False,,0.0
2026-03-19,WALL,BID,2026-03-19 14:13:04.047667742,1773929584047667742,3.062866728,0.9030739818725798,2131.7,80.529,11.111279751638495,6,6,15.0,6+,33.409,0.4148691775633623,2132.4,2131.7999999999997,6.000000000003638,2132.3,2132.4,0.0,6.000000000003638,2.1321,3.867900000003638,4.2642,1.7358000000036382,HIT_TARGET,0.509970021,True,0.509970021,False,,False,False,,False,,0.0
2026-03-19,WALL,BID,2026-03-19 14:13:06.393947518,1773929586393947518,3.061210076,0.9981610331012121,2131.0,75.033,9.340595045437569,4,4,9.00000000000091,6+,15.455,0.20597603721029414,2131.5,2131.1,4.0000000000009095,2131.4,2131.5,0.0,4.0000000000009095,2.1313,1.8687000000009095,4.2626,-0.26259999999909045,HIT_TARGET,0.768017538,True,0.768017538,False,,False,False,,False,,0.0
2026-03-19,WALL,ASK,2026-03-19 14:14:26.148123958,1773929666148123958,4.438677321,0.9834600988784064,2129.3,40.54,6.18082024698887,2,2,7.9999999999972715,6+,3.008,0.07419832264430193,2129.0,2129.2000000000003,2.0000000000027285,2129.0,2129.1,0.0,2.0000000000027285,2.1291,-0.12909999999727173,4.2582,-2.258199999997272,HIT_TARGET,2.193236073,True,2.193236073,True,0.304728638,True,True,1.888507435,False,,0.0
2026-03-19,WALL,BID,2026-03-19 14:15:20.639294882,1773929720639294882,7.296038756,0.9670161653401174,2126.9,85.231,14.121613785104794,5,5,10.0,6+,18.349,0.21528551818000494,2127.5,2127.0,5.0,2127.4,2127.5,0.0,5.0,2.1272499999999996,2.8727500000000004,4.254499999999999,0.7455000000000007,HIT_TARGET,4.134145449,True,4.134145449,True,0.205167699,True,True,3.92897775,False,,0.0
2026-03-19,WALL,ASK,2026-03-19 14:15:52.735908032,1773929752735908032,3.014897727,1.0,2125.0,32.998,3.1055479742129783,1,1,4.0000000000009095,4-5,16.435,0.49806048851445545,2124.8,2124.9,0.9999999999990905,2124.8,2124.9,0.0,0.9999999999990905,2.1248500000000003,-1.1248500000009098,4.249700000000001,-3.24970000000091,HIT_TARGET,0.002468854,True,0.002468854,False,,False,False,,False,,0.0
2026-03-19,WALL,ASK,2026-03-19 14:16:06.254148562,1773929766254148562,3.116870166,1.0,2127.0,84.589,13.001690747002765,4,4,5.9999999999990905,4-5,34.333,0.40588019718875973,2126.5,2126.9,4.0000000000009095,2126.5,2126.6,0.0,4.0000000000009095,2.1266999999999996,1.87330000000091,4.253399999999999,-0.2533999999990897,HIT_TARGET,0.970534376,True,0.970534376,False,,False,False,,False,,0.0
2026-03-19,WALL,BID,2026-03-19 14:17:04.935755782,1773929824935755782,3.06311996,0.997590342168643,2124.2,48.206,6.0985514580302365,5,5,10.0,6+,17.343,0.3597684935485209,2124.8,2124.2999999999997,5.0000000000045475,2124.7,2124.8,0.0,5.0000000000045475,2.1245499999999997,2.8754500000045478,4.249099999999999,0.750900000004548,HIT_TARGET,0.91956598,True,0.91956598,True,0.101407376,True,True,0.818158604,False,,0.0
2026-03-19,WALL,BID,2026-03-19 14:18:46.579685992,1773929926579685992,3.367239956,1.0,2123.9,9.828,3.100315457413249,1,1,5.0,4-5,0.47,0.04782254782254782,2124.3,2124.0,3.000000000001819,2124.0,2124.3,0.0,3.000000000001819,2.12415,0.8758500000018188,4.2483,-1.2482999999981814,HIT_TARGET,0.051035749,True,0.051035749,False,,False,False,,False,,0.0
2026-03-19,WALL,BID,2026-03-19 14:18:46.987705792,1773929926987705792,5.917532866,0.9705619152534167,2122.7,60.413,14.251710309035149,5,5,13.000000000001819,6+,23.33,0.38617516097528676,2123.3,2122.7999999999997,5.0000000000045475,2123.2,2123.3,0.0,5.0000000000045475,2.12305,2.8769500000045474,4.2461,0.7539000000045473,HIT_TARGET,1.12213447,True,1.12213447,True,0.04945542,True,True,1.07267905,False,,0.0
2026-03-19,WALL,ASK,2026-03-19 14:19:10.097385805,1773929950097385805,3.007822043,0.9591759973680065,2122.1,49.399,5.933813813813814,6,6,4.0000000000009095,4-5,12.234,0.24765683515860645,2121.4,2122.0,5.9999999999990905,2121.4,2121.5,0.0,5.9999999999990905,2.1216999999999997,3.878299999999091,4.243399999999999,1.756599999999091,HIT_TARGET,2.554160305,True,2.554160305,True,0.051722443,True,True,2.502437862,False,,0.0
2026-03-19,WALL,BID,2026-03-19 14:20:51.599495636,1773930051599495636,3.22644564,0.8752525649246643,2123.1,53.746,9.803191974464205,5,5,8.000000000001819,6+,17.355,0.32290775127451343,2123.7,2123.2,5.0,2123.6,2123.7,0.0,5.0,2.1234499999999996,2.8765500000000004,4.246899999999999,0.7531000000000008,HIT_TARGET,0.254510905,True,0.254510905,False,,False,False,,False,,0.0
2026-03-19,WALL,ASK,2026-03-19 14:21:08.592591946,1773930068592591946,3.317272339,0.9218118184176014,2123.2,29.629,3.674231150793651,1,1,4.0000000000009095,4-5,9.722,0.3281244726450437,2123.0,2123.1,0.9999999999990905,2123.0,2123.1,0.0,0.9999999999990905,2.12305,-1.1230500000009096,4.2461,-3.2461000000009097,HIT_TARGET,0.047451641,True,0.047451641,False,,False,False,,False,,0.0
2026-03-19,WALL,ASK,2026-03-19 14:21:34.757723564,1773930094757723564,3.057299465,1.0,2120.5,74.927,7.5771856196592005,5,5,4.0000000000009095,4-5,24.362000000000002,0.3251431393222737,2119.9,2120.4,5.0,2119.9,2120.0,0.0,5.0,2.1201499999999998,2.8798500000000002,4.2402999999999995,0.7597000000000005,HIT_TARGET,27.362006112,True,27.362006112,True,1.992205656,True,True,25.369800456,True,4.292847824,8.000000000001819
2026-03-19,WALL,BID,2026-03-19 14:22:14.822596754,1773930134822596754,3.264564172,1.0,2120.2,35.306,4.357420549213205,2,2,4.0000000000009095,4-5,7.92,0.22432447742593328,2120.5,2120.2999999999997,2.0000000000027285,2120.4,2120.5,0.0,2.0000000000027285,2.120399999999999,-0.12039999999727069,4.240799999999998,-2.24079999999727,HIT_TARGET,4.899698567,True,4.899698567,True,3.27055406,True,True,1.629144507,True,2.352687752,4.0000000000009095
2026-03-19,WALL,BID,2026-03-19 14:22:29.784596750,1773930149784596750,3.175204043,1.0,2118.3,83.732,11.897129866439329,6,6,6.999999999998181,6+,34.431,0.4112047962547174,2119.0,2118.4,5.9999999999990905,2118.9,2119.0,0.0,5.9999999999990905,2.1186999999999996,3.881299999999091,4.237399999999999,1.7625999999990913,HIT_TARGET,4.897496428,True,4.897496428,True,0.152992389,True,True,4.744504039,False,,0.0
2026-03-19,WALL,ASK,2026-03-19 14:23:09.373505118,1773930189373505118,3.9259311,0.9669495857938006,2119.2,88.047,7.935021629416005,4,4,5.0,4-5,40.278,0.45746022010971416,2118.7,2119.1,4.0000000000009095,2118.7,2118.8,0.0,4.0000000000009095,2.1188999999999996,1.88110000000091,4.237799999999999,-0.23779999999908963,HIT_TARGET,5.364965311,True,5.364965311,True,1.427635258,True,True,3.937330053,True,3.371932893,3.000000000001819
2026-03-19,WALL,BID,2026-03-19 14:23:34.582500436,1773930214582500436,3.012710059,1.0,2119.0,75.028,8.706974585122433,4,4,5.0,4-5,35.393,0.47173055392653407,2119.5,2119.1,4.0000000000009095,2119.4,2119.5,0.0,4.0000000000009095,2.1193,1.8807000000009095,4.2386,-0.23859999999909043,TIMEOUT,60.0,False,,True,0.059408417,True,False,,True,3.680237734,34.00000000000091
2026-03-19,WALL,ASK,2026-03-19 14:23:51.784778946,1773930231784778946,3.011105295,1.0,2121.6,30.056,3.6098967091040115,2,2,4.0000000000009095,4-5,12.031,0.40028613255256856,2121.3,2121.5,1.999999999998181,2121.3,2121.4,0.0,1.999999999998181,2.1214,-0.12140000000181894,4.2428,-2.242800000001819,HIT_TARGET,0.203624805,True,0.203624805,False,,False,False,,False,,0.0
2026-03-19,WALL,ASK,2026-03-19 14:25:23.237722849,1773930323237722849,5.408488775,0.9811396814815428,2123.7,101.597,10.591295282773,5,5,5.9999999999990905,4-5,43.297000000000004,0.4261641583905037,2123.1,2123.6,5.0,2123.1,2123.2,0.0,5.0,2.12335,2.87665,4.2467,0.7533000000000003,HIT_TARGET,6.733685691,True,6.733685691,True,0.301952154,True,True,6.431733537,True,1.225006729,5.0
2026-03-19,WALL,ASK,2026-03-19 14:25:58.277656794,1773930358277656794,5.300682008,0.9901837454271979,2122.7,104.96,11.499315256094219,5,5,3.999999999996362,2-3,48.244,0.45964176829268294,2122.1,2122.6,5.0,2122.1,2122.2,0.0,5.0,2.1223499999999995,2.8776500000000005,4.244699999999999,0.755300000000001,TIMEOUT,60.0,False,,True,0.620322638,True,False,,True,2.407380355,22.99999999999727
2026-03-19,WALL,BID,2026-03-19 14:26:03.544611910,1773930363544611910,5.462690908,1.0,2121.2,55.668,5.676353624961762,4,4,5.0,4-5,13.724,0.24653301717324136,2121.7,2121.2999999999997,4.0000000000009095,2121.6,2121.7,0.0,4.0000000000009095,2.1214999999999997,1.8785000000009098,4.242999999999999,-0.24299999999908994,HIT_TARGET,0.765117908,True,0.765117908,False,,False,False,,False,,0.0
2026-03-19,WALL,ASK,2026-03-19 14:27:08.710812328,1773930428710812328,8.214728526,0.9268441800483183,2120.6,86.043,11.071607797722448,5,5,5.0,4-5,29.029000000000003,0.3373778227165487,2120.0,2120.5,5.0,2120.0,2120.1,0.0,5.0,2.12025,2.87975,4.2405,0.7595000000000001,HIT_TARGET,9.183677711,True,9.183677711,True,0.560243253,True,True,8.623434458,False,,0.9999999999990905
2026-03-19,WALL,BID,2026-03-19 14:27:49.329232550,1773930469329232550,5.563802256,1.0,2119.3,82.675,8.634464751958225,7,7,4.0000000000009095,4-5,34.253,0.4143090414272755,2120.1,2119.4,6.999999999998181,2120.0,2120.1,0.0,6.999999999998181,2.11975,4.880249999998181,4.2395,2.7604999999981814,HIT_TARGET,1.786390299,True,1.786390299,True,0.611720867,True,True,1.174669432,False,,0.0
2026-03-19,WALL,BID,2026-03-19 14:29:54.754530152,1773930594754530152,3.489800954,0.9272266741434331,2108.4,49.652,15.355497139322715,5,5,10.0,6+,20.578,0.41444453395633607,2109.0,2108.5,5.0,2108.9,2109.0,0.0,5.0,2.10875,2.89125,4.2175,0.7824999999999998,HIT_TARGET,0.102209114,True,0.102209114,False,,False,False,,False,,0.0
2026-03-19,WALL,BID,2026-03-19 14:29:54.856739266,1773930594856739266,4.491348823,0.9406882672671002,2107.9,51.627,18.524219590958023,5,5,15.0,6+,20.287,0.3929532996300385,2108.5,2108.0,5.0,2108.4,2108.5,0.0,5.0,2.10825,2.89175,4.2165,0.7835000000000001,HIT_TARGET,7.804501771,True,7.804501771,True,0.050935411,True,True,7.75356636,True,0.101829602,14.00000000000091
2026-03-19,WALL,ASK,2026-03-19 14:30:43.788595592,1773930643788595592,4.6950353,0.8888953045784341,2109.4,48.796,7.630336200156372,2,2,6.999999999998181,6+,12.029,0.2465161078776949,2109.1,2109.3,2.0000000000027285,2109.1,2109.2,0.0,2.0000000000027285,2.1091999999999995,-0.10919999999727104,4.218399999999999,-2.2183999999972706,HIT_TARGET,0.100380621,True,0.100380621,False,,False,False,,False,,0.0
2026-03-19,WALL,BID,2026-03-19 14:31:23.533349695,1773930683533349695,3.009809521,1.0,2108.9,67.039,10.689468229291238,3,3,8.000000000001819,6+,20.695,0.3087009054431003,2109.3,2109.0,3.000000000001819,2109.2,2109.3,0.0,3.000000000001819,2.10915,0.8908500000018189,4.2183,-1.2182999999981812,HIT_TARGET,20.824262685,True,20.824262685,True,0.102274155,True,True,20.72198853,True,1.171430171,13.000000000001819
2026-03-19,WALL,BID,2026-03-19 14:32:06.866373302,1773930726866373302,3.980619364,0.9457326545829464,2111.4,85.433,15.331179901301034,6,6,5.9999999999990905,4-5,42.4,0.496295342549132,2112.2,2111.5,6.999999999998181,2112.0,2112.2,0.0,6.999999999998181,2.1118499999999996,4.8881499999981814,4.223699999999999,2.776299999998182,HIT_TARGET,0.148991965,True,0.148991965,False,,False,False,,False,,0.0
2026-03-19,WALL,ASK,2026-03-19 14:32:13.292768913,1773930733292768913,3.366290675,0.9810828412789991,2114.2,36.179,5.578014184397163,1,1,5.9999999999990905,4-5,13.288,0.36728488902401946,2114.0,2114.1,0.9999999999990905,2114.0,2114.1,0.0,0.9999999999990905,2.1140499999999998,-1.1140500000009093,4.2280999999999995,-3.228100000000909,HIT_TARGET,0.051623219,True,0.051623219,False,,False,False,,False,,0.0
2026-03-19,WALL,BID,2026-03-19 14:32:53.146561656,1773930773146561656,6.636536259,0.9358777784988517,2112.6,131.935,16.352875557759045,4,4,5.0,4-5,25.975,0.19687725016106417,2113.1,2112.7,4.0000000000009095,2113.0,2113.1,0.0,4.0000000000009095,2.1128999999999993,1.8871000000009102,4.225799999999999,-0.22579999999908917,HIT_TARGET,0.10383395,True,0.10383395,False,,False,False,,False,,0.0
2026-03-19,WALL,ASK,2026-03-19 14:35:00.195540961,1773930900195540961,3.319273296,0.9509137854974627,2114.2,41.457,3.9132527845950533,3,3,4.0000000000009095,4-5,19.769000000000002,0.4768555370624985,2113.8,2114.1,2.9999999999972715,2113.8,2113.9,0.0,2.9999999999972715,2.1139499999999996,0.886049999997272,4.227899999999999,-1.2279000000027276,HIT_TARGET,0.107218283,True,0.107218283,False,,False,False,,False,,0.0
2026-03-19,WALL,ASK,2026-03-19 14:35:36.327569871,1773930936327569871,3.008847533,0.9122224954560368,2116.0,54.949,9.35381734615712,3,3,21.99999999999818,6+,6.286,0.11439698629638391,2115.6,2115.9,3.000000000001819,2115.6,2115.7,0.0,3.000000000001819,2.11575,0.8842500000018192,4.2315,-1.2314999999981806,TIMEOUT,60.0,False,,True,12.910090286,True,False,,True,1.533940209,32.99999999999727
2026-03-19,WALL,ASK,2026-03-19 14:35:42.604221788,1773930942604221788,3.168664444,1.0,2115.5,48.789,6.294542639659399,2,2,4.0000000000009095,4-5,20.543,0.4210580253745721,2115.2,2115.4,2.0000000000027285,2115.2,2115.3,0.0,2.0000000000027285,2.1153,-0.11529999999727147,4.2306,-2.2305999999972714,TIMEOUT,60.0,False,,True,4.43484768,True,False,,True,4.643288837,31.000000000003638
2026-03-19,WALL,ASK,2026-03-19 14:36:14.436030666,1773930974436030666,3.616343486,0.9583092605601016,2113.7,45.563,5.747098890010091,1,1,4.0000000000009095,4-5,19.577,0.4296688102188179,2113.5,2113.6,0.9999999999990905,2113.5,2113.6,0.0,0.9999999999990905,2.11355,-1.1135500000009095,4.2271,-3.2271000000009096,HIT_TARGET,0.051761232,True,0.051761232,False,,False,False,,False,,0.0
2026-03-19,WALL,BID,2026-03-19 14:37:07.562671611,1773931027562671611,3.110944602,0.8920699629996176,2109.4,87.007,9.506364381316581,5,5,6.999999999998181,6+,42.260000000000005,0.48570804647901894,2110.0,2109.5,5.0,2109.9,2110.0,0.0,5.0,2.10975,2.89025,4.2195,0.7805,HIT_TARGET,0.612924675,True,0.612924675,False,,False,False,,False,,0.0
2026-03-19,WALL,ASK,2026-03-19 14:39:28.642040922,1773931168642040922,3.009388298,1.0,2108.3,57.898,5.181956502282288,2,2,5.9999999999990905,4-5,18.075,0.3121869494628484,2108.0,2108.2000000000003,2.0000000000027285,2108.0,2108.1,0.0,2.0000000000027285,2.1081000000000003,-0.10809999999727182,4.216200000000001,-2.216199999997272,HIT_TARGET,0.254889569,True,0.254889569,False,,False,False,,False,,0.0
2026-03-19,WALL,BID,2026-03-19 14:39:51.099496603,1773931191099496603,9.611524738,1.0,2107.3,75.28,9.344587884806355,3,3,5.9999999999990905,4-5,35.553999999999995,0.4722901168969181,2107.7,2107.4,2.9999999999972715,2107.6,2107.7,0.0,2.9999999999972715,2.1075500000000003,0.8924499999972713,4.2151000000000005,-1.215100000002729,HIT_TARGET,10.509216234,True,10.509216234,True,3.212943277,True,True,7.296272957,True,4.947329318,3.000000000001819
2026-03-19,WALL,ASK,2026-03-19 14:40:59.063420062,1773931259063420062,6.224847956,0.9735820177195667,2113.7,94.878,12.263685128934274,4,4,9.00000000000091,6+,31.2,0.3288433567318029,2113.2,2113.6,4.0000000000009095,2113.2,2113.3,0.0,4.0000000000009095,2.1133999999999995,1.88660000000091,4.226799999999999,-0.2267999999990895,HIT_TARGET,2.907390687,True,2.907390687,False,,False,False,,False,,1.000000000003638
2026-03-19,WALL,BID,2026-03-19 14:41:43.660635605,1773931303660635605,3.825427,1.0,2112.5,57.468,9.008935569838535,4,4,4.0000000000009095,4-5,28.037,0.4878715111018305,2113.0,2112.6,4.0000000000009095,2112.9,2113.0,0.0,4.0000000000009095,2.1128,1.8872000000009095,4.2256,-0.22559999999909053,HIT_TARGET,4.595635227,True,4.595635227,False,,False,False,,False,,0.0
2026-03-19,WALL,ASK,2026-03-19 14:44:15.791418652,1773931455791418652,4.288530741,1.0,2114.4,30.805,7.192388512724727,3,3,4.0000000000009095,4-5,1.5219999999999998,0.049407563707190384,2114.0,2114.3,3.000000000001819,2114.0,2114.1,0.0,3.000000000001819,2.11415,0.885850000001819,4.2283,-1.228299999998181,HIT_TARGET,0.51526605,True,0.51526605,False,,False,False,,False,,0.0
2026-03-19,WALL,ASK,2026-03-19 14:45:44.435148725,1773931544435148725,3.213278927,1.0,2113.7,38.402,5.3727876880027985,1,1,4.0000000000009095,4-5,6.67,0.17368887037133482,2113.5,2113.6,0.9999999999990905,2113.5,2113.6,0.0,0.9999999999990905,2.11355,-1.1135500000009095,4.2271,-3.2271000000009096,HIT_TARGET,0.049248758,True,0.049248758,False,,False,False,,False,,0.0
2026-03-19,WALL,ASK,2026-03-19 14:46:18.327190544,1773931578327190544,5.023519878,0.9810404671797738,2113.1,110.256,12.652016753686384,2,2,4.0000000000009095,4-5,51.471000000000004,0.4668317370483239,2112.8,2113.0,1.999999999998181,2112.8,2112.9,0.0,1.999999999998181,2.1129,-0.11290000000181877,4.2258,-2.2258000000018185,HIT_TARGET,5.103242057,True,5.103242057,True,0.05142597,True,True,5.051816087,False,,0.0
2026-03-19,WALL,ASK,2026-03-19 14:46:31.745016933,1773931591745016933,14.949196497,0.9825801717134256,2115.0,79.613,11.187100400477762,3,3,15.99999999999909,6+,20.168000000000003,0.25332546192204797,2114.6,2114.9,3.000000000001819,2114.6,2114.7,0.0,3.000000000001819,2.11475,0.8852500000018191,4.2295,-1.2294999999981808,HIT_TARGET,1.841072037,True,1.841072037,True,0.052048864,True,True,1.789023173,False,,1.999999999998181
2026-03-19,WALL,BID,2026-03-19 14:49:12.445509213,1773931752445509213,7.707884749,0.9734528230943584,2114.4,26.102,3.162153976618814,3,3,5.0,4-5,12.091999999999999,0.46325952034326867,2114.8,2114.5,3.000000000001819,2114.7,2114.8,0.0,3.000000000001819,2.11465,0.8853500000018188,4.2293,-1.2292999999981813,HIT_TARGET,1.01952541,True,1.01952541,False,,False,False,,False,,0.0
2026-03-19,WALL,ASK,2026-03-19 14:53:13.754438535,1773931993754438535,3.062791628,0.9820678829412028,2128.7,24.016,3.9587900766504576,2,2,18.00000000000182,6+,6.271,0.26111758827448367,2128.4,2128.6,1.999999999998181,2128.4,2128.5,0.0,1.999999999998181,2.1285,-0.12850000000181883,4.257,-2.2570000000018187,HIT_TARGET,3.726147454,True,3.726147454,True,0.049448069,True,True,3.676699385,False,,0.0
2026-03-19,WALL,BID,2026-03-19 14:53:25.488456029,1773932005488456029,3.724829972,0.8871094344813224,2129.5,80.429,7.531157825740905,3,3,10.0,6+,40.028,0.4976811846473287,2129.9,2129.6,3.000000000001819,2129.8,2129.9,0.0,3.000000000001819,2.12975,0.870250000001819,4.2595,-1.259499999998181,HIT_TARGET,0.20530999,True,0.20530999,False,,False,False,,False,,0.0
2026-03-19,WALL,BID,2026-03-19 14:54:02.536570738,1773932042536570738,3.574406067,0.9978050543634555,2128.1,10.6,3.42156229825694,3,3,4.0000000000009095,4-5,4.831,0.4557547169811321,2128.5,2128.2,3.000000000001819,2128.4,2128.5,0.0,3.000000000001819,2.1283499999999997,0.8716500000018192,4.2566999999999995,-1.2566999999981805,HIT_TARGET,0.051016498,True,0.051016498,False,,False,False,,False,,0.0
2026-03-19,WALL,BID,2026-03-19 14:54:03.549422172,1773932043549422172,6.52483141,0.9835481298665463,2127.8,25.142,4.408170421670904,1,1,9.00000000000091,6+,12.48,0.4963805584281283,2128.0,2127.9,0.9999999999990905,2127.9,2128.0,0.0,0.9999999999990905,2.12795,-1.1279500000009093,4.2559,-3.255900000000909,HIT_TARGET,0.030277281,True,0.030277281,False,,False,False,,False,,0.0
2026-03-19,WALL,BID,2026-03-19 14:54:22.586659759,1773932062586659759,3.47356414,0.9691302999805842,2126.2,57.797,15.754940711462451,7,7,5.0,4-5,19.779,0.34221499385781273,2127.0,2126.2999999999997,7.0000000000027285,2126.9,2127.0,0.0,7.0000000000027285,2.1266499999999997,4.873350000002729,4.253299999999999,2.746700000002729,HIT_TARGET,3.625047706,True,3.625047706,True,0.050199054,True,True,3.574848652,False,,0.0
2026-03-19,WALL,BID,2026-03-19 14:56:26.527933352,1773932186527933352,10.005431544,0.9990890765720679,2120.4,81.852,23.25340909090909,5,5,5.0,4-5,17.206,0.2102086693055759,2121.0,2120.5,5.0,2120.9,2121.0,0.0,5.0,2.12075,2.87925,4.2415,0.7584999999999997,TIMEOUT,60.0,False,,True,0.251373729,True,False,,True,14.698819406,25.0
2026-03-19,WALL,BID,2026-03-19 14:58:58.048068384,1773932338048068384,6.888426943,0.9464469287324196,2125.7,74.549,7.976140801369497,5,5,4.0000000000009095,4-5,24.738000000000003,0.331835437095065,2126.4,2125.7999999999997,6.000000000003638,2126.2,2126.4,0.0,6.000000000003638,2.1260999999999997,3.8739000000036383,4.252199999999999,1.7478000000036387,HIT_TARGET,5.4000534,True,5.4000534,True,0.864362326,True,True,4.535691074,False,,0.0
2026-03-19,WALL,BID,2026-03-19 14:59:48.419637822,1773932388419637822,5.566867797,1.0,2123.0,49.397,5.973757407183456,4,4,5.9999999999990905,4-5,23.186999999999998,0.46940097576775913,2123.5,2123.1,4.0000000000009095,2123.4,2123.5,0.0,4.0000000000009095,2.1233,1.8767000000009095,4.2466,-0.24659999999909044,HIT_TARGET,0.100852449,True,0.100852449,False,,False,False,,False,,0.0
2026-03-19,WALL,BID,2026-03-19 14:59:58.010972159,1773932398010972159,5.468037879,1.0,2121.9,74.697,13.694564121367678,3,3,7.0000000000027285,6+,35.627,0.4769535590452093,2122.3,2122.0,3.000000000001819,2122.2,2122.3,0.0,3.000000000001819,2.12215,0.877850000001819,4.2443,-1.244299999998181,HIT_TARGET,0.56152532,True,0.56152532,False,,False,False,,False,,0.0
2026-03-19,WALL,ASK,2026-03-19 15:01:22.250761054,1773932482250761054,3.927003416,0.9223495437366841,2122.9,55.804,9.653001210863174,4,4,5.0,4-5,21.694,0.3887534943731632,2122.4,2122.8,4.0000000000009095,2122.4,2122.5,0.0,4.0000000000009095,2.1226000000000003,1.8774000000009092,4.2452000000000005,-0.24519999999909103,HIT_TARGET,20.31650176,True,20.31650176,True,4.337226382,True,True,15.979275378,True,6.275183198,8.000000000001819
2026-03-19,WALL,BID,2026-03-19 15:02:01.400380203,1773932521400380203,3.594593564,0.9812481116988947,2122.3,36.196,3.495847015646127,3,3,14.00000000000091,6+,1.9889999999999999,0.054950823295391756,2122.7,2122.4,2.9999999999972715,2122.6,2122.7,0.0,2.9999999999972715,2.12255,0.8774499999972716,4.2451,-1.2451000000027284,HIT_TARGET,0.05023878,True,0.05023878,False,,False,False,,False,,0.0
2026-03-19,WALL,ASK,2026-03-19 15:02:27.379985769,1773932547379985769,12.809697848,1.0,2124.4,32.66,3.7948062510892924,2,2,5.9999999999990905,4-5,15.375,0.4707593386405389,2124.1,2124.3,2.0000000000027285,2124.1,2124.2,0.0,2.0000000000027285,2.1241999999999996,-0.12419999999727116,4.248399999999999,-2.248399999997271,HIT_TARGET,1.428665686,True,1.428665686,False,,False,False,,False,,0.0
2026-03-19,WALL,ASK,2026-03-19 15:06:31.747782641,1773932791747782641,3.108088058,1.0,2133.8,142.512,16.34686854783207,5,5,15.0,6+,53.581,0.37597535646121033,2133.2,2133.7000000000003,5.0000000000045475,2133.2,2133.3,0.0,5.0000000000045475,2.13345,2.8665500000045476,4.2669,0.7331000000045478,HIT_TARGET,26.99636469,True,26.99636469,True,0.956473425,True,True,26.039891265,True,2.708514748,8.000000000001819
2026-03-19,WALL,ASK,2026-03-19 15:09:21.468706673,1773932961468706673,3.05607044,1.0,2127.6,112.042,9.905140785925829,4,4,7.9999999999972715,6+,50.224,0.4482604737509148,2127.1,2127.5,4.0000000000009095,2127.1,2127.2,0.0,4.0000000000009095,2.1273,1.8727000000009095,4.2546,-0.25459999999909044,HIT_TARGET,0.464507686,True,0.464507686,False,,False,False,,False,,0.0
2026-03-19,WALL,ASK,2026-03-19 15:10:05.350555067,1773933005350555067,3.617939372,0.941065737129218,2127.3,62.334,3.8124770642201833,2,2,4.0000000000009095,4-5,18.796,0.3015368819584817,2127.0,2127.2000000000003,2.0000000000027285,2127.0,2127.1,0.0,2.0000000000027285,2.1271000000000004,-0.12709999999727195,4.254200000000001,-2.2541999999972724,HIT_TARGET,6.436595457,True,6.436595457,True,1.996540093,True,True,4.440055364,False,,0.0
2026-03-19,WALL,ASK,2026-03-19 15:10:14.749092588,1773933014749092588,3.012440993,0.8323470879019471,2127.9,55.031,3.921542079384308,3,3,5.0,4-5,24.166000000000004,0.43913430611836973,2127.5,2127.8,3.000000000001819,2127.5,2127.6,0.0,3.000000000001819,2.12765,0.872350000001819,4.2553,-1.255299999998181,HIT_TARGET,0.292075844,True,0.292075844,False,,False,False,,False,,0.0
2026-03-19,WALL,ASK,2026-03-19 15:10:30.009825230,1773933030009825230,4.696307755,1.0,2129.7,38.837,3.467744095718559,2,2,8.000000000001819,6+,12.241,0.3151891237737209,2129.4,2129.6,1.999999999998181,2129.4,2129.5,0.0,1.999999999998181,2.1294999999999997,-0.12950000000181872,4.2589999999999995,-2.2590000000018184,HIT_TARGET,5.512454937,True,5.512454937,True,4.6949943,True,True,0.817460637,False,,0.9999999999990905
2026-03-19,WALL,BID,2026-03-19 15:10:39.297603503,1773933039297603503,3.878272857,1.0,2127.8,54.89,6.5205511998099315,5,5,13.999999999996362,6+,16.073,0.292822007651667,2128.4,2127.9,5.0,2128.3,2128.4,0.0,5.0,2.1281499999999998,2.8718500000000002,4.2562999999999995,0.7437000000000005,HIT_TARGET,22.856725766,True,22.856725766,True,0.051580476,True,True,22.80514529,True,1.987534656,8.999999999996362
2026-03-19,WALL,BID,2026-03-19 15:10:39.842811461,1773933039842811461,3.047732977,1.0,2127.7,31.9,3.3506643558636626,5,5,15.0,6+,13.678,0.4287774294670847,2128.3,2127.7999999999997,5.0000000000045475,2128.2,2128.3,0.0,5.0000000000045475,2.12805,2.8719500000045475,4.2561,0.7439000000045475,HIT_TARGET,22.822307717,True,22.822307717,True,1.292219737,True,True,21.53008798,True,1.442326698,10.0
2026-03-19,WALL,ASK,2026-03-19 15:12:29.310108724,1773933149310108724,4.594111255,0.8724318122766054,2125.9,35.065,4.833218470020674,2,2,17.99999999999727,6+,14.721,0.4198203336660488,2125.6,2125.8,2.0000000000027285,2125.6,2125.7,0.0,2.0000000000027285,2.1256999999999997,-0.12569999999727122,4.251399999999999,-2.251399999997271,HIT_TARGET,1.632571611,True,1.632571611,False,,False,False,,False,,0.9999999999990905
2026-03-19,WALL,ASK,2026-03-19 15:13:06.355514092,1773933186355514092,9.747541854,0.9870885497200144,2128.6,30.364,3.0878120709818475,6,6,9.00000000000091,6+,10.623,0.3498550915557897,2127.9,2128.5,5.9999999999990905,2127.9,2128.0,0.0,5.9999999999990905,2.1281999999999996,3.871799999999091,4.256399999999999,1.7435999999990912,HIT_TARGET,40.780165152,True,40.780165152,True,0.050579437,True,True,40.729585715,True,2.197165047,25.99999999999909
2026-03-19,WALL,ASK,2026-03-19 15:13:33.501895270,1773933213501895270,4.948231746,1.0,2127.9,54.795,4.990437158469946,3,3,15.99999999999909,6+,10.897,0.19886850990053836,2127.5,2127.8,3.000000000001819,2127.5,2127.6,0.0,3.000000000001819,2.12765,0.872350000001819,4.2553,-1.255299999998181,HIT_TARGET,2.088998216,True,2.088998216,False,,False,False,,False,,0.0
2026-03-19,WALL,ASK,2026-03-19 15:16:55.884660249,1773933415884660249,3.934075263,0.9948174906078303,2133.3,33.922,3.445606907059421,3,3,5.0,4-5,11.065,0.3261894935440128,2132.9,2133.2000000000003,3.000000000001819,2132.9,2133.0,0.0,3.000000000001819,2.13305,0.8669500000018191,4.2661,-1.2660999999981808,HIT_TARGET,0.152989694,True,0.152989694,False,,False,False,,False,,0.0
2026-03-19,WALL,BID,2026-03-19 15:17:52.624380926,1773933472624380926,3.164544562,1.0,2127.7,51.917,22.513876843018213,7,7,12.999999999997272,6+,18.257,0.35165745324267583,2128.5,2127.7999999999997,7.0000000000027285,2128.4,2128.5,0.0,7.0000000000027285,2.1281499999999998,4.871850000002729,4.2562999999999995,2.743700000002729,HIT_TARGET,1.683566023,True,1.683566023,True,0.049859925,True,True,1.633706098,False,,0.0
2026-03-19,WALL,BID,2026-03-19 15:18:17.417444340,1773933497417444340,4.233062398,1.0,2126.4,53.453,10.05133508837909,6,6,6.999999999998181,6+,26.419999999999998,0.49426599068340404,2127.1,2126.5,5.9999999999990905,2127.0,2127.1,0.0,5.9999999999990905,2.1268,3.8731999999990907,4.2536,1.746399999999091,HIT_TARGET,11.585872783,True,11.585872783,True,0.054649319,True,True,11.531223464,True,0.564842815,6.999999999998181
2026-03-19,WALL,BID,2026-03-19 15:18:48.189124483,1773933528189124483,4.133652629,0.968300954201926,2123.6,47.936,7.7453546614962026,5,5,10.0,6+,16.703,0.3484437583444593,2124.2,2123.7,5.0,2124.1,2124.2,0.0,5.0,2.12395,2.87605,4.2479,0.7521000000000004,HIT_TARGET,1.736304977,True,1.736304977,False,,False,False,,False,,0.0
2026-03-19,WALL,ASK,2026-03-19 15:21:47.942478524,1773933707942478524,5.925696599,0.9189559251006802,2118.5,31.948,4.24445330144812,3,3,3.999999999996362,2-3,7.08,0.22161011643921372,2118.1,2118.4,3.000000000001819,2118.1,2118.2,0.0,3.000000000001819,2.11825,0.8817500000018188,4.2365,-1.2364999999981814,TIMEOUT,60.0,False,,True,0.400493132,True,False,,True,4.139899769,32.99999999999727
2026-03-19,WALL,BID,2026-03-19 15:23:23.048935364,1773933803048935364,14.490915291,1.0,2113.8,57.488,12.124433196245914,6,6,15.0,6+,25.299,0.4400744503200668,2114.5,2113.9,5.9999999999990905,2114.4,2114.5,0.0,5.9999999999990905,2.1141999999999994,3.885799999999091,4.228399999999999,1.7715999999990917,HIT_TARGET,12.042732536,True,12.042732536,True,0.508578156,True,True,11.53415438,False,,1.999999999998181
2026-03-19,WALL,ASK,2026-03-19 15:23:47.740346681,1773933827740346681,3.006412071,0.9579280052059105,2114.0,78.021,6.163769947859061,3,3,3.999999999996362,2-3,32.902,0.42170697632688636,2113.6,2113.9,3.000000000001819,2113.6,2113.7,0.0,3.000000000001819,2.11375,0.886250000001819,4.2275,-1.227499999998181,HIT_TARGET,0.812920872,True,0.812920872,True,0.051732462,True,True,0.76118841,False,,0.0
2026-03-19,WALL,ASK,2026-03-19 15:24:06.658264539,1773933846658264539,4.530498486,1.0,2117.0,33.99,5.727525486561632,1,1,5.9999999999990905,4-5,7.559,0.2223889379229185,2116.8,2116.9,0.9999999999990905,2116.8,2116.9,0.0,0.9999999999990905,2.1168500000000003,-1.1168500000009098,4.233700000000001,-3.23370000000091,HIT_TARGET,0.06109655,True,0.06109655,False,,False,False,,False,,0.0
2026-03-19,WALL,BID,2026-03-19 15:24:54.794590986,1773933894794590986,7.557766024,1.0,2110.2,102.369,46.818659958838325,6,6,7.9999999999972715,6+,25.598000000000003,0.2500561693481425,2110.9,2110.2999999999997,6.000000000003638,2110.8,2110.9,0.0,6.000000000003638,2.1106,3.889400000003638,4.2212,1.7788000000036384,TIMEOUT,60.0,False,,True,0.814288119,True,False,,True,3.820557628,37.99999999999727
2026-03-19,WALL,BID,2026-03-19 15:25:17.291745016,1773933917291745016,3.265829939,0.9115635864712428,2113.6,75.563,7.421962479127787,3,3,5.0,4-5,34.423,0.4555536439791962,2114.0,2113.7,3.000000000001819,2113.9,2114.0,0.0,3.000000000001819,2.11385,0.8861500000018192,4.2277,-1.2276999999981806,HIT_TARGET,1.223317725,True,1.223317725,False,,False,False,,False,,0.0
2026-03-19,WALL,BID,2026-03-19 15:25:36.937344522,1773933936937344522,6.02094074,0.9801723750232426,2113.4,31.65,3.2664224160173387,4,4,3.999999999996362,2-3,14.89,0.4704581358609795,2113.9,2113.5,4.0000000000009095,2113.8,2113.9,0.0,4.0000000000009095,2.1136999999999997,1.8863000000009098,4.227399999999999,-0.22739999999908989,HIT_TARGET,3.724343314,True,3.724343314,False,,False,False,,False,,0.0
2026-03-19,WALL,BID,2026-03-19 15:25:41.018486809,1773933941018486809,5.974466436,0.9458335843934098,2112.6,47.8,5.540101993509504,5,5,7.0000000000027285,6+,18.778000000000002,0.3928451882845189,2113.2,2112.7,5.0,2113.1,2113.2,0.0,5.0,2.1129499999999997,2.8870500000000003,4.225899999999999,0.7741000000000007,TIMEOUT,60.0,False,,True,0.648150684,True,False,,True,1.274814154,32.00000000000273
2026-03-19,WALL,ASK,2026-03-19 15:26:35.935344576,1773933995935344576,7.044338285,1.0,2116.2,81.719,7.467696244174358,3,3,4.0000000000009095,4-5,35.229,0.43109925476327415,2115.8,2116.1,2.9999999999972715,2115.8,2115.9,0.0,2.9999999999972715,2.1159499999999998,0.8840499999972717,4.2318999999999996,-1.231900000002728,TIMEOUT,60.0,False,,True,0.702522347,True,False,,True,0.509313948,28.00000000000182
2026-03-19,WALL,BID,2026-03-19 15:28:31.683722542,1773934111683722542,12.705517593,0.9862166059180081,2113.7,10.3,6.311274509803923,2,2,7.9999999999972715,6+,1.792,0.17398058252427184,2114.0,2113.7999999999997,2.0000000000027285,2113.9,2114.0,0.0,2.0000000000027285,2.1138999999999997,-0.11389999999727118,4.227799999999999,-2.227799999997271,HIT_TARGET,0.050912319,True,0.050912319,False,,False,False,,False,,0.0
2026-03-19,WALL,BID,2026-03-19 15:33:02.995546059,1773934382995546059,3.059940928,1.0,2112.9,75.013,12.613586682360856,4,4,7.9999999999972715,6+,37.38,0.49831362563822273,2113.4,2113.0,4.0000000000009095,2113.3,2113.4,0.0,4.0000000000009095,2.1131999999999995,1.88680000000091,4.226399999999999,-0.22639999999908955,HIT_TARGET,0.057398868,True,0.057398868,False,,False,False,,False,,0.0
2026-03-19,WALL,ASK,2026-03-19 15:33:15.562656242,1773934395562656242,5.4638808,0.9992669554577398,2113.7,120.229,10.520103250645317,4,4,17.00000000000273,6+,58.308,0.4849745069825084,2113.2,2113.6,4.0000000000009095,2113.2,2113.3,0.0,4.0000000000009095,2.1133999999999995,1.88660000000091,4.226799999999999,-0.2267999999990895,HIT_TARGET,0.917662351,True,0.917662351,True,0.304732224,True,True,0.612930127,False,,0.0
2026-03-19,WALL,ASK,2026-03-19 15:34:15.488521389,1773934455488521389,3.988713786,1.0,2114.8,58.883,3.239512557423047,1,1,3.999999999996362,2-3,17.374,0.2950596946487101,2114.6,2114.7000000000003,1.000000000003638,2114.6,2114.7,0.0,1.000000000003638,2.11465,-1.1146499999963622,4.2293,-3.2292999999963623,HIT_TARGET,0.050752152,True,0.050752152,False,,False,False,,False,,0.0
2026-03-19,WALL,BID,2026-03-19 15:34:20.897610376,1773934460897610376,4.604187778,0.9809326456189554,2113.4,53.13,10.566825775656325,5,5,12.999999999997272,6+,23.241000000000003,0.43743647656691137,2114.0,2113.5,5.0,2113.9,2114.0,0.0,5.0,2.11375,2.88625,4.2275,0.7725,HIT_TARGET,7.248968804,True,7.248968804,True,2.090243141,True,True,5.158725663,False,,0.0
2026-03-19,WALL,BID,2026-03-19 15:34:29.014540414,1773934469014540414,8.071641586,0.9602110138838368,2111.9,51.536,5.404362416107383,5,5,14.00000000000091,6+,19.748,0.3831884507916796,2112.5,2112.0,5.0,2112.4,2112.5,0.0,5.0,2.11225,2.88775,4.2245,0.7755000000000001,HIT_TARGET,0.101287591,True,0.101287591,False,,False,False,,False,,0.0
2026-03-19,WALL,ASK,2026-03-19 15:34:34.104302602,1773934474104302602,3.115782919,1.0,2112.9,60.665,6.549881235154394,4,4,4.0000000000009095,4-5,30.291,0.4993159152723976,2112.4,2112.8,4.0000000000009095,2112.4,2112.5,0.0,4.0000000000009095,2.1126,1.8874000000009095,4.2252,-0.22519999999909057,HIT_TARGET,10.426355112,True,10.426355112,True,3.588851998,True,True,6.837503114,True,3.640400473,6.999999999998181
2026-03-19,WALL,BID,2026-03-19 15:34:37.795455697,1773934477795455697,4.392282727,0.9509622557591794,2111.4,47.8,10.246516613076098,4,4,5.9999999999990905,4-5,19.194000000000003,0.4015481171548118,2111.9,2111.5,4.0000000000009095,2111.8,2111.9,0.0,4.0000000000009095,2.1116999999999995,1.88830000000091,4.223399999999999,-0.22339999999908944,HIT_TARGET,24.794553201,True,24.794553201,True,1.578976271,True,True,23.21557693,True,4.184120473,15.99999999999909
2026-03-19,WALL,ASK,2026-03-19 15:35:13.311280676,1773934513311280676,4.032068949,0.9824004450574687,2115.3,45.23,3.713922075789301,3,3,18.00000000000182,6+,9.736,0.2152553614857396,2114.9,2115.2000000000003,3.000000000001819,2114.9,2115.0,0.0,3.000000000001819,2.11505,0.8849500000018189,4.2301,-1.2300999999981812,TIMEOUT,60.0,False,,True,1.070394516,True,False,,True,2.60079747,25.99999999999909
2026-03-19,WALL,BID,2026-03-19 15:39:39.626733670,1773934779626733670,8.419057945,0.9753609762095539,2113.3,82.528,7.08090948090948,6,6,6.999999999998181,6+,23.511000000000003,0.2848851298953083,2114.0,2113.4,5.9999999999990905,2113.9,2114.0,0.0,5.9999999999990905,2.1136999999999997,3.886299999999091,4.227399999999999,1.7725999999990911,HIT_TARGET,5.154406705,True,5.154406705,True,0.154832719,True,True,4.999573986,False,,0.0
2026-03-19,WALL,ASK,2026-03-19 15:42:06.262360705,1773934926262360705,3.057151996,0.9284201484629094,2109.8,121.342,14.395776485941392,2,2,4.0000000000009095,4-5,51.608,0.42531028003494253,2109.5,2109.7000000000003,2.0000000000027285,2109.5,2109.6,0.0,2.0000000000027285,2.1096000000000004,-0.10959999999727188,4.219200000000001,-2.2191999999972722,HIT_TARGET,14.491026654,True,14.491026654,True,1.892166759,True,True,12.598859895,True,2.042853173,4.0000000000009095
2026-03-19,WALL,ASK,2026-03-19 15:42:22.438288536,1773934942438288536,12.653969242,1.0,2111.5,80.618,8.969015964843967,6,6,14.00000000000091,6+,26.320999999999998,0.32649036195390607,2110.8,2111.4,5.9999999999990905,2110.8,2110.9,0.0,5.9999999999990905,2.1111000000000004,3.88889999999909,4.222200000000001,1.7777999999990897,HIT_TARGET,7.501273796,True,7.501273796,True,1.734340547,True,True,5.766933249,False,,0.9999999999990905
2026-03-19,WALL,ASK,2026-03-19 15:46:51.307642048,1773935211307642048,3.989280672,1.0,2101.0,48.623,6.57200783942691,4,4,11.999999999998181,6+,9.451,0.1943730333381322,2100.5,2100.9,4.0000000000009095,2100.5,2100.6,0.0,4.0000000000009095,2.1007,1.8993000000009097,4.2014,-0.20139999999909008,HIT_TARGET,2.550182946,True,2.550182946,True,1.932261826,True,True,0.61792112,False,,0.0
2026-03-19,WALL,ASK,2026-03-19 15:46:54.928905743,1773935214928905743,3.672486804,0.9428493306575269,2101.9,48.0,9.95747329115237,1,1,10.0,6+,14.37,0.299375,2101.7,2101.8,1.000000000003638,2101.7,2101.8,0.0,1.000000000003638,2.10175,-1.101749999996362,4.2035,-3.203499999996362,HIT_TARGET,0.051785681,True,0.051785681,False,,False,False,,False,,0.0
2026-03-19,WALL,BID,2026-03-19 15:47:19.731005986,1773935239731005986,3.113339082,0.838576180826037,2103.3,58.567,15.638718291054738,7,7,15.0,6+,20.907,0.35697577133880853,2104.1,2103.4,6.999999999998181,2104.0,2104.1,0.0,6.999999999998181,2.10375,4.896249999998181,4.2075,2.7924999999981814,TIMEOUT,60.0,False,,True,1.021812178,True,False,,True,1.073327289,35.99999999999909
2026-03-19,WALL,BID,2026-03-19 15:47:28.005646384,1773935248005646384,3.016007988,0.8830846074005823,2104.1,106.691,20.440846824408467,4,4,11.999999999998181,6+,41.571,0.389639238548706,2104.6,2104.2,4.0000000000009095,2104.5,2104.6,0.0,4.0000000000009095,2.1043999999999996,1.89560000000091,4.208799999999999,-0.2087999999990897,TIMEOUT,60.0,False,,True,0.043884849,True,False,,True,0.949228523,35.99999999999909
2026-03-19,WALL,ASK,2026-03-19 15:47:30.296219077,1773935250296219077,3.26060065,0.9187459006977748,2105.6,81.224,8.300444535281796,1,1,9.00000000000091,6+,35.64,0.4387865655471289,2105.4,2105.5,0.9999999999990905,2105.4,2105.5,0.0,0.9999999999990905,2.10545,-1.1054500000009093,4.2109,-3.210900000000909,HIT_TARGET,0.057013201,True,0.057013201,False,,False,False,,False,,0.0
2026-03-19,WALL,BID,2026-03-19 15:48:07.101760863,1773935287101760863,4.339322092,0.9609672765909076,2106.5,41.595,4.5038167938931295,2,2,6.000000000003638,6+,2.432,0.05846856593340546,2106.8,2106.6,2.0000000000027285,2106.7,2106.8,0.0,2.0000000000027285,2.1066999999999996,-0.10669999999727109,4.213399999999999,-2.2133999999972707,HIT_TARGET,0.101594033,True,0.101594033,False,,False,False,,False,,0.0
2026-03-19,WALL,ASK,2026-03-19 15:49:12.509653872,1773935352509653872,3.014923918,0.89314260765369,2112.8,32.768,6.412524461839531,2,2,4.0000000000009095,4-5,3.2329999999999997,0.09866333007812499,2112.5,2112.7000000000003,2.0000000000027285,2112.5,2112.6,0.0,2.0000000000027285,2.1126,-0.11259999999727155,4.2252,-2.2251999999972716,HIT_TARGET,0.04947142,True,0.04947142,False,,False,False,,False,,0.0
2026-03-19,WALL,ASK,2026-03-19 15:49:22.405003293,1773935362405003293,3.265674362,0.9621872301669495,2114.3,120.924,16.152274093368064,2,2,5.9999999999990905,4-5,47.508,0.3928748635506599,2114.0,2114.2000000000003,2.0000000000027285,2114.0,2114.1,0.0,2.0000000000027285,2.1141,-0.1140999999972716,4.2282,-2.2281999999972717,HIT_TARGET,2.551626035,True,2.551626035,True,0.512044692,True,True,2.039581343,True,2.14363483,4.0000000000009095
2026-03-19,WALL,ASK,2026-03-19 15:49:33.884782098,1773935373884782098,4.336103416,0.9499107885207321,2117.8,42.296,3.860004563084645,2,2,15.99999999999909,6+,8.099,0.19148382825799132,2117.5,2117.7000000000003,2.0000000000027285,2117.5,2117.6,0.0,2.0000000000027285,2.1176000000000004,-0.11759999999727189,4.235200000000001,-2.2351999999972723,HIT_TARGET,0.102882311,True,0.102882311,False,,False,False,,False,,0.0
2026-03-19,WALL,ASK,2026-03-19 15:50:55.988193804,1773935455988193804,3.264709457,1.0,2117.3,187.233,21.998942544941844,6,6,10.0,6+,58.388000000000005,0.3118467364193278,2116.6,2117.2000000000003,6.000000000003638,2116.6,2116.7,0.0,6.000000000003638,2.1169000000000002,3.8831000000036378,4.2338000000000005,1.7662000000036375,HIT_TARGET,2.09176691,True,2.09176691,True,0.104063887,True,True,1.987703023,False,,0.0
2026-03-19,WALL,ASK,2026-03-19 15:51:33.645552810,1773935493645552810,6.276723001,0.9899928394179586,2117.3,56.741,5.16531634046427,5,5,11.000000000003638,6+,10.788999999999998,0.19014469255036037,2116.6,2117.2000000000003,6.000000000003638,2116.6,2116.8,0.0,6.000000000003638,2.1169000000000002,3.8831000000036378,4.2338000000000005,1.7662000000036375,HIT_TARGET,0.051060028,True,0.051060028,False,,False,False,,False,,0.0
2026-03-19,WALL,ASK,2026-03-19 15:52:41.414402141,1773935561414402141,4.492257354,1.0,2118.5,32.861,3.719200950710203,4,4,5.0,4-5,15.591000000000001,0.47445299899577015,2118.0,2118.4,4.0000000000009095,2118.0,2118.1,0.0,4.0000000000009095,2.1182,1.8818000000009096,4.2364,-0.23639999999909023,HIT_TARGET,2.243993235,True,2.243993235,False,,False,False,,False,,0.0
2026-03-19,WALL,BID,2026-03-19 15:54:24.188764632,1773935664188764632,3.474537931,0.9124580508141242,2120.4,87.468,6.302864348765988,3,3,5.0,4-5,39.27,0.448964192619015,2120.8,2120.5,3.000000000001819,2120.7,2120.8,0.0,3.000000000001819,2.12065,0.8793500000018191,4.2413,-1.2412999999981809,HIT_TARGET,57.499455091,True,57.499455091,True,0.758770638,True,True,56.740684453,True,1.376014772,30.0
2026-03-19,WALL,ASK,2026-03-19 15:54:50.462597189,1773935690462597189,3.008092156,0.9377882716702247,2122.0,102.518,8.559929862647685,4,4,6.999999999998181,6+,40.367,0.39375524298172027,2121.5,2121.9,4.0000000000009095,2121.5,2121.6,0.0,4.0000000000009095,2.1216999999999997,1.8783000000009098,4.243399999999999,-0.2433999999990899,HIT_TARGET,0.35888587,True,0.35888587,False,,False,False,,False,,0.0
2026-03-19,WALL,ASK,2026-03-19 15:55:05.873579207,1773935705873579207,3.012902531,1.0,2123.3,77.688,7.241948263807971,2,2,5.9999999999990905,4-5,18.377,0.23654875913912057,2123.0,2123.2000000000003,2.0000000000027285,2123.0,2123.1,0.0,2.0000000000027285,2.1231,-0.1230999999972715,4.2462,-2.2461999999972715,HIT_TARGET,0.916866542,True,0.916866542,True,0.354545055,True,True,0.562321487,False,,0.0
2026-03-19,WALL,BID,2026-03-19 15:55:33.718643930,1773935733718643930,4.531439287,0.976510318629808,2120.6,84.143,7.875976973838163,4,4,6.999999999998181,6+,36.416,0.4327870411085889,2121.1,2120.7,4.0000000000009095,2121.0,2121.1,0.0,4.0000000000009095,2.1209,1.8791000000009097,4.2418,-0.24179999999909008,HIT_TARGET,2.51797198,True,2.51797198,True,1.956643886,True,True,0.561328094,False,,0.9999999999990905
2026-03-19,WALL,ASK,2026-03-19 15:56:20.747402071,1773935780747402071,4.18339118,0.9131414569268179,2127.0,52.236,10.568740515933232,4,4,15.99999999999909,6+,19.223000000000003,0.3680029098705874,2126.5,2126.9,4.0000000000009095,2126.5,2126.6,0.0,4.0000000000009095,2.1266999999999996,1.87330000000091,4.253399999999999,-0.2533999999990897,TIMEOUT,60.0,False,,True,0.763308445,True,False,,True,0.357300745,45.99999999999909
2026-03-19,WALL,ASK,2026-03-19 15:56:20.797362045,1773935780797362045,6.277814893,0.9561249068832651,2127.1,74.342,13.381693816938169,5,5,15.99999999999909,6+,24.250999999999998,0.32620860348120845,2126.5,2127.0,5.0,2126.5,2126.6,0.0,5.0,2.12675,2.87325,4.2535,0.7465000000000002,TIMEOUT,60.0,False,,True,0.101296004,True,False,,True,0.307340771,45.99999999999909
2026-03-19,WALL,BID,2026-03-19 15:56:41.340049957,1773935801340049957,3.347413156,0.9306546601264538,2123.7,99.916,8.087090246863617,2,2,11.999999999998181,6+,44.903,0.4494075023019336,2124.0,2123.7999999999997,2.0000000000027285,2123.9,2124.0,0.0,2.0000000000027285,2.1238999999999995,-0.12389999999727097,4.247799999999999,-2.2477999999972704,HIT_TARGET,0.734510854,True,0.734510854,True,0.071275001,True,True,0.663235853,False,,0.0
2026-03-19,WALL,ASK,2026-03-19 15:56:54.003311700,1773935814003311700,3.053011247,1.0,2125.8,129.587,11.693466883234072,6,6,5.0,4-5,62.755999999999986,0.4842769722271523,2125.1,2125.7000000000003,6.000000000003638,2125.1,2125.2,0.0,6.000000000003638,2.1254,3.874600000003638,4.2508,1.749200000003638,HIT_TARGET,2.915538466,True,2.915538466,True,1.166526846,True,True,1.74901162,True,1.589014713,3.999999999996362
2026-03-19,WALL,ASK,2026-03-19 16:00:00.204799498,1773936000204799498,3.4557253,0.9895433418854213,2119.2,35.702,3.5015692428403296,2,2,4.0000000000009095,4-5,15.26,0.4274270349000056,2118.9,2119.1,1.999999999998181,2118.9,2119.0,0.0,1.999999999998181,2.1189999999999998,-0.11900000000181876,4.2379999999999995,-2.2380000000018185,HIT_TARGET,1.556893429,True,1.556893429,True,1.042810543,True,True,0.514082886,False,,0.9999999999990905
2026-03-19,WALL,ASK,2026-03-19 16:01:22.636395636,1773936082636395636,5.152549079,1.0,2116.7,22.135,3.20750615852775,2,2,4.0000000000009095,4-5,5.272,0.23817483623221142,2116.4,2116.6,1.999999999998181,2116.4,2116.5,0.0,1.999999999998181,2.1165,-0.11650000000181882,4.233,-2.2330000000018186,HIT_TARGET,0.205223746,True,0.205223746,False,,False,False,,False,,0.0
2026-03-19,WALL,BID,2026-03-19 16:01:42.839723917,1773936102839723917,3.115463831,0.9661095407530026,2117.6,75.148,7.139613320032302,4,4,4.0000000000009095,4-5,31.338,0.4170170862830681,2118.1,2117.7,4.0000000000009095,2118.0,2118.1,0.0,4.0000000000009095,2.1178999999999992,1.8821000000009103,4.2357999999999985,-0.23579999999908896,HIT_TARGET,24.44561917,True,24.44561917,True,1.63498206,True,True,22.81063711,True,13.883055229,5.0
2026-03-19,WALL,BID,2026-03-19 16:02:07.980526520,1773936127980526520,3.454413536,1.0,2117.3,29.659,3.099164054336468,4,4,5.0,4-5,14.434,0.4866650932263394,2117.8,2117.4,4.0000000000009095,2117.7,2117.8,0.0,4.0000000000009095,2.1176000000000004,1.8824000000009091,4.235200000000001,-0.23519999999909125,HIT_TARGET,6.444703275,True,6.444703275,True,1.346599743,True,True,5.098103532,False,,0.0
2026-03-19,WALL,ASK,2026-03-19 16:02:50.272604172,1773936170272604172,4.619935821,0.9725016519877755,2119.4,73.627,5.735976939856653,5,5,15.99999999999909,6+,23.987,0.3257908104363888,2118.8,2119.3,5.0,2118.8,2118.9,0.0,5.0,2.11905,2.88095,4.2381,0.7618999999999998,HIT_TARGET,7.839501436,True,7.839501436,True,2.374998165,True,True,5.464503271,False,,0.0
2026-03-19,WALL,BID,2026-03-19 16:04:02.817596418,1773936242817596418,3.036502097,0.9479723059779596,2118.7,102.738,8.664389626818469,4,4,12.000000000002728,6+,26.532,0.2582491385855282,2119.2,2118.7999999999997,4.0000000000009095,2119.1,2119.2,0.0,4.0000000000009095,2.1189999999999998,1.8810000000009097,4.2379999999999995,-0.23799999999909005,HIT_TARGET,3.631026304,True,3.631026304,True,0.619456143,True,True,3.011570161,False,,0.0
2026-03-19,WALL,BID,2026-03-19 16:04:23.237506647,1773936263237506647,11.081506329,0.9850394561824015,2115.6,74.878,6.184431137724551,4,4,15.0,6+,32.927,0.43974198028793504,2116.1,2115.7,4.0000000000009095,2116.0,2116.1,0.0,4.0000000000009095,2.1158999999999994,1.88410000000091,4.231799999999999,-0.2317999999990894,HIT_TARGET,0.56487785,True,0.56487785,False,,False,False,,False,,1.999999999998181
2026-03-19,WALL,BID,2026-03-19 16:04:33.088309136,1773936273088309136,9.184403123,0.999512033505065,2114.1,57.234,15.57387755102041,4,4,13.000000000001819,6+,28.152,0.49187545864346366,2114.6,2114.2,4.0000000000009095,2114.5,2114.6,0.0,4.0000000000009095,2.1143999999999994,1.88560000000091,4.228799999999999,-0.2287999999990893,HIT_TARGET,1.377305152,True,1.377305152,True,0.050986409,True,True,1.326318743,True,0.198223904,3.000000000001819
2026-03-19,WALL,BID,2026-03-19 16:10:33.068108375,1773936633068108375,4.89934833,0.9865121570157883,2115.2,50.063,12.335345571023776,3,3,16.99999999999818,6+,13.225,0.26416714939176633,2115.8,2115.2999999999997,5.0000000000045475,2115.5,2115.8,0.0,5.0000000000045475,2.1155500000000003,2.884450000004547,4.2311000000000005,0.768900000004547,HIT_TARGET,0.76466609,True,0.76466609,False,,False,False,,False,,0.0
2026-03-19,WALL,ASK,2026-03-19 16:14:15.869437778,1773936855869437778,3.366949682,1.0,2116.2,55.922,3.8669570929709915,4,4,4.0000000000009095,4-5,24.967,0.4464611423053539,2115.7,2116.1,4.0000000000009095,2115.7,2115.8,0.0,4.0000000000009095,2.1158999999999994,1.88410000000091,4.231799999999999,-0.2317999999990894,HIT_TARGET,1.478336211,True,1.478336211,False,,False,False,,False,,0.0
2026-03-19,WALL,ASK,2026-03-19 16:17:19.994511057,1773937039994511057,3.518390648,0.9699675739360936,2109.8,83.497,7.4604181558255895,3,3,4.0000000000009095,4-5,36.263,0.434303028851336,2109.4,2109.7000000000003,3.000000000001819,2109.4,2109.5,0.0,3.000000000001819,2.10955,0.890450000001819,4.2191,-1.219099999998181,HIT_TARGET,0.102680972,True,0.102680972,False,,False,False,,False,,0.0
2026-03-19,WALL,ASK,2026-03-19 16:17:20.046428172,1773937040046428172,3.825010408,0.9858023873905234,2109.9,47.9,5.692216280451575,4,4,4.0000000000009095,4-5,23.53,0.49123173277661797,2109.4,2109.8,4.0000000000009095,2109.4,2109.5,0.0,4.0000000000009095,2.1096000000000004,1.8904000000009091,4.219200000000001,-0.21919999999909123,HIT_TARGET,0.050763857,True,0.050763857,False,,False,False,,False,,0.0
2026-03-19,WALL,ASK,2026-03-19 16:19:05.820748667,1773937145820748667,3.571892068,1.0,2107.6,50.272,5.052970147753543,2,2,5.0,4-5,2.347,0.04668602800763845,2107.2,2107.5,3.000000000001819,2107.2,2107.4,0.0,3.000000000001819,2.10735,0.8926500000018192,4.2147,-1.2146999999981807,HIT_TARGET,0.050504537,True,0.050504537,False,,False,False,,False,,0.0
2026-03-19,WALL,ASK,2026-03-19 16:21:03.593939383,1773937263593939383,7.901270659,0.9516704325822538,2113.4,124.263,11.318243920211314,5,5,15.99999999999909,6+,40.754999999999995,0.3279737331305376,2112.8,2113.3,5.0,2112.8,2112.9,0.0,5.0,2.11305,2.88695,4.2261,0.7739000000000003,HIT_TARGET,1.229635666,True,1.229635666,True,0.515388238,True,True,0.714247428,False,,0.0
2026-03-19,WALL,BID,2026-03-19 16:21:44.623508171,1773937304623508171,3.674694178,0.970998586048866,2108.6,10.921,3.2702500374307526,1,1,6.000000000003638,6+,0.474,0.04340261880780148,2108.8,2108.7,1.000000000003638,2108.7,2108.8,0.0,1.000000000003638,2.10875,-1.1087499999963621,4.2175,-3.2174999999963623,HIT_TARGET,0.050306976,True,0.050306976,False,,False,False,,False,,0.0
2026-03-19,WALL,BID,2026-03-19 16:27:54.054533694,1773937674054533694,10.361044427,1.0,2110.3,50.169,16.018199233716476,6,6,10.0,6+,24.986,0.4980366361697463,2111.4,2110.4,10.0,2110.9,2111.4,0.0,10.0,2.1109,7.8891,4.2218,5.7782,HIT_TARGET,16.27840025,True,16.27840025,True,0.050755539,True,True,16.227644711,False,,0.0
2026-03-19,WALL,BID,2026-03-19 16:30:07.286862007,1773937807286862007,3.06128406,1.0,2112.0,22.016,3.2940824418343677,4,4,4.0000000000009095,4-5,8.46,0.3842659883720931,2112.5,2112.1,4.0000000000009095,2112.4,2112.5,0.0,4.0000000000009095,2.1123000000000003,1.8877000000009092,4.224600000000001,-0.22459999999909108,HIT_TARGET,0.514865287,True,0.514865287,False,,False,False,,False,,0.0
2026-03-19,WALL,ASK,2026-03-19 16:30:24.588591290,1773937824588591290,3.833463102,0.958677651829398,2112.9,24.262,3.2152133580705007,2,2,3.999999999996362,2-3,11.073,0.4563927128843459,2112.6,2112.8,2.0000000000027285,2112.6,2112.7,0.0,2.0000000000027285,2.1127,-0.11269999999727132,4.2254,-2.225399999997271,HIT_TARGET,0.408444607,True,0.408444607,False,,False,False,,False,,0.0
2026-03-19,WALL,ASK,2026-03-19 16:33:14.622361301,1773937994622361301,3.060790867,0.9782202672783916,2109.4,87.878,8.993296832625493,3,3,5.0,4-5,41.771,0.47532943398802885,2109.0,2109.3,3.000000000001819,2109.0,2109.1,0.0,3.000000000001819,2.10915,0.8908500000018189,4.2183,-1.2182999999981812,HIT_TARGET,1.583273048,True,1.583273048,True,0.103012025,True,True,1.480261023,False,,0.0
2026-03-19,WALL,ASK,2026-03-19 16:36:03.085146186,1773938163085146186,3.519027146,1.0,2108.4,93.716,9.028081498964404,4,4,4.0000000000009095,4-5,45.562000000000005,0.4861709846771097,2107.9,2108.3,4.0000000000009095,2107.9,2108.0,0.0,4.0000000000009095,2.1081000000000003,1.8919000000009092,4.216200000000001,-0.21619999999909112,HIT_TARGET,1.384622338,True,1.384622338,True,0.053367568,True,True,1.33125477,False,,0.0
2026-03-19,WALL,ASK,2026-03-19 16:36:04.469768524,1773938164469768524,3.013997948,1.0,2108.8,58.1,23.244648929785956,2,2,9.00000000000091,6+,1.46,0.02512908777969019,2108.4,2108.7000000000003,3.000000000001819,2108.4,2108.6,0.0,3.000000000001819,2.10855,0.8914500000018188,4.2171,-1.2170999999981813,HIT_TARGET,0.050648423,True,0.050648423,False,,False,False,,False,,0.0
2026-03-19,WALL,BID,2026-03-19 16:37:51.785539915,1773938271785539915,4.210024743,0.9671364135733299,2110.4,29.781,3.0015117919774235,3,3,4.0000000000009095,4-5,14.115,0.47395990732346127,2110.8,2110.5,3.000000000001819,2110.7,2110.8,0.0,3.000000000001819,2.1106499999999997,0.8893500000018193,4.221299999999999,-1.2212999999981804,HIT_TARGET,1.507069776,True,1.507069776,False,,False,False,,False,,0.0
2026-03-19,WALL,ASK,2026-03-19 16:41:36.934955664,1773938496934955664,3.042111783,1.0,2121.4,71.0,6.352899069434502,3,3,6.999999999998181,6+,16.887999999999998,0.23785915492957743,2121.0,2121.3,3.000000000001819,2121.0,2121.1,0.0,3.000000000001819,2.1211499999999996,0.8788500000018193,4.242299999999999,-1.2422999999981803,HIT_TARGET,0.224692082,True,0.224692082,False,,False,False,,False,,0.0
2026-03-19,WALL,BID,2026-03-19 16:43:05.435140722,1773938585435140722,4.136994075,0.9876927670001557,2116.6,68.202,7.288485172321667,5,5,15.0,6+,32.167,0.47164306032081177,2117.2,2116.7,5.0,2117.1,2117.2,0.0,5.0,2.1169499999999997,2.8830500000000003,4.233899999999999,0.7661000000000007,HIT_TARGET,8.723522141,True,8.723522141,True,0.302042016,True,True,8.421480125,True,5.101593986,5.0
2026-03-19,WALL,ASK,2026-03-19 16:43:31.439955662,1773938611439955662,3.26014133,1.0,2117.4,50.894,5.430720802432908,3,3,4.0000000000009095,4-5,16.759,0.32929225448972377,2117.0,2117.3,3.000000000001819,2117.0,2117.1,0.0,3.000000000001819,2.11715,0.8828500000018189,4.2343,-1.2342999999981812,HIT_TARGET,0.734395674,True,0.734395674,False,,False,False,,False,,0.0
2026-03-19,WALL,BID,2026-03-19 16:54:00.402304983,1773939240402304983,3.102493841,0.9526084248558545,2110.2,94.89,6.421031262687779,4,4,4.0000000000009095,4-5,43.18900000000001,0.4551480661818949,2110.7,2110.2999999999997,4.0000000000009095,2110.6,2110.7,0.0,4.0000000000009095,2.1104999999999996,1.88950000000091,4.220999999999999,-0.2209999999990897,TIMEOUT,60.0,False,,True,0.214816547,True,False,,True,1.437629587,30.99999999999909
2026-03-19,WALL,ASK,2026-03-19 16:56:57.538760357,1773939417538760357,4.133708372,1.0,2114.6,73.69,8.517598104374965,3,3,4.0000000000009095,4-5,18.31,0.24847333423802415,2114.2,2114.5,3.000000000001819,2114.2,2114.3,0.0,3.000000000001819,2.1143499999999995,0.8856500000018195,4.228699999999999,-1.22869999999818,HIT_TARGET,3.417841133,True,3.417841133,True,0.764263981,True,True,2.653577152,False,,0.0
2026-03-19,WALL,BID,2026-03-19 17:02:35.827573150,1773939755827573150,19.816091905,0.9794885819086536,2112.4,21.832,7.799928545909253,4,4,13.999999999996362,6+,3.8789999999999996,0.1776749725174056,2112.9,2112.5,4.0000000000009095,2112.8,2112.9,0.0,4.0000000000009095,2.1127,1.8873000000009097,4.2254,-0.2253999999990901,HIT_TARGET,0.152973384,True,0.152973384,False,,False,False,,False,,0.0
2026-03-19,WALL,BID,2026-03-19 17:02:43.835549611,1773939763835549611,7.65328452,0.9992537900577098,2110.3,10.089,3.7017061089708307,7,7,8.000000000001819,6+,3.4739999999999998,0.3443354148082069,2111.1,2110.4,6.999999999998181,2111.0,2111.1,0.0,6.999999999998181,2.11075,4.8892499999981816,4.2215,2.778499999998181,HIT_TARGET,10.054630097,True,10.054630097,True,1.961973542,True,True,8.092656555,False,,0.0
2026-03-19,WALL,ASK,2026-03-19 17:03:09.918249566,1773939789918249566,5.462239438,0.991483140655395,2111.1,128.201,10.25525957923366,2,2,5.0,4-5,2.9690000000000003,0.023158945718052125,2110.6,2111.0,4.0000000000009095,2110.6,2110.9,0.0,4.0000000000009095,2.1108000000000002,1.8892000000009093,4.2216000000000005,-0.22159999999909097,HIT_TARGET,0.050850893,True,0.050850893,False,,False,False,,False,,0.0
2026-03-19,WALL,ASK,2026-03-19 17:07:10.688443689,1773940030688443689,9.640832227,0.9974065807379183,2111.8,57.771,4.909786257595717,2,2,7.9999999999972715,6+,15.959,0.27624586730366446,2111.5,2111.7000000000003,2.0000000000027285,2111.5,2111.6,0.0,2.0000000000027285,2.1116,-0.11159999999727166,4.2232,-2.223199999997272,TIMEOUT,60.0,False,,True,0.496867048,True,False,,True,4.44805251,21.99999999999818
2026-03-19,WALL,ASK,2026-03-19 17:12:17.180561819,1773940337180561819,4.134841753,0.990322465189637,2111.4,99.867,13.349418526934903,5,5,4.0000000000009095,4-5,30.399,0.3043948451440416,2110.8,2111.3,5.0,2110.8,2110.9,0.0,5.0,2.11105,2.88895,4.2221,0.7778999999999998,HIT_TARGET,0.357937702,True,0.357937702,False,,False,False,,False,,0.0
2026-03-19,WALL,ASK,2026-03-19 17:21:06.687524758,1773940866687524758,3.406756511,0.9552086876454787,2116.5,75.764,5.37867386057078,2,2,4.0000000000009095,4-5,22.656,0.2990338419302043,2116.2,2116.4,2.0000000000027285,2116.2,2116.3,0.0,2.0000000000027285,2.1163,-0.11629999999727136,4.2326,-2.232599999997271,HIT_TARGET,0.110680335,True,0.110680335,False,,False,False,,False,,0.0
2026-03-19,WALL,ASK,2026-03-19 17:23:00.438395983,1773940980438395983,3.054916557,0.9200694865329508,2124.4,60.246,5.546492358681643,4,4,5.0,4-5,22.638,0.37575938651528734,2123.9,2124.3,4.0000000000009095,2123.9,2124.0,0.0,4.0000000000009095,2.1241000000000003,1.8759000000009092,4.248200000000001,-0.24819999999909115,HIT_TARGET,4.246347844,True,4.246347844,True,0.825236974,True,True,3.42111087,True,0.774882574,8.000000000001819
2026-03-19,WALL,BID,2026-03-19 17:24:12.296349424,1773941052296349424,3.468745942,0.9676565713154209,2125.7,28.24,3.369727343237277,2,2,5.9999999999990905,4-5,11.9,0.42138810198300286,2126.0,2125.7999999999997,2.0000000000027285,2125.9,2126.0,0.0,2.0000000000027285,2.1258999999999997,-0.1258999999972712,4.251799999999999,-2.251799999997271,HIT_TARGET,1.021268123,True,1.021268123,False,,False,False,,False,,0.0
2026-03-19,WALL,ASK,2026-03-19 17:28:00.628210948,1773941280628210948,4.746696858,0.998025607431786,2127.5,58.317,4.793637746085241,1,1,4.0000000000009095,4-5,12.093,0.20736663408611555,2127.3,2127.4,0.9999999999990905,2127.3,2127.4,0.0,0.9999999999990905,2.1273500000000003,-1.1273500000009098,4.254700000000001,-3.25470000000091,HIT_TARGET,0.051547879,True,0.051547879,False,,False,False,,False,,0.0
2026-03-19,WALL,ASK,2026-03-19 17:28:20.939179505,1773941300939179505,7.146864292,1.0,2127.8,108.123,9.187101707876625,1,1,3.999999999996362,2-3,14.444,0.133588598170602,2127.2,2127.7000000000003,5.0000000000045475,2127.2,2127.7,0.0,5.0000000000045475,2.1274499999999996,2.872550000004548,4.254899999999999,0.7451000000045482,HIT_TARGET,1.279040297,True,1.279040297,True,0.559608011,True,True,0.719432286,False,,1.999999999998181
2026-03-19,WALL,BID,2026-03-19 17:30:42.200444730,1773941442200444730,3.309368452,0.900064137675535,2127.5,50.532,9.465580219162685,2,2,4.0000000000009095,4-5,1.408,0.027863532019314494,2127.8,2127.6,2.0000000000027285,2127.7,2127.8,0.0,2.0000000000027285,2.1277,-0.12769999999727144,4.2554,-2.2553999999972714,HIT_TARGET,1.794163377,True,1.794163377,False,,False,False,,False,,0.0
2026-03-19,WALL,ASK,2026-03-19 17:32:20.947305620,1773941540947305620,5.339598555,0.9930491568574484,2123.5,35.853,3.200446328944432,3,3,6.999999999998181,6+,16.383,0.45694920927119065,2123.1,2123.4,3.000000000001819,2123.1,2123.2,0.0,3.000000000001819,2.12325,0.8767500000018189,4.2465,-1.2464999999981812,TIMEOUT,60.0,False,,True,3.745894608,True,False,,True,2.367373627,18.999999999996362
2026-03-19,WALL,BID,2026-03-19 17:33:25.890483694,1773941605890483694,3.010854658,0.952078998029137,2121.1,36.483,3.1832300846348485,2,2,5.9999999999990905,4-5,6.591,0.1806594852397007,2121.4,2121.2,2.0000000000027285,2121.3,2121.4,0.0,2.0000000000027285,2.1213,-0.1212999999972717,4.2426,-2.242599999997272,HIT_TARGET,1.019125933,True,1.019125933,False,,False,False,,False,,0.0
2026-03-19,WALL,ASK,2026-03-19 17:37:12.318771635,1773941832318771635,9.871080438,0.9789591129051642,2118.8,62.632,7.553304389773276,4,4,5.0,4-5,10.712,0.17103078298633287,2118.3,2118.7000000000003,4.0000000000009095,2118.3,2118.4,0.0,4.0000000000009095,2.1185,1.8815000000009094,4.237,-0.2369999999990906,HIT_TARGET,0.249134197,True,0.249134197,False,,False,False,,False,,0.0
2026-03-19,WALL,ASK,2026-03-19 17:40:05.635383279,1773942005635383279,3.036859778,1.0,2118.9,76.65,6.348351830379328,4,4,10.0,6+,35.706,0.46583170254403133,2118.4,2118.8,4.0000000000009095,2118.4,2118.5,0.0,4.0000000000009095,2.1186000000000003,1.8814000000009092,4.2372000000000005,-0.23719999999909103,HIT_TARGET,2.624431572,True,2.624431572,True,1.805928741,True,True,0.818502831,False,,0.0
2026-03-19,WALL,BID,2026-03-19 17:44:38.833956726,1773942278833956726,9.755809951,0.9886166693941576,2118.0,83.635,10.766606591143152,5,5,4.0000000000009095,4-5,33.671,0.40259460752077475,2118.6,2118.1,5.0,2118.5,2118.6,0.0,5.0,2.11835,2.88165,4.2367,0.7633000000000001,HIT_TARGET,8.624141264,True,8.624141264,True,0.301221943,True,True,8.322919321,False,,0.0
2026-03-19,WALL,ASK,2026-03-19 17:45:44.667538719,1773942344667538719,3.214647474,1.0,2118.4,53.606,8.33038073038073,3,3,5.0,4-5,25.883,0.48283774204380103,2118.0,2118.3,3.000000000001819,2118.0,2118.1,0.0,3.000000000001819,2.11815,0.881850000001819,4.2363,-1.236299999998181,HIT_TARGET,8.013044966,True,8.013044966,True,0.082084269,True,True,7.930960697,False,,0.0
2026-03-19,WALL,BID,2026-03-19 17:50:25.590539889,1773942625590539889,4.360826556,0.9627055009155929,2122.4,79.402,8.45106700015965,4,4,5.0,4-5,11.725000000000001,0.1476663056346188,2122.9,2122.5,4.0000000000009095,2122.8,2122.9,0.0,4.0000000000009095,2.1226999999999996,1.87730000000091,4.245399999999999,-0.24539999999908968,HIT_TARGET,4.13107399,True,4.13107399,True,0.10110394,True,True,4.02997005,False,,0.0
2026-03-19,WALL,ASK,2026-03-19 17:50:36.310670267,1773942636310670267,5.827177192,1.0,2123.0,24.074,3.0679240474066525,1,1,4.0000000000009095,4-5,0.8,0.03323087147960455,2122.8,2122.9,0.9999999999990905,2122.8,2122.9,0.0,0.9999999999990905,2.12285,-1.1228500000009096,4.2457,-3.2457000000009097,HIT_TARGET,0.051068503,True,0.051068503,False,,False,False,,False,,0.0
2026-03-19,WALL,ASK,2026-03-19 17:51:48.627567655,1773942708627567655,3.889435992,1.0,2125.2,59.099,3.4503313191464513,1,1,5.0,4-5,17.611,0.2979915057784396,2125.0,2125.1,0.9999999999990905,2125.0,2125.1,0.0,0.9999999999990905,2.1250500000000003,-1.1250500000009098,4.250100000000001,-3.25010000000091,HIT_TARGET,0.019834716,True,0.019834716,False,,False,False,,False,,0.0
2026-03-19,WALL,ASK,2026-03-19 17:52:41.036319315,1773942761036319315,4.543315644,1.0,2130.3,152.934,12.616755352060387,6,6,10.0,6+,69.357,0.4535093569775197,2129.6,2130.2000000000003,6.000000000003638,2129.6,2129.7,0.0,6.000000000003638,2.1299,3.870100000003638,4.2598,1.7402000000036377,HIT_TARGET,15.215279469,True,15.215279469,True,0.252469955,True,True,14.962809514,True,4.782384851,7.9999999999972715
2026-03-19,WALL,BID,2026-03-19 17:52:46.280673478,1773942766280673478,3.000892645,0.9297397938072524,2129.1,33.719,3.750305861416973,2,2,5.0,4-5,0.52,0.01542157240724814,2129.4,2129.2,2.0000000000027285,2129.3,2129.4,0.0,2.0000000000027285,2.1292999999999997,-0.12929999999727126,4.2585999999999995,-2.258599999997271,HIT_TARGET,2.00155692,True,2.00155692,True,1.024678447,True,True,0.976878473,False,,0.0
2026-03-19,WALL,ASK,2026-03-19 17:54:24.855588778,1773942864855588778,12.508396579,1.0,2128.9,53.512,10.790885259124824,4,4,11.999999999998181,6+,18.704,0.3495290775900733,2128.4,2128.8,4.0000000000009095,2128.4,2128.5,0.0,4.0000000000009095,2.1286000000000005,1.871400000000909,4.257200000000001,-0.2571999999990915,TIMEOUT,60.0,False,,True,7.14443489,True,False,,True,35.989049038,14.00000000000091
2026-03-19,WALL,ASK,2026-03-19 17:55:29.475071640,1773942929475071640,4.592627511,0.9980567731699067,2128.2,80.43,7.549985919459307,4,4,4.0000000000009095,4-5,36.093,0.44875046624393883,2127.7,2128.1,4.0000000000009095,2127.7,2127.8,0.0,4.0000000000009095,2.1278999999999995,1.87210000000091,4.255799999999999,-0.2557999999990894,HIT_TARGET,0.666164081,True,0.666164081,True,0.152040178,True,True,0.514123903,False,,0.0
2026-03-19,WALL,ASK,2026-03-19 17:56:56.395694810,1773943016395694810,7.962309031,1.0,2127.6,50.061,16.989988121500087,4,4,5.0,4-5,15.918,0.317972074069635,2127.1,2127.5,4.0000000000009095,2127.1,2127.2,0.0,4.0000000000009095,2.1273,1.8727000000009095,4.2546,-0.25459999999909044,HIT_TARGET,0.154093628,True,0.154093628,False,,False,False,,False,,0.0
2026-03-19,WALL,ASK,2026-03-19 18:00:04.682935727,1773943204682935727,3.010632956,0.975115294991144,2127.8,10.041,5.044461190655615,2,2,4.0000000000009095,4-5,0.049,0.004879992032666069,2127.5,2127.7000000000003,2.0000000000027285,2127.5,2127.6,0.0,2.0000000000027285,2.1276,-0.12759999999727167,4.2552,-2.255199999997272,HIT_TARGET,0.30158476,True,0.30158476,False,,False,False,,False,,0.0
2026-03-19,WALL,ASK,2026-03-19 18:02:46.156949543,1773943366156949543,6.706702324,1.0,2127.6,68.438,5.8091842797725155,2,2,4.0000000000009095,4-5,15.594,0.22785586954615855,2127.3,2127.5,1.999999999998181,2127.3,2127.4,0.0,1.999999999998181,2.1274,-0.12740000000181917,4.2548,-2.2548000000018193,TIMEOUT,60.0,False,,True,4.744955887,True,False,,True,4.134362005,35.0
2026-03-19,WALL,ASK,2026-03-19 18:06:29.163747310,1773943589163747310,33.581963553,0.9943840274645539,2126.3,80.121,7.253394894079305,3,3,4.0000000000009095,4-5,18.757,0.2341084110283197,2125.9,2126.2000000000003,3.000000000001819,2125.9,2126.0,0.0,3.000000000001819,2.12605,0.8739500000018188,4.2521,-1.2520999999981814,HIT_TARGET,0.305478435,True,0.305478435,False,,False,False,,False,,0.0
2026-03-19,WALL,ASK,2026-03-19 18:08:40.491692514,1773943720491692514,3.62180009,0.9320127497705154,2123.6,33.198,3.896936260124428,2,2,8.000000000001819,6+,13.484000000000002,0.4061690463280921,2123.3,2123.5,1.999999999998181,2123.3,2123.4,0.0,1.999999999998181,2.1233999999999997,-0.12340000000181872,4.2467999999999995,-2.2468000000018185,HIT_TARGET,0.050221843,True,0.050221843,False,,False,False,,False,,0.0
2026-03-19,WALL,BID,2026-03-19 18:11:30.527772850,1773943890527772850,6.548425611,1.0,2124.9,47.71,7.840591618734593,4,4,5.0,4-5,18.231,0.38212114860616225,2125.4,2125.0,4.0000000000009095,2125.3,2125.4,0.0,4.0000000000009095,2.1251999999999995,1.87480000000091,4.250399999999999,-0.2503999999990896,HIT_TARGET,1.477739407,True,1.477739407,True,0.371944797,True,True,1.10579461,False,,0.0
2026-03-19,WALL,ASK,2026-03-19 18:11:42.264050894,1773943902264050894,3.010457309,1.0,2124.9,62.529,4.401126165757523,2,2,5.0,4-5,15.434000000000001,0.24682947112539783,2124.6,2124.8,2.0000000000027285,2124.6,2124.7,0.0,2.0000000000027285,2.1247,-0.12469999999727133,4.2494,-2.249399999997271,HIT_TARGET,13.210538395,True,13.210538395,False,,False,False,,False,,0.0
2026-03-19,WALL,ASK,2026-03-19 18:12:43.199260649,1773943963199260649,3.901938114,1.0,2126.6,77.542,6.030876920085554,3,3,7.0000000000027285,6+,23.961,0.3090067318356503,2126.2,2126.5,3.000000000001819,2126.2,2126.3,0.0,3.000000000001819,2.12635,0.873650000001819,4.2527,-1.252699999998181,HIT_TARGET,0.051111213,True,0.051111213,False,,False,False,,False,,0.0
2026-03-19,WALL,BID,2026-03-19 18:14:33.567112719,1773944073567112719,3.992584304,1.0,2125.8,42.972,6.636089877229558,4,4,6.000000000003638,6+,20.033,0.466187284743554,2126.3,2125.9,4.0000000000009095,2126.2,2126.3,0.0,4.0000000000009095,2.1261000000000005,1.873900000000909,4.252200000000001,-0.2521999999990916,HIT_TARGET,5.618494924,True,5.618494924,True,0.047799466,True,True,5.570695458,False,,0.0
2026-03-19,WALL,ASK,2026-03-19 18:19:54.364527776,1773944394364527776,5.438978118,0.9500600798335479,2123.9,77.42,5.347054354582499,4,4,4.0000000000009095,4-5,31.668,0.40904159132007234,2123.4,2123.8,4.0000000000009095,2123.4,2123.5,0.0,4.0000000000009095,2.1236,1.8764000000009093,4.2472,-0.2471999999990908,HIT_TARGET,5.789166598,True,5.789166598,True,1.143584596,True,True,4.645582002,False,,0.0
2026-03-19,WALL,ASK,2026-03-19 18:20:00.255710299,1773944400255710299,6.602895808,0.9873523777402607,2124.4,38.012,6.493337888623164,4,4,4.0000000000009095,4-5,18.537,0.48766179101336415,2123.9,2124.3,4.0000000000009095,2123.9,2124.0,0.0,4.0000000000009095,2.1241000000000003,1.8759000000009092,4.248200000000001,-0.24819999999909115,HIT_TARGET,0.252614815,True,0.252614815,False,,False,False,,False,,0.0
2026-03-19,WALL,ASK,2026-03-19 18:23:35.954624788,1773944615954624788,4.030994061,0.973395508061504,2123.5,60.177,4.645437702640111,3,3,3.999999999996362,2-3,16.597,0.27580304767602243,2123.1,2123.4,3.000000000001819,2123.1,2123.2,0.0,3.000000000001819,2.12325,0.8767500000018189,4.2465,-1.2464999999981812,HIT_TARGET,0.561911804,True,0.561911804,False,,False,False,,False,,0.0
2026-03-19,WALL,BID,2026-03-19 18:26:39.175510471,1773944799175510471,5.581003049,1.0,2120.4,48.512,5.433996079529543,1,1,5.0,4-5,0.518,0.010677770448548812,2120.6,2120.5,0.9999999999990905,2120.5,2120.6,0.0,0.9999999999990905,2.12055,-1.1205500000009097,4.2411,-3.24110000000091,HIT_TARGET,0.050633928,True,0.050633928,False,,False,False,,False,,0.0
2026-03-19,WALL,ASK,2026-03-19 18:30:56.037272478,1773945056037272478,3.053579123,0.9432969007759358,2119.3,55.813,4.609025971344812,4,4,8.000000000001819,6+,20.932000000000002,0.3750380735670901,2118.8,2119.2000000000003,4.0000000000009095,2118.8,2118.9,0.0,4.0000000000009095,2.1189999999999998,1.8810000000009097,4.2379999999999995,-0.23799999999909005,HIT_TARGET,9.506401746,True,9.506401746,True,1.800981068,True,True,7.705420678,False,,0.0
2026-03-19,WALL,BID,2026-03-19 18:31:47.653090018,1773945107653090018,10.416978602,0.9872095721714913,2119.1,41.114,4.0175892900767085,4,4,5.0,4-5,19.55,0.47550712652624416,2119.6,2119.2,4.0000000000009095,2119.5,2119.6,0.0,4.0000000000009095,2.1193999999999993,1.8806000000009102,4.238799999999999,-0.23879999999908907,HIT_TARGET,5.406031914,True,5.406031914,False,,False,False,,False,,0.0
2026-03-19,WALL,BID,2026-03-19 18:31:53.373396648,1773945113373396648,3.603138408,1.0,2118.2,39.269,3.531543684518189,4,4,8.000000000001819,6+,19.561999999999998,0.49815375996332983,2118.7,2118.2999999999997,4.0000000000009095,2118.6,2118.7,0.0,4.0000000000009095,2.1185,1.8815000000009094,4.237,-0.2369999999990906,HIT_TARGET,0.304202053,True,0.304202053,False,,False,False,,False,,0.0
2026-03-19,WALL,ASK,2026-03-19 18:34:21.913151444,1773945261913151444,9.24027874,0.9895966158916977,2117.0,78.932,7.674104321617812,4,4,5.9999999999990905,4-5,36.461999999999996,0.4619419246946738,2116.5,2116.9,4.0000000000009095,2116.5,2116.6,0.0,4.0000000000009095,2.1166999999999994,1.8833000000009101,4.233399999999999,-0.23339999999908922,HIT_TARGET,1.079542768,True,1.079542768,True,0.055514187,True,True,1.024028581,False,,0.0
2026-03-19,WALL,BID,2026-03-19 18:39:35.708543510,1773945575708543510,21.282085274,0.992369759969039,2116.6,52.471,10.523666265543522,6,6,4.0000000000009095,4-5,18.048000000000002,0.343961426311677,2117.3,2116.7,6.000000000003638,2117.2,2117.3,0.0,6.000000000003638,2.117,3.883000000003638,4.234,1.766000000003638,HIT_TARGET,26.032522581,True,26.032522581,True,5.086731494,True,True,20.945791087,True,6.842091479,6.000000000003638
2026-03-19,WALL,ASK,2026-03-19 18:39:40.795275004,1773945580795275004,4.836656048,0.9704660355042058,2117.8,77.237,8.285009385894341,3,3,5.0,4-5,28.779999999999998,0.37261934047153566,2117.4,2117.7000000000003,3.000000000001819,2117.4,2117.5,0.0,3.000000000001819,2.11755,0.882450000001819,4.2351,-1.235099999998181,HIT_TARGET,3.373225566,True,3.373225566,True,1.65306401,True,True,1.720161556,False,,0.0
2026-03-19,WALL,BID,2026-03-19 18:39:49.744665497,1773945589744665497,4.540787446,0.9873205734281357,2116.9,79.95,8.49718354766713,3,3,6.000000000003638,6+,37.068999999999996,0.46365228267667286,2117.3,2117.0,3.000000000001819,2117.2,2117.3,0.0,3.000000000001819,2.11715,0.8828500000018189,4.2343,-1.2342999999981812,HIT_TARGET,11.83954789,True,11.83954789,True,0.867365,True,True,10.97218289,False,,0.0
2026-03-19,WALL,BID,2026-03-19 18:43:35.322363606,1773945815322363606,7.201780291,0.9924246749004301,2114.9,50.467,8.700456857167486,4,4,5.0,4-5,21.3,0.4220579784809876,2115.4,2115.0,4.0000000000009095,2115.3,2115.4,0.0,4.0000000000009095,2.1151999999999997,1.8848000000009097,4.2303999999999995,-0.23039999999909,HIT_TARGET,12.407280915,True,12.407280915,True,0.051333814,True,True,12.355947101,False,,0.0
2026-03-19,WALL,ASK,2026-03-19 18:44:00.902979053,1773945840902979053,3.013477247,1.0,2115.3,64.307,5.28405916187346,5,5,5.0,4-5,27.048000000000002,0.4206073988834808,2114.7,2115.2000000000003,5.0000000000045475,2114.7,2114.8,0.0,5.0000000000045475,2.11495,2.8850500000045476,4.2299,0.7701000000045477,HIT_TARGET,7.147981589,True,7.147981589,False,,False,False,,False,,0.0
2026-03-19,WALL,BID,2026-03-19 18:45:07.207447272,1773945907207447272,3.004304264,1.0,2115.7,87.113,6.801717743509662,4,4,5.9999999999990905,4-5,27.266999999999996,0.313007243465384,2116.2,2115.7999999999997,4.0000000000009095,2116.1,2116.2,0.0,4.0000000000009095,2.116,1.8840000000009094,4.232,-0.2319999999990907,HIT_TARGET,0.160106241,True,0.160106241,False,,False,False,,False,,0.0
2026-03-19,WALL,BID,2026-03-19 18:46:18.364001586,1773945978364001586,3.014449685,0.9596288298970231,2116.1,37.38,3.820523303352412,1,1,4.0000000000009095,4-5,11.253,0.30104333868378813,2116.3,2116.2,1.000000000003638,2116.2,2116.3,0.0,1.000000000003638,2.11625,-1.116249999996362,4.2325,-3.232499999996362,HIT_TARGET,0.071060065,True,0.071060065,False,,False,False,,False,,0.0
2026-03-19,WALL,ASK,2026-03-19 18:49:14.223009234,1773946154223009234,3.157063606,0.9581397803487903,2116.6,58.752,3.74478934285168,3,3,4.0000000000009095,4-5,24.950000000000003,0.424666394335512,2116.2,2116.5,3.000000000001819,2116.2,2116.3,0.0,3.000000000001819,2.1163499999999997,0.8836500000018193,4.2326999999999995,-1.2326999999981805,TIMEOUT,60.0,False,,True,3.372520761,True,False,,True,3.474697841,13.000000000001819
2026-03-19,WALL,ASK,2026-03-19 18:51:31.909136910,1773946291909136910,8.371488658,0.9756822562489578,2115.8,37.343,5.30817341862118,1,1,5.0,4-5,7.045,0.18865650858259914,2115.6,2115.7000000000003,1.000000000003638,2115.6,2115.7,0.0,1.000000000003638,2.11565,-1.115649999996362,4.2313,-3.231299999996362,HIT_TARGET,0.05113201,True,0.05113201,False,,False,False,,False,,0.0
2026-03-19,WALL,ASK,2026-03-19 18:52:35.154003650,1773946355154003650,5.446502851,0.9908233210617299,2119.0,56.205,8.004129877527768,5,5,5.0,4-5,21.256,0.3781869940396762,2118.4,2118.9,5.0,2118.4,2118.5,0.0,5.0,2.1186499999999997,2.8813500000000003,4.237299999999999,0.7627000000000006,HIT_TARGET,29.203481582,True,29.203481582,True,7.093994344,True,True,22.109487238,True,16.58382844,5.0
2026-03-19,WALL,ASK,2026-03-19 18:54:23.577605433,1773946463577605433,5.023663721,1.0,2120.2,89.112,10.098821396192204,5,5,5.0,4-5,40.352000000000004,0.4528234132327858,2119.6,2120.1,5.0,2119.6,2119.7,0.0,5.0,2.1198499999999996,2.8801500000000004,4.239699999999999,0.7603000000000009,HIT_TARGET,17.514999118,True,17.514999118,True,1.325714372,True,True,16.189284746,False,,0.0
2026-03-19,WALL,ASK,2026-03-19 19:01:35.063342029,1773946895063342029,3.012464802,0.9369328876892219,2131.0,39.901,3.3835912656349376,1,1,10.0,6+,16.5,0.4135234705897095,2130.8,2130.9,0.9999999999990905,2130.8,2130.9,0.0,0.9999999999990905,2.13085,-1.1308500000009096,4.2617,-3.2617000000009098,HIT_TARGET,0.044461795,True,0.044461795,False,,False,False,,False,,0.0
2026-03-19,WALL,ASK,2026-03-19 19:02:33.231359342,1773946953231359342,5.862915607,0.9362334085870802,2135.4,75.718,7.201635914019404,5,5,10.99999999999909,6+,33.401,0.4411236429910986,2134.8,2135.3,5.0,2134.8,2134.9,0.0,5.0,2.13505,2.86495,4.2701,0.7298999999999998,HIT_TARGET,17.918706034,True,17.918706034,True,0.463177585,True,True,17.455528449,True,3.422074754,17.00000000000273
2026-03-19,WALL,ASK,2026-03-19 19:05:02.535200972,1773947102535200972,13.369760403,0.9867468893488741,2137.7,58.054,7.945527954561008,7,7,8.000000000001819,6+,19.615000000000002,0.3378750818203742,2136.9,2137.6,6.999999999998181,2136.9,2137.0,0.0,6.999999999998181,2.13725,4.862749999998181,4.2745,2.7254999999981813,HIT_TARGET,1.326412375,True,1.326412375,True,0.509099586,True,True,0.817312789,False,,0.0
2026-03-19,WALL,ASK,2026-03-19 19:06:13.709307413,1773947173709307413,7.809370508,1.0,2142.4,109.186,11.090502793296091,4,4,15.99999999999909,6+,30.432000000000002,0.2787170516366567,2141.9,2142.3,4.0000000000009095,2141.9,2142.0,0.0,4.0000000000009095,2.1421,1.8579000000009094,4.2842,-0.28419999999909074,HIT_TARGET,12.80580713,True,12.80580713,True,0.56073425,True,True,12.24507288,True,0.815457737,4.0000000000009095
2026-03-19,WALL,ASK,2026-03-19 19:06:26.766530943,1773947186766530943,7.859222438,1.0,2143.6,106.999,10.886051480313357,6,6,11.999999999998181,6+,21.177,0.19791773754894906,2142.9,2143.5,5.9999999999990905,2142.9,2143.0,0.0,5.9999999999990905,2.1431999999999998,3.8567999999990907,4.2863999999999995,1.713599999999091,HIT_TARGET,1.887128971,True,1.887128971,True,0.20792753,True,True,1.679201441,False,,0.0
2026-03-19,WALL,ASK,2026-03-19 19:06:36.772274752,1773947196772274752,7.197058183,0.9980112099088195,2145.9,54.091,7.359820395945302,4,4,13.000000000001819,6+,23.652,0.4372631306502006,2145.4,2145.8,4.0000000000009095,2145.4,2145.5,0.0,4.0000000000009095,2.1456,1.8544000000009095,4.2912,-0.2911999999990904,HIT_TARGET,0.357206464,True,0.357206464,False,,False,False,,False,,0.0
2026-03-19,WALL,ASK,2026-03-19 19:07:01.059258738,1773947221059258738,3.006753072,0.9511190099484166,2146.0,105.359,9.874783260696377,6,6,4.0000000000009095,4-5,52.542,0.49869493825871547,2145.3,2145.9,5.9999999999990905,2145.3,2145.4,0.0,5.9999999999990905,2.1456,3.8543999999990906,4.2912,1.7087999999990906,HIT_TARGET,3.167494184,True,3.167494184,True,0.25897852,True,True,2.908515664,False,,0.0
2026-03-19,WALL,ASK,2026-03-19 19:07:31.769899754,1773947251769899754,4.027333496,0.91675027277155,2143.0,27.479,3.2131665107577176,1,1,4.0000000000009095,4-5,6.649,0.24196659267076678,2142.8,2142.9,0.9999999999990905,2142.8,2142.9,0.0,0.9999999999990905,2.14285,-1.1428500000009096,4.2857,-3.28570000000091,HIT_TARGET,0.052707457,True,0.052707457,False,,False,False,,False,,0.0
2026-03-19,WALL,ASK,2026-03-19 19:07:31.822607211,1773947251822607211,3.429071912,0.9523264407410305,2143.3,36.64,6.586374258493618,2,2,5.9999999999990905,4-5,7.699,0.21012554585152837,2143.0,2143.2000000000003,2.0000000000027285,2143.0,2143.1,0.0,2.0000000000027285,2.1431,-0.14309999999727152,4.2862,-2.2861999999972715,HIT_TARGET,0.050279195,True,0.050279195,False,,False,False,,False,,0.0
2026-03-19,WALL,BID,2026-03-19 19:07:45.692775783,1773947265692775783,3.003362216,0.9639874047080307,2141.7,82.356,11.739149027154157,4,4,4.0000000000009095,4-5,21.525,0.26136529214629173,2142.2,2141.7999999999997,4.0000000000009095,2142.1,2142.2,0.0,4.0000000000009095,2.142,1.8580000000009096,4.284,-0.2839999999990903,HIT_TARGET,0.41434902,True,0.41434902,False,,False,False,,False,,0.0
2026-03-19,WALL,BID,2026-03-19 19:07:54.067021952,1773947274067021952,3.112884393,0.9720646243093551,2139.1,78.562,9.046752648549054,5,5,10.0,6+,24.816,0.31587790534864185,2139.7,2139.2,5.0,2139.6,2139.7,0.0,5.0,2.1394499999999996,2.8605500000000004,4.278899999999999,0.7211000000000007,HIT_TARGET,6.273780854,True,6.273780854,True,0.306391252,True,True,5.967389602,False,,0.9999999999990905
2026-03-19,WALL,ASK,2026-03-19 19:08:04.727574142,1773947284727574142,4.386771336,0.9488111214830824,2140.7,67.772,7.8790908562460045,4,4,12.000000000002728,6+,11.649999999999999,0.17189989966357785,2140.1,2140.6,5.0,2140.1,2140.3,0.0,5.0,2.1403499999999998,2.8596500000000002,4.2806999999999995,0.7193000000000005,HIT_TARGET,13.667943388,True,13.667943388,True,1.632128169,True,True,12.035815219,True,0.611405083,24.00000000000091
2026-03-19,WALL,ASK,2026-03-19 19:08:29.058064027,1773947309058064027,3.623706907,0.9099131018655533,2140.6,69.512,6.487656913528396,2,2,5.0,4-5,28.869,0.41530958683392794,2140.3,2140.5,1.999999999998181,2140.3,2140.4,0.0,1.999999999998181,2.1404,-0.14040000000181907,4.2808,-2.280800000001819,HIT_TARGET,11.991538485,True,11.991538485,True,0.50418074,True,True,11.487357745,True,1.685480288,9.00000000000091
2026-03-19,WALL,ASK,2026-03-19 19:09:25.588304871,1773947365588304871,4.052541552,0.9852225596624802,2143.4,139.679,24.827408460718097,6,6,16.000000000003638,6+,52.783,0.37788787147674313,2142.7,2143.3,6.000000000003638,2142.7,2142.8,0.0,6.000000000003638,2.143,3.857000000003638,4.286,1.7140000000036384,HIT_TARGET,57.660343226,True,57.660343226,True,0.457671786,True,True,57.20267144,True,1.682796728,31.000000000003638
2026-03-19,WALL,BID,2026-03-19 19:09:34.056639339,1773947374056639339,3.468158739,1.0,2140.2,51.942,6.483025461807289,4,4,7.0000000000027285,6+,13.019,0.2506449501366909,2140.7,2140.2999999999997,4.0000000000009095,2140.6,2140.7,0.0,4.0000000000009095,2.1405,1.8595000000009096,4.281,-0.2809999999990902,HIT_TARGET,0.612175043,True,0.612175043,False,,False,False,,False,,0.0
2026-03-19,WALL,ASK,2026-03-19 19:10:03.394381622,1773947403394381622,3.011301531,1.0,2142.1,120.579,16.254920463736855,5,5,15.0,6+,33.675,0.2792774861294255,2141.4,2142.0,5.9999999999990905,2141.4,2141.6,0.0,5.9999999999990905,2.1416999999999997,3.858299999999091,4.283399999999999,1.716599999999091,HIT_TARGET,0.305390812,True,0.305390812,False,,False,False,,False,,0.0
2026-03-19,WALL,ASK,2026-03-19 19:10:37.124189198,1773947437124189198,3.315524051,0.8675287178605962,2148.3,65.534,13.095014486961736,5,5,10.0,6+,30.998999999999995,0.47302163762321836,2147.7,2148.2000000000003,5.0000000000045475,2147.7,2147.8,0.0,5.0000000000045475,2.14795,2.8520500000045477,4.2959,0.7041000000045479,HIT_TARGET,1.992366835,True,1.992366835,True,0.870280992,True,True,1.122085843,False,,0.0
2026-03-19,WALL,BID,2026-03-19 19:13:06.465361853,1773947586465361853,3.210961227,0.883374455334088,2141.5,98.007,12.483377913641576,2,2,8.000000000001819,6+,34.635999999999996,0.35340332833369037,2141.8,2141.6,2.0000000000027285,2141.7,2141.8,0.0,2.0000000000027285,2.1416999999999997,-0.14169999999727123,4.283399999999999,-2.283399999997271,HIT_TARGET,0.820041669,True,0.820041669,True,0.105648266,True,True,0.714393403,False,,0.0
2026-03-19,WALL,ASK,2026-03-19 19:13:59.751944424,1773947639751944424,3.882520509,0.9986569294385149,2140.2,28.835,3.5380368098159507,4,4,7.0000000000027285,6+,13.299,0.46121033466273625,2139.7,2140.1,4.0000000000009095,2139.7,2139.8,0.0,4.0000000000009095,2.1398999999999995,1.86010000000091,4.279799999999999,-0.27979999999908944,HIT_TARGET,0.915341872,True,0.915341872,True,0.051615967,True,True,0.863725905,False,,0.0
2026-03-19,WALL,ASK,2026-03-19 19:15:09.867766894,1773947709867766894,3.426610953,0.9526057477117975,2142.3,53.141,7.099191770756796,3,3,4.0000000000009095,4-5,23.892000000000003,0.44959635686193344,2141.9,2142.2000000000003,3.000000000001819,2141.9,2142.0,0.0,3.000000000001819,2.14205,0.8579500000018192,4.2841,-1.2840999999981806,HIT_TARGET,0.869604131,True,0.869604131,False,,False,False,,False,,0.0
2026-03-19,WALL,ASK,2026-03-19 19:15:24.616973547,1773947724616973547,3.320872733,0.968223465189926,2141.5,36.679,3.6418606960234325,2,2,7.0000000000027285,6+,14.665,0.39982006052509605,2141.2,2141.4,2.0000000000027285,2141.2,2141.3,0.0,2.0000000000027285,2.1413,-0.14129999999727172,4.2826,-2.282599999997272,HIT_TARGET,29.649778806,True,29.649778806,True,1.380608127,True,True,28.269170679,True,2.911016183,12.000000000002728
2026-03-19,WALL,ASK,2026-03-19 19:15:54.919342759,1773947754919342759,3.119263907,0.9731818876202577,2142.1,47.828,8.804860088365244,6,6,4.0000000000009095,4-5,22.14,0.4629087563770176,2141.4,2142.0,5.9999999999990905,2141.4,2141.5,0.0,5.9999999999990905,2.1416999999999997,3.858299999999091,4.283399999999999,1.716599999999091,HIT_TARGET,6.755191628,True,6.755191628,True,2.76301616,True,True,3.992175468,True,1.139166456,4.0000000000009095
2026-03-19,WALL,BID,2026-03-19 19:19:36.457331037,1773947976457331037,3.465855936,0.9862732817293881,2151.8,50.262,7.349857424873876,4,4,4.0000000000009095,4-5,9.115,0.18134972742827585,2152.3,2151.9,4.0000000000009095,2152.2,2152.3,0.0,4.0000000000009095,2.1521000000000003,1.8479000000009091,4.304200000000001,-0.3041999999990912,HIT_TARGET,33.061375693,True,33.061375693,True,0.308244189,True,True,32.753131504,True,0.308244189,35.0
2026-03-19,WALL,BID,2026-03-19 19:19:59.963815586,1773947999963815586,5.491159624,0.9529979529511489,2153.9,71.414,24.241004752206383,4,4,5.9999999999990905,4-5,8.874,0.12426134931526032,2154.4,2154.0,4.0000000000009095,2154.3,2154.4,0.0,4.0000000000009095,2.1541999999999994,1.84580000000091,4.308399999999999,-0.3083999999990894,HIT_TARGET,2.260884509,True,2.260884509,True,0.271029604,True,True,1.989854905,False,,0.0
2026-03-19,WALL,ASK,2026-03-19 19:20:42.280257468,1773948042280257468,3.575494956,1.0,2153.0,79.251,10.50865212490884,5,5,4.0000000000009095,4-5,34.086999999999996,0.4301144465054068,2152.4,2152.9,5.0,2152.4,2152.5,0.0,5.0,2.15265,2.84735,4.3053,0.6947000000000001,HIT_TARGET,3.571407886,True,3.571407886,True,0.458990744,True,True,3.112417142,True,0.867899757,8.000000000001819
2026-03-19,WALL,BID,2026-03-19 19:20:43.148157225,1773948043148157225,4.240095283,0.9352951503000457,2151.5,49.293,10.763838847035704,4,4,5.0,4-5,23.026,0.46712514961556406,2152.0,2151.6,4.0000000000009095,2151.9,2152.0,0.0,4.0000000000009095,2.1518,1.8482000000009093,4.3036,-0.3035999999990908,HIT_TARGET,0.71351747,True,0.71351747,False,,False,False,,False,,0.0
2026-03-19,WALL,BID,2026-03-19 19:21:23.279988242,1773948083279988242,4.015945504,0.986759037455305,2154.7,52.081,13.966478948779834,4,4,5.0,4-5,26.026999999999997,0.49974078838731967,2155.2,2154.7999999999997,4.0000000000009095,2155.1,2155.2,0.0,4.0000000000009095,2.155,1.8450000000009097,4.31,-0.3099999999990901,HIT_TARGET,3.031284162,True,3.031284162,True,0.326946898,True,True,2.704337264,False,,0.0
2026-03-19,WALL,ASK,2026-03-19 19:22:01.106521348,1773948121106521348,7.296043835,1.0,2156.7,176.522,27.3826107189948,4,4,13.000000000001819,6+,35.76500000000001,0.20260930648870967,2156.2,2156.6,4.0000000000009095,2156.2,2156.3,0.0,4.0000000000009095,2.1563999999999997,1.8436000000009098,4.312799999999999,-0.3127999999990898,HIT_TARGET,33.629281783,True,33.629281783,True,1.32996222,True,True,32.299319563,True,3.065219508,21.000000000003638
2026-03-19,WALL,BID,2026-03-19 19:22:18.759529471,1773948138759529471,3.619718741,0.9812407405495708,2153.9,74.16,11.020135225499665,4,4,5.9999999999990905,4-5,28.212,0.38042071197411004,2154.4,2154.0,4.0000000000009095,2154.3,2154.4,0.0,4.0000000000009095,2.1541999999999994,1.84580000000091,4.308399999999999,-0.3083999999990894,HIT_TARGET,45.881085693,True,45.881085693,True,3.829703734,True,True,42.051381959,True,4.902517715,28.999999999996362
2026-03-19,WALL,ASK,2026-03-19 19:22:29.222466690,1773948149222466690,3.521590171,1.0,2155.5,58.019,4.765616657768286,1,1,5.0,4-5,26.465,0.45614367707130427,2155.3,2155.4,0.9999999999990905,2155.3,2155.4,0.0,0.9999999999990905,2.1553500000000003,-1.1553500000009098,4.310700000000001,-3.31070000000091,HIT_TARGET,0.045306393,True,0.045306393,False,,False,False,,False,,0.0
2026-03-19,WALL,BID,2026-03-19 19:23:13.060694017,1773948193060694017,3.010164987,0.9495096000862494,2150.9,47.176,12.6071619454837,6,6,8.000000000001819,6+,13.536000000000001,0.2869255553671359,2151.6,2151.0,5.9999999999990905,2151.5,2151.6,0.0,5.9999999999990905,2.1513,3.8486999999990905,4.3026,1.6973999999990905,TIMEOUT,60.0,False,,True,0.152262559,True,False,,True,1.071636406,40.0
2026-03-19,WALL,BID,2026-03-19 19:23:36.435712035,1773948216435712035,3.929724687,0.9857667021343676,2151.7,79.388,24.1631410744179,4,4,4.0000000000009095,4-5,17.796000000000003,0.2241648611880889,2152.2,2151.7999999999997,4.0000000000009095,2152.1,2152.2,0.0,4.0000000000009095,2.1519999999999997,1.8480000000009098,4.303999999999999,-0.3039999999990899,TIMEOUT,60.0,False,,True,0.510169006,True,False,,True,2.192582952,34.00000000000091
2026-03-19,WALL,BID,2026-03-19 19:24:18.684065184,1773948258684065184,4.748043058,1.0,2152.1,76.374,9.478034251675354,5,5,5.0,4-5,24.351,0.3188388718673894,2152.7,2152.2,5.0,2152.6,2152.7,0.0,5.0,2.15245,2.84755,4.3049,0.6951,HIT_TARGET,3.883515415,True,3.883515415,True,0.102525662,True,True,3.780989753,True,1.635524325,3.000000000001819
2026-03-19,WALL,BID,2026-03-19 19:25:34.775870715,1773948334775870715,3.164472981,0.9658475624064745,2148.8,73.758,10.109374999999998,4,4,4.0000000000009095,4-5,17.241,0.23375091515496624,2149.3,2148.9,4.0000000000009095,2149.2,2149.3,0.0,4.0000000000009095,2.1491000000000002,1.8509000000009093,4.2982000000000005,-0.29819999999909097,HIT_TARGET,2.856223855,True,2.856223855,True,1.878224892,True,True,0.977998963,False,,0.0
2026-03-19,WALL,BID,2026-03-19 19:26:32.383602358,1773948392383602358,3.111661158,0.9794046424896756,2143.4,49.639,4.35965220446162,3,3,8.000000000001819,6+,17.243,0.34736799693789155,2143.8,2143.5,3.000000000001819,2143.7,2143.8,0.0,3.000000000001819,2.14365,0.8563500000018189,4.2873,-1.2872999999981811,HIT_TARGET,23.982519325,True,23.982519325,True,0.15364686,True,True,23.828872465,True,3.111718909,9.00000000000091
2026-03-19,WALL,BID,2026-03-19 19:31:00.702262991,1773948660702262991,4.825585633,0.9989371909670555,2142.6,49.986,4.287699433865157,4,4,5.0,4-5,24.43,0.4887368463169688,2143.1,2142.7,4.0000000000009095,2143.0,2143.1,0.0,4.0000000000009095,2.1428999999999996,1.85710000000091,4.285799999999999,-0.28579999999908967,HIT_TARGET,5.162267027,True,5.162267027,True,0.716811899,True,True,4.445455128,False,,0.9999999999990905
2026-03-19,WALL,ASK,2026-03-19 19:32:33.937878489,1773948753937878489,3.979300634,1.0,2142.6,49.068,4.3098814229249,2,2,4.0000000000009095,4-5,22.676,0.46213418113638216,2142.3,2142.5,1.999999999998181,2142.3,2142.4,0.0,1.999999999998181,2.1424,-0.14240000000181885,4.2848,-2.2848000000018187,HIT_TARGET,0.257518479,True,0.257518479,False,,False,False,,False,,0.0
2026-03-19,WALL,ASK,2026-03-19 19:32:43.428390929,1773948763428390929,3.672768611,1.0,2143.1,109.157,11.107300941236325,4,4,5.9999999999990905,4-5,32.076,0.29385197467867386,2142.6,2143.0,4.0000000000009095,2142.6,2142.7,0.0,4.0000000000009095,2.1428000000000003,1.8572000000009092,4.2856000000000005,-0.285599999999091,HIT_TARGET,15.567073158,True,15.567073158,True,0.612105849,True,True,14.954967309,True,0.917512334,6.999999999998181
2026-03-19,WALL,ASK,2026-03-19 19:33:14.103534550,1773948794103534550,3.010547479,1.0,2144.6,40.765,3.728790304139035,2,2,5.9999999999990905,4-5,20.109,0.493290813197596,2144.3,2144.5,1.999999999998181,2144.3,2144.4,0.0,1.999999999998181,2.1444,-0.14440000000181907,4.2888,-2.288800000001819,HIT_TARGET,0.410190934,True,0.410190934,False,,False,False,,False,,0.0
2026-03-19,WALL,BID,2026-03-19 19:34:02.734988034,1773948842734988034,3.263397413,1.0,2143.6,85.17,14.751883606131463,6,6,5.0,4-5,31.948000000000004,0.3751086063167782,2144.3,2143.7,6.000000000003638,2144.2,2144.3,0.0,6.000000000003638,2.144,3.856000000003638,4.288,1.7120000000036377,HIT_TARGET,18.722258875,True,18.722258875,True,2.076083084,True,True,16.646175791,True,1.938555491,7.0000000000027285
2026-03-19,WALL,BID,2026-03-19 19:34:22.727299278,1773948862727299278,3.973599129,1.0,2142.8,52.045,5.28966358369753,4,4,6.000000000003638,6+,16.124000000000002,0.3098088192909982,2143.3,2142.9,4.0000000000009095,2143.2,2143.3,0.0,4.0000000000009095,2.1431,1.8569000000009095,4.2862,-0.2861999999990905,HIT_TARGET,1.230341368,True,1.230341368,True,0.057172611,True,True,1.173168757,False,,0.0
2026-03-19,WALL,ASK,2026-03-19 19:35:52.866660915,1773948952866660915,3.11831945,0.9978302559732936,2139.5,87.028,6.051175079961062,4,4,6.999999999998181,6+,30.878,0.35480535000229807,2139.0,2139.4,4.0000000000009095,2139.0,2139.1,0.0,4.0000000000009095,2.1391999999999998,1.8608000000009097,4.2783999999999995,-0.27839999999909004,HIT_TARGET,1.377321064,True,1.377321064,True,0.253132086,True,True,1.124188978,False,,0.0
2026-03-19,WALL,BID,2026-03-19 19:40:36.904169958,1773949236904169958,3.053743493,0.9800203959042869,2144.9,75.5,6.79170602257905,4,4,7.9999999999972715,6+,24.751,0.3278278145695364,2145.4,2145.0,4.0000000000009095,2145.3,2145.4,0.0,4.0000000000009095,2.1451999999999996,1.85480000000091,4.290399999999999,-0.2903999999990896,TIMEOUT,60.0,False,,True,2.966866722,True,False,,True,6.079089091,26.99999999999818
2026-03-19,WALL,ASK,2026-03-19 19:40:42.983259049,1773949242983259049,7.040620327,0.9876334964880716,2146.3,56.391,6.818742442563482,5,5,5.0,4-5,24.351,0.4318242272703091,2145.7,2146.2000000000003,5.0000000000045475,2145.7,2145.8,0.0,5.0000000000045475,2.1459499999999996,2.854050000004548,4.291899999999999,0.7081000000045483,HIT_TARGET,0.81648358,True,0.81648358,True,0.05131738,True,True,0.7651662,False,,0.0
2026-03-19,WALL,BID,2026-03-19 19:43:44.890202258,1773949424890202258,6.182521118,1.0,2147.1,24.358,3.258813298548398,2,2,3.999999999996362,2-3,0.878,0.03604565235240988,2147.4,2147.2,2.0000000000027285,2147.3,2147.4,0.0,2.0000000000027285,2.1473,-0.1472999999972715,4.2946,-2.2945999999972715,HIT_TARGET,0.153864534,True,0.153864534,False,,False,False,,False,,0.0
2026-03-19,WALL,BID,2026-03-19 19:46:52.323480552,1773949612323480552,4.337666809,1.0,2145.0,82.411,11.721925894317616,4,4,5.0,4-5,19.736,0.23948259334312166,2145.7,2145.1,5.9999999999990905,2145.4,2145.7,0.0,5.9999999999990905,2.1453999999999995,3.854599999999091,4.290799999999999,1.7091999999990914,HIT_TARGET,24.284913402,True,24.284913402,True,0.433672307,True,True,23.851241095,True,3.723061807,4.0000000000009095
2026-03-19,WALL,ASK,2026-03-19 19:47:37.071617483,1773949657071617483,3.318333931,0.9817105308682088,2146.5,83.973,7.391013510539982,3,3,3.999999999996362,2-3,35.608,0.4240410608171674,2146.1,2146.4,3.000000000001819,2146.1,2146.2,0.0,3.000000000001819,2.1462499999999998,0.8537500000018192,4.2924999999999995,-1.2924999999981805,HIT_TARGET,1.326041041,True,1.326041041,True,0.557732027,True,True,0.768309014,False,,0.0
2026-03-19,WALL,ASK,2026-03-19 19:51:04.772176174,1773949864772176174,3.722928409,0.9905340414511312,2142.5,108.309,12.683295274898999,5,5,9.00000000000091,6+,32.488,0.299956605637574,2141.9,2142.4,5.0,2141.9,2142.0,0.0,5.0,2.14215,2.85785,4.2843,0.7157,HIT_TARGET,3.824434214,True,3.824434214,True,1.021711941,True,True,2.802722273,False,,0.0
2026-03-19,WALL,BID,2026-03-19 19:51:21.611668046,1773949881611668046,4.13136028,0.9204278202045356,2141.2,27.653,3.8037138927097662,4,4,5.9999999999990905,4-5,10.349,0.3742451090297617,2141.7,2141.2999999999997,4.0000000000009095,2141.6,2141.7,0.0,4.0000000000009095,2.1414999999999997,1.8585000000009098,4.2829999999999995,-0.28299999999909,HIT_TARGET,0.049649072,True,0.049649072,False,,False,False,,False,,0.0
2026-03-19,WALL,ASK,2026-03-19 19:54:45.337570580,1773950085337570580,3.39954527,1.0,2141.9,44.748,4.863913043478261,3,3,4.0000000000009095,4-5,18.697,0.41782872977563246,2141.5,2141.8,3.000000000001819,2141.5,2141.6,0.0,3.000000000001819,2.1416500000000003,0.8583500000018187,4.2833000000000006,-1.2832999999981816,HIT_TARGET,0.835554293,True,0.835554293,False,,False,False,,False,,0.0
2026-03-19,WALL,BID,2026-03-19 20:06:22.651315857,1773950782651315857,3.798812599,1.0,2140.4,49.294,8.45088290759472,5,5,4.0000000000009095,4-5,23.496999999999996,0.4766705887126222,2141.0,2140.5,5.0,2140.9,2141.0,0.0,5.0,2.1407499999999997,2.8592500000000003,4.281499999999999,0.7185000000000006,HIT_TARGET,25.424232822,True,25.424232822,True,0.048744738,True,True,25.375488084,False,,0.0
2026-03-19,WALL,BID,2026-03-19 20:08:02.098247343,1773950882098247343,4.445995555,0.9783139987867127,2142.4,49.946,12.932677369238736,3,3,5.0,4-5,5.2940000000000005,0.10599447403195453,2142.8,2142.5,3.000000000001819,2142.7,2142.8,0.0,3.000000000001819,2.14265,0.8573500000018188,4.2853,-1.2852999999981813,TIMEOUT,60.0,False,,True,0.081798217,True,False,,True,11.280196726,25.0
2026-03-19,WALL,ASK,2026-03-19 20:08:21.339684400,1773950901339684400,4.485934652,0.962995830996782,2144.7,26.879,3.369140135372274,3,3,9.00000000000091,6+,11.975000000000001,0.44551508612671603,2144.3,2144.6,2.9999999999972715,2144.3,2144.4,0.0,2.9999999999972715,2.1444499999999995,0.855549999997272,4.288899999999999,-1.2889000000027275,HIT_TARGET,30.225069061,True,30.225069061,True,0.765248641,True,True,29.45982042,False,,0.9999999999990905
2026-03-19,WALL,BID,2026-03-19 20:12:50.231075032,1773951170231075032,5.209011035,0.9185453380403522,2141.6,75.18,9.83194925783038,4,4,4.0000000000009095,4-5,11.248,0.14961425911146578,2142.1,2141.7,4.0000000000009095,2142.0,2142.1,0.0,4.0000000000009095,2.1418999999999997,1.8581000000009098,4.283799999999999,-0.2837999999990899,HIT_TARGET,0.867114935,True,0.867114935,False,,False,False,,False,,0.0
2026-03-19,WALL,BID,2026-03-19 20:17:55.159094492,1773951475159094492,3.05879019,1.0,2143.9,78.584,7.464285714285715,2,2,15.99999999999909,6+,34.688,0.44141301028199126,2144.2,2144.0,1.999999999998181,2144.1,2144.2,0.0,1.999999999998181,2.1441,-0.14410000000181888,4.2882,-2.288200000001819,HIT_TARGET,6.686584038,True,6.686584038,True,0.139156018,True,True,6.54742802,False,,2.0000000000027285
2026-03-19,WALL,ASK,2026-03-19 20:19:13.240163392,1773951553240163392,3.376160415,0.9344041142073517,2145.2,55.364,9.064178127046496,3,3,4.0000000000009095,4-5,19.3,0.3486019796257496,2144.8,2145.1,2.9999999999972715,2144.8,2144.9,0.0,2.9999999999972715,2.1449499999999997,0.8550499999972718,4.289899999999999,-1.2899000000027279,HIT_TARGET,11.377217308,True,11.377217308,True,0.152314968,True,True,11.22490234,False,,0.0
2026-03-19,WALL,ASK,2026-03-19 20:19:39.266110546,1773951579266110546,8.777372918,0.9890909209515713,2147.9,87.94,67.41280183978536,5,5,14.00000000000091,6+,20.643,0.23473959517853082,2147.2,2147.8,6.000000000003638,2147.2,2147.4,0.0,6.000000000003638,2.1475,3.852500000003638,4.295,1.705000000003638,TIMEOUT,60.0,False,,True,0.357054132,True,False,,True,2.543183889,5.9999999999990905
2026-03-19,WALL,ASK,2026-03-19 20:23:03.792317213,1773951783792317213,4.160403161,1.0,2146.4,82.692,4.523879862136878,4,4,4.0000000000009095,4-5,36.28,0.43873651622889764,2145.9,2146.3,4.0000000000009095,2145.9,2146.0,0.0,4.0000000000009095,2.1461,1.8539000000009094,4.2922,-0.29219999999909074,HIT_TARGET,1.072085386,True,1.072085386,True,0.200784135,True,True,0.871301251,False,,0.0
2026-03-19,WALL,ASK,2026-03-19 20:27:01.233089710,1773952021233089710,20.882781244,1.0,2144.7,29.296,3.550599927281542,4,4,5.0,4-5,13.367,0.4562738940469689,2144.2,2144.6,4.0000000000009095,2144.2,2144.3,0.0,4.0000000000009095,2.1443999999999996,1.8556000000009099,4.288799999999999,-0.2887999999990898,HIT_TARGET,8.112499456,True,8.112499456,True,0.049414692,True,True,8.063084764,False,,0.0
2026-03-19,WALL,BID,2026-03-19 20:29:05.984218107,1773952145984218107,10.462875856,0.9998136749372897,2139.7,39.337,5.768311459784442,3,3,10.0,6+,7.0089999999999995,0.1781783054122073,2140.1,2139.7999999999997,3.000000000001819,2140.0,2140.1,0.0,3.000000000001819,2.13995,0.8600500000018192,4.2799,-1.2798999999981806,HIT_TARGET,1.481790813,True,1.481790813,False,,False,False,,False,,0.0
2026-03-19,WALL,ASK,2026-03-19 20:35:30.073057452,1773952530073057452,3.014926938,1.0,2144.2,81.043,10.886291893344081,3,3,5.0,4-5,6.22,0.0767493799587873,2143.8,2144.1,2.9999999999972715,2143.8,2143.9,0.0,2.9999999999972715,2.14395,0.8560499999972717,4.2879,-1.287900000002728,HIT_TARGET,0.492004708,True,0.492004708,False,,False,False,,False,,0.0
2026-03-19,WALL,ASK,2026-03-19 20:39:34.791727115,1773952774791727115,6.174081977,1.0,2148.6,60.645,16.050019849146487,4,4,5.0,4-5,15.076,0.24859427817627175,2148.1,2148.5,4.0000000000009095,2148.1,2148.2,0.0,4.0000000000009095,2.1483,1.8517000000009096,4.2966,-0.29659999999909026,HIT_TARGET,3.620740051,True,3.620740051,True,0.049654453,True,True,3.571085598,False,,0.0
2026-03-19,WALL,ASK,2026-03-19 20:40:38.488698019,1773952838488698019,4.192071247,0.9749917931201612,2152.2,86.735,8.417196370517734,4,4,8.000000000001819,6+,9.845,0.11350665821179455,2151.7,2152.1,4.0000000000009095,2151.7,2151.8,0.0,4.0000000000009095,2.1518999999999995,1.84810000000091,4.303799999999999,-0.30379999999908947,HIT_TARGET,11.283941381,True,11.283941381,True,2.094909457,True,True,9.189031924,False,,1.000000000003638
2026-03-19,WALL,BID,2026-03-19 20:40:57.788498910,1773952857788498910,6.485519047,0.9655911987332415,2151.1,80.418,12.096570397111915,4,4,4.0000000000009095,4-5,11.329999999999998,0.1408888557288169,2151.6,2151.2,4.0000000000009095,2151.5,2151.6,0.0,4.0000000000009095,2.1513999999999998,1.8486000000009097,4.3027999999999995,-0.30279999999909,HIT_TARGET,18.321252555,True,18.321252555,True,0.147012247,True,True,18.174240308,True,3.880481879,3.000000000001819
2026-03-19,WALL,ASK,2026-03-19 20:43:11.651378657,1773952991651378657,14.653736625,0.9739117709166552,2147.4,82.365,8.4390368852459,5,5,5.0,4-5,22.151000000000003,0.26893704850361205,2146.8,2147.3,5.0,2146.8,2146.9,0.0,5.0,2.14705,2.85295,4.2941,0.7058999999999997,HIT_TARGET,0.408894152,True,0.408894152,False,,False,False,,False,,0.0
2026-03-19,WALL,BID,2026-03-19 20:44:13.428048315,1773953053428048315,4.237470159,0.9857521217295727,2148.3,85.786,16.599458204334365,4,4,5.0,4-5,21.407,0.24953955190823676,2148.8,2148.4,4.0000000000009095,2148.7,2148.8,0.0,4.0000000000009095,2.1486,1.8514000000009094,4.2972,-0.29719999999909064,HIT_TARGET,6.888151568,True,6.888151568,True,0.051637494,True,True,6.836514074,False,,0.0
2026-03-19,WALL,ASK,2026-03-19 21:01:47.442279711,1773954107442279711,8.269072236,0.9511901648116162,2148.3,55.654,5.731026670785708,4,4,4.0000000000009095,4-5,20.827,0.3742228770618464,2147.8,2148.2000000000003,4.0000000000009095,2147.8,2147.9,0.0,4.0000000000009095,2.1479999999999997,1.8520000000009098,4.295999999999999,-0.2959999999990899,HIT_TARGET,1.684358782,True,1.684358782,True,0.862817323,True,True,0.821541459,False,,0.0
2026-03-19,WALL,ASK,2026-03-19 21:01:51.930763658,1773954111930763658,3.068230043,1.0,2148.7,60.578,5.416487839771102,4,4,4.0000000000009095,4-5,29.191,0.4818746079434778,2148.2,2148.6,4.0000000000009095,2148.2,2148.3,0.0,4.0000000000009095,2.1483999999999996,1.8516000000009099,4.296799999999999,-0.2967999999990898,HIT_TARGET,8.727847171,True,8.727847171,True,0.910916011,True,True,7.81693116,False,,0.0
2026-03-19,WALL,ASK,2026-03-19 21:02:33.383117071,1773954153383117071,3.017117752,0.9455479846979469,2149.1,82.175,7.352151740180728,5,5,4.0000000000009095,4-5,22.827,0.27778521448128995,2148.5,2149.0,5.0,2148.5,2148.6,0.0,5.0,2.14875,2.85125,4.2975,0.7024999999999997,HIT_TARGET,10.709183174,True,10.709183174,True,3.924736417,True,True,6.784446757,False,,0.0
2026-03-19,WALL,ASK,2026-03-19 21:02:46.597666378,1773954166597666378,5.566532166,0.978616691424684,2149.6,57.333,7.18323623379064,4,4,3.999999999996362,2-3,14.11,0.2461060820121047,2149.1,2149.5,4.0000000000009095,2149.1,2149.2,0.0,4.0000000000009095,2.1492999999999998,1.8507000000009097,4.2985999999999995,-0.29859999999909004,HIT_TARGET,12.91445357,True,12.91445357,False,,False,False,,False,,0.0
2026-03-19,WALL,BID,2026-03-19 21:04:06.938323871,1773954246938323871,3.754801508,0.9129721085645202,2147.9,25.756,3.2479192938209334,2,2,4.0000000000009095,4-5,1.3960000000000001,0.054200962882435165,2148.2,2148.0,1.999999999998181,2148.1,2148.2,0.0,1.999999999998181,2.1481,-0.1481000000018189,4.2962,-2.296200000001819,HIT_TARGET,0.276714912,True,0.276714912,False,,False,False,,False,,0.0
2026-03-19,WALL,ASK,2026-03-19 21:10:52.571121218,1773954652571121218,3.030513287,0.928936623731754,2154.4,88.386,8.330835571893115,4,4,6.999999999998181,6+,32.557,0.3683501912067522,2153.9,2154.3,4.0000000000009095,2153.9,2154.0,0.0,4.0000000000009095,2.1541,1.8459000000009094,4.3082,-0.30819999999909076,HIT_TARGET,22.803112207,True,22.803112207,True,6.873946813,True,True,15.929165394,False,,0.0
2026-03-19,WALL,ASK,2026-03-19 21:12:48.122442707,1773954768122442707,15.657490462,0.9771236905512222,2155.0,89.451,7.132400430570506,4,4,5.0,4-5,21.768,0.24335110842807797,2154.5,2154.9,4.0000000000009095,2154.5,2154.6,0.0,4.0000000000009095,2.1546999999999996,1.8453000000009099,4.309399999999999,-0.30939999999908974,HIT_TARGET,7.402835962,True,7.402835962,True,6.640971603,True,True,0.761864359,False,,0.0
2026-03-19,WALL,ASK,2026-03-19 21:13:00.225635039,1773954780225635039,5.462220729,0.9222953640912815,2155.8,55.706,8.041865165295222,4,4,4.0000000000009095,4-5,15.947000000000003,0.28627077873119594,2155.3,2155.7000000000003,4.0000000000009095,2155.3,2155.4,0.0,4.0000000000009095,2.1555,1.8445000000009095,4.311,-0.31099999999909045,HIT_TARGET,7.247811258,True,7.247811258,True,0.252362962,True,True,6.995448296,False,,0.0
2026-03-19,WALL,BID,2026-03-19 21:13:20.537706867,1773954800537706867,3.877713448,0.9845851737624322,2154.4,47.658,15.501057082452432,4,4,3.999999999996362,2-3,10.098,0.21188467833312352,2154.9,2154.5,4.0000000000009095,2154.8,2154.9,0.0,4.0000000000009095,2.1546999999999996,1.8453000000009099,4.309399999999999,-0.30939999999908974,HIT_TARGET,0.050727034,True,0.050727034,False,,False,False,,False,,0.0
2026-03-19,WALL,ASK,2026-03-19 21:14:47.601979724,1773954887601979724,4.07128402,0.9829445895548206,2154.6,62.854,3.9227360669038256,3,3,5.0,4-5,30.060000000000002,0.4782511852865371,2154.2,2154.5,3.000000000001819,2154.2,2154.3,0.0,3.000000000001819,2.1543499999999995,0.8456500000018194,4.308699999999999,-1.30869999999818,TIMEOUT,60.0,False,,True,5.073445721,True,False,,True,13.188191701,11.000000000003638
2026-03-19,WALL,ASK,2026-03-19 21:17:21.940643344,1773955041940643344,3.070933008,0.9653478787317135,2153.7,70.096,7.741992489507401,3,3,4.0000000000009095,4-5,34.314,0.4895286464277562,2153.3,2153.6,2.9999999999972715,2153.3,2153.4,0.0,2.9999999999972715,2.15345,0.8465499999972717,4.3069,-1.3069000000027282,TIMEOUT,60.0,False,,True,19.486639942,True,False,,True,20.97210569,14.00000000000091
2026-03-19,WALL,BID,2026-03-19 21:20:12.012332389,1773955212012332389,7.909550165,0.986765216881332,2149.0,33.988,4.567358731438555,4,4,5.9999999999990905,4-5,14.693000000000001,0.4322996351653525,2149.5,2149.1,4.0000000000009095,2149.4,2149.5,0.0,4.0000000000009095,2.1492999999999998,1.8507000000009097,4.2985999999999995,-0.29859999999909004,HIT_TARGET,1.327489943,True,1.327489943,True,0.101991182,True,True,1.225498761,False,,0.0
2026-03-19,WALL,ASK,2026-03-19 21:20:45.544838004,1773955245544838004,5.109384629,0.9533623091032319,2149.5,84.251,9.742815842729113,4,4,4.0000000000009095,4-5,37.47,0.4447424956380339,2149.0,2149.4,4.0000000000009095,2149.0,2149.1,0.0,4.0000000000009095,2.1491999999999996,1.85080000000091,4.298399999999999,-0.2983999999990896,HIT_TARGET,9.387184556,True,9.387184556,True,3.303999579,True,True,6.083184977,False,,0.0
2026-03-19,WALL,ASK,2026-03-19 21:21:58.336653726,1773955318336653726,3.096272347,0.868706460724012,2150.4,74.451,10.463214110041458,3,3,4.0000000000009095,4-5,3.5900000000000003,0.048219634390404435,2149.9,2150.3,4.0000000000009095,2149.9,2150.1,0.0,4.0000000000009095,2.1501,1.8499000000009094,4.3002,-0.30019999999909075,HIT_TARGET,13.257416362,True,13.257416362,True,1.071107924,True,True,12.186308438,False,,0.0
2026-03-19,WALL,ASK,2026-03-19 21:24:01.799583542,1773955441799583542,3.218310602,0.9649256933343067,2148.2,32.987,3.3787770152617025,3,3,4.0000000000009095,4-5,12.904000000000002,0.3911844059781126,2147.8,2148.1,2.9999999999972715,2147.8,2147.9,0.0,2.9999999999972715,2.14795,0.8520499999972717,4.2959,-1.295900000002728,HIT_TARGET,2.704148365,True,2.704148365,False,,False,False,,False,,0.0
2026-03-19,WALL,ASK,2026-03-19 21:24:04.553266396,1773955444553266396,4.197645296,0.9952756241650771,2148.9,50.724,6.073275862068965,4,4,6.999999999998181,6+,19.542,0.3852614147149279,2148.4,2148.8,4.0000000000009095,2148.4,2148.5,0.0,4.0000000000009095,2.1486,1.8514000000009094,4.2972,-0.29719999999909064,TIMEOUT,60.0,False,,True,1.768844792,True,False,,True,11.276272154,24.00000000000091
2026-03-19,WALL,ASK,2026-03-19 21:24:30.831835062,1773955470831835062,13.396586001,0.991825673347536,2147.9,77.086,13.250709067468843,5,5,5.0,4-5,15.108,0.19598889551929016,2147.3,2147.8,5.0,2147.3,2147.4,0.0,5.0,2.1475500000000003,2.8524499999999997,4.295100000000001,0.7048999999999994,HIT_TARGET,49.278120299,True,49.278120299,True,0.355799309,True,True,48.92232099,True,1.991126881,13.000000000001819
2026-03-19,WALL,ASK,2026-03-19 21:29:26.731629351,1773955766731629351,6.693704405,0.9859070898126999,2148.7,52.423,4.065531815890496,2,2,5.9999999999990905,4-5,19.424,0.37052438815023936,2148.4,2148.6,1.999999999998181,2148.4,2148.5,0.0,1.999999999998181,2.1485,-0.14850000000181884,4.297,-2.2970000000018187,HIT_TARGET,7.915462711,True,7.915462711,True,0.370043325,True,True,7.545419386,False,,0.0
2026-03-19,WALL,ASK,2026-03-19 21:30:07.622523802,1773955807622523802,3.093549766,1.0,2150.6,51.817,3.4385347888118387,2,2,4.0000000000009095,4-5,15.522,0.2995542003589556,2150.3,2150.5,1.999999999998181,2150.3,2150.4,0.0,1.999999999998181,2.1504,-0.15040000000181886,4.3008,-2.3008000000018187,HIT_TARGET,15.162516117,True,15.162516117,True,13.427452713,True,True,1.735063404,False,,0.0
2026-03-19,WALL,BID,2026-03-19 21:33:51.815621769,1773956031815621769,5.056902046,0.9867915762669689,2146.7,76.184,15.170051772202308,2,2,7.9999999999972715,6+,14.033999999999999,0.184211908012181,2147.5,2146.7999999999997,7.0000000000027285,2146.9,2147.5,0.0,7.0000000000027285,2.1471499999999994,4.852850000002729,4.294299999999999,2.7057000000027296,HIT_TARGET,0.051891702,True,0.051891702,False,,False,False,,False,,0.0
2026-03-19,WALL,ASK,2026-03-19 21:40:21.400966324,1773956421400966324,7.807234924,0.966056066510136,2148.9,53.596,9.893124134748499,3,3,4.0000000000009095,4-5,22.328,0.416598253601015,2148.5,2148.8,3.000000000001819,2148.5,2148.6,0.0,3.000000000001819,2.14865,0.851350000001819,4.2973,-1.297299999998181,HIT_TARGET,1.174537286,True,1.174537286,True,0.252093832,True,True,0.922443454,False,,0.0
2026-03-19,WALL,BID,2026-03-19 21:41:09.600607208,1773956469600607208,7.402426043,0.9582016219814059,2148.2,89.07,11.58332791468886,4,4,5.9999999999990905,4-5,29.86,0.3352419445380038,2148.8,2148.2999999999997,5.0000000000045475,2148.6,2148.8,0.0,5.0000000000045475,2.14855,2.8514500000045473,4.2971,0.7029000000045471,HIT_TARGET,0.510273566,True,0.510273566,False,,False,False,,False,,0.0
2026-03-19,WALL,BID,2026-03-19 21:41:20.420128617,1773956480420128617,4.189832265,0.9724277229508613,2148.8,63.424,6.834482758620688,4,4,5.0,4-5,22.675,0.35751450554994957,2149.3,2148.9,4.0000000000009095,2149.2,2149.3,0.0,4.0000000000009095,2.1491000000000002,1.8509000000009093,4.2982000000000005,-0.29819999999909097,HIT_TARGET,0.407068775,True,0.407068775,False,,False,False,,False,,0.0
2026-03-19,WALL,ASK,2026-03-19 21:41:45.879871711,1773956505879871711,12.410605826,0.9612016907352545,2151.3,55.011,5.904368358913814,5,5,5.0,4-5,16.865000000000002,0.3065750486266383,2150.7,2151.2000000000003,5.0000000000045475,2150.7,2150.8,0.0,5.0000000000045475,2.1509499999999995,2.849050000004548,4.301899999999999,0.6981000000045485,HIT_TARGET,0.6139409,True,0.6139409,True,0.105528318,True,True,0.508412582,False,,0.0
2026-03-19,WALL,BID,2026-03-19 21:41:49.662958921,1773956509662958921,3.881986298,1.0,2150.4,56.149,5.034430198152964,4,4,3.999999999996362,2-3,23.167,0.41259862152487137,2150.9,2150.5,4.0000000000009095,2150.8,2150.9,0.0,4.0000000000009095,2.1506999999999996,1.8493000000009099,4.301399999999999,-0.30139999999908973,HIT_TARGET,43.544451267,True,43.544451267,True,0.408494806,True,True,43.135956461,False,,0.0
2026-03-19,WALL,BID,2026-03-19 21:46:20.022600777,1773956780022600777,6.530894037,0.9522764463434519,2148.5,77.485,13.168762746430998,5,5,4.0000000000009095,4-5,29.609,0.3821255726914887,2149.1,2148.6,5.0,2149.0,2149.1,0.0,5.0,2.14885,2.85115,4.2977,0.7023000000000001,TIMEOUT,60.0,False,,True,41.39086974,True,False,,True,2.496627778,5.0
2026-03-19,WALL,BID,2026-03-19 21:49:12.488546390,1773956952488546390,17.611272779,0.9706305097030375,2147.9,96.327,11.793939393939393,4,4,3.999999999996362,2-3,25.501,0.26473366761136546,2148.4,2148.0,4.0000000000009095,2148.3,2148.4,0.0,4.0000000000009095,2.1481999999999997,1.8518000000009098,4.296399999999999,-0.29639999999908984,HIT_TARGET,3.114480633,True,3.114480633,True,2.14562519,True,True,0.968855443,False,,0.0
2026-03-19,WALL,BID,2026-03-19 21:52:45.640184183,1773957165640184183,3.018732312,0.9498914056080108,2146.4,20.436,3.0356506238859184,3,3,6.000000000003638,6+,7.705,0.3770307300841652,2146.8,2146.5,3.000000000001819,2146.7,2146.8,0.0,3.000000000001819,2.14665,0.8533500000018188,4.2933,-1.2932999999981813,HIT_TARGET,0.758453857,True,0.758453857,False,,False,False,,False,,0.0
2026-03-19,WALL,BID,2026-03-19 21:56:02.089324377,1773957362089324377,3.318803333,1.0,2152.0,32.185,6.608151113848682,3,3,3.999999999996362,2-3,8.904,0.27665061363989435,2152.4,2152.1,3.000000000001819,2152.3,2152.4,0.0,3.000000000001819,2.15225,0.847750000001819,4.3045,-1.304499999998181,HIT_TARGET,16.538411365,True,16.538411365,True,4.132679509,True,True,12.405731856,False,,0.0
2026-03-19,WALL,ASK,2026-03-19 21:58:23.096458795,1773957503096458795,3.001228055,1.0,2153.4,65.461,3.899505569786144,3,3,4.0000000000009095,4-5,32.227999999999994,0.49232367363773843,2153.0,2153.3,3.000000000001819,2153.0,2153.1,0.0,3.000000000001819,2.15315,0.8468500000018189,4.3063,-1.3062999999981812,TIMEOUT,60.0,False,,True,2.940648174,True,False,,True,17.576117629,16.99999999999818
2026-03-19,WALL,ASK,2026-03-19 22:00:41.091557816,1773957641091557816,4.082135161,0.9469005580533251,2151.4,49.905,6.123688569850912,1,1,4.0000000000009095,4-5,1.264,0.025328123434525597,2151.0,2151.3,3.000000000001819,2151.0,2151.3,0.0,3.000000000001819,2.15115,0.8488500000018191,4.3023,-1.3022999999981808,HIT_TARGET,0.048396097,True,0.048396097,False,,False,False,,False,,0.0
2026-03-19,WALL,BID,2026-03-19 22:01:25.593618865,1773957685593618865,10.459123544,0.9804100949627333,2147.8,53.614,8.319342074637287,4,4,14.00000000000091,6+,22.650999999999996,0.42248293356212924,2148.3,2147.9,4.0000000000009095,2148.2,2148.3,0.0,4.0000000000009095,2.1481000000000003,1.8519000000009092,4.296200000000001,-0.2961999999990912,TIMEOUT,60.0,False,,True,0.358912107,True,False,,True,0.612494544,17.00000000000273
2026-03-19,WALL,ASK,2026-03-19 22:08:27.678494082,1773958107678494082,5.840938513,1.0,2149.0,59.607,5.944056641404068,4,4,4.0000000000009095,4-5,26.956,0.4522287650779271,2148.5,2148.9,4.0000000000009095,2148.5,2148.6,0.0,4.0000000000009095,2.1487,1.8513000000009097,4.2974,-0.29739999999909017,HIT_TARGET,6.986945547,True,6.986945547,False,,False,False,,False,,0.0
2026-03-19,WALL,BID,2026-03-19 22:14:52.538348640,1773958492538348640,6.889575469,0.9923497171578773,2150.1,36.747,3.4923968827219163,3,3,6.999999999998181,6+,18.198999999999998,0.4952513130323563,2150.5,2150.2,3.000000000001819,2150.4,2150.5,0.0,3.000000000001819,2.15035,0.849650000001819,4.3007,-1.300699999998181,HIT_TARGET,8.935376703,True,8.935376703,True,0.409789666,True,True,8.525587037,False,,1.999999999998181
2026-03-19,WALL,BID,2026-03-19 22:17:02.413515201,1773958622413515201,3.981097341,0.9860249345257092,2148.4,51.167,8.639425918108907,5,5,6.999999999998181,6+,23.657,0.46234877948677855,2149.0,2148.5,5.0,2148.9,2149.0,0.0,5.0,2.14875,2.85125,4.2975,0.7024999999999997,HIT_TARGET,4.086557178,True,4.086557178,False,,False,False,,False,,0.0
2026-03-19,WALL,ASK,2026-03-19 22:19:40.143943678,1773958780143943678,3.094855605,1.0,2151.7,43.93,3.0257946757585152,2,2,5.9999999999990905,4-5,17.055,0.38823127703164123,2151.4,2151.6,1.999999999998181,2151.4,2151.5,0.0,1.999999999998181,2.1515,-0.15150000000181896,4.303,-2.303000000001819,HIT_TARGET,4.824992392,True,4.824992392,True,3.855905957,True,True,0.969086435,False,,0.0
2026-03-19,WALL,BID,2026-03-19 22:23:12.065801472,1773958992065801472,9.82149415,0.9732774851777517,2148.8,51.326,4.859726364626237,3,3,5.0,4-5,5.364,0.10450843627011651,2149.2,2148.9,2.9999999999972715,2149.1,2149.2,0.0,2.9999999999972715,2.14905,0.8509499999972716,4.2981,-1.2981000000027283,HIT_TARGET,0.152932658,True,0.152932658,False,,False,False,,False,,0.0
2026-03-19,WALL,BID,2026-03-19 22:29:54.081149964,1773959394081149964,22.397500407,0.937239685703469,2149.9,64.12,12.477135629499903,3,3,16.000000000003638,6+,26.380000000000003,0.41141609482220837,2150.3,2150.0,3.000000000001819,2150.2,2150.3,0.0,3.000000000001819,2.15015,0.849850000001819,4.3003,-1.300299999998181,HIT_TARGET,0.152512754,True,0.152512754,False,,False,False,,False,,0.0
2026-03-19,WALL,BID,2026-03-19 22:29:54.283711388,1773959394283711388,17.44732912,0.9291387808130027,2149.8,29.071,3.6028008427314417,2,2,18.00000000000182,6+,9.975999999999999,0.343159850022359,2150.1,2149.9,1.999999999998181,2150.0,2150.1,0.0,1.999999999998181,2.15,-0.1500000000018189,4.3,-2.300000000001819,HIT_TARGET,0.613841743,True,0.613841743,False,,False,False,,False,,0.0
2026-03-19,WALL,BID,2026-03-19 22:32:51.185687015,1773959571185687015,5.259090729,1.0,2148.7,9.564,5.860294117647059,7,7,11.999999999998181,6+,2.774,0.29004600585529067,2149.6,2148.7999999999997,8.000000000001819,2149.4,2149.6,0.0,8.000000000001819,2.1491999999999996,5.850800000001819,4.298399999999999,3.70160000000182,HIT_TARGET,0.051032557,True,0.051032557,False,,False,False,,False,,0.0
2026-03-19,WALL,BID,2026-03-19 22:32:58.837235318,1773959578837235318,4.028531307,1.0,2144.2,55.079,7.734728268501614,5,5,13.000000000001819,6+,25.334,0.45995751556854697,2144.8,2144.2999999999997,5.0000000000045475,2144.7,2144.8,0.0,5.0000000000045475,2.1445499999999997,2.8554500000045477,4.2890999999999995,0.710900000004548,HIT_TARGET,2.806502899,True,2.806502899,True,0.658971316,True,True,2.147531583,True,1.224336449,3.000000000001819
2026-03-19,WALL,BID,2026-03-19 22:33:12.771696991,1773959592771696991,3.228179944,1.0,2141.9,9.5,4.788306451612903,1,1,18.00000000000182,6+,3.896,0.41010526315789475,2142.5,2142.0,5.0,2142.0,2142.5,0.0,5.0,2.1422499999999998,2.8577500000000002,4.2844999999999995,0.7155000000000005,HIT_TARGET,0.051039403,True,0.051039403,False,,False,False,,False,,0.0
2026-03-19,WALL,BID,2026-03-19 22:42:03.837416421,1773960123837416421,4.700640356,0.9470640693278344,2136.3,31.02,3.0443103194464887,2,2,5.9999999999990905,4-5,15.479000000000001,0.4990006447453256,2136.6,2136.4,1.999999999998181,2136.5,2136.6,0.0,1.999999999998181,2.1365,-0.13650000000181883,4.273,-2.2730000000018187,TIMEOUT,60.0,False,,True,5.234907271,True,False,,True,49.866974279,4.0000000000009095
2026-03-19,WALL,ASK,2026-03-19 22:43:52.499928299,1773960232499928299,5.14893503,0.9903427062663869,2139.8,51.008,7.0938043251512415,5,5,4.0000000000009095,4-5,23.772,0.4660445420326223,2139.2,2139.7000000000003,5.0000000000045475,2139.2,2139.3,0.0,5.0000000000045475,2.1394499999999996,2.860550000004548,4.278899999999999,0.7211000000045482,TIMEOUT,60.0,False,,True,0.107759423,True,False,,True,8.330708117,12.000000000002728
2026-03-19,WALL,BID,2026-03-19 22:44:01.187417128,1773960241187417128,6.737395477,0.9690093035635527,2138.3,74.295,5.369299703692997,4,4,5.0,4-5,31.435,0.4231105727168719,2138.8,2138.4,4.0000000000009095,2138.7,2138.8,0.0,4.0000000000009095,2.1386000000000003,1.8614000000009092,4.277200000000001,-0.27719999999909106,HIT_TARGET,0.499895449,True,0.499895449,False,,False,False,,False,,0.0
2026-03-19,WALL,ASK,2026-03-19 22:48:39.377544366,1773960519377544366,10.47424802,0.9886361910876348,2137.7,72.679,7.2839246341952295,4,4,5.0,4-5,15.710999999999999,0.21616973266005307,2137.2,2137.6,4.0000000000009095,2137.2,2137.3,0.0,4.0000000000009095,2.1373999999999995,1.86260000000091,4.274799999999999,-0.27479999999908955,HIT_TARGET,37.001005313,True,37.001005313,True,14.850817291,True,True,22.150188022,False,,0.0
2026-03-19,WALL,ASK,2026-03-19 22:50:00.217593228,1773960600217593228,16.976764034,0.9571554424893175,2140.2,90.987,10.507795357431576,6,6,4.0000000000009095,4-5,22.556,0.24790354666051195,2139.5,2140.1,5.9999999999990905,2139.5,2139.6,0.0,5.9999999999990905,2.1398,3.8601999999990904,4.2796,1.7203999999990902,HIT_TARGET,42.101102815,True,42.101102815,True,0.046537503,True,True,42.054565312,False,,0.0
2026-03-19,WALL,BID,2026-03-19 22:52:12.498902552,1773960732498902552,3.797201498,0.9456693767479389,2140.3,28.935,3.149387755102041,3,3,5.0,4-5,11.811,0.40819077242094354,2140.7,2140.4,2.9999999999972715,2140.6,2140.7,0.0,2.9999999999972715,2.14055,0.8594499999972713,4.2811,-1.2811000000027288,HIT_TARGET,20.721650938,True,20.721650938,True,3.177979885,True,True,17.543671053,False,,0.9999999999990905
2026-03-19,WALL,BID,2026-03-19 22:53:43.413631414,1773960823413631414,8.475835927,0.972283097617352,2139.6,47.714,7.563446144091305,1,1,4.0000000000009095,4-5,0.467,0.00978748375738777,2139.8,2139.7,1.000000000003638,2139.7,2139.8,0.0,1.000000000003638,2.13975,-1.1397499999963618,4.2795,-3.2794999999963617,HIT_TARGET,0.047658632,True,0.047658632,False,,False,False,,False,,0.0
2026-03-19,WALL,ASK,2026-03-19 23:00:09.143030908,1773961209143030908,3.011461037,1.0,2143.4,74.925,6.450154958677686,3,3,6.999999999998181,6+,15.280999999999999,0.2039506172839506,2143.0,2143.3,3.000000000001819,2143.0,2143.1,0.0,3.000000000001819,2.14315,0.8568500000018191,4.2863,-1.2862999999981808,HIT_TARGET,0.306636769,True,0.306636769,False,,False,False,,False,,0.0
2026-03-19,WALL,BID,2026-03-19 23:00:16.790206245,1773961216790206245,4.43867877,1.0,2141.8,32.496,3.493442270479467,4,4,6.000000000003638,6+,10.949000000000002,0.3369337764647957,2142.3,2141.9,4.0000000000009095,2142.2,2142.3,0.0,4.0000000000009095,2.1421,1.8579000000009094,4.2842,-0.28419999999909074,HIT_TARGET,11.183343889,True,11.183343889,True,2.607102039,True,True,8.57624185,True,2.250461474,3.000000000001819
2026-03-19,WALL,ASK,2026-03-19 23:01:53.370574575,1773961313370574575,13.27865772,0.9816756796409087,2142.8,74.033,6.518136995949991,4,4,5.0,4-5,21.378,0.2887631191495684,2142.3,2142.7000000000003,4.0000000000009095,2142.3,2142.4,0.0,4.0000000000009095,2.1424999999999996,1.8575000000009099,4.284999999999999,-0.28499999999908976,HIT_TARGET,4.440181848,True,4.440181848,True,0.050759778,True,True,4.38942207,False,,0.0
2026-03-19,WALL,BID,2026-03-19 23:02:22.837155007,1773961342837155007,3.014023276,0.9931096248773628,2143.0,35.051,3.8651375640954955,1,1,4.0000000000009095,4-5,13.744,0.3921143476648312,2143.2,2143.1,0.9999999999990905,2143.1,2143.2,0.0,0.9999999999990905,2.1431499999999994,-1.143150000000909,4.286299999999999,-3.2863000000009084,HIT_TARGET,0.055580153,True,0.055580153,False,,False,False,,False,,0.0
2026-03-19,WALL,BID,2026-03-19 23:16:44.395784118,1773962204395784118,7.350548372,0.987957446911418,2143.2,37.198,4.573149741824441,3,3,4.0000000000009095,4-5,4.141,0.11132318941878595,2143.6,2143.2999999999997,3.000000000001819,2143.5,2143.6,0.0,3.000000000001819,2.1434499999999996,0.8565500000018194,4.286899999999999,-1.2868999999981803,HIT_TARGET,0.153087851,True,0.153087851,False,,False,False,,False,,0.0
2026-03-19,WALL,BID,2026-03-19 23:17:27.074230410,1773962247074230410,5.616626567,1.0,2142.3,83.782,7.704800441419901,4,4,5.0,4-5,30.506999999999998,0.3641235587596381,2142.8,2142.4,4.0000000000009095,2142.7,2142.8,0.0,4.0000000000009095,2.1426000000000003,1.8574000000009092,4.285200000000001,-0.28519999999909107,TIMEOUT,60.0,False,,True,0.051375525,True,False,,True,8.470233868,13.000000000001819
2026-03-19,WALL,ASK,2026-03-19 23:18:40.633798727,1773962320633798727,5.770653675,0.9642964910729979,2142.4,36.738,4.243488304937915,3,3,5.0,4-5,6.398999999999999,0.1741793238608525,2142.0,2142.3,3.000000000001819,2142.0,2142.1,0.0,3.000000000001819,2.14215,0.857850000001819,4.2843,-1.284299999998181,TIMEOUT,60.0,False,,True,3.41537979,True,False,,True,23.166305969,20.0
2026-03-19,WALL,ASK,2026-03-19 23:20:23.365787762,1773962423365787762,3.021935017,0.9557450463866146,2141.2,73.657,6.804027527596878,4,4,4.0000000000009095,4-5,16.128,0.21896085911725974,2140.7,2141.1,4.0000000000009095,2140.7,2140.8,0.0,4.0000000000009095,2.1409,1.8591000000009097,4.2818,-0.2817999999990901,TIMEOUT,60.0,False,,True,4.594752517,True,False,,True,17.964295269,18.00000000000182
2026-03-19,WALL,ASK,2026-03-19 23:21:14.105612874,1773962474105612874,4.501541004,0.9874731268803522,2140.3,60.249,9.56940914866582,6,6,5.9999999999990905,4-5,26.817999999999998,0.4451194210692293,2139.5,2140.2000000000003,7.0000000000027285,2139.5,2139.7,0.0,7.0000000000027285,2.13985,4.8601500000027285,4.2797,2.7203000000027284,HIT_TARGET,7.912903336,True,7.912903336,True,0.152463367,True,True,7.760439969,False,,0.0
2026-03-19,WALL,BID,2026-03-19 23:30:25.573170507,1773963025573170507,3.010587899,0.9986240381815871,2144.0,12.23,3.0204988886144726,1,1,5.0,4-5,0.466,0.038103025347506134,2144.2,2144.1,0.9999999999990905,2144.1,2144.2,0.0,0.9999999999990905,2.1441499999999993,-1.1441500000009088,4.288299999999999,-3.288300000000908,HIT_TARGET,0.04479406,True,0.04479406,False,,False,False,,False,,0.0
2026-03-19,WALL,BID,2026-03-19 23:30:57.017733658,1773963057017733658,17.537009873,0.9766862046631181,2143.0,53.527,7.158408559010365,3,3,3.999999999996362,2-3,18.008,0.33642834457376647,2143.4,2143.1,3.000000000001819,2143.3,2143.4,0.0,3.000000000001819,2.1432499999999997,0.8567500000018193,4.286499999999999,-1.2864999999981803,HIT_TARGET,0.307609209,True,0.307609209,False,,False,False,,False,,0.0
2026-03-19,WALL,BID,2026-03-19 23:32:36.354473159,1773963156354473159,3.275809279,1.0,2139.6,57.164,11.36122428699195,6,6,4.0000000000009095,4-5,20.662000000000003,0.36145126303267794,2140.3,2139.7,6.000000000003638,2140.2,2140.3,0.0,6.000000000003638,2.1399999999999997,3.8600000000036383,4.279999999999999,1.7200000000036386,HIT_TARGET,1.065172016,True,1.065172016,True,0.050891181,True,True,1.014280835,False,,0.0
2026-03-19,WALL,BID,2026-03-19 23:37:01.284477339,1773963421284477339,75.09188512,0.9838047226267317,2134.6,53.752,9.169566700784715,6,6,13.000000000001819,6+,20.266000000000002,0.37702783152254804,2135.3,2134.7,6.000000000003638,2135.2,2135.3,0.0,6.000000000003638,2.135,3.865000000003638,4.27,1.7300000000036384,HIT_TARGET,2.651985985,True,2.651985985,True,0.203287453,True,True,2.448698532,True,0.305636229,3.000000000001819
2026-03-19,WALL,BID,2026-03-19 23:39:40.381508382,1773963580381508382,22.765794638,0.9955618053484788,2133.6,46.426,22.836202656173146,4,4,14.00000000000091,6+,1.159,0.024964459570068497,2135.1,2133.7,14.00000000000091,2134.0,2135.1,0.0,14.00000000000091,2.1343999999999994,11.86560000000091,4.268799999999999,9.73120000000091,HIT_TARGET,0.153001535,True,0.153001535,False,,False,False,,False,,0.9999999999990905
2026-03-19,WALL,BID,2026-03-19 23:39:40.432426063,1773963580432426063,22.103896208,0.9954289041601891,2133.5,88.534,35.28656835392587,6,6,13.000000000001819,6+,19.738,0.22294259832380778,2134.2,2133.6,5.9999999999990905,2134.1,2134.2,0.0,5.9999999999990905,2.1338999999999997,3.866099999999091,4.267799999999999,1.7321999999990911,HIT_TARGET,0.203754436,True,0.203754436,False,,False,False,,False,,0.0
2026-03-19,WALL,ASK,2026-03-19 23:39:45.637829407,1773963585637829407,3.938740331,1.0,2135.6,53.44,5.34506901380276,4,4,6.999999999998181,6+,17.199,0.32183757485029946,2135.1,2135.5,4.0000000000009095,2135.1,2135.2,0.0,4.0000000000009095,2.1353,1.8647000000009095,4.2706,-0.27059999999909046,TIMEOUT,60.0,False,,True,0.046074716,True,False,,True,4.134246,42.99999999999727
2026-03-19,WALL,BID,2026-03-19 23:39:54.515476763,1773963594515476763,4.743401356,0.9551541181032626,2132.6,9.9,7.061340941512126,4,4,14.00000000000091,6+,1.282,0.1294949494949495,2133.1,2132.7,4.0000000000009095,2133.0,2133.1,0.0,4.0000000000009095,2.1328999999999994,1.8671000000009101,4.265799999999999,-0.2657999999990892,HIT_TARGET,0.05081011,True,0.05081011,False,,False,False,,False,,0.0
2026-03-19,WALL,ASK,2026-03-19 23:43:13.831464672,1773963793831464672,16.896205555,0.9978836217466934,2134.3,79.206,6.176869687280668,5,5,5.0,4-5,29.645,0.3742772012221296,2133.7,2134.2000000000003,5.0000000000045475,2133.7,2133.8,0.0,5.0000000000045475,2.1339499999999996,2.866050000004548,4.267899999999999,0.7321000000045483,TIMEOUT,60.0,False,,True,4.027512875,True,False,,True,6.51753718,11.000000000003638
2026-03-19,WALL,ASK,2026-03-19 23:45:28.315936201,1773963928315936201,5.813320348,0.9992736976895739,2134.9,76.335,7.09037711313394,3,3,6.999999999998181,6+,32.308,0.42323966725617346,2134.5,2134.8,3.000000000001819,2134.5,2134.6,0.0,3.000000000001819,2.13465,0.8653500000018188,4.2693,-1.2692999999981813,HIT_TARGET,11.594569893,True,11.594569893,True,0.262653831,True,True,11.331916062,False,,0.0
2026-03-19,WALL,ASK,2026-03-19 23:46:34.783712555,1773963994783712555,3.427095941,1.0,2136.4,24.644,4.110416145442415,7,7,10.99999999999909,6+,9.201,0.3733565979548775,2135.2,2136.3,11.000000000003638,2135.2,2135.7,0.0,11.000000000003638,2.13575,8.864250000003638,4.2715,6.728500000003638,TIMEOUT,60.0,False,,True,0.051027139,True,False,,True,25.674669629,2.9999999999972715
2026-03-19,WALL,BID,2026-03-19 23:54:00.502012847,1773964440502012847,14.188472313,0.949991873589527,2137.0,36.772,6.9729780980373555,1,1,4.0000000000009095,4-5,0.467,0.012699880343739802,2137.2,2137.1,0.9999999999990905,2137.1,2137.2,0.0,0.9999999999990905,2.1371499999999997,-1.1371500000009092,4.274299999999999,-3.274300000000909,HIT_TARGET,0.03318844,True,0.03318844,False,,False,False,,False,,0.0
2026-03-19,WALL,BID,2026-03-19 23:57:07.310278700,1773964627310278700,5.516478414,1.0,2138.8,50.121,7.4545995389306166,2,2,4.0000000000009095,4-5,6.393,0.12755132579158435,2139.2,2138.9,2.9999999999972715,2139.0,2139.2,0.0,2.9999999999972715,2.13905,0.8609499999972714,4.2781,-1.2781000000027287,HIT_TARGET,0.717008985,True,0.717008985,True,0.066908252,True,True,0.650100733,False,,0.0
2026-03-19,WALL,BID,2026-03-19 23:58:43.904047730,1773964723904047730,3.015426338,1.0,2137.2,35.622,3.375373098971905,2,2,5.0,4-5,5.496,0.15428667677278088,2137.5,2137.2999999999997,2.0000000000027285,2137.4,2137.5,0.0,2.0000000000027285,2.1373999999999995,-0.13739999999727104,4.274799999999999,-2.2747999999972706,HIT_TARGET,16.588288861,True,16.588288861,True,1.832672347,True,True,14.755616514,False,,0.0
2026-03-20,WALL,ASK,2026-03-20 00:00:07.459637956,1773964807459637956,7.453651036,0.9898904738582398,2138.9,26.798,3.6410326086956517,4,4,5.0,4-5,10.792,0.40271662064333164,2138.4,2138.8,4.0000000000009095,2138.4,2138.5,0.0,4.0000000000009095,2.1386000000000003,1.8614000000009092,4.277200000000001,-0.27719999999909106,HIT_TARGET,47.308009232,True,47.308009232,True,4.290784063,True,True,43.017225169,False,,0.0
2026-03-20,WALL,BID,2026-03-20 00:01:05.905731787,1773964865905731787,3.003143158,0.905803973997566,2138.8,32.987,5.15865196653374,1,1,5.9999999999990905,4-5,1.302,0.039470094279564674,2139.0,2138.9,0.9999999999990905,2138.9,2139.0,0.0,0.9999999999990905,2.1389499999999995,-1.138950000000909,4.277899999999999,-3.2779000000009084,HIT_TARGET,0.057896527,True,0.057896527,False,,False,False,,False,,0.0
2026-03-20,WALL,BID,2026-03-20 00:02:30.747261015,1773964950747261015,3.52338002,0.9995870786030058,2138.8,33.207,3.374866609075665,3,3,4.0000000000009095,4-5,12.504,0.3765471135603939,2139.2,2138.9,2.9999999999972715,2139.1,2139.2,0.0,2.9999999999972715,2.13905,0.8609499999972714,4.2781,-1.2781000000027287,HIT_TARGET,0.05132346,True,0.05132346,False,,False,False,,False,,0.0
2026-03-20,WALL,BID,2026-03-20 00:02:39.883656826,1773964959883656826,5.027842385,0.9738124589201895,2138.0,29.437,4.312481687664811,2,2,5.0,4-5,13.634,0.4631586099126949,2138.3,2138.1,2.0000000000027285,2138.2,2138.3,0.0,2.0000000000027285,2.1382,-0.1381999999972714,4.2764,-2.2763999999972713,HIT_TARGET,2.397418266,True,2.397418266,True,1.427485525,True,True,0.969932741,False,,0.0
2026-03-20,WALL,BID,2026-03-20 00:05:16.474392447,1773965116474392447,3.011395529,1.0,2136.2,107.284,11.222762696793765,5,5,4.0000000000009095,4-5,36.602,0.3411692330636441,2136.8,2136.2999999999997,5.0000000000045475,2136.7,2136.8,0.0,5.0000000000045475,2.13655,2.8634500000045473,4.2731,0.7269000000045471,HIT_TARGET,2.34335262,True,2.34335262,True,0.864490653,True,True,1.478861967,False,,0.0
2026-03-20,WALL,BID,2026-03-20 00:07:58.338397446,1773965278338397446,7.601988708,0.9650708013127451,2139.6,34.111,7.581064562729193,3,3,5.0,4-5,16.96,0.49720031661340924,2140.0,2139.7,3.000000000001819,2139.9,2140.0,0.0,3.000000000001819,2.1398499999999996,0.8601500000018194,4.279699999999999,-1.2796999999981802,HIT_TARGET,1.429417662,True,1.429417662,True,0.050378382,True,True,1.37903928,False,,0.0
2026-03-20,WALL,ASK,2026-03-20 00:08:57.403899358,1773965337403899358,3.423463374,1.0,2143.4,70.807,11.08004068539238,2,2,3.999999999996362,2-3,4.862,0.06866552741960541,2143.1,2143.3,2.0000000000027285,2143.1,2143.2,0.0,2.0000000000027285,2.1431999999999998,-0.1431999999972713,4.2863999999999995,-2.286399999997271,HIT_TARGET,0.051029854,True,0.051029854,False,,False,False,,False,,0.0
2026-03-20,WALL,BID,2026-03-20 00:10:46.220554929,1773965446220554929,12.327558682,0.9739266226759625,2144.3,31.056,3.922697991663509,3,3,5.0,4-5,15.073,0.48534904688305,2144.7,2144.4,2.9999999999972715,2144.6,2144.7,0.0,2.9999999999972715,2.1445499999999997,0.8554499999972718,4.2890999999999995,-1.289100000002728,HIT_TARGET,30.620453162,True,30.620453162,True,3.879153768,True,True,26.741299394,True,3.980765008,17.00000000000273
2026-03-20,WALL,BID,2026-03-20 00:12:11.156594765,1773965531156594765,7.654095205,1.0,2143.4,58.079,8.105931612002792,3,3,5.0,4-5,17.845,0.30725391277398023,2143.8,2143.5,3.000000000001819,2143.7,2143.8,0.0,3.000000000001819,2.14365,0.8563500000018189,4.2873,-1.2872999999981811,HIT_TARGET,32.419167027,True,32.419167027,True,4.952262474,True,True,27.466904553,True,7.249475526,9.00000000000091
2026-03-20,WALL,ASK,2026-03-20 00:18:14.118285287,1773965894118285287,3.625923427,0.8726271002964564,2148.0,51.233,4.819207976671996,2,2,7.0000000000027285,6+,11.675,0.2278804676673238,2147.7,2147.9,2.0000000000027285,2147.7,2147.8,0.0,2.0000000000027285,2.1478,-0.14779999999727167,4.2956,-2.295599999997272,HIT_TARGET,0.255372401,True,0.255372401,False,,False,False,,False,,0.0
2026-03-20,WALL,BID,2026-03-20 00:18:27.944660292,1773965907944660292,4.846004041,0.9976253129583389,2146.8,85.041,8.956869766707042,4,4,5.0,4-5,27.704,0.325772274549923,2147.3,2146.9,4.0000000000009095,2147.2,2147.3,0.0,4.0000000000009095,2.1471000000000005,1.852900000000909,4.294200000000001,-0.2941999999990914,HIT_TARGET,1.791011073,True,1.791011073,False,,False,False,,False,,0.0
2026-03-20,WALL,BID,2026-03-20 00:20:36.372460729,1773966036372460729,4.695154417,0.9169377146387473,2145.4,11.43,3.2499289166903607,1,1,5.0,4-5,2.33,0.20384951881014873,2145.6,2145.5,0.9999999999990905,2145.5,2145.6,0.0,0.9999999999990905,2.14555,-1.1455500000009096,4.2911,-3.2911000000009096,HIT_TARGET,0.048530427,True,0.048530427,False,,False,False,,False,,0.0
2026-03-20,WALL,BID,2026-03-20 00:20:55.444130036,1773966055444130036,18.989553593,0.9657736791538067,2144.5,73.301,7.935155615696887,5,5,5.0,4-5,20.807,0.2838569733018649,2145.1,2144.6,5.0,2145.0,2145.1,0.0,5.0,2.1448499999999995,2.8551500000000005,4.289699999999999,0.710300000000001,HIT_TARGET,21.715902306,True,21.715902306,True,0.402532753,True,True,21.313369553,False,,1.999999999998181
2026-03-20,WALL,ASK,2026-03-20 00:33:30.151593144,1773966810151593144,3.067782341,1.0,2144.5,35.585,3.444987656711361,3,3,6.999999999998181,6+,17.746,0.49869326963608257,2144.1,2144.4,3.000000000001819,2144.1,2144.2,0.0,3.000000000001819,2.14425,0.855750000001819,4.2885,-1.288499999998181,HIT_TARGET,0.950930652,True,0.950930652,False,,False,False,,False,,0.0
2026-03-20,WALL,ASK,2026-03-20 00:35:11.013491782,1773966911013491782,4.180577468,0.9646835555302763,2146.7,61.436,7.312068555105927,5,5,12.999999999997272,6+,28.866999999999997,0.4698710853571196,2146.1,2146.6,5.0,2146.1,2146.2,0.0,5.0,2.14635,2.85365,4.2927,0.7073,HIT_TARGET,44.516178146,True,44.516178146,True,9.340223993,True,True,35.175954153,True,9.340223993,8.999999999996362
2026-03-20,WALL,ASK,2026-03-20 00:35:55.580638016,1773966955580638016,17.254296282,0.9710620618865295,2148.0,9.8,3.7670574668460506,3,3,15.0,6+,0.535,0.05459183673469388,2147.6,2147.9,3.000000000001819,2147.6,2147.7,0.0,3.000000000001819,2.14775,0.8522500000018192,4.2955,-1.2954999999981807,TIMEOUT,60.0,False,,True,2.138331973,True,False,,True,6.632280859,47.99999999999727
2026-03-20,WALL,ASK,2026-03-20 00:38:07.637637746,1773967087637637746,4.453697203,0.9022648772110519,2146.4,52.35,4.673064048203526,4,4,8.000000000001819,6+,18.539,0.35413562559694367,2145.9,2146.3,4.0000000000009095,2145.9,2146.0,0.0,4.0000000000009095,2.1461,1.8539000000009094,4.2922,-0.29219999999909074,HIT_TARGET,0.14964178,True,0.14964178,False,,False,False,,False,,0.0
2026-03-20,WALL,ASK,2026-03-20 00:38:27.103541258,1773967107103541258,4.001794254,1.0,2146.7,83.538,9.48864152657883,5,5,3.999999999996362,2-3,39.15,0.46864899806076277,2146.1,2146.6,5.0,2146.1,2146.2,0.0,5.0,2.14635,2.85365,4.2927,0.7073,HIT_TARGET,16.414859771,True,16.414859771,True,0.745978991,True,True,15.66888078,True,4.014232868,5.0
2026-03-20,WALL,ASK,2026-03-20 00:38:44.584005424,1773967124584005424,4.804573562,1.0,2147.3,75.597,8.038813270948532,5,5,6.000000000003638,6+,36.976,0.489119938621903,2146.7,2147.2000000000003,5.0000000000045475,2146.7,2146.8,0.0,5.0000000000045475,2.1469499999999995,2.853050000004548,4.293899999999999,0.7061000000045485,HIT_TARGET,0.768005207,True,0.768005207,False,,False,False,,False,,0.0
2026-03-20,WALL,BID,2026-03-20 00:52:15.724655584,1773967935724655584,3.114042992,0.9948549833636979,2145.7,59.764,6.1577456081603215,3,3,4.0000000000009095,4-5,9.966000000000001,0.1667559065658256,2146.1,2145.7999999999997,3.000000000001819,2146.0,2146.1,0.0,3.000000000001819,2.1459499999999996,0.8540500000018194,4.291899999999999,-1.2918999999981802,HIT_TARGET,30.578703808,True,30.578703808,True,0.046588942,True,True,30.532114866,True,15.002333563,5.9999999999990905
2026-03-20,WALL,BID,2026-03-20 00:53:24.807689399,1773968004807689399,4.70273084,1.0,2143.4,113.131,9.615485954698059,4,4,3.999999999996362,2-3,49.539,0.4378905870185891,2143.9,2143.5,4.0000000000009095,2143.8,2143.9,0.0,4.0000000000009095,2.1436999999999995,1.85630000000091,4.287399999999999,-0.2873999999990895,HIT_TARGET,3.064908887,True,3.064908887,False,,False,False,,False,,0.0
2026-03-20,WALL,BID,2026-03-20 00:55:13.465164254,1773968113465164254,8.426794983,0.9914893904331742,2143.0,80.626,13.038893830354978,5,5,6.999999999998181,6+,37.042,0.4594299605586287,2143.6,2143.1,5.0,2143.5,2143.6,0.0,5.0,2.14335,2.85665,4.2867,0.7133000000000003,HIT_TARGET,4.035443385,True,4.035443385,False,,False,False,,False,,0.0
2026-03-20,WALL,ASK,2026-03-20 00:55:48.183574025,1773968148183574025,3.733908163,0.9616984923686245,2143.9,74.14,5.609866828087167,2,2,3.999999999996362,2-3,7.548,0.10180739142163474,2143.6,2143.8,2.0000000000027285,2143.6,2143.7,0.0,2.0000000000027285,2.1436999999999995,-0.143699999997271,4.287399999999999,-2.2873999999972705,HIT_TARGET,1.937854149,True,1.937854149,True,0.02915606,True,True,1.908698089,False,,0.0
2026-03-20,WALL,BID,2026-03-20 01:01:56.579639091,1773968516579639091,6.582913712,1.0,2149.5,56.447,10.75078563946291,4,4,5.0,4-5,22.102,0.39155313834216166,2150.0,2149.6,4.0000000000009095,2149.9,2150.0,0.0,4.0000000000009095,2.1498,1.8502000000009096,4.2996,-0.29959999999909037,TIMEOUT,60.0,False,,True,0.203674984,True,False,,True,0.254110937,44.00000000000091
2026-03-20,WALL,ASK,2026-03-20 01:02:13.518257438,1773968533518257438,3.118959399,1.0,2151.1,35.825,3.466376390904693,1,1,5.0,4-5,10.571,0.2950732728541521,2150.9,2151.0,0.9999999999990905,2150.9,2151.0,0.0,0.9999999999990905,2.1509499999999995,-1.150950000000909,4.301899999999999,-3.3019000000009084,HIT_TARGET,0.05134762,True,0.05134762,False,,False,False,,False,,0.0
2026-03-20,WALL,ASK,2026-03-20 01:02:13.671547324,1773968533671547324,13.519628554,1.0,2152.4,161.118,32.43768874572176,6,6,13.000000000001819,6+,65.19900000000001,0.4046661453096489,2151.7,2152.3,6.000000000003638,2151.7,2151.8,0.0,6.000000000003638,2.1519999999999997,3.8480000000036383,4.303999999999999,1.6960000000036386,HIT_TARGET,2.143093688,True,2.143093688,True,0.805623746,True,True,1.337469942,False,,0.0
2026-03-20,WALL,ASK,2026-03-20 01:02:17.744334348,1773968537744334348,4.072787024,0.973411046695576,2154.0,31.37,3.059890753023801,2,2,19.00000000000091,6+,15.049,0.4797258527255339,2153.7,2153.9,2.0000000000027285,2153.7,2153.8,0.0,2.0000000000027285,2.1538,-0.15379999999727145,4.3076,-2.3075999999972714,HIT_TARGET,0.060066516,True,0.060066516,False,,False,False,,False,,0.0
2026-03-20,WALL,BID,2026-03-20 01:04:16.926379140,1773968656926379140,11.438536791,0.9952077028730518,2149.2,61.352,20.836135167260995,5,5,4.0000000000009095,4-5,8.864,0.14447776763593692,2149.8,2149.2999999999997,5.0000000000045475,2149.7,2149.8,0.0,5.0000000000045475,2.14955,2.8504500000045474,4.2991,0.7009000000045473,HIT_TARGET,0.051261545,True,0.051261545,False,,False,False,,False,,0.0
2026-03-20,WALL,ASK,2026-03-20 01:07:06.962866686,1773968826962866686,4.285183416,0.9954357897664374,2152.3,86.162,9.547036011080333,4,4,9.00000000000091,6+,16.105,0.1869153455119426,2151.8,2152.2000000000003,4.0000000000009095,2151.8,2151.9,0.0,4.0000000000009095,2.1519999999999997,1.8480000000009098,4.303999999999999,-0.3039999999990899,HIT_TARGET,31.741602345,True,31.741602345,True,7.496239206,True,True,24.245363139,True,8.519006347,9.00000000000091
2026-03-20,WALL,BID,2026-03-20 01:16:26.336610086,1773969386336610086,3.106982123,1.0,2152.4,57.873,6.065080695870886,4,4,3.999999999996362,2-3,16.989,0.29355658078896896,2152.9,2152.5,4.0000000000009095,2152.8,2152.9,0.0,4.0000000000009095,2.1527,1.8473000000009097,4.3054,-0.3053999999990902,HIT_TARGET,0.358276767,True,0.358276767,False,,False,False,,False,,0.0
2026-03-20,WALL,BID,2026-03-20 01:17:38.044803308,1773969458044803308,7.857491879,1.0,2150.7,72.21,8.046579006017383,5,5,4.0000000000009095,4-5,21.317,0.29520841988644236,2151.3,2150.7999999999997,5.0000000000045475,2151.2,2151.3,0.0,5.0000000000045475,2.15105,2.8489500000045473,4.3021,0.6979000000045472,HIT_TARGET,22.70780659,True,22.70780659,True,0.962344911,True,True,21.745461679,True,2.037100595,5.0
2026-03-20,WALL,ASK,2026-03-20 01:22:19.442868421,1773969739442868421,10.055520114,0.9201417910862726,2149.1,39.749,4.578586649772505,3,3,9.00000000000091,6+,12.443999999999999,0.31306447960954986,2148.7,2149.0,3.000000000001819,2148.7,2148.8,0.0,3.000000000001819,2.14885,0.8511500000018191,4.2977,-1.2976999999981809,HIT_TARGET,7.959653899,True,7.959653899,True,0.968901027,True,True,6.990752872,False,,0.0
2026-03-20,WALL,BID,2026-03-20 01:22:58.640607740,1773969778640607740,4.59749832,1.0,2149.3,47.0,5.058386697519238,3,3,4.0000000000009095,4-5,10.175999999999998,0.21651063829787232,2149.7,2149.4,2.9999999999972715,2149.6,2149.7,0.0,2.9999999999972715,2.14955,0.8504499999972714,4.2991,-1.2991000000027286,HIT_TARGET,0.662014339,True,0.662014339,True,0.049960252,True,True,0.612054087,False,,0.0
2026-03-20,WALL,BID,2026-03-20 01:23:53.320003446,1773969833320003446,7.455667982,1.0,2149.4,32.461,3.470836674685913,2,2,4.0000000000009095,4-5,1.284,0.03955515849788978,2149.7,2149.5,1.999999999998181,2149.6,2149.7,0.0,1.999999999998181,2.1495999999999995,-0.1496000000018185,4.299199999999999,-2.299200000001818,HIT_TARGET,0.252616104,True,0.252616104,False,,False,False,,False,,0.0
2026-03-20,WALL,ASK,2026-03-20 01:28:04.799845341,1773970084799845341,4.134300251,1.0,2150.8,49.859,3.26837102589315,1,1,3.999999999996362,2-3,23.261,0.46653563047794777,2150.6,2150.7000000000003,1.000000000003638,2150.6,2150.7,0.0,1.000000000003638,2.1506499999999997,-1.1506499999963617,4.3012999999999995,-3.3012999999963615,HIT_TARGET,0.044165329,True,0.044165329,False,,False,False,,False,,0.0
2026-03-20,WALL,ASK,2026-03-20 01:30:31.244503177,1773970231244503177,10.21139136,0.9587165046233229,2151.8,34.7,3.63522078466293,2,2,5.0,4-5,1.9809999999999999,0.057089337175792496,2151.5,2151.7000000000003,2.0000000000027285,2151.5,2151.6,0.0,2.0000000000027285,2.1516,-0.1515999999972717,4.3032,-2.303199999997272,HIT_TARGET,1.224976231,True,1.224976231,True,0.199671476,True,True,1.025304755,False,,0.0
2026-03-20,WALL,ASK,2026-03-20 01:31:01.162248250,1773970261162248250,17.623287464,0.9912241644860001,2155.5,148.638,24.348922925710543,6,6,10.0,6+,31.299,0.21057199370282162,2154.8,2155.4,5.9999999999990905,2154.8,2154.9,0.0,5.9999999999990905,2.1551,3.8448999999990905,4.3102,1.6897999999990905,TIMEOUT,60.0,False,,True,0.101666695,True,False,,True,0.868336802,20.0
2026-03-20,WALL,BID,2026-03-20 01:31:05.178407335,1773970265178407335,3.060593977,0.9965772421697476,2153.5,78.392,8.825940103580272,5,5,5.0,4-5,19.887000000000004,0.25368660067353815,2154.1,2153.6,5.0,2154.0,2154.1,0.0,5.0,2.15385,2.84615,4.3077,0.6923000000000004,HIT_TARGET,7.775272906,True,7.775272906,True,3.048490357,True,True,4.726782549,False,,0.0
2026-03-20,WALL,BID,2026-03-20 01:33:53.952378579,1773970433952378579,3.414197766,0.9849713325013054,2154.5,82.047,8.086236633321835,4,4,5.0,4-5,30.098,0.36683851938523043,2155.0,2154.6,4.0000000000009095,2154.9,2155.0,0.0,4.0000000000009095,2.1548,1.8452000000009097,4.3096,-0.30959999999909016,HIT_TARGET,4.598311958,True,4.598311958,False,,False,False,,False,,0.0
2026-03-20,WALL,BID,2026-03-20 01:36:40.460876353,1773970600460876353,3.001024748,0.9928577113486703,2152.2,81.277,10.039775183744057,5,5,6.000000000003638,6+,39.285999999999994,0.483359375961219,2152.8,2152.2999999999997,5.0000000000045475,2152.7,2152.8,0.0,5.0000000000045475,2.15255,2.8474500000045473,4.3051,0.6949000000045471,TIMEOUT,60.0,False,,True,11.436897219,True,False,,True,7.303439601,12.000000000002728
2026-03-20,WALL,ASK,2026-03-20 01:41:07.040852254,1773970867040852254,3.656651364,1.0,2159.9,84.871,10.994364920007772,5,5,4.0000000000009095,4-5,38.384,0.4522628459662311,2159.3,2159.8,5.0,2159.3,2159.4,0.0,5.0,2.15955,2.84045,4.3191,0.6809000000000003,HIT_TARGET,1.032889941,True,1.032889941,True,0.323794975,True,True,0.709094966,False,,0.0
2026-03-20,WALL,BID,2026-03-20 01:46:57.279205408,1773971217279205408,4.641391038,0.9889567171607918,2158.7,31.777,5.256741108354012,3,3,5.9999999999990905,4-5,13.559,0.4266922616987129,2159.1,2158.7999999999997,3.000000000001819,2159.0,2159.1,0.0,3.000000000001819,2.1589499999999995,0.8410500000018195,4.317899999999999,-1.31789999999818,HIT_TARGET,6.441931091,True,6.441931091,True,2.614730411,True,True,3.82720068,False,,0.0
2026-03-20,WALL,ASK,2026-03-20 01:47:50.484653601,1773971270484653601,5.461109674,0.9784734585061182,2157.8,60.14,7.845030002608922,5,5,11.000000000003638,6+,19.107,0.31770867974725636,2157.2,2157.7000000000003,5.0000000000045475,2157.2,2157.3,0.0,5.0000000000045475,2.15745,2.8425500000045476,4.3149,0.6851000000045477,HIT_TARGET,41.806781419,True,41.806781419,True,0.81443707,True,True,40.992344349,True,26.599282908,11.000000000003638
2026-03-20,WALL,BID,2026-03-20 01:55:58.088621110,1773971758088621110,6.744792129,0.9491506308214647,2155.1,37.697,3.1002097125704187,1,1,4.0000000000009095,4-5,11.922,0.31625858821656894,2155.3,2155.2,1.000000000003638,2155.2,2155.3,0.0,1.000000000003638,2.1552499999999997,-1.1552499999963617,4.310499999999999,-3.3104999999963614,HIT_TARGET,0.050126741,True,0.050126741,False,,False,False,,False,,0.0
2026-03-20,WALL,BID,2026-03-20 01:57:47.221751865,1773971867221751865,5.714276347,1.0,2152.6,92.596,13.090549233052945,5,5,7.0000000000027285,6+,28.002999999999997,0.3024212708972309,2153.2,2152.7,5.0,2153.1,2153.2,0.0,5.0,2.1529499999999997,2.8470500000000003,4.305899999999999,0.6941000000000006,HIT_TARGET,8.267836172,True,8.267836172,True,1.733987879,True,True,6.533848293,False,,0.0
2026-03-20,WALL,ASK,2026-03-20 01:58:54.133142689,1773971934133142689,5.360660808,1.0,2151.7,47.0,6.609478273098016,1,1,4.0000000000009095,4-5,3.585,0.07627659574468085,2151.5,2151.6,0.9999999999990905,2151.5,2151.6,0.0,0.9999999999990905,2.15155,-1.1515500000009093,4.3031,-3.303100000000909,HIT_TARGET,0.050653015,True,0.050653015,False,,False,False,,False,,0.0
2026-03-20,WALL,BID,2026-03-20 02:00:47.257145850,1773972047257145850,3.423522741,0.9686076202407209,2149.5,93.216,8.13722665968312,4,4,4.0000000000009095,4-5,46.56400000000001,0.4995279780295229,2150.0,2149.6,4.0000000000009095,2149.9,2150.0,0.0,4.0000000000009095,2.1498,1.8502000000009096,4.2996,-0.29959999999909037,HIT_TARGET,1.377195153,True,1.377195153,True,0.815467189,True,True,0.561727964,False,,0.0
2026-03-20,WALL,BID,2026-03-20 02:00:53.838644335,1773972053838644335,3.978819027,1.0,2148.8,72.481,7.671164735143145,6,6,4.0000000000009095,4-5,19.672,0.2714090589257875,2149.5,2148.9,5.9999999999990905,2149.4,2149.5,0.0,5.9999999999990905,2.1491999999999996,3.850799999999091,4.298399999999999,1.7015999999990914,HIT_TARGET,0.664399592,True,0.664399592,True,0.053274702,True,True,0.61112489,False,,0.0
2026-03-20,WALL,ASK,2026-03-20 02:01:58.355690330,1773972118355690330,3.353320559,1.0,2147.9,31.269,3.105318039624609,3,3,5.0,4-5,14.399,0.4604880232818446,2147.5,2147.8,3.000000000001819,2147.5,2147.6,0.0,3.000000000001819,2.14765,0.8523500000018189,4.2953,-1.2952999999981811,HIT_TARGET,2.090734334,True,2.090734334,True,0.050944891,True,True,2.039789443,False,,0.0
2026-03-20,WALL,ASK,2026-03-20 02:02:31.234751109,1773972151234751109,3.792019729,0.9866243823543145,2148.6,83.963,8.428327645051194,4,4,3.999999999996362,2-3,31.337999999999997,0.37323583006800615,2148.1,2148.5,4.0000000000009095,2148.1,2148.2,0.0,4.0000000000009095,2.1483,1.8517000000009096,4.2966,-0.29659999999909026,HIT_TARGET,5.310797349,True,5.310797349,True,0.39639097,True,True,4.914406379,False,,0.0
2026-03-20,WALL,BID,2026-03-20 02:08:41.379710872,1773972521379710872,11.859168979,0.9899536464813873,2149.0,76.798,8.840057553956834,4,4,4.0000000000009095,4-5,29.759999999999998,0.3875100914086304,2149.5,2149.1,4.0000000000009095,2149.4,2149.5,0.0,4.0000000000009095,2.1492999999999998,1.8507000000009097,4.2985999999999995,-0.29859999999909004,HIT_TARGET,2.652432797,True,2.652432797,True,0.713264523,True,True,1.939168274,False,,0.0
2026-03-20,WALL,BID,2026-03-20 02:12:54.216386234,1773972774216386234,4.085114923,0.9501340070378236,2145.6,53.925,6.729689254960689,4,4,5.9999999999990905,4-5,17.43,0.3232267037552156,2146.1,2145.7,4.0000000000009095,2146.0,2146.1,0.0,4.0000000000009095,2.1458999999999997,1.8541000000009098,4.291799999999999,-0.2917999999990899,HIT_TARGET,25.675623157,True,25.675623157,True,4.032149155,True,True,21.643474002,True,10.620585425,5.9999999999990905
2026-03-20,WALL,BID,2026-03-20 02:16:53.216356846,1773973013216356846,20.420676386,0.9953438551102457,2141.5,86.723,11.801456079472002,5,5,9.00000000000091,6+,19.902,0.22948929349768807,2142.1,2141.6,5.0,2142.0,2142.1,0.0,5.0,2.14185,2.85815,4.2837,0.7163000000000004,TIMEOUT,60.0,False,,True,7.553144004,True,False,,True,16.492169079,14.00000000000091
2026-03-20,WALL,ASK,2026-03-20 02:17:58.047383439,1773973078047383439,7.003801714,0.9679279458253378,2143.1,32.374,3.4067136693675684,3,3,4.0000000000009095,4-5,12.349,0.3814480756162352,2142.7,2143.0,3.000000000001819,2142.7,2142.8,0.0,3.000000000001819,2.1428499999999997,0.8571500000018193,4.285699999999999,-1.2856999999981804,HIT_TARGET,0.255003363,True,0.255003363,False,,False,False,,False,,0.0
2026-03-20,WALL,BID,2026-03-20 02:24:14.600298320,1773973454600298320,15.464823403,0.9885211835031001,2137.0,110.217,35.428158148505304,6,6,15.0,6+,30.476,0.27650906847401036,2137.7,2137.1,5.9999999999990905,2137.6,2137.7,0.0,5.9999999999990905,2.1373999999999995,3.862599999999091,4.274799999999999,1.7251999999990915,TIMEOUT,60.0,False,,True,47.57808951,True,False,,True,0.303907921,20.0
2026-03-20,WALL,BID,2026-03-20 02:25:10.444649793,1773973510444649793,7.976043732,0.9983752401020561,2138.4,47.411,14.827521501172793,5,5,4.0000000000009095,4-5,18.136000000000003,0.38252726160595646,2139.0,2138.5,5.0,2138.9,2139.0,0.0,5.0,2.13875,2.86125,4.2775,0.7225000000000001,HIT_TARGET,0.05104629,True,0.05104629,False,,False,False,,False,,0.0
2026-03-20,WALL,BID,2026-03-20 02:30:45.637701151,1773973845637701151,3.263362473,1.0,2137.1,37.547,3.754512274386281,2,2,3.999999999996362,2-3,13.314,0.3545955735478201,2137.5,2137.2,3.000000000001819,2137.3,2137.5,0.0,3.000000000001819,2.1373499999999996,0.8626500000018194,4.274699999999999,-1.2746999999981803,HIT_TARGET,0.815528967,True,0.815528967,False,,False,False,,False,,0.9999999999990905
2026-03-20,WALL,BID,2026-03-20 02:35:49.110659140,1773974149110659140,21.905824163,1.0,2132.6,10.468,4.4649178929409254,3,3,15.0,6+,0.746,0.07126480703095148,2133.0,2132.7,3.000000000001819,2132.9,2133.0,0.0,3.000000000001819,2.13285,0.8671500000018191,4.2657,-1.2656999999981808,TIMEOUT,60.0,False,,True,19.49687541,True,False,,True,0.35063014,31.99999999999818
2026-03-20,WALL,BID,2026-03-20 02:41:29.084561001,1773974489084561001,7.6092494,0.9069663549206312,2140.5,38.752,3.9402135231316726,1,1,4.0000000000009095,4-5,11.104,0.28654004954582984,2140.7,2140.6,0.9999999999990905,2140.6,2140.7,0.0,0.9999999999990905,2.1406499999999995,-1.140650000000909,4.281299999999999,-3.2813000000009085,HIT_TARGET,0.049564935,True,0.049564935,False,,False,False,,False,,0.0
2026-03-20,WALL,BID,2026-03-20 02:41:29.134125936,1773974489134125936,3.520005846,0.9469394000546214,2140.2,73.399,6.9612101669195745,4,4,4.0000000000009095,4-5,33.759,0.45993814629627106,2140.7,2140.2999999999997,4.0000000000009095,2140.6,2140.7,0.0,4.0000000000009095,2.1405,1.8595000000009096,4.281,-0.2809999999990902,HIT_TARGET,4.644094239,True,4.644094239,True,1.989711198,True,True,2.654383041,False,,0.0
2026-03-20,WALL,ASK,2026-03-20 02:44:09.976412797,1773974649976412797,12.155844234,0.9938625431057,2144.0,38.272,5.260394474606556,1,1,4.0000000000009095,4-5,0.466,0.012176003344481606,2143.8,2143.9,0.9999999999990905,2143.8,2143.9,0.0,0.9999999999990905,2.1438500000000005,-1.14385000000091,4.287700000000001,-3.2877000000009104,HIT_TARGET,0.047359801,True,0.047359801,False,,False,False,,False,,0.0
2026-03-20,WALL,ASK,2026-03-20 02:45:02.608247823,1773974702608247823,3.74038718,0.9577106670010563,2144.1,58.733,7.486202281562679,5,5,5.0,4-5,29.009999999999998,0.49393015851395294,2143.5,2144.0,5.0,2143.5,2143.6,0.0,5.0,2.14375,2.85625,4.2875,0.7125000000000004,HIT_TARGET,9.141362263,True,9.141362263,True,5.669258797,True,True,3.472103466,False,,0.0
2026-03-20,WALL,ASK,2026-03-20 02:50:53.438030274,1773975053438030274,7.611910716,0.9737689311593865,2145.2,95.334,8.540559910414332,5,5,5.0,4-5,42.544000000000004,0.44626261354815705,2144.6,2145.1,5.0,2144.6,2144.7,0.0,5.0,2.1448499999999995,2.8551500000000005,4.289699999999999,0.710300000000001,HIT_TARGET,43.652019623,True,43.652019623,True,1.225161671,True,True,42.426857952,False,,0.0
2026-03-20,WALL,BID,2026-03-20 02:53:51.192461688,1773975231192461688,12.458161188,0.9687399732494134,2145.2,56.185,4.301408666360435,2,2,4.0000000000009095,4-5,19.055,0.33914745928628637,2145.5,2145.2999999999997,2.0000000000027285,2145.4,2145.5,0.0,2.0000000000027285,2.1453999999999995,-0.14539999999727105,4.290799999999999,-2.2907999999972706,HIT_TARGET,0.560359261,True,0.560359261,False,,False,False,,False,,0.0
2026-03-20,WALL,BID,2026-03-20 02:56:02.585807414,1773975362585807414,3.247356796,0.9468980796282048,2148.2,40.566,4.543682795698925,3,3,4.0000000000009095,4-5,13.204,0.32549425627372675,2148.6,2148.2999999999997,3.000000000001819,2148.5,2148.6,0.0,3.000000000001819,2.1484499999999995,0.8515500000018195,4.296899999999999,-1.29689999999818,HIT_TARGET,0.053283745,True,0.053283745,False,,False,False,,False,,0.0
2026-03-20,WALL,BID,2026-03-20 02:59:54.897104258,1773975594897104258,3.00481421,1.0,2144.7,36.089,4.431360510805501,1,1,5.0,4-5,12.192,0.33783147219374327,2144.9,2144.7999999999997,1.000000000003638,2144.8,2144.9,0.0,1.000000000003638,2.1448499999999995,-1.1448499999963615,4.289699999999999,-3.289699999996361,HIT_TARGET,0.039076323,True,0.039076323,False,,False,False,,False,,0.0
2026-03-20,WALL,ASK,2026-03-20 03:03:12.791553737,1773975792791553737,3.021474002,0.8941055114860459,2147.3,37.085,4.308201672862453,1,1,3.999999999996362,2-3,8.126,0.21911824187676956,2147.1,2147.2000000000003,1.000000000003638,2147.1,2147.2,0.0,1.000000000003638,2.14715,-1.147149999996362,4.2943,-3.294299999996362,HIT_TARGET,0.091047166,True,0.091047166,False,,False,False,,False,,0.0
2026-03-20,WALL,BID,2026-03-20 03:04:05.975163402,1773975845975163402,3.623014078,0.9727021560306507,2146.4,37.572,3.8726035868893014,4,4,3.999999999996362,2-3,16.343,0.4349781752368785,2146.9,2146.5,4.0000000000009095,2146.8,2146.9,0.0,4.0000000000009095,2.1466999999999996,1.8533000000009099,4.293399999999999,-0.2933999999990897,HIT_TARGET,0.818348369,True,0.818348369,False,,False,False,,False,,0.0
2026-03-20,WALL,ASK,2026-03-20 03:05:45.265608796,1773975945265608796,5.617870092,0.9615617690577243,2147.2,57.554,5.783159163987139,5,5,3.999999999996362,2-3,24.151999999999997,0.419640685269486,2146.6,2147.1,5.0,2146.6,2146.7,0.0,5.0,2.1468499999999997,2.8531500000000003,4.293699999999999,0.7063000000000006,HIT_TARGET,8.630927608,True,8.630927608,True,1.072183903,True,True,7.558743705,False,,0.0
2026-03-20,WALL,BID,2026-03-20 03:06:46.793713877,1773976006793713877,7.001652356,0.9974780131742947,2146.5,54.814,4.869758351101635,5,5,5.0,4-5,27.369,0.4993067464516364,2147.1,2146.6,5.0,2147.0,2147.1,0.0,5.0,2.1468499999999997,2.8531500000000003,4.293699999999999,0.7063000000000006,TIMEOUT,60.0,False,,True,9.591848019,True,False,,True,9.643792873,19.00000000000091
2026-03-20,WALL,BID,2026-03-20 03:07:36.055155099,1773976056055155099,3.744359895,0.988430766482184,2147.1,10.212,3.8419864559819406,1,1,6.000000000003638,6+,0.465,0.04553466509988249,2147.4,2147.2,2.0000000000027285,2147.2,2147.4,0.0,2.0000000000027285,2.1473,-0.1472999999972715,4.2946,-2.2945999999972715,HIT_TARGET,0.051492822,True,0.051492822,False,,False,False,,False,,0.0
2026-03-20,WALL,ASK,2026-03-20 03:22:04.536736255,1773976924536736255,3.772884701,0.9998444770920658,2150.1,30.208,3.026247245041074,4,4,5.0,4-5,11.176,0.3699682203389831,2149.6,2150.0,4.0000000000009095,2149.6,2149.7,0.0,4.0000000000009095,2.1498,1.8502000000009096,4.2996,-0.29959999999909037,TIMEOUT,60.0,False,,True,6.688163013,True,False,,True,6.187224976,11.999999999998181
2026-03-20,WALL,ASK,2026-03-20 03:23:38.230655130,1773977018230655130,22.886241991,0.980309531980951,2151.7,54.706,7.975798221315061,7,7,10.99999999999909,6+,24.689999999999998,0.4513216100610536,2150.9,2151.6,6.999999999998181,2150.9,2151.0,0.0,6.999999999998181,2.15125,4.848749999998181,4.3025,2.697499999998181,HIT_TARGET,0.81176334,True,0.81176334,True,0.101604354,True,True,0.710158986,False,,0.0
2026-03-20,WALL,BID,2026-03-20 03:27:00.792698545,1773977220792698545,3.008302063,1.0,2149.8,82.249,8.272466683429721,5,5,3.999999999996362,2-3,36.647999999999996,0.44557380636846644,2150.4,2149.9,5.0,2150.3,2150.4,0.0,5.0,2.15015,2.84985,4.3003,0.6997,HIT_TARGET,19.914922385,True,19.914922385,True,1.427456622,True,True,18.487465763,False,,0.0
2026-03-20,WALL,ASK,2026-03-20 03:30:14.867876182,1773977414867876182,3.01004874,1.0,2156.2,49.681,7.441731575793888,2,2,5.0,4-5,6.555,0.13194178861134034,2155.9,2156.1,1.999999999998181,2155.9,2156.0,0.0,1.999999999998181,2.156,-0.15600000000181913,4.312,-2.3120000000018193,HIT_TARGET,19.547317302,True,19.547317302,True,2.859586919,True,True,16.687730383,True,5.363673905,11.999999999998181
2026-03-20,WALL,BID,2026-03-20 03:30:23.292367511,1773977423292367511,3.060817424,0.944178977269178,2154.6,30.384,3.6556578234975636,4,4,5.9999999999990905,4-5,14.132000000000001,0.46511321748288575,2155.1,2154.7,4.0000000000009095,2155.0,2155.1,0.0,4.0000000000009095,2.1548999999999996,1.84510000000091,4.309799999999999,-0.3097999999990897,HIT_TARGET,8.665813357,True,8.665813357,True,0.858984525,True,True,7.806828832,False,,0.9999999999990905
2026-03-20,WALL,ASK,2026-03-20 03:40:47.032474551,1773978047032474551,3.569931577,0.9368618778432122,2151.1,62.583,4.385634197617379,2,2,4.0000000000009095,4-5,27.294999999999998,0.43614080501094543,2150.8,2151.0,1.999999999998181,2150.8,2150.9,0.0,1.999999999998181,2.1509,-0.15090000000181902,4.3018,-2.301800000001819,HIT_TARGET,5.212382722,True,5.212382722,True,2.523884902,True,True,2.68849782,False,,0.0
2026-03-20,WALL,BID,2026-03-20 03:48:32.284332292,1773978512284332292,5.625954913,0.9545771905477765,2151.6,32.731,3.938748495788207,2,2,5.9999999999990905,4-5,1.387,0.04237572943081482,2151.9,2151.7,2.0000000000027285,2151.8,2151.9,0.0,2.0000000000027285,2.1518,-0.15179999999727167,4.3036,-2.303599999997272,HIT_TARGET,0.051037409,True,0.051037409,False,,False,False,,False,,0.0
2026-03-20,WALL,BID,2026-03-20 03:50:43.627613203,1773978643627613203,5.669100769,0.9847227635335758,2152.3,50.01,14.03001823537663,4,4,6.000000000003638,6+,11.499000000000002,0.2299340131973606,2152.8,2152.4,4.0000000000009095,2152.7,2152.8,0.0,4.0000000000009095,2.1526,1.8474000000009094,4.3052,-0.30519999999909064,HIT_TARGET,22.048199679,True,22.048199679,True,0.255829384,True,True,21.792370295,True,8.156553987,3.000000000001819
2026-03-20,WALL,BID,2026-03-20 03:55:40.644079963,1773978940644079963,6.464081308,0.9865488851613932,2152.1,51.585,5.884332401756687,2,2,3.999999999996362,2-3,13.485000000000001,0.2614132015120675,2152.6,2152.2,4.0000000000009095,2152.3,2152.6,0.0,4.0000000000009095,2.1523999999999996,1.8476000000009098,4.304799999999999,-0.3047999999990898,TIMEOUT,60.0,False,,True,0.464119706,True,False,,True,19.968678053,10.0
2026-03-20,WALL,BID,2026-03-20 03:59:06.536691894,1773979146536691894,3.063774261,0.9988266847705592,2151.2,16.453,5.962312013045842,4,4,15.0,6+,4.484,0.27253388439798215,2151.9,2151.2999999999997,6.000000000003638,2151.6,2151.9,0.0,6.000000000003638,2.1515999999999997,3.8484000000036382,4.3031999999999995,1.6968000000036385,TIMEOUT,60.0,False,,True,4.032955789,True,False,,True,8.984294297,5.9999999999990905
2026-03-20,WALL,ASK,2026-03-20 04:04:12.203241994,1773979452203241994,3.265384731,0.9466100421965867,2154.6,47.932,6.7051829055046515,5,5,6.999999999998181,6+,20.165,0.42070015855795706,2154.0,2154.5,5.0,2154.0,2154.1,0.0,5.0,2.1542499999999998,2.8457500000000002,4.3084999999999996,0.6915000000000004,HIT_TARGET,1.184339823,True,1.184339823,True,0.620934489,True,True,0.563405334,False,,0.0
2026-03-20,WALL,ASK,2026-03-20 04:04:13.387581817,1773979453387581817,4.549766036,0.9616818202033807,2155.2,70.344,8.316368150381273,6,6,11.999999999998181,6+,29.097,0.4136386898669397,2154.5,2155.1,5.9999999999990905,2154.5,2154.6,0.0,5.9999999999990905,2.1548,3.8451999999990907,4.3096,1.6903999999990909,TIMEOUT,60.0,False,,True,3.181969837,True,False,,True,23.169684646,24.00000000000091
2026-03-20,WALL,BID,2026-03-20 04:04:41.253194073,1773979481253194073,4.255854643,0.955762519448435,2153.1,58.578,5.313197278911566,4,4,4.0000000000009095,4-5,25.085,0.4282324422138004,2153.6,2153.2,4.0000000000009095,2153.5,2153.6,0.0,4.0000000000009095,2.1533999999999995,1.84660000000091,4.306799999999999,-0.3067999999990896,HIT_TARGET,1.99312086,True,1.99312086,False,,False,False,,False,,0.0
2026-03-20,WALL,BID,2026-03-20 04:14:44.066504841,1773980084066504841,8.419186029,0.9955405159274692,2157.8,33.101,3.003175467247323,4,4,7.0000000000027285,6+,13.751999999999999,0.4154557264130993,2158.3,2157.9,4.0000000000009095,2158.2,2158.3,0.0,4.0000000000009095,2.1581,1.8419000000009094,4.3162,-0.31619999999909076,HIT_TARGET,2.754127368,True,2.754127368,False,,False,False,,False,,0.0
2026-03-20,WALL,BID,2026-03-20 04:21:00.512105623,1773980460512105623,10.417273,0.9969163722598035,2154.8,48.208,4.395732652502963,1,1,4.0000000000009095,4-5,0.21,0.004356123464985064,2155.0,2154.9,0.9999999999990905,2154.9,2155.0,0.0,0.9999999999990905,2.15495,-1.1549500000009094,4.3099,-3.3099000000009093,HIT_TARGET,0.050955193,True,0.050955193,False,,False,False,,False,,0.0
2026-03-20,WALL,BID,2026-03-20 04:22:36.902434876,1773980556902434876,6.188921503,0.9833471319760573,2152.7,47.107,23.9669295344696,3,3,5.0,4-5,2.873,0.06098881270299531,2153.2,2152.7999999999997,4.0000000000009095,2153.0,2153.2,0.0,4.0000000000009095,2.1529999999999996,1.84700000000091,4.305999999999999,-0.30599999999908967,HIT_TARGET,0.051288134,True,0.051288134,False,,False,False,,False,,0.0
2026-03-20,WALL,BID,2026-03-20 04:28:21.198651425,1773980901198651425,11.031458571,0.9777170372876887,2154.4,32.929,3.172350674373796,1,1,4.0000000000009095,4-5,2.253,0.06841993379695709,2154.6,2154.5,0.9999999999990905,2154.5,2154.6,0.0,0.9999999999990905,2.15455,-1.1545500000009095,4.3091,-3.3091000000009094,HIT_TARGET,0.05036702,True,0.05036702,False,,False,False,,False,,0.0
2026-03-20,WALL,BID,2026-03-20 04:37:50.758537114,1773981470758537114,4.340869467,0.9952392417793013,2143.0,29.164,5.076856123248325,4,4,4.0000000000009095,4-5,3.8489999999999998,0.13197778082567546,2143.5,2143.1,4.0000000000009095,2143.4,2143.5,0.0,4.0000000000009095,2.1433,1.8567000000009095,4.2866,-0.28659999999909047,HIT_TARGET,0.051198288,True,0.051198288,False,,False,False,,False,,0.0
2026-03-20,WALL,BID,2026-03-20 04:40:05.704712399,1773981605704712399,12.934814706,0.9940347797201757,2140.4,9.27,6.50070126227209,5,5,4.0000000000009095,4-5,3.857,0.4160733549083064,2141.3,2140.5,8.000000000001819,2140.9,2141.3,0.0,8.000000000001819,2.1409,5.859100000001819,4.2818,3.7182000000018194,HIT_TARGET,1.633023227,True,1.633023227,False,,False,False,,True,0.458502228,2.9999999999972715
2026-03-20,WALL,BID,2026-03-20 04:41:58.616394016,1773981718616394016,3.079068821,0.9140643787513446,2140.0,35.374,4.087353399965337,2,2,4.0000000000009095,4-5,12.292,0.34748685475207775,2140.3,2140.1,2.0000000000027285,2140.2,2140.3,0.0,2.0000000000027285,2.1401999999999997,-0.14019999999727117,4.280399999999999,-2.280399999997271,HIT_TARGET,0.4099671,True,0.4099671,False,,False,False,,False,,0.0
2026-03-20,WALL,BID,2026-03-20 04:41:59.278446879,1773981719278446879,3.018486244,0.9123396064746154,2139.8,39.248,4.4742362061103504,2,2,5.9999999999990905,4-5,6.683,0.17027619241744804,2140.1,2139.9,1.999999999998181,2140.0,2140.1,0.0,1.999999999998181,2.1399999999999997,-0.14000000000181867,4.279999999999999,-2.2800000000018183,HIT_TARGET,52.432519099,True,52.432519099,True,10.257489115,True,True,42.175029984,True,9.910154125,5.0
2026-03-20,WALL,ASK,2026-03-20 04:42:11.938025236,1773981731938025236,3.070764562,1.0,2140.8,216.88,25.196630845193145,2,2,5.0,4-5,75.918,0.3500461084470675,2140.5,2140.7000000000003,2.0000000000027285,2140.5,2140.6,0.0,2.0000000000027285,2.1406,-0.14059999999727157,4.2812,-2.2811999999972716,TIMEOUT,60.0,False,,True,19.70186713,True,False,,True,32.269324804,7.9999999999972715
2026-03-20,WALL,BID,2026-03-20 04:45:03.259378667,1773981903259378667,12.67821331,0.9964586544726625,2139.6,31.611,4.903971455165995,3,3,5.0,4-5,11.254,0.35601531112587387,2140.0,2139.7,3.000000000001819,2139.9,2140.0,0.0,3.000000000001819,2.1398499999999996,0.8601500000018194,4.279699999999999,-1.2796999999981802,HIT_TARGET,37.112893349,True,37.112893349,True,1.057003828,True,True,36.055889521,False,,0.0
2026-03-20,WALL,ASK,2026-03-20 04:48:26.994145439,1773982106994145439,5.870115628,0.9826928140026069,2141.8,68.045,3.9231456657730117,2,2,5.0,4-5,26.312,0.3866852817988096,2141.5,2141.7000000000003,2.0000000000027285,2141.5,2141.6,0.0,2.0000000000027285,2.1416000000000004,-0.1415999999972719,4.283200000000001,-2.2831999999972723,HIT_TARGET,3.374481041,True,3.374481041,True,2.79746244,True,True,0.577018601,False,,0.0
2026-03-20,WALL,BID,2026-03-20 04:48:40.020972214,1773982120020972214,3.018979038,1.0,2141.5,86.005,14.195758025914003,4,4,5.9999999999990905,4-5,21.224,0.246776350212197,2142.0,2141.6,4.0000000000009095,2141.9,2142.0,0.0,4.0000000000009095,2.1418,1.8582000000009096,4.2836,-0.28359999999909036,TIMEOUT,60.0,False,,True,0.695852604,True,False,,True,16.984036017,16.99999999999818
2026-03-20,WALL,ASK,2026-03-20 04:51:30.388635644,1773982290388635644,11.13607607,0.9948293042685726,2144.4,26.169,3.24496248992498,2,2,8.999999999996362,6+,4.852,0.18541021819710346,2144.1,2144.3,2.0000000000027285,2144.1,2144.2,0.0,2.0000000000027285,2.1441999999999997,-0.14419999999727118,4.288399999999999,-2.288399999997271,HIT_TARGET,15.363933536,True,15.363933536,True,12.453618431,True,True,2.910315105,False,,0.0
2026-03-20,WALL,ASK,2026-03-20 04:52:02.299862675,1773982322299862675,16.401892189,0.9856535595229793,2145.4,76.769,11.349645180366647,4,4,4.0000000000009095,4-5,7.867,0.10247625994867719,2144.9,2145.3,4.0000000000009095,2144.9,2145.0,0.0,4.0000000000009095,2.1451000000000002,1.8549000000009093,4.2902000000000005,-0.29019999999909096,HIT_TARGET,0.204553006,True,0.204553006,False,,False,False,,False,,0.0
2026-03-20,WALL,BID,2026-03-20 04:53:59.352347176,1773982439352347176,42.211761758,0.985967727161074,2145.6,49.637,11.068569517225999,3,3,4.0000000000009095,4-5,2.71,0.05459636964361263,2146.0,2145.7,3.000000000001819,2145.9,2146.0,0.0,3.000000000001819,2.14585,0.8541500000018192,4.2917,-1.2916999999981806,HIT_TARGET,0.151735487,True,0.151735487,False,,False,False,,False,,0.0
2026-03-20,WALL,ASK,2026-03-20 04:55:46.256592249,1773982546256592249,24.510796987,0.9948589031573786,2148.3,53.818,10.178345153664303,5,5,9.00000000000091,6+,20.927,0.38884759745809955,2147.7,2148.2000000000003,5.0000000000045475,2147.7,2147.8,0.0,5.0000000000045475,2.14795,2.8520500000045477,4.2959,0.7041000000045479,HIT_TARGET,8.726663464,True,8.726663464,True,6.328933217,True,True,2.397730247,False,,0.0
2026-03-20,WALL,BID,2026-03-20 04:55:58.131631375,1773982558131631375,3.199091034,0.8987887554437127,2147.8,74.949,7.294661540707577,4,4,4.0000000000009095,4-5,36.037,0.48082029113130265,2148.3,2147.9,4.0000000000009095,2148.2,2148.3,0.0,4.0000000000009095,2.1481000000000003,1.8519000000009092,4.296200000000001,-0.2961999999990912,HIT_TARGET,30.028494942,True,30.028494942,True,2.035483199,True,True,27.993011743,False,,1.000000000003638
2026-03-20,WALL,BID,2026-03-20 05:03:36.336020445,1773983016336020445,7.856427889,0.9900276253907077,2149.2,25.61,5.857731015553522,2,2,5.0,4-5,11.025,0.43049590003904725,2149.5,2149.2999999999997,2.0000000000027285,2149.4,2149.5,0.0,2.0000000000027285,2.1493999999999995,-0.14939999999727105,4.298799999999999,-2.2987999999972706,HIT_TARGET,1.483349701,True,1.483349701,True,0.699840175,True,True,0.783509526,False,,0.0
2026-03-20,WALL,BID,2026-03-20 05:03:38.383301659,1773983018383301659,3.012646878,1.0,2148.6,50.383,8.513518080432581,4,4,6.999999999998181,6+,17.871,0.3547029752098922,2149.1,2148.7,4.0000000000009095,2149.0,2149.1,0.0,4.0000000000009095,2.1488999999999994,1.8511000000009101,4.297799999999999,-0.29779999999908924,HIT_TARGET,3.212166232,True,3.212166232,False,,False,False,,False,,0.0
2026-03-20,WALL,BID,2026-03-20 05:03:53.431980165,1773983033431980165,3.174275886,1.0,2149.7,53.918,7.502156671768471,2,2,7.9999999999972715,6+,16.811,0.3117882710783041,2150.0,2149.7999999999997,2.0000000000027285,2149.9,2150.0,0.0,2.0000000000027285,2.1498999999999993,-0.14989999999727077,4.2997999999999985,-2.29979999999727,HIT_TARGET,1.022866299,True,1.022866299,False,,False,False,,False,,0.0
2026-03-20,WALL,BID,2026-03-20 05:04:17.158537557,1773983057158537557,6.323640748,1.0,2149.0,80.93,12.27793370249564,5,5,5.0,4-5,40.347,0.49854194983318917,2149.6,2149.1,5.0,2149.5,2149.6,0.0,5.0,2.1493499999999996,2.8506500000000004,4.298699999999999,0.7013000000000007,HIT_TARGET,4.495605521,True,4.495605521,True,3.456786834,True,True,1.038818687,False,,0.0
2026-03-20,WALL,BID,2026-03-20 05:11:00.688625495,1773983460688625495,9.299599718,0.9577245856895279,2149.3,33.169,4.661513597076803,2,2,5.9999999999990905,4-5,10.99,0.3313334740269529,2149.6,2149.4,1.999999999998181,2149.5,2149.6,0.0,1.999999999998181,2.1494999999999997,-0.14950000000181873,4.2989999999999995,-2.2990000000018185,HIT_TARGET,0.598872624,True,0.598872624,False,,False,False,,False,,0.0
2026-03-20,WALL,BID,2026-03-20 05:13:22.819450904,1773983602819450904,34.878933941,0.9838503793449414,2148.4,75.119,7.06105184001504,2,2,4.0000000000009095,4-5,4.393,0.05848054420319759,2148.7,2148.5,1.999999999998181,2148.6,2148.7,0.0,1.999999999998181,2.1485999999999996,-0.1486000000018186,4.297199999999999,-2.2972000000018182,HIT_TARGET,0.100717064,True,0.100717064,False,,False,False,,False,,0.0
2026-03-20,WALL,ASK,2026-03-20 05:16:01.484617213,1773983761484617213,7.348716819,0.997291739294057,2151.4,63.01,7.073020149295616,3,3,4.0000000000009095,4-5,9.484,0.15051579114426283,2151.0,2151.3,3.000000000001819,2151.0,2151.1,0.0,3.000000000001819,2.15115,0.8488500000018191,4.3023,-1.3022999999981808,TIMEOUT,60.0,False,,True,0.815159372,True,False,,True,28.438490886,4.0000000000009095
2026-03-20,WALL,BID,2026-03-20 05:22:15.364644125,1773984135364644125,7.866801223,0.996798147520703,2148.2,53.531,7.952313748792988,1,1,5.0,4-5,15.821,0.29554837383945753,2148.4,2148.2999999999997,1.000000000003638,2148.3,2148.4,0.0,1.000000000003638,2.1483499999999998,-1.1483499999963618,4.2966999999999995,-3.2966999999963615,HIT_TARGET,0.045150095,True,0.045150095,False,,False,False,,False,,0.0
2026-03-20,WALL,BID,2026-03-20 05:25:02.124565586,1773984302124565586,9.496563661,0.9648627527902169,2146.6,76.985,10.029965474561918,5,5,4.0000000000009095,4-5,28.42,0.369162823926739,2147.2,2146.7,5.0,2147.1,2147.2,0.0,5.0,2.1469499999999995,2.8530500000000005,4.293899999999999,0.7061000000000011,HIT_TARGET,2.040946943,True,2.040946943,False,,False,False,,False,,0.0
2026-03-20,WALL,BID,2026-03-20 05:27:58.004663845,1773984478004663845,6.032034515,0.9155878767381357,2146.6,51.574,5.920900063142184,2,2,3.999999999996362,2-3,5.123,0.09933299724667469,2146.9,2146.7,2.0000000000027285,2146.8,2146.9,0.0,2.0000000000027285,2.1468,-0.14679999999727134,4.2936,-2.293599999997271,HIT_TARGET,0.051106376,True,0.051106376,False,,False,False,,False,,0.0
2026-03-20,WALL,BID,2026-03-20 05:28:05.706002200,1773984485706002200,3.058329702,0.9861786454964756,2144.4,31.582,3.650043340075123,5,5,6.999999999998181,6+,12.869,0.4074789437021088,2145.0,2144.5,5.0,2144.9,2145.0,0.0,5.0,2.1447499999999997,2.8552500000000003,4.289499999999999,0.7105000000000006,HIT_TARGET,0.8687475,True,0.8687475,False,,False,False,,False,,0.0
2026-03-20,WALL,BID,2026-03-20 05:31:04.553595243,1773984664553595243,3.72453329,1.0,2142.1,63.833,5.737539885847828,1,1,4.0000000000009095,4-5,12.737,0.19953629000673634,2142.3,2142.2,1.000000000003638,2142.2,2142.3,0.0,1.000000000003638,2.1422499999999998,-1.1422499999963618,4.2844999999999995,-3.2844999999963616,HIT_TARGET,0.012901349,True,0.012901349,False,,False,False,,False,,0.0
2026-03-20,WALL,ASK,2026-03-20 05:35:03.793741458,1773984903793741458,3.107939173,0.9273708311407804,2138.5,51.619,4.073951304210568,5,5,4.0000000000009095,4-5,24.54,0.4754063426257773,2137.9,2138.4,5.0,2137.9,2138.0,0.0,5.0,2.13815,2.86185,4.2763,0.7237,HIT_TARGET,0.815284672,True,0.815284672,True,0.105671606,True,True,0.709613066,False,,0.0
2026-03-20,WALL,BID,2026-03-20 05:35:15.669962534,1773984915669962534,4.881056389,0.9641823611392825,2138.0,26.348,4.190870049308096,2,2,5.0,4-5,12.411000000000001,0.4710414452709884,2138.3,2138.1,2.0000000000027285,2138.2,2138.3,0.0,2.0000000000027285,2.1382,-0.1381999999972714,4.2764,-2.2763999999972713,TIMEOUT,60.0,False,,True,0.784116127,True,False,,True,11.3471133,25.0
2026-03-20,WALL,ASK,2026-03-20 05:36:10.768906234,1773984970768906234,11.031732715,1.0,2141.2,81.818,9.802084581286689,4,4,13.000000000001819,6+,33.336999999999996,0.407453127673617,2140.7,2141.1,4.0000000000009095,2140.7,2140.8,0.0,4.0000000000009095,2.1409,1.8591000000009097,4.2818,-0.2817999999990901,HIT_TARGET,6.382729672,True,6.382729672,True,0.101800248,True,True,6.280929424,False,,1.000000000003638
2026-03-20,WALL,BID,2026-03-20 05:37:58.563562659,1773985078563562659,12.865774729,0.9932301261420602,2144.2,38.725,5.595289698020517,2,2,4.0000000000009095,4-5,1.426,0.03682375726275016,2144.5,2144.2999999999997,2.0000000000027285,2144.4,2144.5,0.0,2.0000000000027285,2.1443999999999996,-0.14439999999727116,4.288799999999999,-2.288799999997271,HIT_TARGET,0.049476884,True,0.049476884,False,,False,False,,False,,0.0
2026-03-20,WALL,ASK,2026-03-20 05:51:02.156511465,1773985862156511465,3.828870077,1.0,2144.9,58.277,5.83411752928221,4,4,6.999999999998181,6+,17.55,0.3011479657497812,2144.4,2144.8,4.0000000000009095,2144.4,2144.5,0.0,4.0000000000009095,2.1446,1.8554000000009094,4.2892,-0.28919999999909063,TIMEOUT,60.0,False,,True,0.101769854,True,False,,True,1.016502585,25.99999999999909
2026-03-20,WALL,ASK,2026-03-20 06:00:51.535220225,1773986451535220225,3.819808412,1.0,2138.8,37.829,3.039084153444467,2,2,4.0000000000009095,4-5,5.141,0.13590102831161277,2138.5,2138.7000000000003,2.0000000000027285,2138.5,2138.6,0.0,2.0000000000027285,2.1386000000000003,-0.1385999999972718,4.277200000000001,-2.277199999997272,HIT_TARGET,41.612744412,True,41.612744412,True,4.804815175,True,True,36.807929237,True,4.193253115,14.00000000000091
2026-03-20,WALL,ASK,2026-03-20 06:11:53.185719322,1773987113185719322,6.805050917,1.0,2137.7,49.917,5.848506151142355,2,2,5.0,4-5,6.167,0.12354508484083578,2137.4,2137.6,1.999999999998181,2137.4,2137.5,0.0,1.999999999998181,2.1374999999999997,-0.13750000000181872,4.2749999999999995,-2.2750000000018185,HIT_TARGET,8.574811533,True,8.574811533,True,0.051208459,True,True,8.523603074,False,,0.0
2026-03-20,WALL,ASK,2026-03-20 06:15:30.698437236,1773987330698437236,16.823760476,0.9997625289538745,2138.8,60.309,3.059584506506354,4,4,4.0000000000009095,4-5,23.695999999999998,0.3929098476181001,2138.3,2138.7000000000003,4.0000000000009095,2138.3,2138.4,0.0,4.0000000000009095,2.1385,1.8615000000009094,4.277,-0.27699999999909064,TIMEOUT,60.0,False,,True,2.854037897,True,False,,True,5.612181701,17.00000000000273
2026-03-20,WALL,BID,2026-03-20 06:17:53.077415595,1773987473077415595,20.427181304,0.963236511253124,2136.1,62.798,7.365902293120637,6,6,5.0,4-5,30.427,0.48452180005732665,2136.8,2136.2,6.000000000003638,2136.7,2136.8,0.0,6.000000000003638,2.1365,3.863500000003638,4.273,1.7270000000036383,HIT_TARGET,0.919311364,True,0.919311364,True,0.257209518,True,True,0.662101846,False,,0.0
2026-03-20,WALL,BID,2026-03-20 06:19:46.751531147,1773987586751531147,8.167635669,1.0,2135.0,10.785,3.4818401937046004,3,3,5.9999999999990905,4-5,3.786,0.35104311543810846,2135.4,2135.1,3.000000000001819,2135.3,2135.4,0.0,3.000000000001819,2.1352499999999996,0.8647500000018193,4.270499999999999,-1.2704999999981803,HIT_TARGET,0.406413461,True,0.406413461,False,,False,False,,False,,0.0
2026-03-20,WALL,BID,2026-03-20 06:20:02.520663915,1773987602520663915,3.733741088,1.0,2133.9,52.591,20.873586028974003,2,2,4.0000000000009095,4-5,4.333,0.08239052309330494,2134.2,2134.0,1.999999999998181,2134.1,2134.2,0.0,1.999999999998181,2.1340999999999997,-0.13410000000181865,4.268199999999999,-2.2682000000018183,HIT_TARGET,0.050931246,True,0.050931246,False,,False,False,,False,,0.0
2026-03-20,WALL,BID,2026-03-20 06:28:26.487505272,1773988106487505272,21.23559397,0.9993954699351412,2135.2,58.019,13.84041030534351,1,1,7.9999999999972715,6+,1.591,0.02742205139695617,2135.4,2135.2999999999997,1.000000000003638,2135.3,2135.4,0.0,1.000000000003638,2.13535,-1.1353499999963619,4.2707,-3.2706999999963617,HIT_TARGET,0.051128029,True,0.051128029,False,,False,False,,False,,0.0
2026-03-20,WALL,ASK,2026-03-20 06:30:00.713883336,1773988200713883336,8.162934526,1.0,2139.3,150.94,10.78450985995999,4,4,15.0,6+,53.823,0.35658539817145884,2138.8,2139.2000000000003,4.0000000000009095,2138.8,2138.9,0.0,4.0000000000009095,2.139,1.8610000000009097,4.278,-0.2779999999990901,HIT_TARGET,1.889610385,True,1.889610385,True,0.04968488,True,True,1.839925505,False,,0.0
2026-03-20,WALL,BID,2026-03-20 06:30:45.579493113,1773988245579493113,15.894938262,0.9724040156199507,2139.4,116.906,14.27859541984733,5,5,4.0000000000009095,4-5,28.377999999999997,0.24274203205994554,2140.0,2139.5,5.0,2139.9,2140.0,0.0,5.0,2.13975,2.86025,4.2795,0.7205000000000004,HIT_TARGET,18.774067238,True,18.774067238,True,6.472765257,True,True,12.301301981,False,,1.999999999998181
2026-03-20,WALL,BID,2026-03-20 06:31:25.639706428,1773988285639706428,7.559081403,1.0,2137.4,47.814,4.509691110587126,2,2,4.0000000000009095,4-5,0.837,0.01750533316601832,2137.7,2137.5,1.999999999998181,2137.6,2137.7,0.0,1.999999999998181,2.1375999999999995,-0.1376000000018185,4.275199999999999,-2.275200000001818,HIT_TARGET,0.050510556,True,0.050510556,False,,False,False,,False,,0.0
2026-03-20,WALL,BID,2026-03-20 06:31:26.085478066,1773988286085478066,3.001665005,1.0,2137.0,57.591,5.716795711733175,4,4,5.0,4-5,26.375,0.4579708635029779,2137.5,2137.1,4.0000000000009095,2137.4,2137.5,0.0,4.0000000000009095,2.1373,1.8627000000009093,4.2746,-0.2745999999990909,DATA_GAP,26.595944864,False,,True,9.152643674,True,False,,True,11.386761719,4.0000000000009095
2026-03-20,WALL,ASK,2026-03-20 06:33:52.522801179,1773988432522801179,9.130716018,0.9264816927088007,2138.0,40.097,3.342391530863168,4,4,4.0000000000009095,4-5,12.148,0.30296530912537095,2137.5,2137.9,4.0000000000009095,2137.5,2137.6,0.0,4.0000000000009095,2.1376999999999997,1.8623000000009098,4.275399999999999,-0.27539999999908993,HIT_TARGET,3.275868196,True,3.275868196,True,0.731791294,True,True,2.544076902,False,,0.0
2026-03-20,WALL,ASK,2026-03-20 06:34:56.496493337,1773988496496493337,3.62485841,0.9093567497440541,2139.7,83.439,7.066310975609755,5,5,3.999999999996362,2-3,40.99,0.4912570860149331,2139.1,2139.6,5.0,2139.1,2139.2,0.0,5.0,2.13935,2.86065,4.2787,0.7213000000000003,TIMEOUT,60.0,False,,True,0.458201693,True,False,,True,12.090995989,6.999999999998181
2026-03-20,WALL,BID,2026-03-20 06:35:08.638824529,1773988508638824529,11.034466653,0.9939225504857756,2138.1,64.526,10.957968922476011,5,5,5.0,4-5,31.085,0.4817437931996405,2138.7,2138.2,5.0,2138.6,2138.7,0.0,5.0,2.1384499999999997,2.8615500000000003,4.2768999999999995,0.7231000000000005,HIT_TARGET,54.675365075,True,54.675365075,True,0.865491105,True,True,53.80987397,True,13.068089971,5.9999999999990905
2026-03-20,WALL,BID,2026-03-20 06:38:17.805252973,1773988697805252973,7.186026662,0.9568134108601224,2138.3,42.142,3.4830977766757587,1,1,4.0000000000009095,4-5,5.612,0.13316881021308907,2138.5,2138.4,0.9999999999990905,2138.4,2138.5,0.0,0.9999999999990905,2.1384499999999997,-1.1384500000009092,4.2768999999999995,-3.276900000000909,HIT_TARGET,0.061108725,True,0.061108725,False,,False,False,,False,,0.0
2026-03-20,WALL,BID,2026-03-20 06:40:47.644686572,1773988847644686572,3.271734034,0.9536254682002675,2132.0,10.01,3.1217838765008574,3,3,8.999999999996362,6+,1.647,0.16453546453546455,2132.4,2132.1,3.000000000001819,2132.3,2132.4,0.0,3.000000000001819,2.13225,0.867750000001819,4.2645,-1.264499999998181,HIT_TARGET,0.051009301,True,0.051009301,False,,False,False,,False,,0.0
2026-03-20,WALL,BID,2026-03-20 06:41:39.945006622,1773988899945006622,5.44240603,0.9428327338524576,2133.9,87.511,8.025954968588067,5,5,5.0,4-5,41.007000000000005,0.46859251979751126,2134.5,2134.0,5.0,2134.4,2134.5,0.0,5.0,2.1342499999999998,2.8657500000000002,4.2684999999999995,0.7315000000000005,TIMEOUT,60.0,False,,True,0.268297417,True,False,,True,9.714965385,29.00000000000091
2026-03-20,WALL,ASK,2026-03-20 06:43:10.800728488,1773988990800728488,3.636322186,1.0,2136.1,52.216,3.6578633975481614,2,2,4.0000000000009095,4-5,15.463,0.29613528420407537,2135.8,2136.0,1.999999999998181,2135.8,2135.9,0.0,1.999999999998181,2.1359,-0.1359000000018189,4.2718,-2.271800000001819,HIT_TARGET,6.025483497,True,6.025483497,True,0.509918588,True,True,5.515564909,True,0.663959118,3.000000000001819
2026-03-20,WALL,BID,2026-03-20 06:48:58.547670639,1773989338547670639,7.810294225,0.9939641284128448,2136.4,38.15,3.248467302452316,1,1,6.999999999998181,6+,10.453,0.27399737876802094,2136.6,2136.5,0.9999999999990905,2136.5,2136.6,0.0,0.9999999999990905,2.13655,-1.1365500000009097,4.2731,-3.27310000000091,HIT_TARGET,0.050926643,True,0.050926643,False,,False,False,,False,,0.0
2026-03-20,WALL,ASK,2026-03-20 06:53:03.099909777,1773989583099909777,22.200972837,0.9851011962210618,2138.6,57.77,4.180627419763361,4,4,3.999999999996362,2-3,14.01,0.24251341526743983,2138.1,2138.5,4.0000000000009095,2138.1,2138.2,0.0,4.0000000000009095,2.1383,1.8617000000009094,4.2766,-0.2765999999990907,HIT_TARGET,0.93774668,True,0.93774668,True,0.061308608,True,True,0.876438072,False,,0.0
2026-03-20,WALL,BID,2026-03-20 06:57:36.691743753,1773989856691743753,25.583699883,0.9923203568327287,2135.9,47.3,9.504671958203557,5,5,4.0000000000009095,4-5,6.675,0.14112050739957718,2136.5,2136.0,5.0,2136.4,2136.5,0.0,5.0,2.13625,2.86375,4.2725,0.7275,HIT_TARGET,0.050933841,True,0.050933841,False,,False,False,,False,,0.0
2026-03-20,WALL,BID,2026-03-20 07:00:28.732912497,1773990028732912497,9.6492876,0.999684491422973,2131.9,87.276,9.169091768661028,6,6,5.0,4-5,36.21000000000001,0.41489069159906516,2132.6,2132.0,5.9999999999990905,2132.5,2132.6,0.0,5.9999999999990905,2.1323000000000003,3.86769999999909,4.264600000000001,1.73539999999909,HIT_TARGET,21.085639168,True,21.085639168,True,7.191470572,True,True,13.894168596,True,2.24631247,5.0
2026-03-20,WALL,BID,2026-03-20 07:01:10.536646271,1773990070536646271,3.122811384,1.0,2126.9,92.042,7.786312494712798,6,6,5.0,4-5,45.038,0.48932009300102125,2127.6,2127.0,5.9999999999990905,2127.5,2127.6,0.0,5.9999999999990905,2.1273,3.8726999999990905,4.2546,1.7453999999990906,HIT_TARGET,1.072052878,True,1.072052878,True,0.51090697,True,True,0.561145908,False,,0.0
2026-03-20,WALL,ASK,2026-03-20 07:02:25.570129857,1773990145570129857,3.525249152,0.9361920189747769,2123.7,57.052,4.490692274390964,3,3,7.0000000000027285,6+,27.679000000000002,0.4851538946925612,2123.3,2123.6,2.9999999999972715,2123.3,2123.4,0.0,2.9999999999972715,2.1234499999999996,0.8765499999972719,4.246899999999999,-1.2469000000027277,HIT_TARGET,43.844086614,True,43.844086614,True,8.318150161,True,True,35.525936453,True,1.073459499,20.0
2026-03-20,WALL,BID,2026-03-20 07:02:29.339927545,1773990149339927545,3.005446876,0.939889146455171,2122.2,107.479,15.267987783223239,6,6,5.9999999999990905,4-5,24.880000000000003,0.23148708119725717,2122.9,2122.2999999999997,6.000000000003638,2122.8,2122.9,0.0,6.000000000003638,2.1226,3.877400000003638,4.2452,1.7548000000036383,HIT_TARGET,7.307271321,True,7.307271321,True,2.654203353,True,True,4.653067968,False,,0.0
2026-03-20,WALL,BID,2026-03-20 07:12:14.627679857,1773990734627679857,5.1605544,0.9651376838504018,2127.1,32.2,3.0872483221476514,2,2,8.999999999996362,6+,4.7,0.14596273291925466,2127.4,2127.2,2.0000000000027285,2127.3,2127.4,0.0,2.0000000000027285,2.1273,-0.12729999999727148,4.2546,-2.2545999999972715,HIT_TARGET,0.714460239,True,0.714460239,False,,False,False,,False,,0.0
2026-03-20,WALL,BID,2026-03-20 07:15:02.811504572,1773990902811504572,9.092527514,0.991454072381925,2127.9,50.834,4.7099045677754106,1,1,5.0,4-5,2.349,0.046209230042884686,2128.1,2128.0,0.9999999999990905,2128.0,2128.1,0.0,0.9999999999990905,2.12805,-1.1280500000009095,4.2561,-3.2561000000009095,HIT_TARGET,0.046094567,True,0.046094567,False,,False,False,,False,,0.0
2026-03-20,WALL,ASK,2026-03-20 07:15:24.652792178,1773990924652792178,3.010547097,1.0,2130.0,47.587,4.338317075394293,3,3,3.999999999996362,2-3,15.697999999999999,0.3298800092462227,2129.6,2129.9,3.000000000001819,2129.6,2129.7,0.0,3.000000000001819,2.12975,0.870250000001819,4.2595,-1.259499999998181,HIT_TARGET,0.050838301,True,0.050838301,False,,False,False,,False,,0.0
2026-03-20,WALL,BID,2026-03-20 07:18:04.869004777,1773991084869004777,10.668860097,0.9562702216770853,2131.7,38.976,3.4915345337274926,1,1,3.999999999996362,2-3,2.345,0.06016522988505748,2131.9,2131.7999999999997,1.000000000003638,2131.8,2131.9,0.0,1.000000000003638,2.1318499999999996,-1.1318499999963616,4.263699999999999,-3.263699999996361,HIT_TARGET,0.025471976,True,0.025471976,False,,False,False,,False,,0.0
2026-03-20,WALL,ASK,2026-03-20 07:22:25.225334422,1773991345225334422,5.108083101,0.9990954266192155,2137.9,93.397,6.5219091512167875,6,6,9.00000000000091,6+,46.141999999999996,0.4940415645042131,2137.2,2137.8,6.000000000003638,2137.2,2137.3,0.0,6.000000000003638,2.1374999999999997,3.8625000000036382,4.2749999999999995,1.7250000000036385,HIT_TARGET,0.663599495,True,0.663599495,False,,False,False,,False,,0.0
2026-03-20,WALL,BID,2026-03-20 07:23:53.318216030,1773991433318216030,4.440831155,1.0,2141.0,83.466,6.233923369930539,1,1,5.0,4-5,39.676,0.475355234466729,2141.2,2141.1,0.9999999999990905,2141.1,2141.2,0.0,0.9999999999990905,2.1411499999999997,-1.1411500000009092,4.282299999999999,-3.282300000000909,HIT_TARGET,0.04873301,True,0.04873301,False,,False,False,,False,,0.0
2026-03-20,WALL,BID,2026-03-20 07:30:06.350702906,1773991806350702906,3.840833999,0.9974003211274948,2137.3,40.464,4.4689380970788,4,4,4.0000000000009095,4-5,1.873,0.046288058521154606,2137.8,2137.4,4.0000000000009095,2137.7,2137.8,0.0,4.0000000000009095,2.1376000000000004,1.862400000000909,4.275200000000001,-0.2751999999990913,HIT_TARGET,3.622464016,True,3.622464016,True,0.200110036,True,True,3.42235398,False,,0.0
2026-03-20,WALL,BID,2026-03-20 07:30:06.550812942,1773991806550812942,4.694217505,0.9969076743920497,2137.4,36.971,3.0076062639821024,3,3,4.0000000000009095,4-5,3.476,0.09401963701279382,2137.8,2137.5,3.000000000001819,2137.7,2137.8,0.0,3.000000000001819,2.13765,0.8623500000018192,4.2753,-1.2752999999981807,HIT_TARGET,3.370758315,True,3.370758315,False,,False,False,,False,,0.0
2026-03-20,WALL,ASK,2026-03-20 07:36:51.103315251,1773992211103315251,13.676019828,0.9804915777137319,2148.9,47.0,8.382379168896023,1,1,10.0,6+,0.465,0.009893617021276595,2148.5,2148.8,3.000000000001819,2148.5,2148.8,0.0,3.000000000001819,2.14865,0.851350000001819,4.2973,-1.297299999998181,HIT_TARGET,0.051155345,True,0.051155345,False,,False,False,,False,,0.0
2026-03-20,WALL,BID,2026-03-20 07:39:51.297335621,1773992391297335621,5.667365054,1.0,2148.8,26.563,3.8843313592162025,1,1,4.0000000000009095,4-5,2.326,0.0875654105334488,2149.0,2148.9,0.9999999999990905,2148.9,2149.0,0.0,0.9999999999990905,2.1489499999999997,-1.1489500000009092,4.297899999999999,-3.297900000000909,HIT_TARGET,0.051495744,True,0.051495744,False,,False,False,,False,,0.0
2026-03-20,WALL,ASK,2026-03-20 07:41:00.656498440,1773992460656498440,3.505435125,1.0,2150.7,24.48,3.3619446542607982,3,3,5.0,4-5,11.346,0.46348039215686276,2150.3,2150.6,2.9999999999972715,2150.3,2150.4,0.0,2.9999999999972715,2.1504499999999998,0.8495499999972718,4.3008999999999995,-1.300900000002728,HIT_TARGET,0.1071733,True,0.1071733,False,,False,False,,False,,0.0
2026-03-20,WALL,BID,2026-03-20 07:45:19.097685625,1773992719097685625,3.338749338,1.0,2150.3,112.605,9.186995186424085,5,5,5.0,4-5,23.654,0.21006172017228364,2150.9,2150.4,5.0,2150.8,2150.9,0.0,5.0,2.1506499999999997,2.8493500000000003,4.3012999999999995,0.6987000000000005,TIMEOUT,60.0,False,,True,0.200767261,True,False,,True,28.081978776,13.999999999996362
2026-03-20,WALL,BID,2026-03-20 07:51:14.651985433,1773993074651985433,6.702827979,0.9984423787940389,2149.5,42.927,3.9279864574278265,4,4,6.999999999998181,6+,13.701,0.31916975330211755,2150.0,2149.6,4.0000000000009095,2149.9,2150.0,0.0,4.0000000000009095,2.1498,1.8502000000009096,4.2996,-0.29959999999909037,HIT_TARGET,0.254201293,True,0.254201293,False,,False,False,,False,,0.0
2026-03-20,WALL,ASK,2026-03-20 07:52:35.907312267,1773993155907312267,3.010995308,1.0,2150.0,77.566,6.499308726800453,2,2,4.0000000000009095,4-5,12.116,0.15620245984065181,2149.7,2149.9,2.0000000000027285,2149.7,2149.8,0.0,2.0000000000027285,2.1498,-0.14979999999727145,4.2996,-2.2995999999972714,HIT_TARGET,2.715271514,True,2.715271514,True,0.265406807,True,True,2.449864707,False,,0.0
2026-03-20,WALL,ASK,2026-03-20 07:55:46.130460767,1773993346130460767,7.65628298,0.9929341040369958,2152.0,95.008,9.829091661493896,5,5,5.0,4-5,21.848,0.22995958235095992,2151.4,2151.9,5.0,2151.4,2151.5,0.0,5.0,2.15165,2.84835,4.3033,0.6966999999999999,HIT_TARGET,0.917842268,True,0.917842268,True,0.196520836,True,True,0.721321432,False,,0.0
2026-03-20,WALL,BID,2026-03-20 07:55:57.963183817,1773993357963183817,9.600148602,1.0,2151.3,91.823,7.2372807881773396,5,5,5.9999999999990905,4-5,41.730999999999995,0.4544721910632412,2151.9,2151.4,5.0,2151.8,2151.9,0.0,5.0,2.15165,2.84835,4.3033,0.6966999999999999,HIT_TARGET,27.11722209,True,27.11722209,True,1.641078314,True,True,25.476143776,False,,0.0
2026-03-20,WALL,BID,2026-03-20 07:59:57.945884406,1773993597945884406,4.10673393,0.9822712500393226,2150.5,19.599,5.853942652329749,1,1,4.0000000000009095,4-5,2.788,0.1422521557222307,2150.7,2150.6,0.9999999999990905,2150.6,2150.7,0.0,0.9999999999990905,2.1506499999999993,-1.1506500000009088,4.301299999999999,-3.301300000000908,HIT_TARGET,0.053911798,True,0.053911798,False,,False,False,,False,,0.0
2026-03-20,WALL,BID,2026-03-20 08:02:47.930058409,1773993767930058409,7.963545637,1.0,2148.6,76.029,13.763396089790007,5,5,4.0000000000009095,4-5,26.177,0.3443028318141762,2149.2,2148.7,5.0,2149.1,2149.2,0.0,5.0,2.1489499999999997,2.8510500000000003,4.297899999999999,0.7021000000000006,HIT_TARGET,2.604306431,True,2.604306431,True,0.155558797,True,True,2.448747634,False,,0.0
2026-03-20,WALL,BID,2026-03-20 08:03:32.540609596,1773993812540609596,6.969611748,0.9776723192587227,2146.5,80.73,11.072555205047319,4,4,5.0,4-5,17.362000000000002,0.21506255419298898,2147.0,2146.6,4.0000000000009095,2146.9,2147.0,0.0,4.0000000000009095,2.1468,1.8532000000009097,4.2936,-0.29359999999909014,TIMEOUT,60.0,False,,True,0.397862005,True,False,,True,1.224062056,11.999999999998181
2026-03-20,WALL,ASK,2026-03-20 08:03:43.617939959,1773993823617939959,3.165313773,0.8180043931461451,2148.3,39.571,4.6499412455934195,1,1,3.999999999996362,2-3,9.516,0.2404791387632357,2148.1,2148.2000000000003,1.000000000003638,2148.1,2148.2,0.0,1.000000000003638,2.14815,-1.1481499999963618,4.2963,-3.2962999999963616,HIT_TARGET,0.052123219,True,0.052123219,False,,False,False,,False,,0.0
2026-03-20,WALL,ASK,2026-03-20 08:06:31.724615042,1773993991724615042,8.832468496,0.934883458201921,2152.1,37.783,4.439835487661575,1,1,6.999999999998181,6+,4.574,0.12105973586004287,2151.9,2152.0,0.9999999999990905,2151.9,2152.0,0.0,0.9999999999990905,2.1519499999999994,-1.1519500000009089,4.303899999999999,-3.303900000000908,HIT_TARGET,0.045457911,True,0.045457911,False,,False,False,,False,,0.0
2026-03-20,WALL,ASK,2026-03-20 08:06:32.644097090,1773993992644097090,8.474403185,1.0,2153.1,58.739,7.8706954307919075,5,5,12.999999999997272,6+,28.832,0.49084935051669254,2152.5,2153.0,5.0,2152.5,2152.6,0.0,5.0,2.1527499999999997,2.8472500000000003,4.305499999999999,0.6945000000000006,HIT_TARGET,35.206381978,True,35.206381978,True,1.529379215,True,True,33.677002763,True,2.6516411,16.99999999999818
2026-03-20,WALL,ASK,2026-03-20 08:07:06.676995158,1773994026676995158,5.306250553,0.9969422031926429,2153.0,58.308,5.0975215281724,3,3,7.9999999999972715,6+,19.454,0.33364203882829113,2152.6,2152.9,3.000000000001819,2152.6,2152.7,0.0,3.000000000001819,2.1527499999999997,0.8472500000018193,4.305499999999999,-1.3054999999981804,HIT_TARGET,1.17348391,True,1.17348391,False,,False,False,,False,,0.0
2026-03-20,WALL,BID,2026-03-20 08:07:18.827346376,1773994038827346376,5.972757394,0.9525451148769697,2153.0,78.25,7.609646990177964,3,3,5.9999999999990905,4-5,26.631,0.34033226837060704,2153.4,2153.1,3.000000000001819,2153.3,2153.4,0.0,3.000000000001819,2.15325,0.8467500000018191,4.3065,-1.3064999999981808,TIMEOUT,60.0,False,,True,0.051244334,True,False,,True,1.378397854,25.0
2026-03-20,WALL,ASK,2026-03-20 08:09:31.084289974,1773994171084289974,3.777188539,0.9983373157216922,2166.7,51.323,8.908696406873807,4,4,12.000000000002728,6+,16.328,0.31814196364203184,2165.6,2166.6,10.0,2165.6,2166.3,0.0,10.0,2.1660999999999997,7.8339,4.332199999999999,5.667800000000001,HIT_TARGET,0.7139593,True,0.7139593,False,,False,False,,False,,2.0000000000027285
2026-03-20,WALL,ASK,2026-03-20 08:09:48.124045896,1773994188124045896,6.479983223,0.940640996471296,2166.8,10.707,3.1593390380643256,1,1,11.999999999998181,6+,5.081,0.4745493602316242,2166.6,2166.7000000000003,1.000000000003638,2166.6,2166.7,0.0,1.000000000003638,2.1666499999999997,-1.1666499999963618,4.3332999999999995,-3.3332999999963615,HIT_TARGET,0.050456259,True,0.050456259,False,,False,False,,False,,0.0
2026-03-20,WALL,BID,2026-03-20 08:11:01.084304976,1773994261084304976,3.466151977,0.8624308838261884,2170.3,71.744,10.266742987979393,4,4,14.00000000000091,6+,23.570999999999998,0.3285431534344335,2170.8,2170.4,4.0000000000009095,2170.7,2170.8,0.0,4.0000000000009095,2.1706000000000003,1.8294000000009092,4.341200000000001,-0.3411999999990911,HIT_TARGET,0.161393828,True,0.161393828,False,,False,False,,False,,0.0
2026-03-20,WALL,BID,2026-03-20 08:11:20.016383035,1773994280016383035,3.052581395,0.929662782996815,2170.0,102.156,9.614682352941177,4,4,4.0000000000009095,4-5,27.782,0.27195661537256743,2170.5,2170.1,4.0000000000009095,2170.4,2170.5,0.0,4.0000000000009095,2.1703,1.8297000000009094,4.3406,-0.34059999999909074,TIMEOUT,60.0,False,,True,0.109411976,True,False,,True,2.967321508,50.99999999999909
2026-03-20,WALL,BID,2026-03-20 08:12:21.450175276,1773994341450175276,3.723685893,0.997187078528914,2174.2,76.118,11.684396346611404,4,4,5.0,4-5,17.271,0.22689771144801496,2174.7,2174.2999999999997,4.0000000000009095,2174.6,2174.7,0.0,4.0000000000009095,2.1745,1.8255000000009094,4.349,-0.3489999999990907,HIT_TARGET,15.504384965,True,15.504384965,True,0.202682214,True,True,15.301702751,True,1.173484416,18.00000000000182
2026-03-20,WALL,BID,2026-03-20 08:13:32.588855596,1773994412588855596,3.061463659,0.9970095179888595,2170.6,82.837,10.06219252960826,2,2,5.9999999999990905,4-5,38.97,0.4704419522677064,2170.9,2170.7,2.0000000000027285,2170.8,2170.9,0.0,2.0000000000027285,2.1708000000000003,-0.1707999999972718,4.341600000000001,-2.341599999997272,HIT_TARGET,6.073759601,True,6.073759601,True,0.254512216,True,True,5.819247385,True,0.051914329,8.999999999996362
2026-03-20,WALL,BID,2026-03-20 08:13:41.415364228,1773994421415364228,7.243777018,0.9760938566206981,2169.0,15.562,3.8581876781951157,4,4,15.0,6+,4.723999999999999,0.30355995373345324,2169.5,2169.1,4.0000000000009095,2169.4,2169.5,0.0,4.0000000000009095,2.1693,1.8307000000009097,4.3386,-0.3385999999990901,HIT_TARGET,1.481385847,True,1.481385847,True,0.55255975,True,True,0.928826097,False,,0.0
2026-03-20,WALL,BID,2026-03-20 08:14:58.672182047,1773994498672182047,3.003239889,0.9804137457632176,2170.3,89.204,10.824414512801845,2,2,9.00000000000091,6+,10.756,0.12057755257611767,2170.6,2170.4,1.999999999998181,2170.5,2170.6,0.0,1.999999999998181,2.1704999999999997,-0.17050000000181864,4.340999999999999,-2.3410000000018183,HIT_TARGET,1.435578901,True,1.435578901,False,,False,False,,False,,0.0
2026-03-20,WALL,BID,2026-03-20 08:15:19.550669211,1773994519550669211,3.733938889,1.0,2169.1,29.81,3.06639921822764,1,1,7.0000000000027285,6+,2.764,0.09272056356927205,2169.3,2169.2,1.000000000003638,2169.2,2169.3,0.0,1.000000000003638,2.16925,-1.169249999996362,4.3385,-3.338499999996362,HIT_TARGET,0.050501801,True,0.050501801,False,,False,False,,False,,0.0
2026-03-20,WALL,BID,2026-03-20 08:15:35.781101196,1773994535781101196,11.075340241,0.9779304173342551,2168.0,83.74,12.738059020383329,5,5,6.999999999998181,6+,14.668,0.1751612132791975,2168.6,2168.1,5.0,2168.5,2168.6,0.0,5.0,2.1683499999999998,2.8316500000000002,4.3366999999999996,0.6633000000000004,HIT_TARGET,0.510032067,True,0.510032067,False,,False,False,,False,,0.0
2026-03-20,WALL,BID,2026-03-20 08:16:05.375419356,1773994565375419356,3.008066697,0.9814401259600795,2168.0,44.784,4.956449560068618,4,4,5.9999999999990905,4-5,11.854000000000001,0.26469274740978926,2168.5,2168.1,4.0000000000009095,2168.4,2168.5,0.0,4.0000000000009095,2.1683,1.8317000000009096,4.3366,-0.3365999999990903,HIT_TARGET,1.067430751,True,1.067430751,True,0.147161299,True,True,0.920269452,False,,0.0
2026-03-20,WALL,BID,2026-03-20 08:16:36.556840325,1773994596556840325,4.285225936,0.963043420028437,2169.1,40.422,3.072164164924948,2,2,3.999999999996362,2-3,15.786999999999999,0.3905546484587601,2169.4,2169.2,2.0000000000027285,2169.3,2169.4,0.0,2.0000000000027285,2.1693,-0.1692999999972713,4.3386,-2.338599999997271,HIT_TARGET,1.275818043,True,1.275818043,True,0.033359379,True,True,1.242458664,False,,0.0
2026-03-20,WALL,BID,2026-03-20 08:16:42.219023133,1773994602219023133,4.44512775,0.9858857374796484,2168.2,53.678,7.6710253662022145,5,5,4.0000000000009095,4-5,23.907000000000004,0.4453779947091919,2168.8,2168.2999999999997,5.0000000000045475,2168.7,2168.8,0.0,5.0000000000045475,2.16855,2.8314500000045473,4.3371,0.6629000000045471,HIT_TARGET,42.768785661,True,42.768785661,True,1.968502034,True,True,40.800283627,True,6.586138662,12.000000000002728
2026-03-20,WALL,ASK,2026-03-20 08:16:57.837674617,1773994617837674617,4.866444778,1.0,2170.3,150.0,19.104629688594535,6,6,10.99999999999909,6+,69.668,0.4644533333333334,2169.6,2170.2000000000003,6.000000000003638,2169.6,2169.7,0.0,6.000000000003638,2.1699,3.830100000003638,4.3398,1.6602000000036377,TIMEOUT,60.0,False,,True,0.645518491,True,False,,True,2.906318617,16.99999999999818
2026-03-20,WALL,BID,2026-03-20 08:17:08.962611110,1773994628962611110,3.881300124,1.0,2168.5,61.118,9.649956580089999,4,4,4.0000000000009095,4-5,18.02,0.2948394908210347,2169.0,2168.6,4.0000000000009095,2168.9,2169.0,0.0,4.0000000000009095,2.1688,1.8312000000009094,4.3376,-0.3375999999990906,HIT_TARGET,15.561975249,True,15.561975249,True,1.006078678,True,True,14.555896571,False,,0.9999999999990905
2026-03-20,WALL,BID,2026-03-20 08:18:47.344858699,1773994727344858699,3.007429441,1.0,2168.2,84.373,7.340293183696552,4,4,5.0,4-5,30.347,0.35967667381745344,2168.7,2168.2999999999997,4.0000000000009095,2168.6,2168.7,0.0,4.0000000000009095,2.1685,1.8315000000009096,4.337,-0.33699999999909025,HIT_TARGET,8.677820955,True,8.677820955,True,1.022211152,True,True,7.655609803,False,,0.0
2026-03-20,WALL,BID,2026-03-20 08:19:46.282005244,1773994786282005244,6.787064152,1.0,2167.8,79.324,16.62279966471081,4,4,4.0000000000009095,4-5,15.942,0.20097322374060814,2168.3,2167.9,4.0000000000009095,2168.2,2168.3,0.0,4.0000000000009095,2.1681000000000004,1.8319000000009091,4.336200000000001,-0.3361999999990912,HIT_TARGET,5.710906775,True,5.710906775,True,0.150383078,True,True,5.560523697,False,,0.0
2026-03-20,WALL,BID,2026-03-20 08:20:00.770086700,1773994800770086700,9.650547075,0.9931341833281508,2167.0,32.413,6.381139875972044,3,3,5.9999999999990905,4-5,3.7279999999999998,0.11501558016845094,2167.4,2167.1,3.000000000001819,2167.3,2167.4,0.0,3.000000000001819,2.1672499999999997,0.8327500000018193,4.334499999999999,-1.3344999999981804,HIT_TARGET,0.051567637,True,0.051567637,False,,False,False,,False,,0.0
2026-03-20,WALL,BID,2026-03-20 08:20:01.841635496,1773994801841635496,14.489484099,0.9732352787476564,2165.9,36.705,5.352533722201969,3,3,17.00000000000273,6+,12.4,0.33782863370113064,2166.3,2166.0,3.000000000001819,2166.2,2166.3,0.0,3.000000000001819,2.16615,0.833850000001819,4.3323,-1.332299999998181,HIT_TARGET,1.224060125,True,1.224060125,False,,False,False,,False,,0.0
2026-03-20,WALL,BID,2026-03-20 08:21:46.502092147,1773994906502092147,6.998057737,0.9657963243523322,2162.9,57.008,3.190686740919013,2,2,7.0000000000027285,6+,25.654999999999998,0.4500245579567779,2163.2,2163.0,1.999999999998181,2163.1,2163.2,0.0,1.999999999998181,2.1631,-0.163100000001819,4.3262,-2.326200000001819,HIT_TARGET,0.255620771,True,0.255620771,False,,False,False,,False,,0.0
2026-03-20,WALL,BID,2026-03-20 08:24:22.070337630,1773995062070337630,4.796558446,0.9977993723794187,2165.5,90.819,12.487144232091298,6,6,5.0,4-5,36.621,0.4032306015261124,2166.2,2165.6,5.9999999999990905,2166.1,2166.2,0.0,5.9999999999990905,2.1658999999999997,3.834099999999091,4.331799999999999,1.668199999999091,TIMEOUT,60.0,False,,True,0.714118775,True,False,,True,7.909951511,19.00000000000091
2026-03-20,WALL,BID,2026-03-20 08:30:00.577720988,1773995400577720988,4.024195107,0.9875665986191956,2163.8,32.303,4.366745522135856,5,5,5.0,4-5,15.906,0.49240008667925583,2164.4,2163.9,5.0,2164.3,2164.4,0.0,5.0,2.16415,2.83585,4.3283,0.6717000000000004,HIT_TARGET,0.209460469,True,0.209460469,False,,False,False,,False,,0.0
2026-03-20,WALL,ASK,2026-03-20 08:30:32.220706613,1773995432220706613,14.593106651,0.9922833390659634,2163.5,75.976,9.418706998078472,4,4,15.99999999999909,6+,30.043000000000003,0.39542750342213334,2163.0,2163.4,4.0000000000009095,2163.0,2163.1,0.0,4.0000000000009095,2.1632,1.8368000000009097,4.3264,-0.3263999999990901,HIT_TARGET,18.369997134,True,18.369997134,True,0.099612233,True,True,18.270384901,True,3.931315218,5.9999999999990905
2026-03-20,WALL,BID,2026-03-20 08:30:36.152021831,1773995436152021831,3.831702985,0.9990640696802339,2162.5,32.488,3.6275122822688703,2,2,5.0,4-5,12.074,0.3716449150455553,2162.8,2162.6,2.0000000000027285,2162.7,2162.8,0.0,2.0000000000027285,2.1626999999999996,-0.16269999999727114,4.325399999999999,-2.3253999999972708,HIT_TARGET,7.396665622,True,7.396665622,True,0.050393779,True,True,7.346271843,True,1.122741817,4.0000000000009095
2026-03-20,WALL,ASK,2026-03-20 08:30:57.326981800,1773995457326981800,6.071334465,0.975088677971557,2164.4,49.98,5.496233573431573,1,1,4.0000000000009095,4-5,14.022,0.28055222088835535,2164.2,2164.3,1.000000000003638,2164.2,2164.3,0.0,1.000000000003638,2.16425,-1.164249999996362,4.3285,-3.328499999996362,HIT_TARGET,0.05044232,True,0.05044232,False,,False,False,,False,,0.0
2026-03-20,WALL,BID,2026-03-20 08:31:32.936211621,1773995492936211621,3.694184264,0.9148506155836952,2161.7,69.175,7.819034701028597,3,3,16.99999999999818,6+,31.073,0.44919407300325265,2162.1,2161.7999999999997,3.000000000001819,2162.0,2162.1,0.0,3.000000000001819,2.1619499999999996,0.8380500000018194,4.323899999999999,-1.3238999999981802,HIT_TARGET,0.319367427,True,0.319367427,False,,False,False,,False,,0.0
2026-03-20,WALL,BID,2026-03-20 08:34:42.748293686,1773995682748293686,3.058753302,0.9486298404983299,2166.2,76.557,5.940407371483997,5,5,7.0000000000027285,6+,35.348,0.4617213318181224,2166.8,2166.2999999999997,5.0000000000045475,2166.7,2166.8,0.0,5.0000000000045475,2.16655,2.8334500000045475,4.3331,0.6669000000045475,HIT_TARGET,1.739133643,True,1.739133643,True,0.311937047,True,True,1.427196596,False,,0.0
2026-03-20,WALL,BID,2026-03-20 08:34:50.971790113,1773995690971790113,6.62400749,0.9888804716614232,2165.3,55.82,6.910981800173332,3,3,4.0000000000009095,4-5,12.775000000000002,0.22886062343246152,2165.7,2165.4,2.9999999999972715,2165.6,2165.7,0.0,2.9999999999972715,2.16555,0.8344499999972714,4.3311,-1.3311000000027287,HIT_TARGET,0.356138473,True,0.356138473,False,,False,False,,False,,0.0
2026-03-20,WALL,BID,2026-03-20 08:35:00.819275786,1773995700819275786,5.865689599,0.9642819488716692,2165.2,35.2,3.008547008547009,2,2,4.0000000000009095,4-5,17.448999999999998,0.4957102272727272,2165.5,2165.2999999999997,2.0000000000027285,2165.4,2165.5,0.0,2.0000000000027285,2.1653999999999995,-0.16539999999727106,4.330799999999999,-2.3307999999972706,HIT_TARGET,0.153962132,True,0.153962132,False,,False,False,,False,,0.0
2026-03-20,WALL,ASK,2026-03-20 08:35:17.618281711,1773995717618281711,4.440485424,0.9523757369279904,2166.4,48.907,7.063402657423454,5,5,4.0000000000009095,4-5,23.970999999999997,0.49013433659803296,2165.8,2166.3,5.0,2165.8,2165.9,0.0,5.0,2.1660500000000003,2.8339499999999997,4.3321000000000005,0.6678999999999995,TIMEOUT,60.0,False,,True,0.05046723,True,False,,True,1.833793422,19.00000000000091
2026-03-20,WALL,BID,2026-03-20 08:36:06.870746866,1773995766870746866,3.880609365,0.9716253400836701,2163.8,32.912,3.694863878753859,3,3,7.0000000000027285,6+,14.0,0.425376762275158,2164.2,2163.9,2.9999999999972715,2164.1,2164.2,0.0,2.9999999999972715,2.16405,0.8359499999972715,4.3281,-1.3281000000027285,HIT_TARGET,0.102614229,True,0.102614229,False,,False,False,,False,,0.0
2026-03-20,WALL,ASK,2026-03-20 08:38:00.649870945,1773995880649870945,10.727034611,0.9620747963670386,2164.2,40.306,4.2999946658131964,5,5,5.0,4-5,14.983,0.371731255892423,2163.6,2164.1,5.0,2163.6,2163.7,0.0,5.0,2.1638499999999996,2.8361500000000004,4.327699999999999,0.6723000000000008,HIT_TARGET,0.764259444,True,0.764259444,True,0.049402104,True,True,0.71485734,False,,0.0
2026-03-20,WALL,ASK,2026-03-20 08:39:43.383242172,1773995983383242172,3.01493016,1.0,2165.9,75.981,8.807349020516982,3,3,4.0000000000009095,4-5,27.509999999999998,0.36206420026059144,2165.5,2165.8,3.000000000001819,2165.5,2165.6,0.0,3.000000000001819,2.16565,0.8343500000018191,4.3313,-1.3312999999981807,HIT_TARGET,0.204376279,True,0.204376279,False,,False,False,,False,,0.0
2026-03-20,WALL,BID,2026-03-20 08:45:08.117022539,1773996308117022539,3.031230627,0.9497549573947347,2162.8,58.116,3.8976560142181684,2,2,5.0,4-5,18.864,0.32459219492050384,2163.1,2162.9,1.999999999998181,2163.0,2163.1,0.0,1.999999999998181,2.163,-0.1630000000018188,4.326,-2.3260000000018186,HIT_TARGET,3.696154527,True,3.696154527,True,0.991107577,True,True,2.70504695,False,,0.0
2026-03-20,WALL,ASK,2026-03-20 08:49:55.740257264,1773996595740257264,7.197088962,0.998373908247933,2163.6,53.838,5.438731184968178,4,4,3.999999999996362,2-3,24.729999999999997,0.4593409859207251,2163.1,2163.5,4.0000000000009095,2163.1,2163.2,0.0,4.0000000000009095,2.1633,1.8367000000009095,4.3266,-0.3265999999990905,HIT_TARGET,6.27784665,True,6.27784665,True,5.665396337,True,True,0.612450313,False,,0.0
2026-03-20,WALL,BID,2026-03-20 08:51:28.144552522,1773996688144552522,3.060851918,1.0,2164.6,107.513,6.6180172970976585,4,4,4.0000000000009095,4-5,51.693000000000005,0.4808069721801085,2165.1,2164.7,4.0000000000009095,2165.0,2165.1,0.0,4.0000000000009095,2.1648999999999994,1.8351000000009101,4.329799999999999,-0.32979999999908927,HIT_TARGET,13.635149528,True,13.635149528,True,0.874978154,True,True,12.760171374,False,,0.0
2026-03-20,WALL,BID,2026-03-20 08:51:41.932752497,1773996701932752497,7.710464532,1.0,2164.1,39.669,3.895227808326787,4,4,4.0000000000009095,4-5,11.398,0.2873276361894679,2164.6,2164.2,4.0000000000009095,2164.5,2164.6,0.0,4.0000000000009095,2.1643999999999997,1.8356000000009098,4.328799999999999,-0.3287999999990898,HIT_TARGET,0.253352133,True,0.253352133,False,,False,False,,False,,0.0
2026-03-20,WALL,BID,2026-03-20 08:52:32.525444643,1773996752525444643,12.098806901,1.0,2162.6,76.494,6.912837196692422,5,5,4.0000000000009095,4-5,37.035,0.4841556200486312,2163.2,2162.7,5.0,2163.1,2163.2,0.0,5.0,2.16295,2.83705,4.3259,0.6741000000000001,TIMEOUT,60.0,False,,True,6.120339504,True,False,,True,0.807157608,20.99999999999909
2026-03-20,WALL,BID,2026-03-20 08:53:40.318379538,1773996820318379538,8.43271283,0.991006344751811,2163.4,53.312,4.873794395940942,3,3,4.0000000000009095,4-5,15.035,0.28201905762304924,2163.8,2163.5,3.000000000001819,2163.7,2163.8,0.0,3.000000000001819,2.16365,0.8363500000018189,4.3273,-1.3272999999981812,HIT_TARGET,4.592602479,True,4.592602479,True,0.052258181,True,True,4.540344298,False,,0.0
2026-03-20,WALL,BID,2026-03-20 09:00:56.651480807,1773997256651480807,3.735188849,0.9328503165061789,2159.0,111.538,20.01938436686709,7,7,14.00000000000091,6+,15.738,0.1410998942064588,2159.8,2159.1,7.0000000000027285,2159.7,2159.8,0.0,7.0000000000027285,2.1594499999999996,4.840550000002729,4.318899999999999,2.681100000002729,HIT_TARGET,1.73384324,True,1.73384324,False,,False,False,,False,,0.0
2026-03-20,WALL,ASK,2026-03-20 09:03:37.716634827,1773997417716634827,6.36635807,1.0,2157.4,87.935,7.740416354913957,5,5,4.0000000000009095,4-5,32.562,0.37029624154204804,2156.8,2157.3,5.0,2156.8,2156.9,0.0,5.0,2.15705,2.84295,4.3141,0.6859000000000002,HIT_TARGET,1.595902058,True,1.595902058,True,0.572390249,True,True,1.023511809,False,,0.0
2026-03-20,WALL,ASK,2026-03-20 09:04:50.356700893,1773997490356700893,3.92880182,1.0,2159.7,46.969,18.988882150798464,2,2,10.99999999999909,6+,10.440999999999999,0.22229555664374373,2159.1,2159.6,5.0,2159.1,2159.5,0.0,5.0,2.15935,2.84065,4.3187,0.6813000000000002,TIMEOUT,60.0,False,,True,1.580375626,True,False,,True,10.000177674,34.00000000000091
2026-03-20,WALL,ASK,2026-03-20 09:07:14.189093967,1773997634189093967,9.953841868,0.99969086599518,2156.1,60.224,8.438870594829398,7,7,4.0000000000009095,4-5,21.364,0.3547422954303932,2155.3,2156.0,6.999999999998181,2155.3,2155.4,0.0,6.999999999998181,2.15565,4.844349999998181,4.3113,2.688699999998181,HIT_TARGET,19.190628992,True,19.190628992,True,4.895651427,True,True,14.294977565,False,,0.9999999999990905
2026-03-20,WALL,ASK,2026-03-20 09:07:52.873081843,1773997672873081843,4.737090573,0.9177760621213269,2158.1,89.545,6.118760463288805,5,5,6.999999999998181,6+,38.128,0.4257970852643922,2157.5,2158.0,5.0,2157.5,2157.6,0.0,5.0,2.1577499999999996,2.8422500000000004,4.315499999999999,0.6845000000000008,HIT_TARGET,15.296994395,True,15.296994395,True,0.199564476,True,True,15.097429919,False,,1.999999999998181
2026-03-20,WALL,BID,2026-03-20 09:14:10.894222271,1773998050894222271,8.717210388,0.9807593711136205,2155.3,74.957,7.563010796085157,4,4,4.0000000000009095,4-5,35.082,0.4680283362461145,2155.8,2155.4,4.0000000000009095,2155.7,2155.8,0.0,4.0000000000009095,2.1556,1.8444000000009093,4.3112,-0.31119999999909087,HIT_TARGET,19.551368664,True,19.551368664,True,2.610415272,True,True,16.940953392,False,,0.0
2026-03-20,WALL,ASK,2026-03-20 09:15:05.097884768,1773998105097884768,3.877389391,0.9536484443844706,2154.7,81.052,8.715737405236842,4,4,7.0000000000027285,6+,19.637999999999998,0.2422889009524749,2154.2,2154.6,4.0000000000009095,2154.2,2154.3,0.0,4.0000000000009095,2.1543999999999994,1.84560000000091,4.308799999999999,-0.30879999999908936,HIT_TARGET,0.30577629,True,0.30577629,False,,False,False,,False,,0.0
2026-03-20,WALL,ASK,2026-03-20 09:15:07.436002155,1773998107436002155,3.001015079,0.9594621916926396,2155.0,51.72,3.5971623313395464,3,3,6.999999999998181,6+,12.094,0.23383604021655066,2154.6,2154.9,3.000000000001819,2154.6,2154.7,0.0,3.000000000001819,2.15475,0.845250000001819,4.3095,-1.309499999998181,HIT_TARGET,0.159724646,True,0.159724646,False,,False,False,,False,,0.0
2026-03-20,WALL,BID,2026-03-20 09:15:55.416996403,1773998155416996403,3.777095801,0.9340011818249351,2153.5,41.712,4.208657047724751,2,2,5.0,4-5,10.718,0.25695243574990406,2153.8,2153.6,2.0000000000027285,2153.7,2153.8,0.0,2.0000000000027285,2.1536999999999997,-0.15369999999727124,4.3073999999999995,-2.307399999997271,HIT_TARGET,0.612714644,True,0.612714644,True,0.100490702,True,True,0.512223942,False,,0.0
2026-03-20,WALL,BID,2026-03-20 09:19:07.537774758,1773998347537774758,3.029091912,1.0,2148.9,76.653,5.835115898450881,4,4,11.999999999998181,6+,38.19500000000001,0.49828447679803795,2149.4,2149.0,4.0000000000009095,2149.3,2149.4,0.0,4.0000000000009095,2.1491999999999996,1.85080000000091,4.298399999999999,-0.2983999999990896,HIT_TARGET,29.792793238,True,29.792793238,True,0.750029203,True,True,29.042764035,True,5.854683765,16.99999999999818
2026-03-20,WALL,ASK,2026-03-20 09:20:39.739185376,1773998439739185376,4.4416925,0.9609293853637999,2146.5,74.027,8.721885125184096,4,4,5.0,4-5,18.619,0.2515163386332014,2146.0,2146.4,4.0000000000009095,2146.0,2146.1,0.0,4.0000000000009095,2.1461999999999994,1.85380000000091,4.292399999999999,-0.2923999999990894,HIT_TARGET,0.918064557,True,0.918064557,False,,False,False,,False,,0.0
2026-03-20,WALL,ASK,2026-03-20 09:21:01.557020189,1773998461557020189,3.04399318,0.9389502893038676,2145.8,64.043,3.4049125418682546,2,2,4.0000000000009095,4-5,31.889,0.4979310775572662,2145.5,2145.7000000000003,2.0000000000027285,2145.5,2145.6,0.0,2.0000000000027285,2.1456,-0.14559999999727147,4.2912,-2.2911999999972714,HIT_TARGET,17.533257389,True,17.533257389,True,1.802045807,True,True,15.731211582,True,4.716999709,6.999999999998181
2026-03-20,WALL,ASK,2026-03-20 09:22:05.337485261,1773998525337485261,3.010055432,0.9987141133818163,2147.8,94.485,10.084316132130851,2,2,5.0,4-5,36.049,0.381531460020109,2147.5,2147.7000000000003,2.0000000000027285,2147.5,2147.6,0.0,2.0000000000027285,2.1476,-0.1475999999972717,4.2952,-2.295199999997272,HIT_TARGET,0.612177985,True,0.612177985,True,0.049279962,True,True,0.562898023,False,,0.0
2026-03-20,WALL,BID,2026-03-20 09:22:19.818102913,1773998539818102913,4.372532069,0.9664672410204798,2147.1,32.542,3.2542,1,1,5.0,4-5,9.704,0.29819925019974186,2147.3,2147.2,1.000000000003638,2147.2,2147.3,0.0,1.000000000003638,2.1472499999999997,-1.1472499999963617,4.294499999999999,-3.2944999999963613,HIT_TARGET,0.068990586,True,0.068990586,False,,False,False,,False,,0.0
2026-03-20,WALL,BID,2026-03-20 09:22:20.958179319,1773998540958179319,4.237598563,1.0,2146.7,54.286,5.090585146286572,4,4,5.9999999999990905,4-5,14.439,0.2659801790516892,2147.2,2146.7999999999997,4.0000000000009095,2147.1,2147.2,0.0,4.0000000000009095,2.147,1.8530000000009097,4.294,-0.2939999999990901,HIT_TARGET,11.840562548,True,11.840562548,True,8.113447589,True,True,3.727114959,False,,0.0
2026-03-20,WALL,BID,2026-03-20 09:25:16.509608992,1773998716509608992,3.472066124,1.0,2141.4,31.548,4.3752860411899315,1,1,5.0,4-5,0.336,0.010650437428680107,2141.9,2141.5,4.0000000000009095,2141.5,2141.9,0.0,4.0000000000009095,2.1416999999999997,1.8583000000009098,4.283399999999999,-0.28339999999908994,HIT_TARGET,0.05091449,True,0.05091449,False,,False,False,,False,,0.0
2026-03-20,WALL,BID,2026-03-20 09:26:15.781760096,1773998775781760096,19.19422367,0.9992203874323197,2139.7,52.523,8.584293535997388,6,6,12.999999999997272,6+,7.152,0.13616891647468726,2140.5,2139.7999999999997,7.0000000000027285,2140.3,2140.5,0.0,7.0000000000027285,2.1401499999999993,4.859850000002729,4.280299999999999,2.71970000000273,HIT_TARGET,0.050952461,True,0.050952461,False,,False,False,,False,,0.0
2026-03-20,WALL,ASK,2026-03-20 09:26:25.786145899,1773998785786145899,4.082609787,1.0,2141.9,51.7,4.739640630729739,4,4,5.9999999999990905,4-5,13.85,0.2678916827852998,2141.4,2141.8,4.0000000000009095,2141.4,2141.5,0.0,4.0000000000009095,2.1416000000000004,1.858400000000909,4.283200000000001,-0.2831999999990913,HIT_TARGET,1.3729901,True,1.3729901,True,0.870013099,True,True,0.502977001,False,,0.0
2026-03-20,WALL,BID,2026-03-20 09:26:56.467543824,1773998816467543824,10.885028176,0.9638145250860763,2141.1,62.063,4.277109679197823,1,1,4.0000000000009095,4-5,30.74,0.4953031596925704,2141.3,2141.2,1.000000000003638,2141.2,2141.3,0.0,1.000000000003638,2.14125,-1.141249999996362,4.2825,-3.2824999999963618,HIT_TARGET,0.051078563,True,0.051078563,False,,False,False,,False,,0.0
2026-03-20,WALL,BID,2026-03-20 09:27:27.847484882,1773998847847484882,7.112181638,0.9997083557330823,2142.2,52.509,5.079222286709228,3,3,5.0,4-5,23.366,0.4449903826010779,2142.6,2142.2999999999997,3.000000000001819,2142.5,2142.6,0.0,3.000000000001819,2.1424499999999997,0.8575500000018192,4.2848999999999995,-1.2848999999981805,TIMEOUT,60.0,False,,True,3.687493887,True,False,,True,4.393169261,18.00000000000182
2026-03-20,WALL,BID,2026-03-20 09:29:19.337604303,1773998959337604303,3.119236547,0.9485035688766569,2142.1,38.394,3.0065779169929523,2,2,3.999999999996362,2-3,1.426,0.0371412199822889,2142.4,2142.2,2.0000000000027285,2142.3,2142.4,0.0,2.0000000000027285,2.1423,-0.1422999999972716,4.2846,-2.2845999999972717,HIT_TARGET,0.308722887,True,0.308722887,False,,False,False,,False,,0.0
2026-03-20,WALL,ASK,2026-03-20 09:30:37.217891339,1773999037217891339,3.049135341,0.9268260808236783,2143.8,77.726,5.83813422465918,1,1,3.999999999996362,2-3,31.712,0.40799732393278954,2143.6,2143.7000000000003,1.000000000003638,2143.6,2143.7,0.0,1.000000000003638,2.14365,-1.143649999996362,4.2873,-3.287299999996362,HIT_TARGET,0.02049044,True,0.02049044,False,,False,False,,False,,0.0
2026-03-20,WALL,ASK,2026-03-20 09:35:39.780622244,1773999339780622244,18.587186272,1.0,2148.1,13.951,4.440165499681731,4,4,5.9999999999990905,4-5,1.7770000000000001,0.12737438176474805,2147.6,2148.0,4.0000000000009095,2147.6,2147.7,0.0,4.0000000000009095,2.1478,1.8522000000009093,4.2956,-0.2955999999990908,HIT_TARGET,0.050602981,True,0.050602981,False,,False,False,,False,,0.0
2026-03-20,WALL,ASK,2026-03-20 09:40:06.187194785,1773999606187194785,4.610087376,1.0,2146.2,58.678,4.001363837839681,1,1,5.0,4-5,6.988,0.11909063021916222,2146.0,2146.1,0.9999999999990905,2146.0,2146.1,0.0,0.9999999999990905,2.1460500000000002,-1.1460500000009097,4.2921000000000005,-3.29210000000091,HIT_TARGET,0.056359142,True,0.056359142,False,,False,False,,False,,0.0
2026-03-20,WALL,BID,2026-03-20 09:40:37.536844351,1773999637536844351,6.001071995,0.9821290096020586,2145.1,55.085,6.169223877253891,2,2,3.999999999996362,2-3,2.341,0.04249795770173369,2145.4,2145.2,2.0000000000027285,2145.3,2145.4,0.0,2.0000000000027285,2.1453,-0.14529999999727172,4.2906,-2.290599999997272,HIT_TARGET,0.152215162,True,0.152215162,False,,False,False,,False,,0.0
2026-03-20,WALL,BID,2026-03-20 09:44:48.345188840,1773999888345188840,10.168625873,0.9794280693760755,2144.2,47.896,9.770705834353326,5,5,15.0,6+,11.648,0.24319358610322364,2144.8,2144.2999999999997,5.0000000000045475,2144.7,2144.8,0.0,5.0000000000045475,2.1445499999999997,2.8554500000045477,4.2890999999999995,0.710900000004548,HIT_TARGET,25.319203582,True,25.319203582,True,0.051665572,True,True,25.26753801,True,4.900554907,10.0
2026-03-20,WALL,ASK,2026-03-20 09:44:53.245743747,1773999893245743747,4.288041214,0.9269781659332718,2145.6,72.15,8.150700406687754,3,3,6.000000000003638,6+,21.343,0.2958142758142758,2145.2,2145.5,3.000000000001819,2145.2,2145.3,0.0,3.000000000001819,2.14535,0.8546500000018189,4.2907,-1.2906999999981812,HIT_TARGET,0.455681298,True,0.455681298,False,,False,False,,False,,0.0
2026-03-20,WALL,BID,2026-03-20 09:47:12.027453417,1774000032027453417,5.923632089,0.9983580573786712,2142.0,82.457,8.487596500257334,4,4,11.999999999998181,6+,22.773,0.276180312162703,2142.5,2142.1,4.0000000000009095,2142.4,2142.5,0.0,4.0000000000009095,2.1423,1.8577000000009094,4.2846,-0.2845999999990907,HIT_TARGET,3.726885034,True,3.726885034,False,,False,False,,False,,0.0
2026-03-20,WALL,ASK,2026-03-20 09:51:55.136548663,1774000315136548663,6.643523598,0.9950632408365534,2139.4,74.368,11.021563542052611,4,4,4.0000000000009095,4-5,17.442,0.23453635972461276,2138.9,2139.3,4.0000000000009095,2138.9,2139.0,0.0,4.0000000000009095,2.1391000000000004,1.860900000000909,4.278200000000001,-0.2781999999990914,HIT_TARGET,10.66497188,True,10.66497188,True,1.121917696,True,True,9.543054184,False,,0.9999999999990905
2026-03-20,WALL,ASK,2026-03-20 09:54:17.461083032,1774000457461083032,4.387635397,0.9852054527948281,2135.9,84.313,15.002313167259787,2,2,5.0,4-5,41.892,0.4968628799829208,2135.6,2135.8,2.0000000000027285,2135.6,2135.7,0.0,2.0000000000027285,2.1356999999999995,-0.135699999997271,4.271399999999999,-2.2713999999972705,HIT_TARGET,14.747507076,True,14.747507076,True,5.807754681,True,True,8.939752395,True,0.664330106,10.0
2026-03-20,WALL,BID,2026-03-20 09:55:42.588723155,1774000542588723155,3.471213855,0.9698113218092119,2138.2,51.415,13.749164326781655,4,4,5.9999999999990905,4-5,16.654,0.3239132548867062,2138.7,2138.2999999999997,4.0000000000009095,2138.6,2138.7,0.0,4.0000000000009095,2.1385,1.8615000000009094,4.277,-0.27699999999909064,HIT_TARGET,0.15117564,True,0.15117564,False,,False,False,,False,,0.0
2026-03-20,WALL,ASK,2026-03-20 09:56:04.948680975,1774000564948680975,3.131639168,1.0,2140.0,65.373,5.711926605504588,1,1,9.00000000000091,6+,4.242,0.06488917442981047,2139.8,2139.9,0.9999999999990905,2139.8,2139.9,0.0,0.9999999999990905,2.13985,-1.1398500000009095,4.2797,-3.2797000000009096,HIT_TARGET,0.049711671,True,0.049711671,False,,False,False,,False,,0.0
2026-03-20,WALL,ASK,2026-03-20 09:58:03.306626390,1774000683306626390,8.29604617,0.9873795921750518,2141.0,80.526,4.92287941311325,4,4,4.0000000000009095,4-5,38.735,0.4810247621886099,2140.5,2140.9,4.0000000000009095,2140.5,2140.6,0.0,4.0000000000009095,2.1407,1.8593000000009097,4.2814,-0.28139999999909016,TIMEOUT,60.0,False,,True,0.586955375,True,False,,True,5.995923358,9.00000000000091
2026-03-20,WALL,ASK,2026-03-20 10:01:30.762920501,1774000890762920501,11.688442431,0.9812983214581057,2140.0,77.722,9.666314283937565,5,5,4.0000000000009095,4-5,27.753,0.3570803633462855,2139.4,2139.9,5.0,2139.4,2139.5,0.0,5.0,2.13965,2.86035,4.2793,0.7206999999999999,HIT_TARGET,2.207678359,True,2.207678359,True,0.419497903,True,True,1.788180456,False,,0.0
2026-03-20,WALL,ASK,2026-03-20 10:08:07.679650466,1774001287679650466,3.123175349,0.9111243337365366,2135.6,81.579,9.067355785261753,5,5,5.0,4-5,30.292,0.37132105076061245,2135.0,2135.5,5.0,2135.0,2135.1,0.0,5.0,2.1352499999999996,2.8647500000000004,4.270499999999999,0.7295000000000007,HIT_TARGET,2.349751371,True,2.349751371,True,0.307243086,True,True,2.042508285,False,,0.0
2026-03-20,WALL,BID,2026-03-20 10:10:22.888477175,1774001422888477175,13.725574013,0.9922916554965358,2134.1,78.261,7.037226868087402,4,4,4.0000000000009095,4-5,32.122,0.4104470936992883,2134.6,2134.2,4.0000000000009095,2134.5,2134.6,0.0,4.0000000000009095,2.1343999999999994,1.86560000000091,4.268799999999999,-0.2687999999990893,HIT_TARGET,0.672772395,True,0.672772395,False,,False,False,,False,,0.0
2026-03-20,WALL,ASK,2026-03-20 10:11:39.458628177,1774001499458628177,9.185413344,0.9871598951965466,2134.1,88.405,7.956887628819585,4,4,3.999999999996362,2-3,25.951,0.2935467450936033,2133.6,2134.0,4.0000000000009095,2133.6,2133.7,0.0,4.0000000000009095,2.1338,1.8662000000009096,4.2676,-0.26759999999909034,HIT_TARGET,3.26587545,True,3.26587545,True,0.151975875,True,True,3.113899575,False,,0.0
2026-03-20,WALL,BID,2026-03-20 10:13:16.739857054,1774001596739857054,6.572305596,1.0,2134.6,104.238,8.98138893675685,4,4,6.999999999998181,6+,25.096000000000004,0.24075672979143886,2135.1,2134.7,4.0000000000009095,2135.0,2135.1,0.0,4.0000000000009095,2.1348999999999996,1.86510000000091,4.269799999999999,-0.26979999999908966,HIT_TARGET,1.94344977,True,1.94344977,False,,False,False,,False,,0.0
2026-03-20,WALL,BID,2026-03-20 10:14:52.707447834,1774001692707447834,12.305352871,0.9992224697576493,2135.1,33.725,3.5000778371646515,1,1,4.0000000000009095,4-5,0.468,0.013876945885841364,2135.3,2135.2,1.000000000003638,2135.2,2135.3,0.0,1.000000000003638,2.1352499999999996,-1.1352499999963617,4.270499999999999,-3.2704999999963613,HIT_TARGET,0.050061569,True,0.050061569,False,,False,False,,False,,0.0
2026-03-20,WALL,ASK,2026-03-20 10:26:00.797160712,1774002360797160712,3.116349373,1.0,2136.4,80.696,8.93643410852713,4,4,6.999999999998181,6+,38.685,0.47939179141469224,2135.9,2136.3,4.0000000000009095,2135.9,2136.0,0.0,4.0000000000009095,2.1361000000000003,1.8639000000009092,4.272200000000001,-0.27219999999909117,HIT_TARGET,1.583333502,True,1.583333502,False,,False,False,,False,,0.0
2026-03-20,WALL,BID,2026-03-20 10:35:03.210836760,1774002903210836760,3.070439554,0.9323513668492821,2140.4,36.106,3.048849482795018,1,1,4.0000000000009095,4-5,6.375,0.17656345205782972,2140.6,2140.5,0.9999999999990905,2140.5,2140.6,0.0,0.9999999999990905,2.14055,-1.1405500000009097,4.2811,-3.28110000000091,HIT_TARGET,0.049455432,True,0.049455432,False,,False,False,,False,,0.0
2026-03-20,WALL,ASK,2026-03-20 10:40:59.134932316,1774003259134932316,3.06067778,0.9333588572005773,2150.8,81.29,11.397924845765564,3,3,5.0,4-5,36.324,0.4468446303358346,2150.4,2150.7000000000003,3.000000000001819,2150.4,2150.5,0.0,3.000000000001819,2.15055,0.849450000001819,4.3011,-1.301099999998181,HIT_TARGET,1.531210631,True,1.531210631,True,0.100736195,True,True,1.430474436,False,,0.0
2026-03-20,WALL,ASK,2026-03-20 10:41:32.921530465,1774003292921530465,3.067920582,0.9650256706025776,2149.1,38.746,3.213169133806029,1,1,10.0,6+,4.575,0.11807670469209725,2148.9,2149.0,0.9999999999990905,2148.9,2149.0,0.0,0.9999999999990905,2.1489499999999997,-1.1489500000009092,4.297899999999999,-3.297900000000909,HIT_TARGET,0.047554619,True,0.047554619,False,,False,False,,False,,0.0
2026-03-20,WALL,BID,2026-03-20 10:41:42.002801718,1774003302002801718,3.005533417,1.0,2148.1,58.905,5.396949012781163,3,3,4.0000000000009095,4-5,21.021,0.3568627450980392,2148.5,2148.2,3.000000000001819,2148.4,2148.5,0.0,3.000000000001819,2.1483499999999998,0.8516500000018192,4.2966999999999995,-1.2966999999981805,HIT_TARGET,1.024645793,True,1.024645793,True,0.412525519,True,True,0.612120274,False,,0.0
2026-03-20,WALL,BID,2026-03-20 10:48:15.355371603,1774003695355371603,7.656735956,0.9933224698757002,2147.9,63.104,7.819578686493184,7,7,9.00000000000091,6+,27.89,0.44196881338742394,2148.7,2148.0,6.999999999998181,2148.6,2148.7,0.0,6.999999999998181,2.1483499999999998,4.851649999998181,4.2966999999999995,2.7032999999981815,HIT_TARGET,0.153376857,True,0.153376857,False,,False,False,,False,,0.0
2026-03-20,WALL,ASK,2026-03-20 10:48:46.951756282,1774003726951756282,3.521771815,0.9152076046698671,2148.9,29.666,3.0053692634991394,2,2,10.99999999999909,6+,14.085,0.47478595024607295,2148.6,2148.8,2.0000000000027285,2148.6,2148.7,0.0,2.0000000000027285,2.1487,-0.14869999999727135,4.2974,-2.297399999997271,HIT_TARGET,11.537915336,True,11.537915336,True,6.385209954,True,True,5.152705382,True,6.385209954,3.999999999996362
2026-03-20,WALL,BID,2026-03-20 10:56:36.735037034,1774004196735037034,9.282569439,0.9911974445721138,2146.8,57.819,4.122419878079213,2,2,4.0000000000009095,4-5,13.165,0.22769331880523702,2147.1,2146.9,1.999999999998181,2147.0,2147.1,0.0,1.999999999998181,2.147,-0.1470000000018188,4.294,-2.2940000000018186,HIT_TARGET,1.535011841,True,1.535011841,False,,False,False,,False,,0.0
2026-03-20,WALL,BID,2026-03-20 11:00:37.658335196,1774004437658335196,3.062589865,1.0,2147.1,56.611,4.574441436709628,1,1,4.0000000000009095,4-5,11.693,0.2065499637879564,2147.3,2147.2,1.000000000003638,2147.2,2147.3,0.0,1.000000000003638,2.1472499999999997,-1.1472499999963617,4.294499999999999,-3.2944999999963613,HIT_TARGET,0.049580812,True,0.049580812,False,,False,False,,False,,0.0
2026-03-20,WALL,ASK,2026-03-20 11:03:01.757766498,1774004581757766498,3.67509251,0.9847017905407774,2150.2,92.582,9.589517841421099,4,4,12.000000000002728,6+,32.05,0.34617960294657707,2149.7,2150.1,4.0000000000009095,2149.7,2149.8,0.0,4.0000000000009095,2.1498999999999993,1.8501000000009102,4.2997999999999985,-0.299799999999089,HIT_TARGET,10.767026808,True,10.767026808,True,1.428198995,True,True,9.338827813,False,,2.0000000000027285
2026-03-20,WALL,BID,2026-03-20 11:03:39.780315863,1774004619780315863,6.482796774,0.9863399867237609,2149.1,65.147,3.7842060933461132,1,1,4.0000000000009095,4-5,5.1,0.07828449506500681,2149.3,2149.2,1.000000000003638,2149.2,2149.3,0.0,1.000000000003638,2.14925,-1.149249999996362,4.2985,-3.298499999996362,HIT_TARGET,0.048427556,True,0.048427556,False,,False,False,,False,,0.0
2026-03-20,WALL,ASK,2026-03-20 11:03:44.426525281,1774004624426525281,3.526383109,1.0,2150.7,52.731,5.497680237710473,2,2,10.0,6+,21.813,0.4136655857085964,2150.4,2150.6,1.999999999998181,2150.4,2150.5,0.0,1.999999999998181,2.1504999999999996,-0.15050000000181862,4.300999999999999,-2.3010000000018183,TIMEOUT,60.0,False,,True,0.864134086,True,False,,True,8.67962838,20.99999999999909
2026-03-20,WALL,ASK,2026-03-20 11:05:19.793929250,1774004719793929250,8.784236797,0.9665681456697188,2150.3,62.379,5.3007307953772935,2,2,7.9999999999972715,6+,12.763000000000002,0.20460411356385966,2150.0,2150.2000000000003,2.0000000000027285,2150.0,2150.1,0.0,2.0000000000027285,2.1501,-0.15009999999727164,4.3002,-2.3001999999972718,HIT_TARGET,3.520816694,True,3.520816694,True,0.102192448,True,True,3.418624246,False,,0.0
2026-03-20,WALL,BID,2026-03-20 11:06:57.021126016,1774004817021126016,5.885563871,0.9947127370151685,2151.2,61.664,3.817731550272412,2,2,4.0000000000009095,4-5,14.206,0.23037752983912815,2151.5,2151.2999999999997,2.0000000000027285,2151.4,2151.5,0.0,2.0000000000027285,2.1513999999999998,-0.15139999999727127,4.3027999999999995,-2.302799999997271,HIT_TARGET,39.764499756,True,39.764499756,True,0.457314733,True,True,39.307185023,True,5.357919101,11.999999999998181
2026-03-20,WALL,ASK,2026-03-20 11:09:03.974315678,1774004943974315678,3.23328755,0.9859647410574417,2151.8,53.011,5.639468085106384,4,4,5.0,4-5,16.732,0.31563260455377184,2151.3,2151.7000000000003,4.0000000000009095,2151.3,2151.4,0.0,4.0000000000009095,2.1515,1.8485000000009095,4.303,-0.30299999999909044,HIT_TARGET,2.040334329,True,2.040334329,True,0.05107719,True,True,1.989257139,False,,0.0
2026-03-20,WALL,ASK,2026-03-20 11:14:10.203652469,1774005250203652469,3.421031024,1.0,2155.4,9.634,4.876740065806126,3,3,16.99999999999818,6+,4.0120000000000005,0.4164417687357277,2155.0,2155.3,3.000000000001819,2155.0,2155.1,0.0,3.000000000001819,2.15515,0.8448500000018191,4.3103,-1.3102999999981808,HIT_TARGET,1.019946907,True,1.019946907,False,,False,False,,False,,0.0
2026-03-20,WALL,BID,2026-03-20 11:15:02.193810347,1774005302193810347,3.04572541,0.9591469865958796,2156.9,54.539,9.443165093931263,5,5,5.0,4-5,26.215,0.4806652120500926,2157.5,2157.0,5.0,2157.4,2157.5,0.0,5.0,2.15725,2.84275,4.3145,0.6855000000000002,HIT_TARGET,1.295008603,True,1.295008603,False,,False,False,,False,,0.0
2026-03-20,WALL,BID,2026-03-20 11:17:18.577076563,1774005438577076563,3.128542314,1.0,2150.3,39.624,4.562611549311993,5,5,5.0,4-5,16.945999999999998,0.4276700989299414,2150.9,2150.4,5.0,2150.8,2150.9,0.0,5.0,2.1506499999999997,2.8493500000000003,4.3012999999999995,0.6987000000000005,HIT_TARGET,1.210967828,True,1.210967828,True,0.338869215,True,True,0.872098613,False,,0.0
2026-03-20,WALL,ASK,2026-03-20 11:18:14.199703054,1774005494199703054,3.892067695,0.959362235347759,2152.8,49.222,5.720495089778605,4,4,4.0000000000009095,4-5,9.374999999999998,0.19046361383121366,2152.3,2152.7000000000003,4.0000000000009095,2152.3,2152.4,0.0,4.0000000000009095,2.1525,1.8475000000009096,4.305,-0.3049999999990902,HIT_TARGET,0.70886166,True,0.70886166,True,0.203925344,True,True,0.504936316,False,,0.0
2026-03-20,WALL,ASK,2026-03-20 11:19:05.236672981,1774005545236672981,3.003418813,0.9470537597648058,2152.8,34.308,4.092568292973876,1,1,3.999999999996362,2-3,4.56,0.1329136061559986,2152.6,2152.7000000000003,1.000000000003638,2152.6,2152.7,0.0,1.000000000003638,2.15265,-1.152649999996362,4.3053,-3.305299999996362,HIT_TARGET,0.037255344,True,0.037255344,False,,False,False,,False,,0.0
2026-03-20,WALL,BID,2026-03-20 11:19:32.927577356,1774005572927577356,4.034597929,0.9756554157989308,2152.3,48.149,4.929511133862299,1,1,4.0000000000009095,4-5,2.094,0.043489999792311364,2152.5,2152.4,0.9999999999990905,2152.4,2152.5,0.0,0.9999999999990905,2.15245,-1.1524500000009095,4.3049,-3.3049000000009094,HIT_TARGET,0.050381694,True,0.050381694,False,,False,False,,False,,0.0
2026-03-20,WALL,BID,2026-03-20 11:26:55.647928454,1774006015647928454,4.53720858,0.88494167552685,2150.7,40.294,3.1697608558842036,1,1,5.9999999999990905,4-5,14.454,0.35871345609768207,2150.9,2150.7999999999997,1.000000000003638,2150.8,2150.9,0.0,1.000000000003638,2.1508499999999997,-1.1508499999963617,4.301699999999999,-3.3016999999963614,HIT_TARGET,0.060723547,True,0.060723547,False,,False,False,,False,,0.0
2026-03-20,WALL,BID,2026-03-20 11:30:10.052418881,1774006210052418881,4.907103365,0.9990002992325392,2148.3,57.898,5.380354985596135,3,3,5.9999999999990905,4-5,25.375000000000004,0.43827075201215937,2148.7,2148.4,2.9999999999972715,2148.6,2148.7,0.0,2.9999999999972715,2.14855,0.8514499999972713,4.2971,-1.2971000000027288,HIT_TARGET,23.732254105,True,23.732254105,True,2.397219622,True,True,21.335034483,True,2.749368786,3.000000000001819
2026-03-20,WALL,BID,2026-03-20 11:36:44.989263364,1774006604989263364,8.47529989,0.9925844819869849,2145.9,42.086,3.3420154053839433,1,1,4.0000000000009095,4-5,7.683,0.18255476880672908,2146.1,2146.0,0.9999999999990905,2146.0,2146.1,0.0,0.9999999999990905,2.1460500000000002,-1.1460500000009097,4.2921000000000005,-3.29210000000091,HIT_TARGET,0.050050101,True,0.050050101,False,,False,False,,False,,0.0
2026-03-20,WALL,BID,2026-03-20 11:37:04.429952909,1774006624429952909,3.928595062,1.0,2141.4,156.223,15.12982422158733,6,6,13.000000000001819,6+,69.67,0.44596506276284537,2142.1,2141.5,5.9999999999990905,2142.0,2142.1,0.0,5.9999999999990905,2.1418,3.8581999999990906,4.2836,1.7163999999990907,HIT_TARGET,5.663190607,True,5.663190607,True,0.152722075,True,True,5.510468532,False,,0.0
2026-03-20,WALL,ASK,2026-03-20 11:37:17.288933942,1774006637288933942,9.862812686,0.9994871576535992,2143.4,53.593,10.658910103420842,6,6,13.000000000001819,6+,15.227,0.2841229265015953,2142.7,2143.3,6.000000000003638,2142.7,2142.8,0.0,6.000000000003638,2.143,3.857000000003638,4.286,1.7140000000036384,TIMEOUT,60.0,False,,True,0.305279846,True,False,,True,2.193105736,27.00000000000273
2026-03-20,WALL,BID,2026-03-20 11:38:36.565240566,1774006716565240566,29.207841153,0.9990907559425264,2139.1,11.19,3.4001823154056514,1,1,15.0,6+,3.349,0.2992850759606792,2139.3,2139.2,1.000000000003638,2139.2,2139.3,0.0,1.000000000003638,2.13925,-1.1392499999963621,4.2785,-3.278499999996362,HIT_TARGET,0.050317738,True,0.050317738,False,,False,False,,False,,0.0
2026-03-20,WALL,ASK,2026-03-20 11:38:51.259700738,1774006731259700738,4.808869327,0.9685982594386267,2137.6,82.43,18.14240123252999,5,5,5.0,4-5,25.561,0.3100934125925027,2137.0,2137.5,5.0,2137.0,2137.1,0.0,5.0,2.13725,2.86275,4.2745,0.7255000000000003,HIT_TARGET,46.18399237,True,46.18399237,True,0.815950437,True,True,45.368041933,True,7.500701789,21.99999999999818
2026-03-20,WALL,ASK,2026-03-20 11:41:33.223141128,1774006893223141128,3.156723446,0.9190256513208664,2138.9,54.037,5.356827757125155,3,3,5.0,4-5,26.175,0.48439032514758407,2138.5,2138.8,3.000000000001819,2138.5,2138.6,0.0,3.000000000001819,2.1386499999999997,0.8613500000018193,4.277299999999999,-1.2772999999981804,HIT_TARGET,46.248435284,True,46.248435284,True,0.975449704,True,True,45.27298558,True,1.943593169,15.0
2026-03-20,WALL,BID,2026-03-20 11:41:59.770824090,1774006919770824090,29.133967816,0.9791341754806859,2136.5,152.062,15.855481987383348,5,5,10.99999999999909,6+,67.382,0.44312188449448253,2137.1,2136.6,5.0,2137.0,2137.1,0.0,5.0,2.13685,2.86315,4.2737,0.7263000000000002,TIMEOUT,60.0,False,,True,0.047620832,True,False,,True,2.804831588,25.0
2026-03-20,WALL,BID,2026-03-20 11:45:16.236518082,1774007116236518082,9.239196424,0.9930642096932217,2138.4,54.506,7.4421081376297105,2,2,4.0000000000009095,4-5,3.75,0.06879976516346824,2138.7,2138.5,1.999999999998181,2138.6,2138.7,0.0,1.999999999998181,2.1386,-0.13860000000181882,4.2772,-2.2772000000018187,HIT_TARGET,5.664143034,True,5.664143034,True,0.448063152,True,True,5.216079882,False,,0.9999999999990905
2026-03-20,WALL,BID,2026-03-20 11:45:35.431656863,1774007135431656863,3.377753846,0.9745584270145184,2136.9,54.103,22.17790530846485,4,4,5.9999999999990905,4-5,8.089,0.1495111176829381,2137.4,2137.0,4.0000000000009095,2137.3,2137.4,0.0,4.0000000000009095,2.1372,1.8628000000009095,4.2744,-0.2743999999990905,HIT_TARGET,0.097221086,True,0.097221086,False,,False,False,,False,,0.0
2026-03-20,WALL,BID,2026-03-20 11:52:03.212956764,1774007523212956764,3.013325503,0.9554761100762502,2137.0,41.038,3.9044764759050468,2,2,4.0000000000009095,4-5,18.098,0.44100589697353676,2137.3,2137.1,2.0000000000027285,2137.2,2137.3,0.0,2.0000000000027285,2.1372,-0.1371999999972715,4.2744,-2.2743999999972715,HIT_TARGET,0.353595681,True,0.353595681,False,,False,False,,False,,0.0
2026-03-20,WALL,ASK,2026-03-20 12:00:03.889789312,1774008003889789312,9.184287898,0.974796808683403,2142.2,31.691,7.792230145070076,3,3,7.0000000000027285,6+,9.678999999999998,0.30541794200246125,2141.8,2142.1,2.9999999999972715,2141.8,2141.9,0.0,2.9999999999972715,2.1419499999999996,0.8580499999972719,4.283899999999999,-1.2839000000027276,HIT_TARGET,1.994607711,True,1.994607711,False,,False,False,,False,,0.0
2026-03-20,WALL,BID,2026-03-20 12:05:57.412000555,1774008357412000555,13.372868493,0.9820821665056061,2143.6,110.303,9.440516946251282,3,3,7.9999999999972715,6+,22.318,0.20233357206966268,2144.0,2143.7,3.000000000001819,2143.9,2144.0,0.0,3.000000000001819,2.1438499999999996,0.8561500000018194,4.287699999999999,-1.2876999999981802,TIMEOUT,60.0,False,,True,1.123749583,True,False,,True,2.393400598,24.00000000000091
2026-03-20,WALL,BID,2026-03-20 12:07:50.429029422,1774008470429029422,3.118042103,0.8841477183221986,2150.1,56.207,4.757056408954339,3,3,5.0,4-5,15.677000000000001,0.27891543757894927,2150.5,2150.2,3.000000000001819,2150.4,2150.5,0.0,3.000000000001819,2.15035,0.849650000001819,4.3007,-1.300699999998181,HIT_TARGET,0.813401641,True,0.813401641,True,0.152991539,True,True,0.660410102,False,,0.0
2026-03-20,WALL,BID,2026-03-20 12:10:44.838434931,1774008644838434931,3.041698673,1.0,2149.6,77.915,5.672527392523024,2,2,3.999999999996362,2-3,21.772,0.2794327151382917,2149.9,2149.7,2.0000000000027285,2149.8,2149.9,0.0,2.0000000000027285,2.1498,-0.14979999999727145,4.2996,-2.2995999999972714,HIT_TARGET,5.832586137,True,5.832586137,True,4.312856142,True,True,1.519729995,False,,0.0
2026-03-20,WALL,ASK,2026-03-20 12:20:13.572984601,1774009213572984601,7.14656954,0.9514940992234436,2145.0,33.243,3.3706463878326995,1,1,4.0000000000009095,4-5,9.722,0.29245254640074597,2144.8,2144.9,0.9999999999990905,2144.8,2144.9,0.0,0.9999999999990905,2.1448500000000004,-1.1448500000009099,4.289700000000001,-3.2897000000009102,HIT_TARGET,0.021385703,True,0.021385703,False,,False,False,,False,,0.0
2026-03-20,WALL,ASK,2026-03-20 12:20:22.775015656,1774009222775015656,3.025889519,1.0,2145.7,39.504,3.62139615895861,1,1,4.0000000000009095,4-5,10.999,0.2784275010125557,2145.5,2145.6,0.9999999999990905,2145.5,2145.6,0.0,0.9999999999990905,2.14555,-1.1455500000009096,4.2911,-3.2911000000009096,HIT_TARGET,0.065632319,True,0.065632319,False,,False,False,,False,,0.0
2026-03-20,WALL,BID,2026-03-20 12:21:22.023583896,1774009282023583896,5.001957187,0.9944627898711361,2145.7,36.946,5.261089355642577,3,3,4.0000000000009095,4-5,17.728,0.4798354355004602,2146.1,2145.7999999999997,3.000000000001819,2146.0,2146.1,0.0,3.000000000001819,2.1459499999999996,0.8540500000018194,4.291899999999999,-1.2918999999981802,HIT_TARGET,40.477453692,True,40.477453692,True,14.239837002,True,True,26.23761669,True,27.656879973,3.000000000001819
2026-03-20,WALL,ASK,2026-03-20 12:23:31.899360762,1774009411899360762,3.824934469,0.9266877126202603,2148.1,38.655,3.8808292756387734,1,1,4.0000000000009095,4-5,19.128,0.49483896003104383,2147.9,2148.0,0.9999999999990905,2147.9,2148.0,0.0,0.9999999999990905,2.14795,-1.1479500000009093,4.2959,-3.295900000000909,HIT_TARGET,0.039719099,True,0.039719099,False,,False,False,,False,,0.0
2026-03-20,WALL,BID,2026-03-20 12:27:22.869360651,1774009642869360651,3.020232081,1.0,2140.6,61.211,3.596521636945856,4,4,4.0000000000009095,4-5,14.795,0.24170492231788404,2141.1,2140.7,4.0000000000009095,2141.0,2141.1,0.0,4.0000000000009095,2.1409,1.8591000000009097,4.2818,-0.2817999999990901,HIT_TARGET,2.543231816,True,2.543231816,False,,False,False,,False,,0.0
2026-03-20,WALL,ASK,2026-03-20 12:28:38.708033097,1774009718708033097,3.10875745,1.0,2142.5,91.234,10.643257116192254,4,4,5.9999999999990905,4-5,32.507000000000005,0.3563035710371134,2142.0,2142.4,4.0000000000009095,2142.0,2142.1,0.0,4.0000000000009095,2.1422,1.8578000000009096,4.2844,-0.28439999999909027,HIT_TARGET,28.695378544,True,28.695378544,True,0.41313363,True,True,28.282244914,False,,0.0
2026-03-20,WALL,BID,2026-03-20 12:30:13.670664569,1774009813670664569,6.877737578,1.0,2141.3,8.4,3.379601689800845,1,1,4.0000000000009095,4-5,0.979,0.11654761904761904,2141.5,2141.4,0.9999999999990905,2141.4,2141.5,0.0,0.9999999999990905,2.1414499999999994,-1.141450000000909,4.282899999999999,-3.2829000000009083,HIT_TARGET,0.050428346,True,0.050428346,False,,False,False,,False,,0.0
2026-03-20,WALL,BID,2026-03-20 12:30:13.721092915,1774009813721092915,4.6971087,1.0,2141.2,8.47,3.4564374617425018,1,1,5.0,4-5,0.979,0.11558441558441557,2141.4,2141.2999999999997,1.000000000003638,2141.3,2141.4,0.0,1.000000000003638,2.1413499999999996,-1.1413499999963617,4.282699999999999,-3.2826999999963613,HIT_TARGET,0.044841728,True,0.044841728,False,,False,False,,False,,0.0
2026-03-20,WALL,ASK,2026-03-20 12:30:19.022108301,1774009819022108301,5.256173658,0.9519678449710764,2141.6,48.974,17.8672017511857,5,5,4.0000000000009095,4-5,15.64,0.31935312614856864,2141.0,2141.5,5.0,2141.0,2141.1,0.0,5.0,2.14125,2.85875,4.2825,0.7175000000000002,HIT_TARGET,0.978483625,True,0.978483625,True,0.14933182,True,True,0.829151805,False,,0.0
2026-03-20,WALL,ASK,2026-03-20 12:31:27.998381920,1774009887998381920,3.475611276,0.9369953333066583,2139.9,62.605,11.591371968154045,5,5,8.000000000001819,6+,18.888,0.30170114208130344,2139.3,2139.8,5.0,2139.3,2139.4,0.0,5.0,2.13955,2.86045,4.2791,0.7209000000000003,TIMEOUT,60.0,False,,True,2.499300333,True,False,,True,23.372121638,29.00000000000091
2026-03-20,WALL,BID,2026-03-20 12:31:50.756113353,1774009910756113353,15.257256667,0.9908384248196904,2139.1,44.369,6.727672479150872,1,1,4.0000000000009095,4-5,3.954,0.08911627487660304,2139.3,2139.2,1.000000000003638,2139.2,2139.3,0.0,1.000000000003638,2.13925,-1.1392499999963621,4.2785,-3.278499999996362,HIT_TARGET,0.049429212,True,0.049429212,False,,False,False,,False,,0.0
2026-03-20,WALL,BID,2026-03-20 12:33:15.614451757,1774009995614451757,3.052721749,0.9498394729063792,2137.3,65.143,4.621873780552698,2,2,4.0000000000009095,4-5,0.467,0.007168843927973842,2137.6,2137.4,1.999999999998181,2137.5,2137.6,0.0,1.999999999998181,2.1374999999999997,-0.13750000000181872,4.2749999999999995,-2.2750000000018185,HIT_TARGET,1.957615766,True,1.957615766,False,,False,False,,False,,0.0
2026-03-20,WALL,ASK,2026-03-20 12:37:28.356734053,1774010248356734053,9.190638789,0.9796459151213848,2141.1,32.222,3.1474481074481075,2,2,4.0000000000009095,4-5,14.718,0.4567686673701198,2140.8,2141.0,1.999999999998181,2140.8,2140.9,0.0,1.999999999998181,2.1409,-0.1409000000018188,4.2818,-2.2818000000018186,HIT_TARGET,1.988918666,True,1.988918666,False,,False,False,,False,,0.0
2026-03-20,WALL,BID,2026-03-20 12:41:01.340388174,1774010461340388174,4.42316022,0.9746414243615168,2137.1,66.829,6.189876348816745,5,5,5.9999999999990905,4-5,24.0,0.35912552933606673,2137.7,2137.2,5.0,2137.6,2137.7,0.0,5.0,2.13745,2.86255,4.2749,0.7251000000000003,HIT_TARGET,2.211150013,True,2.211150013,False,,False,False,,False,,0.0
2026-03-20,WALL,BID,2026-03-20 12:41:09.781081450,1774010469781081450,6.229543263,1.0,2135.2,152.725,26.718859342197344,6,6,11.999999999998181,6+,44.531000000000006,0.29157636274349324,2135.9,2135.2999999999997,6.000000000003638,2135.8,2135.9,0.0,6.000000000003638,2.1355999999999997,3.8644000000036383,4.271199999999999,1.7288000000036385,HIT_TARGET,15.354080889,True,15.354080889,True,0.051548703,True,True,15.302532186,True,13.937849043,3.999999999996362
2026-03-20,WALL,ASK,2026-03-20 12:49:00.067526943,1774010940067526943,9.541170688,0.9954076239244825,2137.8,52.707,4.7674912939261,4,4,4.0000000000009095,4-5,26.043,0.49410894188627696,2137.3,2137.7000000000003,4.0000000000009095,2137.3,2137.4,0.0,4.0000000000009095,2.1374999999999997,1.8625000000009098,4.2749999999999995,-0.27499999999909,HIT_TARGET,0.516222378,True,0.516222378,False,,False,False,,False,,0.0
2026-03-20,WALL,ASK,2026-03-20 12:50:52.337737487,1774011052337737487,6.965097864,0.9885445754592487,2140.1,19.256,3.2840453653960946,2,2,4.0000000000009095,4-5,8.325000000000001,0.43233277939343584,2139.8,2140.0,1.999999999998181,2139.8,2139.9,0.0,1.999999999998181,2.1399,-0.1399000000018189,4.2798,-2.279800000001819,HIT_TARGET,2.78447681,True,2.78447681,False,,False,False,,False,,0.0
2026-03-20,WALL,ASK,2026-03-20 12:52:37.270752347,1774011157270752347,5.674969934,0.9806695812883931,2141.7,22.257,3.183664711772279,3,3,4.0000000000009095,4-5,5.526,0.24828143954710874,2141.3,2141.6,2.9999999999972715,2141.3,2141.4,0.0,2.9999999999972715,2.1414499999999994,0.8585499999972721,4.282899999999999,-1.2829000000027273,HIT_TARGET,12.256421522,True,12.256421522,True,11.082071099,True,True,1.174350423,False,,0.0
2026-03-20,WALL,ASK,2026-03-20 13:03:15.479556662,1774011795479556662,5.77182101,1.0,2141.0,54.105,5.865994470645633,3,3,5.0,4-5,15.849000000000002,0.2929304130856668,2140.6,2140.9,3.000000000001819,2140.6,2140.7,0.0,3.000000000001819,2.1407499999999997,0.8592500000018193,4.281499999999999,-1.2814999999981804,HIT_TARGET,1.684769951,True,1.684769951,True,0.339400381,True,True,1.34536957,False,,0.0
2026-03-20,WALL,BID,2026-03-20 13:05:41.220795609,1774011941220795609,9.192588277,0.988636482038322,2141.7,81.282,6.679431341934423,5,5,6.000000000003638,6+,13.135,0.16159789375261435,2142.3,2141.7999999999997,5.0000000000045475,2142.2,2142.3,0.0,5.0000000000045475,2.14205,2.8579500000045477,4.2841,0.7159000000045479,HIT_TARGET,0.154036231,True,0.154036231,False,,False,False,,False,,0.0
2026-03-20,WALL,BID,2026-03-20 13:06:54.424564172,1774012014424564172,3.005344363,1.0,2139.1,82.729,5.103578038247995,3,3,5.0,4-5,35.824,0.4330283213866963,2139.5,2139.2,3.000000000001819,2139.4,2139.5,0.0,3.000000000001819,2.13935,0.8606500000018191,4.2787,-1.2786999999981807,TIMEOUT,60.0,False,,True,0.554715427,True,False,,True,5.157358201,39.00000000000091
2026-03-20,WALL,ASK,2026-03-20 13:07:44.330046175,1774012064330046175,5.082136579,1.0,2143.5,55.946,4.0716131145154835,3,3,3.999999999996362,2-3,22.669999999999998,0.4052121688771315,2143.1,2143.4,3.000000000001819,2143.1,2143.2,0.0,3.000000000001819,2.1432499999999997,0.8567500000018193,4.286499999999999,-1.2864999999981803,HIT_TARGET,0.427470056,True,0.427470056,False,,False,False,,False,,0.0
2026-03-20,WALL,ASK,2026-03-20 13:11:23.759769147,1774012283759769147,4.111195803,0.9885335463794741,2137.4,52.562,4.34127606855255,5,5,4.0000000000009095,4-5,23.900000000000002,0.45470111487386333,2136.8,2137.3,5.0,2136.8,2136.9,0.0,5.0,2.13705,2.86295,4.2741,0.7259000000000002,HIT_TARGET,1.096333504,True,1.096333504,True,0.072446556,True,True,1.023886948,False,,0.0
2026-03-20,WALL,ASK,2026-03-20 13:14:20.427410951,1774012460427410951,4.907454159,0.9879829341060993,2137.5,80.43,9.11801383063145,6,6,4.0000000000009095,4-5,25.697,0.3194952132288947,2136.8,2137.4,5.9999999999990905,2136.8,2136.9,0.0,5.9999999999990905,2.1371,3.8628999999990903,4.2742,1.72579999999909,HIT_TARGET,9.850940023,True,9.850940023,True,0.051216473,True,True,9.79972355,False,,0.0
2026-03-20,WALL,ASK,2026-03-20 13:17:01.996688230,1774012621996688230,7.817259028,1.0,2141.2,74.706,5.9788715486194475,4,4,4.0000000000009095,4-5,34.143,0.4570315637298209,2140.7,2141.1,4.0000000000009095,2140.7,2140.8,0.0,4.0000000000009095,2.1409,1.8591000000009097,4.2818,-0.2817999999990901,HIT_TARGET,0.916334482,True,0.916334482,True,0.102934527,True,True,0.813399955,False,,0.0
2026-03-20,WALL,ASK,2026-03-20 13:25:13.180590746,1774013113180590746,5.257180389,1.0,2150.3,47.416,16.862019914651494,3,3,6.999999999998181,6+,1.327,0.02798633372701198,2149.9,2150.2000000000003,3.000000000001819,2149.9,2150.0,0.0,3.000000000001819,2.1500500000000002,0.8499500000018188,4.3001000000000005,-1.3000999999981815,HIT_TARGET,0.050877386,True,0.050877386,False,,False,False,,False,,0.0
2026-03-20,WALL,BID,2026-03-20 13:29:06.935501300,1774013346935501300,5.009843693,1.0,2145.7,57.932,4.591036969528866,2,2,4.0000000000009095,4-5,28.738999999999997,0.4960816129254988,2146.0,2145.7999999999997,2.0000000000027285,2145.9,2146.0,0.0,2.0000000000027285,2.1458999999999997,-0.1458999999972712,4.291799999999999,-2.291799999997271,HIT_TARGET,0.251466721,True,0.251466721,False,,False,False,,False,,0.0
2026-03-20,WALL,BID,2026-03-20 13:31:55.942225435,1774013515942225435,5.255605234,0.9893759543356144,2132.1,12.758,5.106263758254952,4,4,8.000000000001819,6+,2.859,0.22409468568741184,2132.7,2132.2,5.0,2132.5,2132.7,0.0,5.0,2.13245,2.86755,4.2649,0.7351000000000001,HIT_TARGET,1.12121733,True,1.12121733,False,,False,False,,True,0.560855811,3.000000000001819
2026-03-20,WALL,BID,2026-03-20 13:32:00.838778058,1774013520838778058,3.730702149,0.9503543985548014,2131.5,154.946,15.773796192609181,7,7,7.0000000000027285,6+,52.563,0.3392343138900004,2132.3,2131.6,7.0000000000027285,2132.2,2132.3,0.0,7.0000000000027285,2.13195,4.868050000002729,4.2639,2.736100000002729,HIT_TARGET,5.458919102,True,5.458919102,True,0.150286238,True,True,5.308632864,True,0.964028259,6.000000000003638
2026-03-20,WALL,ASK,2026-03-20 13:32:47.061866658,1774013567061866658,3.111341695,0.9540833794534419,2133.0,14.987,5.595295874556655,2,2,5.0,4-5,3.144,0.20978181090278242,2132.7,2132.9,2.0000000000027285,2132.7,2132.8,0.0,2.0000000000027285,2.1328,-0.13279999999727155,4.2656,-2.2655999999972716,HIT_TARGET,0.15084786,True,0.15084786,False,,False,False,,False,,0.0
2026-03-20,WALL,BID,2026-03-20 13:32:55.351831845,1774013575351831845,5.331311593,0.9053598087077707,2132.1,30.916,4.394598436389481,3,3,5.9999999999990905,4-5,12.343,0.3992431103635658,2132.5,2132.2,3.000000000001819,2132.4,2132.5,0.0,3.000000000001819,2.1323499999999997,0.8676500000018192,4.2646999999999995,-1.2646999999981805,HIT_TARGET,0.076903898,True,0.076903898,False,,False,False,,False,,0.0
2026-03-20,WALL,BID,2026-03-20 13:33:55.789689846,1774013635789689846,3.060905834,1.0,2129.8,72.686,5.442605765630851,4,4,16.000000000003638,6+,19.822,0.2727072613708279,2130.3,2129.9,4.0000000000009095,2130.2,2130.3,0.0,4.0000000000009095,2.1301,1.8699000000009094,4.2602,-0.2601999999990907,HIT_TARGET,1.578848866,True,1.578848866,True,0.305325534,True,True,1.273523332,False,,0.0
2026-03-20,WALL,BID,2026-03-20 13:34:44.833193410,1774013684833193410,3.262946632,0.9257162763181841,2132.6,54.574,8.425814420256291,3,3,11.999999999998181,6+,18.602,0.34085828416462055,2133.0,2132.7,3.000000000001819,2132.9,2133.0,0.0,3.000000000001819,2.13285,0.8671500000018191,4.2657,-1.2656999999981808,HIT_TARGET,2.960835643,True,2.960835643,False,,False,False,,False,,0.0
2026-03-20,WALL,BID,2026-03-20 13:35:11.419738291,1774013711419738291,3.110368019,1.0,2128.3,52.865,14.328499796720424,3,3,13.000000000001819,6+,11.041,0.20885273810649768,2128.8,2128.4,4.0000000000009095,2128.6,2128.8,0.0,4.0000000000009095,2.1286000000000005,1.871400000000909,4.257200000000001,-0.2571999999990915,HIT_TARGET,0.101700812,True,0.101700812,False,,False,False,,False,,0.0
2026-03-20,WALL,ASK,2026-03-20 13:36:02.041607848,1774013762041607848,4.238684589,0.9735920544098782,2128.5,80.294,19.324669073405534,5,5,16.99999999999818,6+,19.855,0.24727875059157597,2127.9,2128.4,5.0,2127.9,2128.0,0.0,5.0,2.1281499999999998,2.8718500000000002,4.2562999999999995,0.7437000000000005,HIT_TARGET,0.255125831,True,0.255125831,False,,False,False,,False,,0.0
2026-03-20,WALL,BID,2026-03-20 13:36:12.400037794,1774013772400037794,3.572655944,0.9414594592151413,2130.0,41.271,7.276269393511988,2,2,5.0,4-5,6.618,0.16035472850185362,2130.3,2130.1,2.0000000000027285,2130.2,2130.3,0.0,2.0000000000027285,2.1302,-0.1301999999972714,4.2604,-2.2603999999972713,HIT_TARGET,0.203151187,True,0.203151187,False,,False,False,,False,,0.0
2026-03-20,WALL,BID,2026-03-20 13:36:45.416658910,1774013805416658910,4.695973664,0.988020226895378,2128.8,108.575,21.18950039032006,4,4,13.000000000001819,6+,1.7850000000000001,0.016440248676030396,2129.3,2128.9,4.0000000000009095,2129.2,2129.3,0.0,4.0000000000009095,2.1291,1.8709000000009093,4.2582,-0.25819999999909093,HIT_TARGET,1.734031957,True,1.734031957,True,0.811118248,True,True,0.922913709,False,,0.0
2026-03-20,WALL,BID,2026-03-20 13:37:19.604271597,1774013839604271597,3.171641355,0.9134289075380025,2132.7,61.128,6.822321428571428,5,5,4.0000000000009095,4-5,7.898,0.12920429263185446,2133.3,2132.7999999999997,5.0000000000045475,2133.2,2133.3,0.0,5.0000000000045475,2.13305,2.8669500000045476,4.2661,0.7339000000045477,TIMEOUT,60.0,False,,True,0.452066054,True,False,,True,0.557003405,47.00000000000273
2026-03-20,WALL,BID,2026-03-20 13:38:29.717366955,1774013909717366955,3.02452753,1.0,2132.7,44.443,6.697762037525431,3,3,4.0000000000009095,4-5,5.762,0.12964921359944198,2133.1,2132.7999999999997,3.000000000001819,2133.0,2133.1,0.0,3.000000000001819,2.1329499999999997,0.8670500000018193,4.265899999999999,-1.2658999999981804,HIT_TARGET,4.590978358,True,4.590978358,True,0.307966217,True,True,4.283012141,True,0.307966217,5.0
2026-03-20,WALL,ASK,2026-03-20 13:39:23.256201509,1774013963256201509,3.115312474,0.9517100948121456,2132.6,51.163,7.032231461755205,5,5,5.0,4-5,19.658,0.3842229736332897,2132.0,2132.5,5.0,2132.0,2132.1,0.0,5.0,2.13225,2.86775,4.2645,0.7355,HIT_TARGET,7.092135363,True,7.092135363,True,0.752670874,True,True,6.339464489,False,,0.0
2026-03-20,WALL,ASK,2026-03-20 13:42:16.804276269,1774014136804276269,3.674289244,0.9568469016806669,2132.4,51.785,6.833146401002836,5,5,5.9999999999990905,4-5,25.314999999999998,0.48884812204306266,2131.8,2132.3,5.0,2131.8,2131.9,0.0,5.0,2.13205,2.86795,4.2641,0.7359,HIT_TARGET,0.356944595,True,0.356944595,False,,False,False,,False,,0.0
2026-03-20,WALL,BID,2026-03-20 13:42:38.077335871,1774014158077335871,3.009411643,0.9209297210790381,2134.9,49.3,6.6072505528379,4,4,8.999999999996362,6+,10.026,0.20336713995943206,2135.4,2135.0,4.0000000000009095,2135.3,2135.4,0.0,4.0000000000009095,2.1351999999999998,1.8648000000009097,4.2703999999999995,-0.27039999999909003,HIT_TARGET,18.373299733,True,18.373299733,True,0.819004804,True,True,17.554294929,True,4.288389225,27.99999999999727
2026-03-20,WALL,ASK,2026-03-20 13:43:32.122740082,1774014212122740082,4.235504613,1.0,2141.5,101.913,19.59111880046136,5,5,14.00000000000091,6+,35.448,0.34782608695652173,2140.9,2141.4,5.0,2140.9,2141.0,0.0,5.0,2.1411499999999997,2.8588500000000003,4.282299999999999,0.7177000000000007,HIT_TARGET,1.02099542,True,1.02099542,True,0.050446955,True,True,0.970548465,False,,0.0
2026-03-20,WALL,ASK,2026-03-20 13:44:48.103681715,1774014288103681715,13.525481677,0.9772625832969069,2140.0,57.08,5.909514442488871,3,3,5.0,4-5,15.020000000000001,0.2631394533987386,2139.4,2139.9,5.0,2139.4,2139.7,0.0,5.0,2.13965,2.86035,4.2793,0.7206999999999999,HIT_TARGET,2.908727814,True,2.908727814,False,,False,False,,False,,0.0
2026-03-20,WALL,ASK,2026-03-20 13:45:06.916709660,1774014306916709660,3.047841194,0.9333940562915037,2142.0,52.291,4.113676592062306,2,2,15.0,6+,18.761,0.35878066971371747,2141.7,2141.9,2.0000000000027285,2141.7,2141.8,0.0,2.0000000000027285,2.1418,-0.14179999999727144,4.2836,-2.2835999999972714,HIT_TARGET,0.222981286,True,0.222981286,False,,False,False,,False,,0.0
2026-03-20,WALL,ASK,2026-03-20 13:46:06.442701956,1774014366442701956,3.166747949,1.0,2143.0,150.34,23.312141417273995,6,6,4.0000000000009095,4-5,57.96699999999999,0.3855727018757482,2142.3,2142.9,5.9999999999990905,2142.3,2142.4,0.0,5.9999999999990905,2.1426000000000003,3.8573999999990902,4.285200000000001,1.71479999999909,HIT_TARGET,4.542457929,True,4.542457929,True,2.295590562,True,True,2.246867367,False,,0.0
2026-03-20,WALL,BID,2026-03-20 13:46:16.437937443,1774014376437937443,3.004221084,0.8589984438042776,2140.7,26.81,10.201674277016743,3,3,11.999999999998181,6+,1.124,0.04192465497948527,2141.1,2140.7999999999997,3.000000000001819,2141.0,2141.1,0.0,3.000000000001819,2.1409499999999997,0.8590500000018193,4.281899999999999,-1.2818999999981804,HIT_TARGET,0.056743579,True,0.056743579,False,,False,False,,False,,0.0
2026-03-20,WALL,ASK,2026-03-20 13:46:43.688726869,1774014403688726869,3.981156852,0.9986466212710777,2138.4,47.32,12.946648426812585,4,4,5.9999999999990905,4-5,9.183,0.19406170752324597,2137.9,2138.3,4.0000000000009095,2137.9,2138.0,0.0,4.0000000000009095,2.1381,1.8619000000009094,4.2762,-0.27619999999909073,HIT_TARGET,25.915659594,True,25.915659594,True,0.101393943,True,True,25.814265651,True,1.887045771,40.0
2026-03-20,WALL,BID,2026-03-20 13:46:50.065663865,1774014410065663865,3.472392085,1.0,2134.6,15.518,3.936081166772353,2,2,13.999999999996362,6+,5.737,0.36969970357004767,2135.0,2134.7,3.000000000001819,2134.8,2135.0,0.0,3.000000000001819,2.1348499999999997,0.8651500000018193,4.269699999999999,-1.2696999999981804,HIT_TARGET,1.887935333,True,1.887935333,False,,False,False,,False,,0.0
2026-03-20,WALL,ASK,2026-03-20 13:48:00.233537579,1774014480233537579,3.829451269,0.9573025936317249,2140.8,50.447,5.3922291700069485,4,4,7.0000000000027285,6+,24.18,0.4793149245743057,2140.3,2140.7000000000003,4.0000000000009095,2140.3,2140.4,0.0,4.0000000000009095,2.1405,1.8595000000009096,4.281,-0.2809999999990902,HIT_TARGET,13.166040187,True,13.166040187,True,0.866400505,True,True,12.299639682,True,0.914574169,5.9999999999990905
2026-03-20,WALL,ASK,2026-03-20 13:49:46.498071120,1774014586498071120,3.116163079,0.9763761028759689,2142.0,25.242,3.405558553696708,1,1,5.9999999999990905,4-5,9.579,0.379486570002377,2141.8,2141.9,0.9999999999990905,2141.8,2141.9,0.0,0.9999999999990905,2.1418500000000003,-1.1418500000009097,4.2837000000000005,-3.28370000000091,HIT_TARGET,0.037703076,True,0.037703076,False,,False,False,,False,,0.0
2026-03-20,WALL,BID,2026-03-20 13:50:22.061296472,1774014622061296472,3.827382415,0.9454823557264005,2135.6,30.862,4.390979583125845,3,3,15.99999999999909,6+,7.973,0.25834359406389734,2136.0,2135.7,3.000000000001819,2135.9,2136.0,0.0,3.000000000001819,2.13585,0.864150000001819,4.2717,-1.271699999998181,HIT_TARGET,0.767133947,True,0.767133947,False,,False,False,,False,,0.0
2026-03-20,WALL,ASK,2026-03-20 13:50:27.373054547,1774014627373054547,3.426787806,0.9576881078699625,2136.8,47.3,5.7146309049172395,4,4,8.000000000001819,6+,16.528,0.3494291754756871,2136.3,2136.7000000000003,4.0000000000009095,2136.3,2136.4,0.0,4.0000000000009095,2.1365,1.8635000000009097,4.273,-0.2729999999990902,HIT_TARGET,3.061305291,True,3.061305291,True,0.817626174,True,True,2.243679117,False,,0.0
2026-03-20,WALL,ASK,2026-03-20 13:52:41.184719817,1774014761184719817,3.183989132,1.0,2132.1,72.023,7.742327331362536,4,4,3.999999999996362,2-3,23.224000000000004,0.3224525498798995,2131.6,2132.0,4.0000000000009095,2131.6,2131.7,0.0,4.0000000000009095,2.1318,1.8682000000009094,4.2636,-0.2635999999990908,TIMEOUT,60.0,False,,True,5.156134724,True,False,,True,7.299943181,40.0
2026-03-20,WALL,BID,2026-03-20 13:52:48.484662998,1774014768484662998,5.923484078,0.999400554141238,2131.0,58.8,4.305957306579766,1,1,5.0,4-5,8.047,0.13685374149659865,2131.2,2131.1,0.9999999999990905,2131.1,2131.2,0.0,0.9999999999990905,2.1311499999999994,-1.131150000000909,4.262299999999999,-3.2623000000009084,HIT_TARGET,0.050714256,True,0.050714256,False,,False,False,,False,,0.0
2026-03-20,WALL,ASK,2026-03-20 13:53:52.998498145,1774014832998498145,4.490670529,0.9769254888928415,2131.8,53.295,4.227413341794241,3,3,5.9999999999990905,4-5,21.863,0.4102261000093817,2131.4,2131.7000000000003,3.000000000001819,2131.4,2131.5,0.0,3.000000000001819,2.13155,0.8684500000018192,4.2631,-1.2630999999981807,HIT_TARGET,3.215278172,True,3.215278172,True,1.325093127,True,True,1.890185045,False,,0.0
2026-03-20,WALL,ASK,2026-03-20 13:54:39.141140215,1774014879141140215,4.904103087,0.9790353038718658,2131.4,77.249,9.55047289361439,6,6,4.0000000000009095,4-5,31.894,0.4128726585457417,2130.7,2131.3,6.000000000003638,2130.7,2130.8,0.0,6.000000000003638,2.131,3.869000000003638,4.262,1.7380000000036384,HIT_TARGET,10.976022048,True,10.976022048,True,0.663033892,True,True,10.312988156,True,6.076518665,7.0000000000027285
2026-03-20,WALL,ASK,2026-03-20 13:55:04.259379853,1774014904259379853,3.778343832,0.9593346807935504,2132.5,76.269,10.955828485240252,4,4,4.0000000000009095,4-5,28.256999999999998,0.3704912874169059,2131.9,2132.4,5.0,2131.9,2132.1,0.0,5.0,2.13215,2.86785,4.2643,0.7356999999999996,HIT_TARGET,0.663208761,True,0.663208761,False,,False,False,,False,,0.0
2026-03-20,WALL,ASK,2026-03-20 13:55:47.987915934,1774014947987915934,3.460845612,0.8450383778633579,2131.4,92.962,9.648365334717177,2,2,5.0,4-5,43.73,0.47040726318280585,2131.1,2131.3,2.0000000000027285,2131.1,2131.2,0.0,2.0000000000027285,2.1311999999999998,-0.13119999999727128,4.2623999999999995,-2.262399999997271,HIT_TARGET,8.070576476,True,8.070576476,True,0.262523071,True,True,7.808053405,True,1.28242591,10.0
2026-03-20,WALL,BID,2026-03-20 13:55:51.491437990,1774014951491437990,3.099485284,1.0,2130.1,128.657,10.805610380884392,2,2,5.9999999999990905,4-5,59.686,0.4639156827844579,2130.4,2130.2,2.0000000000027285,2130.3,2130.4,0.0,2.0000000000027285,2.1303,-0.1302999999972716,4.2606,-2.2605999999972717,HIT_TARGET,29.736313389,True,29.736313389,True,1.858915491,True,True,27.877397898,True,1.957591228,25.99999999999909
2026-03-20,WALL,BID,2026-03-20 13:57:54.017146100,1774015074017146100,10.049454454,0.9912355209525884,2126.2,74.81,8.36520183383652,5,5,14.00000000000091,6+,25.413,0.33970057478946664,2126.8,2126.2999999999997,5.0000000000045475,2126.7,2126.8,0.0,5.0000000000045475,2.12655,2.8734500000045475,4.2531,0.7469000000045476,HIT_TARGET,5.342995702,True,5.342995702,True,0.20558505,True,True,5.137410652,False,,0.0
2026-03-20,WALL,BID,2026-03-20 14:00:04.058229434,1774015204058229434,5.206620354,1.0,2125.0,30.135,3.7765524155648853,2,2,16.000000000003638,6+,9.937000000000001,0.32974946075991374,2125.3,2125.1,2.0000000000027285,2125.2,2125.3,0.0,2.0000000000027285,2.1251999999999995,-0.12519999999727105,4.250399999999999,-2.2503999999972706,HIT_TARGET,0.046130433,True,0.046130433,False,,False,False,,False,,0.0
2026-03-20,WALL,BID,2026-03-20 14:00:24.879457637,1774015224879457637,6.281089067,0.9797092897998225,2122.9,100.824,15.425948592411261,2,2,13.000000000001819,6+,37.358,0.3705268586844402,2123.2,2123.0,1.999999999998181,2123.1,2123.2,0.0,1.999999999998181,2.1231,-0.12310000000181898,4.2462,-2.246200000001819,HIT_TARGET,3.623348564,True,3.623348564,True,0.715081351,True,True,2.908267213,True,0.052056705,10.99999999999909
2026-03-20,WALL,ASK,2026-03-20 14:00:39.318943553,1774015239318943553,3.010037245,0.8067974667203828,2123.4,9.37,3.705021747726374,1,1,4.0000000000009095,4-5,3.008,0.3210245464247599,2123.2,2123.3,1.000000000003638,2123.2,2123.3,0.0,1.000000000003638,2.12325,-1.123249999996362,4.2465,-3.246499999996362,HIT_TARGET,0.047762051,True,0.047762051,False,,False,False,,False,,0.0
2026-03-20,WALL,ASK,2026-03-20 14:01:13.860460692,1774015273860460692,3.482701191,0.942431497850543,2120.8,38.192,6.339973439575033,2,2,9.00000000000091,6+,6.362,0.1665793883535819,2120.5,2120.7000000000003,2.0000000000027285,2120.5,2120.6,0.0,2.0000000000027285,2.1206,-0.12059999999727156,4.2412,-2.2411999999972716,HIT_TARGET,1.276269191,True,1.276269191,False,,False,False,,False,,0.0
2026-03-20,WALL,BID,2026-03-20 14:01:26.768661609,1774015286768661609,3.265919466,0.9309289946220615,2121.8,29.192,4.048259603383719,1,1,4.0000000000009095,4-5,0.471,0.01613455741298986,2122.0,2121.9,0.9999999999990905,2121.9,2122.0,0.0,0.9999999999990905,2.12195,-1.1219500000009095,4.2439,-3.2439000000009095,HIT_TARGET,0.049463994,True,0.049463994,False,,False,False,,False,,0.0
2026-03-20,WALL,BID,2026-03-20 14:01:28.400554705,1774015288400554705,6.173963352,0.9726930278999169,2120.5,138.077,18.078821603927988,5,5,13.000000000001819,6+,56.103,0.40631676528313915,2121.1,2120.6,5.0,2121.0,2121.1,0.0,5.0,2.12085,2.87915,4.2417,0.7583000000000002,HIT_TARGET,4.694925025,True,4.694925025,True,0.353950476,True,True,4.340974549,True,3.268238318,3.000000000001819
2026-03-20,WALL,BID,2026-03-20 14:01:33.759023567,1774015293759023567,3.006729115,1.0,2119.4,59.967,9.68693966561667,7,7,10.99999999999909,6+,26.844,0.44764620541297717,2120.2,2119.5,6.999999999998181,2120.1,2120.2,0.0,6.999999999998181,2.1198499999999996,4.880149999998181,4.239699999999999,2.760299999998182,HIT_TARGET,3.317461563,True,3.317461563,True,0.050939713,True,True,3.26652185,False,,0.0
2026-03-20,WALL,ASK,2026-03-20 14:02:11.424491498,1774015331424491498,3.165172724,0.8927154595939832,2120.8,86.721,14.275061728395064,2,2,10.99999999999909,6+,26.126,0.30126497618800524,2120.5,2120.7000000000003,2.0000000000027285,2120.5,2120.6,0.0,2.0000000000027285,2.1206,-0.12059999999727156,4.2412,-2.2411999999972716,HIT_TARGET,0.815961961,True,0.815961961,False,,False,False,,False,,1.999999999998181
2026-03-20,WALL,ASK,2026-03-20 14:02:40.003174586,1774015360003174586,3.011169862,0.928512973407277,2123.5,88.023,18.931713087428754,3,3,13.999999999996362,6+,24.176000000000002,0.2746554877702419,2123.1,2123.4,3.000000000001819,2123.1,2123.2,0.0,3.000000000001819,2.12325,0.8767500000018189,4.2465,-1.2464999999981812,HIT_TARGET,1.684426884,True,1.684426884,True,1.071484657,True,True,0.612942227,True,0.868272849,3.999999999996362
2026-03-20,WALL,ASK,2026-03-20 14:05:09.297880379,1774015509297880379,4.384302097,1.0,2133.1,49.744,20.692179700499167,5,5,11.999999999998181,6+,14.302999999999999,0.2875321646831778,2132.5,2133.0,5.0,2132.5,2132.6,0.0,5.0,2.1327499999999997,2.8672500000000003,4.265499999999999,0.7345000000000006,HIT_TARGET,1.940877376,True,1.940877376,True,0.053639498,True,True,1.887237878,True,1.070214821,5.9999999999990905
2026-03-20,WALL,ASK,2026-03-20 14:05:34.350546189,1774015534350546189,3.111579573,0.9765891167842552,2132.8,82.522,10.840328407224959,5,5,6.000000000003638,6+,23.481,0.284542303870483,2132.2,2132.7000000000003,5.0000000000045475,2132.2,2132.3,0.0,5.0000000000045475,2.13245,2.8675500000045475,4.2649,0.7351000000045476,HIT_TARGET,2.807928624,True,2.807928624,True,0.410051735,True,True,2.397876889,False,,2.0000000000027285
2026-03-20,WALL,BID,2026-03-20 14:05:52.161041433,1774015552161041433,4.028045095,0.959921690251087,2131.6,38.239,3.45616413593637,1,1,5.0,4-5,10.729,0.28057742095766103,2131.8,2131.7,1.000000000003638,2131.7,2131.8,0.0,1.000000000003638,2.13175,-1.1317499999963618,4.2635,-3.2634999999963616,HIT_TARGET,0.041980114,True,0.041980114,False,,False,False,,False,,0.0
2026-03-20,WALL,ASK,2026-03-20 14:06:19.422555427,1774015579422555427,3.265362461,1.0,2133.7,72.918,19.199052132701425,4,4,12.000000000002728,6+,13.881,0.19036451904879453,2132.9,2133.6,6.999999999998181,2132.9,2133.3,0.0,6.999999999998181,2.13325,4.866749999998181,4.2665,2.7334999999981813,HIT_TARGET,29.189217352,True,29.189217352,True,0.757120771,True,True,28.432096581,True,4.288912908,12.000000000002728
2026-03-20,WALL,ASK,2026-03-20 14:07:07.188758972,1774015627188758972,3.111685572,0.9414650228034029,2134.7,50.988,4.8652671755725185,4,4,8.000000000001819,6+,22.160999999999998,0.4346316780418922,2134.2,2134.6,4.0000000000009095,2134.2,2134.3,0.0,4.0000000000009095,2.1343999999999994,1.86560000000091,4.268799999999999,-0.2687999999990893,HIT_TARGET,0.454044489,True,0.454044489,False,,False,False,,False,,0.0
2026-03-20,WALL,BID,2026-03-20 14:07:33.753099754,1774015653753099754,4.883429796,0.9134784926475065,2132.4,60.493,8.595808170515099,2,2,5.0,4-5,21.543999999999997,0.3561403798786636,2132.7,2132.5,1.999999999998181,2132.6,2132.7,0.0,1.999999999998181,2.1325999999999996,-0.1326000000018186,4.265199999999999,-2.265200000001818,HIT_TARGET,0.066743813,True,0.066743813,False,,False,False,,False,,0.0
2026-03-20,WALL,BID,2026-03-20 14:09:10.723331324,1774015750723331324,6.68204642,0.9200162132366629,2122.3,78.408,10.927944250871079,4,4,4.0000000000009095,4-5,21.798000000000002,0.2780073461891644,2122.8,2122.4,4.0000000000009095,2122.7,2122.8,0.0,4.0000000000009095,2.1226000000000003,1.8774000000009092,4.2452000000000005,-0.24519999999909103,TIMEOUT,60.0,False,,True,1.529056225,True,False,,True,5.863828181,76.00000000000364
2026-03-20,WALL,ASK,2026-03-20 14:09:34.038266435,1774015774038266435,3.130686834,0.9354171708252056,2125.9,81.471,14.998343151693668,6,6,4.0000000000009095,4-5,23.679000000000002,0.2906432963876717,2125.2,2125.8,6.000000000003638,2125.2,2125.3,0.0,6.000000000003638,2.1254999999999997,3.8745000000036383,4.2509999999999994,1.7490000000036385,HIT_TARGET,3.266301237,True,3.266301237,True,0.10496553,True,True,3.161335707,True,1.633808587,4.0000000000009095
2026-03-20,WALL,BID,2026-03-20 14:10:13.734699623,1774015813734699623,3.009873434,0.8412712429688165,2128.8,67.293,19.78333088343378,4,4,5.0,4-5,13.485999999999999,0.2004071745946829,2129.3,2128.9,4.0000000000009095,2129.2,2129.3,0.0,4.0000000000009095,2.1291,1.8709000000009093,4.2582,-0.25819999999909093,TIMEOUT,60.0,False,,True,0.356608565,True,False,,True,0.662883187,42.00000000000273
2026-03-20,WALL,ASK,2026-03-20 14:10:29.243082004,1774015829243082004,5.357324018,0.9800274342861298,2133.2,13.458,8.50157927984839,6,6,14.00000000000091,6+,2.1449999999999996,0.15938475256353096,2132.5,2133.1,5.9999999999990905,2132.5,2132.6,0.0,5.9999999999990905,2.1328,3.8671999999990905,4.2656,1.7343999999990904,HIT_TARGET,11.578918304,True,11.578918304,True,0.459199469,True,True,11.119718835,True,2.80454516,16.99999999999818
2026-03-20,WALL,BID,2026-03-20 14:10:59.235496371,1774015859235496371,3.007690626,0.9346073328487343,2131.8,76.547,11.810074828357632,4,4,5.0,4-5,20.721999999999998,0.2707094987393366,2132.3,2131.9,4.0000000000009095,2132.2,2132.3,0.0,4.0000000000009095,2.1321000000000003,1.8679000000009092,4.264200000000001,-0.26419999999909116,HIT_TARGET,0.516755944,True,0.516755944,False,,False,False,,False,,0.0
2026-03-20,WALL,BID,2026-03-20 14:11:45.119966332,1774015905119966332,3.011709398,1.0,2129.2,33.171,9.510034403669724,1,1,5.0,4-5,3.182,0.09592716529498659,2129.4,2129.2999999999997,1.000000000003638,2129.3,2129.4,0.0,1.000000000003638,2.1293499999999996,-1.1293499999963617,4.258699999999999,-3.2586999999963613,HIT_TARGET,0.051659399,True,0.051659399,False,,False,False,,False,,0.0
2026-03-20,WALL,BID,2026-03-20 14:11:56.854948463,1774015916854948463,4.284319759,0.9332161028833236,2126.8,108.912,14.307934839726748,2,2,5.0,4-5,42.064,0.3862200675774937,2127.1,2126.9,1.999999999998181,2127.0,2127.1,0.0,1.999999999998181,2.127,-0.12700000000181877,4.254,-2.2540000000018185,HIT_TARGET,3.624082895,True,3.624082895,True,0.408791583,True,True,3.215291312,False,,1.999999999998181
2026-03-20,WALL,ASK,2026-03-20 14:13:18.767591393,1774015998767591393,3.628951268,1.0,2125.0,78.595,23.335807600950115,7,7,4.0000000000009095,4-5,34.665000000000006,0.44105859151345517,2124.2,2124.9,7.0000000000027285,2124.2,2124.3,0.0,7.0000000000027285,2.1245499999999997,4.875450000002729,4.249099999999999,2.750900000002729,HIT_TARGET,25.61223671,True,25.61223671,True,0.102039431,True,True,25.510197279,True,8.110835725,8.000000000001819
2026-03-20,WALL,ASK,2026-03-20 14:15:13.019674233,1774016113019674233,3.840712734,0.9079594193883286,2126.3,54.505,7.173598315346143,5,5,5.0,4-5,26.357,0.4835703146500321,2125.7,2126.2000000000003,5.0000000000045475,2125.7,2125.8,0.0,5.0000000000045475,2.1259499999999996,2.874050000004548,4.251899999999999,0.7481000000045483,HIT_TARGET,0.306883085,True,0.306883085,False,,False,False,,False,,0.0
2026-03-20,WALL,BID,2026-03-20 14:16:54.242960875,1774016214242960875,5.927597969,1.0,2124.6,59.254,6.575375908561282,5,5,4.0000000000009095,4-5,18.105999999999998,0.3055658689708711,2125.2,2124.7,5.0,2125.1,2125.2,0.0,5.0,2.1249499999999997,2.8750500000000003,4.249899999999999,0.7501000000000007,HIT_TARGET,1.584167282,True,1.584167282,False,,False,False,,False,,0.0
2026-03-20,WALL,ASK,2026-03-20 14:17:16.183299400,1774016236183299400,5.507221375,0.9349207927927176,2127.4,59.129,6.930668698353162,5,5,4.0000000000009095,4-5,25.82,0.4366723604322752,2126.8,2127.3,5.0,2126.8,2126.9,0.0,5.0,2.12705,2.87295,4.2541,0.7458999999999998,TIMEOUT,60.0,False,,True,2.146255219,True,False,,True,1.88720344,25.0
2026-03-20,WALL,ASK,2026-03-20 14:19:20.268051272,1774016360268051272,3.062628115,1.0,2122.4,86.016,20.76427278213639,4,4,4.0000000000009095,4-5,17.559,0.20413643973214285,2121.9,2122.3,4.0000000000009095,2121.9,2122.0,0.0,4.0000000000009095,2.1221,1.8779000000009094,4.2442,-0.2441999999990907,HIT_TARGET,0.867426631,True,0.867426631,False,,False,False,,False,,0.0
2026-03-20,WALL,BID,2026-03-20 14:20:05.384063224,1774016405384063224,3.012709839,0.9287042209576692,2119.8,8.571,3.8478114478114476,3,3,20.0,6+,2.142,0.24991249562478124,2120.4,2119.9,5.0,2120.1,2120.4,0.0,5.0,2.1201499999999998,2.8798500000000002,4.2402999999999995,0.7597000000000005,HIT_TARGET,0.356134459,True,0.356134459,False,,False,False,,False,,0.0
2026-03-20,WALL,ASK,2026-03-20 14:21:06.964566560,1774016466964566560,3.417713829,0.9030812082072657,2123.9,48.188,6.375339022292784,2,2,5.0,4-5,9.671,0.20069311861874323,2123.6,2123.8,2.0000000000027285,2123.6,2123.7,0.0,2.0000000000027285,2.1236999999999995,-0.12369999999727099,4.247399999999999,-2.2473999999972705,HIT_TARGET,2.549769976,True,2.549769976,True,0.050487843,True,True,2.499282133,False,,0.9999999999990905
2026-03-20,WALL,ASK,2026-03-20 14:21:24.302372128,1774016484302372128,3.005850558,0.9257712964451376,2124.5,85.104,9.26251632564214,5,5,4.0000000000009095,4-5,8.482,0.09966629065613837,2123.9,2124.4,5.0,2123.9,2124.0,0.0,5.0,2.12415,2.87585,4.2483,0.7516999999999996,HIT_TARGET,0.209454579,True,0.209454579,False,,False,False,,False,,0.0
2026-03-20,WALL,BID,2026-03-20 14:22:08.435568375,1774016528435568375,3.00901934,0.9810760395444983,2122.9,32.538,3.197680703650926,1,1,4.0000000000009095,4-5,3.584,0.1101481344889053,2123.1,2123.0,0.9999999999990905,2123.0,2123.1,0.0,0.9999999999990905,2.12305,-1.1230500000009096,4.2461,-3.2461000000009097,HIT_TARGET,0.025138701,True,0.025138701,False,,False,False,,False,,0.0
2026-03-20,WALL,ASK,2026-03-20 14:22:11.600392656,1774016531600392656,6.887252753,1.0,2123.9,11.771,4.194192054159986,2,2,5.9999999999990905,4-5,2.824,0.2399116472687112,2123.6,2123.8,2.0000000000027285,2123.6,2123.7,0.0,2.0000000000027285,2.1236999999999995,-0.12369999999727099,4.247399999999999,-2.2473999999972705,HIT_TARGET,0.101844188,True,0.101844188,False,,False,False,,False,,0.0
2026-03-20,WALL,ASK,2026-03-20 14:22:12.160733092,1774016532160733092,3.163698533,0.9727212735032109,2124.4,41.071,7.928764478764479,4,4,9.00000000000091,6+,15.850999999999999,0.38594141851914976,2123.9,2124.3,4.0000000000009095,2123.9,2124.0,0.0,4.0000000000009095,2.1241000000000003,1.8759000000009092,4.248200000000001,-0.24819999999909115,HIT_TARGET,0.20595744,True,0.20595744,False,,False,False,,False,,0.0
2026-03-20,WALL,ASK,2026-03-20 14:22:46.136508258,1774016566136508258,18.163393366,0.9883376945743785,2124.6,26.437,6.419084618186233,2,2,7.0000000000027285,6+,3.117,0.1179029390626773,2124.3,2124.5,1.999999999998181,2124.3,2124.4,0.0,1.999999999998181,2.1244,-0.12440000000181906,4.2488,-2.248800000001819,HIT_TARGET,1.792042041,True,1.792042041,False,,False,False,,False,,0.0
2026-03-20,WALL,ASK,2026-03-20 14:23:26.305540517,1774016606305540517,3.063153741,0.9502248721769267,2126.1,61.151,9.097820426988022,4,4,5.0,4-5,4.876,0.07973704436558683,2125.6,2126.0,4.0000000000009095,2125.6,2125.7,0.0,4.0000000000009095,2.1258,1.8742000000009096,4.2516,-0.25159999999909033,HIT_TARGET,0.050939223,True,0.050939223,False,,False,False,,False,,0.0
2026-03-20,WALL,BID,2026-03-20 14:24:47.887801187,1774016687887801187,3.975367075,0.9680445582500077,2130.0,103.494,13.622112537018756,4,4,15.0,6+,20.615,0.19919029122461204,2130.5,2130.1,4.0000000000009095,2130.4,2130.5,0.0,4.0000000000009095,2.1303,1.8697000000009094,4.2606,-0.26059999999909067,HIT_TARGET,24.194305856,True,24.194305856,True,0.309720317,True,True,23.884585539,True,1.077960049,25.0
2026-03-20,WALL,ASK,2026-03-20 14:27:21.066991395,1774016841066991395,3.824770777,0.9853803915946412,2140.0,33.232,7.016151166473135,5,5,13.000000000001819,6+,5.845000000000001,0.1758846894559461,2139.4,2139.9,5.0,2139.4,2139.5,0.0,5.0,2.13965,2.86035,4.2793,0.7206999999999999,HIT_TARGET,1.377540243,True,1.377540243,False,,False,False,,False,,0.0
2026-03-20,WALL,BID,2026-03-20 14:28:06.476904024,1774016886476904024,3.214316786,1.0,2134.3,103.76,8.048714269092038,4,4,10.0,6+,50.528,0.4869699306090979,2134.8,2134.4,4.0000000000009095,2134.7,2134.8,0.0,4.0000000000009095,2.1346000000000003,1.8654000000009092,4.2692000000000005,-0.26919999999909106,HIT_TARGET,0.918717398,True,0.918717398,True,0.101628974,True,True,0.817088424,False,,0.0
2026-03-20,WALL,ASK,2026-03-20 14:29:04.959346902,1774016944959346902,3.978460786,1.0,2135.8,14.692,3.3966015489538783,4,4,4.0000000000009095,4-5,7.161,0.48740811325891636,2135.3,2135.7000000000003,4.0000000000009095,2135.3,2135.4,0.0,4.0000000000009095,2.1355,1.8645000000009095,4.271,-0.2709999999990904,HIT_TARGET,0.051339816,True,0.051339816,False,,False,False,,False,,0.0
2026-03-20,WALL,ASK,2026-03-20 14:30:19.292532868,1774017019292532868,4.682361484,1.0,2138.9,35.161,4.685634328358209,2,2,6.999999999998181,6+,14.266,0.4057336253235118,2138.6,2138.8,2.0000000000027285,2138.6,2138.7,0.0,2.0000000000027285,2.1386999999999996,-0.13869999999727112,4.277399999999999,-2.2773999999972707,HIT_TARGET,0.372729477,True,0.372729477,False,,False,False,,False,,0.0
2026-03-20,WALL,BID,2026-03-20 14:30:38.649228399,1774017038649228399,3.013630421,0.9863353075038527,2139.1,77.304,9.694507148231754,4,4,5.0,4-5,38.211,0.4942952499223843,2139.6,2139.2,4.0000000000009095,2139.5,2139.6,0.0,4.0000000000009095,2.1393999999999993,1.8606000000009102,4.278799999999999,-0.2787999999990891,HIT_TARGET,17.197426093,True,17.197426093,True,0.409265571,True,True,16.788160522,True,0.458741487,23.00000000000182
2026-03-20,WALL,BID,2026-03-20 14:31:21.815001685,1774017081815001685,3.076919425,1.0,2139.4,56.406,8.489126345097448,4,4,16.99999999999818,6+,26.475,0.4693649611743432,2139.9,2139.5,4.0000000000009095,2139.8,2139.9,0.0,4.0000000000009095,2.1397,1.8603000000009096,4.2794,-0.2793999999990904,HIT_TARGET,1.123059243,True,1.123059243,False,,False,False,,False,,0.0
2026-03-20,WALL,ASK,2026-03-20 14:32:00.338375762,1774017120338375762,6.698975145,1.0,2140.8,78.87,7.052038626609443,5,5,4.0000000000009095,4-5,20.09,0.2547229618359325,2140.2,2140.7000000000003,5.0000000000045475,2140.2,2140.3,0.0,5.0000000000045475,2.1404499999999995,2.859550000004548,4.280899999999999,0.7191000000045484,HIT_TARGET,17.299180791,True,17.299180791,True,0.152215969,True,True,17.146964822,True,1.785240351,8.000000000001819
2026-03-20,WALL,ASK,2026-03-20 14:33:05.490110871,1774017185490110871,5.046778221,0.9530379258565799,2144.5,49.431,9.737220525952921,6,6,13.000000000001819,6+,24.322000000000003,0.49203940846837013,2143.8,2144.4,5.9999999999990905,2143.8,2143.9,0.0,5.9999999999990905,2.1441000000000003,3.85589999999909,4.288200000000001,1.7117999999990898,HIT_TARGET,16.795517463,True,16.795517463,True,0.434955424,True,True,16.360562039,True,4.648862733,7.0000000000027285
2026-03-20,WALL,BID,2026-03-20 14:33:34.634720224,1774017214634720224,4.698727285,0.9568899200328882,2143.8,37.187,5.26429784824462,1,1,4.0000000000009095,4-5,0.932,0.025062521849033268,2144.0,2143.9,0.9999999999990905,2143.9,2144.0,0.0,0.9999999999990905,2.14395,-1.1439500000009093,4.2879,-3.287900000000909,HIT_TARGET,0.050638461,True,0.050638461,False,,False,False,,False,,0.0
2026-03-20,WALL,ASK,2026-03-20 14:35:00.328917181,1774017300328917181,4.952751203,1.0,2145.7,52.318,20.69950544015826,3,3,5.9999999999990905,4-5,11.719,0.223995565579724,2144.9,2145.6,6.999999999998181,2144.9,2145.4,0.0,6.999999999998181,2.14525,4.854749999998181,4.2905,2.7094999999981813,HIT_TARGET,1.530679358,True,1.530679358,True,0.051199227,True,True,1.479480131,False,,0.0
2026-03-20,WALL,BID,2026-03-20 14:35:06.859705415,1774017306859705415,3.774150975,1.0,2145.6,38.042,4.054785759965893,3,3,6.999999999998181,6+,15.847999999999999,0.416592187582146,2146.0,2145.7,3.000000000001819,2145.9,2146.0,0.0,3.000000000001819,2.14585,0.8541500000018192,4.2917,-1.2916999999981806,HIT_TARGET,0.356211782,True,0.356211782,False,,False,False,,False,,0.0
2026-03-20,WALL,BID,2026-03-20 14:35:07.266924093,1774017307266924093,3.162638959,0.9502467714336406,2145.0,88.196,10.066312845973863,4,4,12.999999999997272,6+,43.754999999999995,0.49611093473626916,2145.5,2145.1,4.0000000000009095,2145.4,2145.5,0.0,4.0000000000009095,2.1453,1.8547000000009093,4.2906,-0.2905999999990909,HIT_TARGET,0.920841764,True,0.920841764,True,0.249855304,True,True,0.67098646,False,,0.0
2026-03-20,WALL,ASK,2026-03-20 14:35:11.863603300,1774017311863603300,3.420968281,1.0,2145.1,10.98,3.49904397705545,2,2,5.0,4-5,0.978,0.08907103825136611,2144.8,2145.0,1.999999999998181,2144.8,2144.9,0.0,1.999999999998181,2.1449,-0.1449000000018188,4.2898,-2.2898000000018186,HIT_TARGET,0.049530078,True,0.049530078,False,,False,False,,False,,0.0
2026-03-20,WALL,BID,2026-03-20 14:36:01.255423054,1774017361255423054,5.000751293,1.0,2144.5,54.717,6.0407374696400975,3,3,15.99999999999909,6+,14.579,0.26644370122630995,2144.9,2144.6,3.000000000001819,2144.8,2144.9,0.0,3.000000000001819,2.1447499999999997,0.8552500000018193,4.289499999999999,-1.2894999999981804,HIT_TARGET,0.793923956,True,0.793923956,True,0.255253163,True,True,0.538670793,False,,0.0
2026-03-20,WALL,BID,2026-03-20 14:36:36.718459589,1774017396718459589,4.157838038,0.9311354424142675,2143.9,83.449,12.574248474346417,4,4,5.9999999999990905,4-5,13.881,0.16634111852748387,2144.4,2144.0,4.0000000000009095,2144.3,2144.4,0.0,4.0000000000009095,2.1441999999999997,1.8558000000009098,4.288399999999999,-0.28839999999908983,HIT_TARGET,1.838102777,True,1.838102777,True,0.562132003,True,True,1.275970774,False,,0.0
2026-03-20,WALL,BID,2026-03-20 14:37:07.802561055,1774017427802561055,3.010132805,0.9600658287234606,2139.7,75.712,7.997887286748006,4,4,9.00000000000091,6+,30.889,0.40798024091293317,2140.2,2139.7999999999997,4.0000000000009095,2140.1,2140.2,0.0,4.0000000000009095,2.1399999999999997,1.8600000000009098,4.279999999999999,-0.27999999999908987,HIT_TARGET,0.665925522,True,0.665925522,True,0.054404043,True,True,0.611521479,False,,0.0
2026-03-20,WALL,BID,2026-03-20 14:37:22.035898122,1774017442035898122,3.003702877,0.9305016419571782,2140.0,72.044,7.599177258583408,4,4,5.9999999999990905,4-5,34.802,0.4830659041696741,2140.5,2140.1,4.0000000000009095,2140.4,2140.5,0.0,4.0000000000009095,2.1403000000000003,1.8597000000009092,4.280600000000001,-0.28059999999909113,HIT_TARGET,0.666447205,True,0.666447205,False,,False,False,,False,,0.0
2026-03-20,WALL,ASK,2026-03-20 14:38:50.335607391,1774017530335607391,4.135342502,1.0,2139.2,53.782,5.469819476226799,5,5,3.999999999996362,2-3,26.209000000000003,0.48731917741995473,2138.6,2139.1,5.0,2138.6,2138.7,0.0,5.0,2.1388499999999997,2.8611500000000003,4.277699999999999,0.7223000000000006,HIT_TARGET,0.203575897,True,0.203575897,False,,False,False,,False,,0.0
2026-03-20,WALL,BID,2026-03-20 14:41:01.336584443,1774017661336584443,6.134118849,0.9810223673740887,2141.1,108.513,9.511592233860718,5,5,5.0,4-5,13.262,0.12221577138223069,2141.7,2141.2,5.0,2141.6,2141.7,0.0,5.0,2.1414499999999994,2.8585500000000006,4.282899999999999,0.7171000000000012,HIT_TARGET,34.531149968,True,34.531149968,True,3.16385409,True,True,31.367295878,True,13.469281164,10.0
2026-03-20,WALL,BID,2026-03-20 14:41:21.952251931,1774017681952251931,3.009895834,1.0,2141.5,88.871,4.014681634404717,3,3,3.999999999996362,2-3,17.347,0.19519303259781035,2141.9,2141.6,3.000000000001819,2141.8,2141.9,0.0,3.000000000001819,2.14175,0.858250000001819,4.2835,-1.283499999998181,HIT_TARGET,0.40919463,True,0.40919463,False,,False,False,,False,,0.0
2026-03-20,WALL,BID,2026-03-20 14:44:22.142301096,1774017862142301096,3.612508638,0.9720481210929633,2137.1,82.922,8.217828650711066,4,4,5.0,4-5,39.417,0.4753503292250549,2137.6,2137.2,4.0000000000009095,2137.5,2137.6,0.0,4.0000000000009095,2.1373999999999995,1.86260000000091,4.274799999999999,-0.27479999999908955,HIT_TARGET,6.032201184,True,6.032201184,True,0.416884331,True,True,5.615316853,False,,0.0
2026-03-20,WALL,BID,2026-03-20 14:44:44.602599970,1774017884602599970,3.016811875,0.907099419979577,2135.6,124.45,17.113586358635864,5,5,5.9999999999990905,4-5,43.447,0.34911209321012454,2136.2,2135.7,5.0,2136.1,2136.2,0.0,5.0,2.13595,2.86405,4.2719,0.7281000000000004,HIT_TARGET,36.808938802,True,36.808938802,True,0.415248447,True,True,36.393690355,True,11.131324496,9.00000000000091
2026-03-20,WALL,ASK,2026-03-20 14:45:19.723345094,1774017919723345094,4.449058116,1.0,2136.9,40.419,3.2966844745320336,4,4,4.0000000000009095,4-5,19.694,0.4872460971325367,2136.4,2136.8,4.0000000000009095,2136.4,2136.5,0.0,4.0000000000009095,2.1366000000000005,1.863400000000909,4.273200000000001,-0.2731999999990915,HIT_TARGET,19.962798664,True,19.962798664,True,3.744332884,True,True,16.21846578,True,1.535166458,10.99999999999909
2026-03-20,WALL,BID,2026-03-20 14:46:16.787698245,1774017976787698245,3.265300898,0.9257539970823234,2137.5,106.115,12.551304039269029,4,4,14.00000000000091,6+,38.275999999999996,0.3607030108844178,2138.0,2137.6,4.0000000000009095,2137.9,2138.0,0.0,4.0000000000009095,2.1378,1.8622000000009096,4.2756,-0.27559999999909035,HIT_TARGET,1.325869717,True,1.325869717,True,0.251899541,True,True,1.073970176,False,,0.0
2026-03-20,WALL,BID,2026-03-20 14:46:17.039597786,1774017977039597786,4.334396446,0.9641320820702796,2137.4,97.467,8.463983326820372,4,4,15.0,6+,36.354,0.3729877804795469,2137.9,2137.5,4.0000000000009095,2137.8,2137.9,0.0,4.0000000000009095,2.1376999999999997,1.8623000000009098,4.275399999999999,-0.27539999999908993,HIT_TARGET,1.227569321,True,1.227569321,True,0.544171098,True,True,0.683398223,False,,0.0
2026-03-20,WALL,BID,2026-03-20 14:46:41.997222634,1774018001997222634,3.039372454,1.0,2134.7,74.305,7.903946388682056,6,6,5.0,4-5,28.121,0.3784536706816499,2135.4,2134.7999999999997,6.000000000003638,2135.3,2135.4,0.0,6.000000000003638,2.1350999999999996,3.8649000000036384,4.270199999999999,1.7298000000036389,HIT_TARGET,5.715541903,True,5.715541903,True,0.197042273,True,True,5.51849963,True,1.479422736,10.0
2026-03-20,WALL,ASK,2026-03-20 14:51:36.694645550,1774018296694645550,3.469114531,0.9974558663540417,2133.2,72.01,8.272732494686657,4,4,5.0,4-5,21.910000000000004,0.30426329676433833,2132.7,2133.1,4.0000000000009095,2132.7,2132.8,0.0,4.0000000000009095,2.1328999999999994,1.8671000000009101,4.265799999999999,-0.2657999999990892,HIT_TARGET,19.650079239,True,19.650079239,True,1.428640366,True,True,18.221438873,True,5.203080788,3.000000000001819
2026-03-20,WALL,BID,2026-03-20 14:52:15.681688233,1774018335681688233,9.542952453,1.0,2131.4,64.701,4.105393401015228,3,3,12.000000000002728,6+,29.09,0.44960665213829776,2131.8,2131.5,3.000000000001819,2131.7,2131.8,0.0,3.000000000001819,2.13165,0.868350000001819,4.2633,-1.263299999998181,HIT_TARGET,1.684856031,True,1.684856031,False,,False,False,,False,,0.0
2026-03-20,WALL,ASK,2026-03-20 14:53:34.160365977,1774018414160365977,3.221191697,0.9310710523044043,2127.7,48.335,7.067037064112875,4,4,5.0,4-5,21.66,0.4481224785352229,2127.2,2127.6,4.0000000000009095,2127.2,2127.3,0.0,4.0000000000009095,2.1273999999999993,1.8726000000009102,4.254799999999999,-0.2547999999990891,HIT_TARGET,3.265317063,True,3.265317063,True,0.04990963,True,True,3.215407433,False,,0.0
2026-03-20,WALL,ASK,2026-03-20 14:53:34.412926587,1774018414412926587,3.010450562,1.0,2127.8,78.197,11.041654899745835,4,4,5.9999999999990905,4-5,22.681,0.2900494903896569,2127.3,2127.7000000000003,4.0000000000009095,2127.3,2127.4,0.0,4.0000000000009095,2.1275,1.8725000000009095,4.255,-0.2549999999990904,HIT_TARGET,3.062830051,True,3.062830051,False,,False,False,,False,,0.0
2026-03-20,WALL,ASK,2026-03-20 14:53:39.211759470,1774018419211759470,4.293263242,0.8949147763439194,2128.4,95.564,5.956555614423285,5,5,5.0,4-5,23.973000000000003,0.2508580637059981,2127.8,2128.3,5.0,2127.8,2127.9,0.0,5.0,2.12805,2.87195,4.2561,0.7439,HIT_TARGET,0.358939779,True,0.358939779,False,,False,False,,False,,0.0
2026-03-20,WALL,BID,2026-03-20 14:56:28.577175122,1774018588577175122,3.422698767,0.9588909621972584,2129.2,59.348,6.876940903823871,1,1,10.0,6+,1.544,0.026016040978634497,2129.4,2129.2999999999997,1.000000000003638,2129.3,2129.4,0.0,1.000000000003638,2.1293499999999996,-1.1293499999963617,4.258699999999999,-3.2586999999963613,HIT_TARGET,0.050812594,True,0.050812594,False,,False,False,,False,,0.0
2026-03-20,WALL,BID,2026-03-20 14:57:30.740717507,1774018650740717507,3.777494733,0.9909644390230842,2129.8,67.132,10.758333333333335,5,5,6.999999999998181,6+,8.67,0.12914854316868257,2130.4,2129.9,5.0,2130.3,2130.4,0.0,5.0,2.13015,2.86985,4.2603,0.7397,HIT_TARGET,0.20268038,True,0.20268038,False,,False,False,,False,,0.0
2026-03-20,WALL,ASK,2026-03-20 14:58:32.583416178,1774018712583416178,3.624907333,0.955853105942005,2131.7,87.134,17.466974040292673,7,7,8.000000000001819,6+,41.446000000000005,0.47565818165124985,2130.9,2131.6,6.999999999998181,2130.9,2131.0,0.0,6.999999999998181,2.13125,4.868749999998181,4.2625,2.737499999998181,TIMEOUT,60.0,False,,True,5.438825286,True,False,,True,11.17057165,30.99999999999909
2026-03-20,WALL,ASK,2026-03-20 15:00:00.863185360,1774018800863185360,3.119139302,0.9651963880130673,2129.9,80.031,3.830609070240517,4,4,4.0000000000009095,4-5,39.269000000000005,0.49067236445877227,2129.4,2129.8,4.0000000000009095,2129.4,2129.5,0.0,4.0000000000009095,2.1296000000000004,1.8704000000009091,4.259200000000001,-0.25919999999909127,HIT_TARGET,0.40615789,True,0.40615789,False,,False,False,,False,,0.0
2026-03-20,WALL,ASK,2026-03-20 15:00:01.781822024,1774018801781822024,30.718175285,0.9948801510981417,2130.9,57.866,5.8370908357290565,6,6,12.000000000002728,6+,28.485999999999997,0.4922752566273805,2130.2,2130.8,6.000000000003638,2130.2,2130.3,0.0,6.000000000003638,2.1304999999999996,3.8695000000036384,4.260999999999999,1.7390000000036387,HIT_TARGET,1.009509781,True,1.009509781,False,,False,False,,False,,0.0
2026-03-20,WALL,ASK,2026-03-20 15:00:11.270682215,1774018811270682215,6.019442579,0.9573658363491467,2131.7,39.682,3.974559294871795,1,1,5.0,4-5,2.345,0.05909480368933018,2131.5,2131.6,0.9999999999990905,2131.5,2131.6,0.0,0.9999999999990905,2.13155,-1.1315500000009093,4.2631,-3.263100000000909,HIT_TARGET,0.050950745,True,0.050950745,False,,False,False,,False,,0.0
2026-03-20,WALL,BID,2026-03-20 15:01:43.975694788,1774018903975694788,3.672760376,0.9978757013250896,2130.9,101.897,25.5541065830721,5,5,7.9999999999972715,6+,21.547,0.21145862979283,2131.5,2131.0,5.0,2131.4,2131.5,0.0,5.0,2.13125,2.86875,4.2625,0.7374999999999998,HIT_TARGET,0.402371837,True,0.402371837,False,,False,False,,False,,0.0
2026-03-20,WALL,BID,2026-03-20 15:03:40.738321614,1774019020738321614,15.206437122,0.9985946067557744,2127.0,40.21,5.215643037810493,4,4,6.999999999998181,6+,18.686,0.46471027107684654,2127.5,2127.1,4.0000000000009095,2127.4,2127.5,0.0,4.0000000000009095,2.1273,1.8727000000009095,4.2546,-0.25459999999909044,HIT_TARGET,0.76607711,True,0.76607711,False,,False,False,,False,,0.0
2026-03-20,WALL,BID,2026-03-20 15:13:09.338707742,1774019589338707742,3.013960231,1.0,2127.0,103.129,8.193945653901162,5,5,5.0,4-5,47.642999999999994,0.46197480824986176,2127.6,2127.1,5.0,2127.5,2127.6,0.0,5.0,2.12735,2.87265,4.2547,0.7453000000000003,HIT_TARGET,8.733315161,True,8.733315161,True,2.655373017,True,True,6.077942144,False,,0.0
2026-03-20,WALL,ASK,2026-03-20 15:13:43.542389978,1774019623542389978,3.418431685,0.9985970891210014,2129.0,52.168,4.98237906499212,4,4,15.0,6+,24.384999999999998,0.46743214230946173,2128.5,2128.9,4.0000000000009095,2128.5,2128.6,0.0,4.0000000000009095,2.1287,1.8713000000009097,4.2574,-0.25739999999909013,HIT_TARGET,1.266585672,True,1.266585672,False,,False,False,,False,,0.0
2026-03-20,WALL,BID,2026-03-20 15:14:22.376610524,1774019662376610524,3.373060716,1.0,2129.3,39.576,3.661393283374965,1,1,5.0,4-5,0.469,0.011850616535273903,2129.5,2129.4,0.9999999999990905,2129.4,2129.5,0.0,0.9999999999990905,2.12945,-1.1294500000009093,4.2589,-3.258900000000909,HIT_TARGET,0.049263745,True,0.049263745,False,,False,False,,False,,0.0
2026-03-20,WALL,BID,2026-03-20 15:14:25.174740442,1774019665174740442,3.002651959,1.0,2129.0,64.964,3.5618180821316963,3,3,3.999999999996362,2-3,32.47,0.49981528231020256,2129.4,2129.1,3.000000000001819,2129.3,2129.4,0.0,3.000000000001819,2.12925,0.8707500000018191,4.2585,-1.2584999999981807,HIT_TARGET,55.53910323,True,55.53910323,True,2.918304859,True,True,52.620798371,True,8.323754439,13.999999999996362
2026-03-20,WALL,BID,2026-03-20 15:15:07.339359167,1774019707339359167,3.011549302,0.8769619671330222,2130.1,39.005,3.412212404863966,1,1,5.0,4-5,8.449,0.21661325471093448,2130.3,2130.2,1.000000000003638,2130.2,2130.3,0.0,1.000000000003638,2.1302499999999998,-1.1302499999963618,4.2604999999999995,-3.2604999999963615,HIT_TARGET,0.048996593,True,0.048996593,False,,False,False,,False,,0.0
2026-03-20,WALL,BID,2026-03-20 15:17:10.328753837,1774019830328753837,6.94162943,0.9904130834595704,2125.5,88.533,10.203768800783726,5,5,15.0,6+,21.988999999999997,0.24837066404617483,2126.1,2125.6,5.0,2126.0,2126.1,0.0,5.0,2.12585,2.87415,4.2517,0.7483000000000004,HIT_TARGET,51.222881719,True,51.222881719,True,0.040367425,True,True,51.182514294,True,4.897816093,19.00000000000091
2026-03-20,WALL,BID,2026-03-20 15:18:54.390566416,1774019934390566416,3.327419881,0.9341379387520706,2123.8,28.593,4.1250811512659595,4,4,7.0000000000027285,6+,13.783,0.48204105900045463,2124.3,2123.9,4.0000000000009095,2124.2,2124.3,0.0,4.0000000000009095,2.1241000000000003,1.8759000000009092,4.248200000000001,-0.24819999999909115,HIT_TARGET,4.952137741,True,4.952137741,True,1.685025629,True,True,3.267112112,False,,0.0
2026-03-20,WALL,ASK,2026-03-20 15:19:13.404481393,1774019953404481393,4.727444386,0.9899859649031099,2123.6,55.191,5.144814728501515,5,5,5.0,4-5,24.452,0.44304324980522186,2123.0,2123.5,5.0,2123.0,2123.1,0.0,5.0,2.12325,2.87675,4.2465,0.7534999999999998,HIT_TARGET,28.142127874,True,28.142127874,True,2.113362407,True,True,26.028765467,True,2.063087375,12.999999999997272
2026-03-20,WALL,BID,2026-03-20 15:21:25.846682620,1774020085846682620,4.647599614,0.9619431634198428,2123.8,47.771,22.5281773166706,5,5,10.0,6+,10.438,0.21850076406187854,2124.4,2123.9,5.0,2124.3,2124.4,0.0,5.0,2.12415,2.87585,4.2483,0.7516999999999996,HIT_TARGET,2.244971006,True,2.244971006,False,,False,False,,False,,0.0
2026-03-20,WALL,BID,2026-03-20 15:22:05.552715968,1774020125552715968,4.087887192,0.9742688550198134,2123.0,62.267,6.346328288233197,3,3,3.999999999996362,2-3,8.361,0.13427658310180351,2123.4,2123.1,3.000000000001819,2123.3,2123.4,0.0,3.000000000001819,2.12325,0.8767500000018189,4.2465,-1.2464999999981812,TIMEOUT,60.0,False,,True,9.286296222,True,False,,True,17.399694821,12.999999999997272
2026-03-20,WALL,ASK,2026-03-20 15:23:38.331154927,1774020218331154927,3.724556509,0.970363459184128,2138.1,49.789,33.038487060384874,6,6,15.99999999999909,6+,22.865,0.4592379842937194,2137.4,2138.0,5.9999999999990905,2137.4,2137.5,0.0,5.9999999999990905,2.1376999999999997,3.862299999999091,4.275399999999999,1.724599999999091,HIT_TARGET,19.387589831,True,19.387589831,True,0.308942833,True,True,19.078646998,True,0.257783318,21.99999999999818
2026-03-20,WALL,BID,2026-03-20 15:24:08.640028902,1774020248640028902,3.010479362,0.9797119266881724,2133.4,16.854,3.244273339749759,3,3,5.0,4-5,1.875,0.11124955500177999,2133.8,2133.5,3.000000000001819,2133.7,2133.8,0.0,3.000000000001819,2.13365,0.8663500000018192,4.2673,-1.2672999999981807,HIT_TARGET,0.104567613,True,0.104567613,False,,False,False,,False,,0.0
2026-03-20,WALL,ASK,2026-03-20 15:31:11.696570991,1774020671696570991,3.47024143,1.0,2129.5,19.186,3.789827160493827,2,2,5.0,4-5,3.27,0.17043677681642866,2129.2,2129.4,2.0000000000027285,2129.2,2129.3,0.0,2.0000000000027285,2.1292999999999997,-0.12929999999727126,4.2585999999999995,-2.258599999997271,HIT_TARGET,0.05100111,True,0.05100111,False,,False,False,,False,,0.0
2026-03-20,WALL,BID,2026-03-20 15:32:02.883435244,1774020722883435244,3.011058449,1.0,2129.1,103.425,12.264318747776592,4,4,5.0,4-5,34.385,0.33246313753927964,2129.6,2129.2,4.0000000000009095,2129.5,2129.6,0.0,4.0000000000009095,2.1293999999999995,1.87060000000091,4.258799999999999,-0.25879999999908954,TIMEOUT,60.0,False,,True,2.604223614,True,False,,True,4.23803785,25.99999999999909
2026-03-20,WALL,BID,2026-03-20 15:35:51.368412131,1774020951368412131,3.013701918,1.0,2130.4,83.682,8.284526284526285,4,4,7.9999999999972715,6+,28.612000000000002,0.34191343419134346,2130.9,2130.5,4.0000000000009095,2130.8,2130.9,0.0,4.0000000000009095,2.1306999999999996,1.86930000000091,4.261399999999999,-0.2613999999990897,HIT_TARGET,35.630504996,True,35.630504996,True,0.262049525,True,True,35.368455471,True,4.092140157,20.0
2026-03-20,WALL,ASK,2026-03-20 15:48:03.220484118,1774021683220484118,4.438871287,0.9533159389850089,2135.7,96.734,10.489481674257211,7,7,9.00000000000091,6+,28.007000000000005,0.28952591643062425,2134.9,2135.6,6.999999999998181,2134.9,2135.0,0.0,6.999999999998181,2.1352499999999996,4.864749999998182,4.270499999999999,2.7294999999981817,HIT_TARGET,0.458829706,True,0.458829706,False,,False,False,,False,,0.0
2026-03-20,WALL,ASK,2026-03-20 15:49:46.814634515,1774021786814634515,8.375098422,0.9555963709007741,2134.3,17.38,6.089698668535388,2,2,5.9999999999990905,4-5,4.415,0.2540276179516686,2134.0,2134.2000000000003,2.0000000000027285,2134.0,2134.1,0.0,2.0000000000027285,2.1341,-0.13409999999727162,4.2682,-2.2681999999972717,HIT_TARGET,6.990415816,True,6.990415816,True,5.764673158,True,True,1.225742658,False,,0.0
2026-03-20,WALL,ASK,2026-03-20 15:50:24.684086092,1774021824684086092,7.96798003,0.9867178749693729,2133.9,40.643,3.8236041206077425,2,2,5.9999999999990905,4-5,6.092,0.14989051005093126,2133.6,2133.8,2.0000000000027285,2133.6,2133.7,0.0,2.0000000000027285,2.1336999999999997,-0.13369999999727122,4.267399999999999,-2.267399999997271,HIT_TARGET,3.411231898,True,3.411231898,True,2.040438054,True,True,1.370793844,False,,0.0
2026-03-20,WALL,ASK,2026-03-20 15:52:07.205300128,1774021927205300128,6.069602866,0.9264410993837829,2133.6,49.219,14.624572871787255,2,2,5.0,4-5,8.91,0.18102765192303785,2133.3,2133.5,1.999999999998181,2133.3,2133.4,0.0,1.999999999998181,2.1334,-0.13340000000181895,4.2668,-2.266800000001819,HIT_TARGET,0.048130093,True,0.048130093,False,,False,False,,False,,0.0
2026-03-20,WALL,ASK,2026-03-20 15:53:08.637110661,1774021988637110661,3.054834428,0.9396941443662425,2136.3,32.443,3.4598485656393296,2,2,6.999999999998181,6+,14.578999999999999,0.449372746046913,2136.0,2136.2000000000003,2.0000000000027285,2136.0,2136.1,0.0,2.0000000000027285,2.1361000000000003,-0.13609999999727185,4.272200000000001,-2.272199999997272,HIT_TARGET,1.744453056,True,1.744453056,False,,False,False,,False,,0.0
2026-03-20,WALL,BID,2026-03-20 15:53:32.316583039,1774022012316583039,3.009120457,0.9213253821563449,2135.1,33.156,3.8397220613781116,1,1,5.0,4-5,0.468,0.014115092290988058,2135.3,2135.2,1.000000000003638,2135.2,2135.3,0.0,1.000000000003638,2.1352499999999996,-1.1352499999963617,4.270499999999999,-3.2704999999963613,HIT_TARGET,0.049874509,True,0.049874509,False,,False,False,,False,,0.0
2026-03-20,WALL,ASK,2026-03-20 15:55:24.265375222,1774022124265375222,3.484003473,1.0,2133.4,32.033,6.108504958047293,4,4,5.0,4-5,6.894,0.21521555895482783,2132.9,2133.3,4.0000000000009095,2132.9,2133.0,0.0,4.0000000000009095,2.1331,1.8669000000009093,4.2662,-0.26619999999909094,HIT_TARGET,0.102718982,True,0.102718982,False,,False,False,,False,,0.0
2026-03-20,WALL,ASK,2026-03-20 15:56:51.193140842,1774022211193140842,5.203400719,1.0,2132.2,26.986,3.5625082508250827,4,4,5.0,4-5,3.484,0.12910397984139924,2131.7,2132.1,4.0000000000009095,2131.7,2131.8,0.0,4.0000000000009095,2.1318999999999995,1.86810000000091,4.263799999999999,-0.26379999999908943,HIT_TARGET,0.050295199,True,0.050295199,False,,False,False,,False,,0.0
2026-03-20,WALL,ASK,2026-03-20 16:00:42.777335381,1774022442777335381,5.460839748,1.0,2135.4,201.442,23.172897733808814,6,6,13.000000000001819,6+,38.690000000000005,0.1920652098370747,2134.7,2135.3,6.000000000003638,2134.7,2134.8,0.0,6.000000000003638,2.135,3.865000000003638,4.27,1.7300000000036384,HIT_TARGET,0.408246637,True,0.408246637,False,,False,False,,False,,0.0
2026-03-20,WALL,ASK,2026-03-20 16:03:31.822671931,1774022611822671931,3.246279639,1.0,2137.2,131.068,13.356567818200347,5,5,5.0,4-5,63.748,0.4863734855189672,2136.6,2137.1,5.0,2136.6,2136.7,0.0,5.0,2.13685,2.86315,4.2737,0.7263000000000002,HIT_TARGET,0.969684909,True,0.969684909,False,,False,False,,False,,0.0
2026-03-20,WALL,ASK,2026-03-20 16:03:32.379861679,1774022612379861679,3.006285039,0.9996533252880283,2137.0,49.052,4.023128972729137,2,2,6.000000000003638,6+,24.384999999999998,0.4971254994699502,2136.7,2136.9,2.0000000000027285,2136.7,2136.8,0.0,2.0000000000027285,2.1368,-0.13679999999727155,4.2736,-2.2735999999972716,HIT_TARGET,0.259228007,True,0.259228007,False,,False,False,,False,,0.0
2026-03-20,WALL,BID,2026-03-20 16:06:35.472620403,1774022795472620403,3.828799037,0.973235206912219,2135.8,105.011,13.886670193070616,5,5,8.999999999996362,6+,44.872,0.42730761539267315,2136.4,2135.9,5.0,2136.3,2136.4,0.0,5.0,2.1361499999999998,2.8638500000000002,4.2722999999999995,0.7277000000000005,HIT_TARGET,2.655733702,True,2.655733702,True,1.634227029,True,True,1.021506673,False,,0.0
2026-03-20,WALL,ASK,2026-03-20 16:09:06.164537303,1774022946164537303,3.371677682,1.0,2134.3,134.875,9.642882676771288,4,4,4.0000000000009095,4-5,67.129,0.49771269694161263,2133.8,2134.2000000000003,4.0000000000009095,2133.8,2133.9,0.0,4.0000000000009095,2.134,1.8660000000009096,4.268,-0.2679999999990903,HIT_TARGET,9.953121165,True,9.953121165,True,3.828532354,True,True,6.124588811,False,,0.9999999999990905
2026-03-20,WALL,ASK,2026-03-20 16:10:47.128357471,1774023047128357471,4.541055749,0.9231448316667649,2140.6,64.568,6.244789399874268,6,6,4.0000000000009095,4-5,12.124,0.1877710320901995,2139.9,2140.5,5.9999999999990905,2139.9,2140.0,0.0,5.9999999999990905,2.1401999999999997,3.859799999999091,4.280399999999999,1.7195999999990912,TIMEOUT,60.0,False,,True,1.327746765,True,False,,True,2.703693709,24.00000000000091
2026-03-20,WALL,ASK,2026-03-20 16:12:01.712075917,1774023121712075917,3.318334276,1.0,2142.3,56.667,6.769037806844651,5,5,14.00000000000091,6+,24.002000000000002,0.4235622143399157,2141.7,2142.2000000000003,5.0000000000045475,2141.7,2141.8,0.0,5.0000000000045475,2.1419499999999996,2.858050000004548,4.283899999999999,0.7161000000045483,HIT_TARGET,45.734600659,True,45.734600659,True,0.100448924,True,True,45.634151735,True,2.756324521,11.000000000003638
2026-03-20,WALL,BID,2026-03-20 16:13:18.793634212,1774023198793634212,8.785228718,0.9980940759156681,2140.1,31.029,3.706725600286704,1,1,4.0000000000009095,4-5,0.467,0.015050436688259372,2140.3,2140.2,1.000000000003638,2140.2,2140.3,0.0,1.000000000003638,2.14025,-1.140249999996362,4.2805,-3.280499999996362,HIT_TARGET,0.051078793,True,0.051078793,False,,False,False,,False,,0.0
2026-03-20,WALL,BID,2026-03-20 16:13:18.895083384,1774023198895083384,3.675936936,1.0,2139.4,87.062,10.092389729322436,7,7,5.0,4-5,41.638999999999996,0.4782683604787393,2140.2,2139.5,6.999999999998181,2140.1,2140.2,0.0,6.999999999998181,2.1398499999999996,4.860149999998182,4.279699999999999,2.720299999998182,TIMEOUT,60.0,False,,True,3.164401381,True,False,,True,28.531548092,4.0000000000009095
2026-03-20,WALL,BID,2026-03-20 16:13:41.497265288,1774023221497265288,12.703577671,0.9782134817318582,2139.5,40.953,5.23327582902051,2,2,4.0000000000009095,4-5,7.007999999999999,0.17112299465240638,2139.8,2139.6,2.0000000000027285,2139.7,2139.8,0.0,2.0000000000027285,2.1397,-0.13969999999727145,4.2794,-2.2793999999972714,HIT_TARGET,40.647371438,True,40.647371438,True,4.500051041,True,True,36.147320397,True,3.888386094,8.000000000001819
2026-03-20,WALL,ASK,2026-03-20 16:13:45.385651382,1774023225385651382,8.379402134,0.9458064927857537,2140.4,58.898,3.7793891170431215,2,2,3.999999999996362,2-3,21.637999999999998,0.36738089578593497,2140.1,2140.3,2.0000000000027285,2140.1,2140.2,0.0,2.0000000000027285,2.1401999999999997,-0.14019999999727117,4.280399999999999,-2.280399999997271,HIT_TARGET,0.102025641,True,0.102025641,False,,False,False,,False,,0.0
2026-03-20,WALL,ASK,2026-03-20 16:15:51.207743496,1774023351207743496,3.013733084,0.9486068942792945,2137.2,73.599,3.598181329291843,1,1,5.0,4-5,25.878,0.35160803815269226,2137.0,2137.1,0.9999999999990905,2137.0,2137.1,0.0,0.9999999999990905,2.13705,-1.1370500000009094,4.2741,-3.2741000000009093,HIT_TARGET,0.0506799,True,0.0506799,False,,False,False,,False,,0.0
2026-03-20,WALL,ASK,2026-03-20 16:17:38.686242326,1774023458686242326,8.318816412,1.0,2138.4,75.159,7.518531486020107,4,4,4.0000000000009095,4-5,18.203000000000003,0.24219321704652805,2137.9,2138.3,4.0000000000009095,2137.9,2138.0,0.0,4.0000000000009095,2.1381,1.8619000000009094,4.2762,-0.27619999999909073,HIT_TARGET,1.895239701,True,1.895239701,True,0.092421401,True,True,1.8028183,False,,0.0
2026-03-20,WALL,BID,2026-03-20 16:20:45.673282332,1774023645673282332,4.299562843,1.0,2143.0,62.255,5.256469793557648,3,3,6.999999999998181,6+,22.012999999999998,0.35359408882820653,2143.4,2143.1,3.000000000001819,2143.3,2143.4,0.0,3.000000000001819,2.1432499999999997,0.8567500000018193,4.286499999999999,-1.2864999999981803,HIT_TARGET,3.11458723,True,3.11458723,True,0.662214933,True,True,2.452372297,False,,0.0
2026-03-20,WALL,ASK,2026-03-20 16:21:59.290810629,1774023719290810629,3.037653071,1.0,2142.0,82.693,7.0732187152510475,4,4,5.0,4-5,21.226,0.2566843626425453,2141.5,2141.9,4.0000000000009095,2141.5,2141.6,0.0,4.0000000000009095,2.1416999999999997,1.8583000000009098,4.283399999999999,-0.28339999999908994,TIMEOUT,60.0,False,,True,1.298032004,True,False,,True,1.757855456,26.99999999999818
2026-03-20,WALL,ASK,2026-03-20 16:29:17.116074233,1774024157116074233,12.560194946,0.9912825958935558,2140.0,31.06,3.0167055167055166,4,4,4.0000000000009095,4-5,10.074,0.3243399871216999,2139.5,2139.9,4.0000000000009095,2139.5,2139.6,0.0,4.0000000000009095,2.1397,1.8603000000009096,4.2794,-0.2793999999990904,HIT_TARGET,0.207901669,True,0.207901669,False,,False,False,,False,,0.0
2026-03-20,WALL,ASK,2026-03-20 16:32:20.594158066,1774024340594158066,4.143077241,0.8967820525362008,2131.5,35.464,3.4600712229864867,1,1,5.0,4-5,6.639,0.18720392510715092,2131.3,2131.4,0.9999999999990905,2131.3,2131.4,0.0,0.9999999999990905,2.1313500000000003,-1.1313500000009098,4.262700000000001,-3.26270000000091,HIT_TARGET,0.048576039,True,0.048576039,False,,False,False,,False,,0.0
2026-03-20,WALL,ASK,2026-03-20 16:35:20.539481372,1774024520539481372,4.696918872,0.9773353466599966,2136.9,11.853,3.956275033377837,1,1,5.0,4-5,0.468,0.03948367501898254,2136.7,2136.8,1.000000000003638,2136.7,2136.8,0.0,1.000000000003638,2.1367499999999997,-1.1367499999963617,4.273499999999999,-3.2734999999963614,HIT_TARGET,0.051152853,True,0.051152853,False,,False,False,,False,,0.0
2026-03-20,WALL,BID,2026-03-20 17:05:34.349723643,1774026334349723643,4.192026148,0.9744887750638144,2136.4,155.98,41.672455249799626,6,6,10.0,6+,35.861000000000004,0.22990768047185542,2137.1,2136.5,5.9999999999990905,2137.0,2137.1,0.0,5.9999999999990905,2.1368,3.8631999999990905,4.2736,1.7263999999990904,HIT_TARGET,2.85585027,True,2.85585027,True,0.101463115,True,True,2.754387155,False,,0.0
2026-03-20,WALL,ASK,2026-03-20 17:06:50.372878664,1774026410372878664,3.262146378,0.9058172254096195,2135.3,49.641,5.809022292434614,4,4,5.9999999999990905,4-5,19.502000000000002,0.3928607401140187,2134.8,2135.2000000000003,4.0000000000009095,2134.8,2134.9,0.0,4.0000000000009095,2.135,1.8650000000009097,4.27,-0.2699999999990901,HIT_TARGET,0.41169165,True,0.41169165,False,,False,False,,False,,0.0
2026-03-20,WALL,ASK,2026-03-20 17:07:21.048695131,1774026441048695131,3.318918992,1.0,2136.6,35.408,4.301785931235573,1,1,4.0000000000009095,4-5,0.468,0.013217352010845007,2136.4,2136.5,0.9999999999990905,2136.4,2136.5,0.0,0.9999999999990905,2.1364499999999995,-1.136450000000909,4.272899999999999,-3.2729000000009085,HIT_TARGET,0.047823191,True,0.047823191,False,,False,False,,False,,0.0
2026-03-20,WALL,BID,2026-03-20 17:13:11.133491780,1774026791133491780,11.024009374,0.9988151960364978,2133.7,47.579,21.930859645079515,1,1,3.999999999996362,2-3,0.412,0.008659282456545955,2134.3,2133.7999999999997,5.0000000000045475,2133.8,2134.3,0.0,5.0000000000045475,2.13405,2.8659500000045477,4.2681,0.7319000000045479,HIT_TARGET,0.052187346,True,0.052187346,False,,False,False,,False,,0.0
2026-03-20,WALL,BID,2026-03-20 17:16:32.707250135,1774026992707250135,3.428704085,0.8723794602414632,2131.2,38.759,5.0948406178113705,2,2,5.0,4-5,6.049,0.15606697799220828,2131.5,2131.2999999999997,2.0000000000027285,2131.4,2131.5,0.0,2.0000000000027285,2.1313999999999997,-0.13139999999727126,4.2627999999999995,-2.262799999997271,HIT_TARGET,47.785255855,True,47.785255855,True,6.080039588,True,True,41.705216267,True,6.080039588,5.0
2026-03-20,WALL,ASK,2026-03-20 17:16:41.742468972,1774027001742468972,3.059181988,1.0,2132.3,76.158,4.675855717574827,4,4,4.0000000000009095,4-5,36.549,0.4799101867170881,2131.8,2132.2000000000003,4.0000000000009095,2131.8,2131.9,0.0,4.0000000000009095,2.1319999999999997,1.8680000000009098,4.263999999999999,-0.26399999999908985,TIMEOUT,60.0,False,,True,0.466006169,True,False,,True,38.02724759,10.99999999999909
2026-03-20,WALL,BID,2026-03-20 17:20:05.077676421,1774027205077676421,3.203195086,0.9544765841339705,2132.0,107.844,9.198959355141382,4,4,5.9999999999990905,4-5,53.135,0.4927024220169875,2132.5,2132.1,4.0000000000009095,2132.4,2132.5,0.0,4.0000000000009095,2.1323000000000003,1.8677000000009092,4.264600000000001,-0.2645999999990911,HIT_TARGET,1.887880623,True,1.887880623,True,0.72481063,True,True,1.163069993,False,,0.0
2026-03-20,WALL,ASK,2026-03-20 17:25:50.507960277,1774027550507960277,3.984831823,0.9505354876302894,2132.8,39.05,3.788136004268322,2,2,6.999999999998181,6+,17.181,0.4399743918053778,2132.5,2132.7000000000003,2.0000000000027285,2132.5,2132.6,0.0,2.0000000000027285,2.1326,-0.13259999999727157,4.2652,-2.2651999999972716,TIMEOUT,60.0,False,,True,10.42346182,True,False,,True,16.194609708,10.0
2026-03-20,WALL,ASK,2026-03-20 17:27:30.461110735,1774027650461110735,3.622285311,1.0,2132.0,34.922,4.110888758092995,2,2,4.0000000000009095,4-5,1.078,0.030868793310806945,2131.7,2131.9,2.0000000000027285,2131.7,2131.8,0.0,2.0000000000027285,2.1318,-0.13179999999727166,4.2636,-2.263599999997272,HIT_TARGET,12.256654182,True,12.256654182,True,0.610827521,True,True,11.645826661,False,,0.0
2026-03-20,WALL,BID,2026-03-20 17:32:22.854195408,1774027942854195408,13.374240882,0.9992360601928629,2127.1,77.371,8.759311672138573,4,4,10.99999999999909,6+,20.224999999999998,0.2614028511974771,2127.6,2127.2,4.0000000000009095,2127.5,2127.6,0.0,4.0000000000009095,2.1273999999999993,1.8726000000009102,4.254799999999999,-0.2547999999990891,HIT_TARGET,2.296386749,True,2.296386749,True,1.683751461,True,True,0.612635288,False,,0.0
2026-03-20,WALL,ASK,2026-03-20 17:35:16.101402004,1774028116101402004,3.163768777,0.8848043672946331,2127.1,38.387,4.9103933482571165,3,3,5.0,4-5,13.282,0.34600255294761245,2126.7,2127.0,3.000000000001819,2126.7,2126.8,0.0,3.000000000001819,2.1268499999999997,0.8731500000018193,4.253699999999999,-1.2536999999981804,HIT_TARGET,0.147855918,True,0.147855918,False,,False,False,,False,,0.0
2026-03-20,WALL,BID,2026-03-20 17:36:42.251646841,1774028202251646841,7.966245818,0.9801657240298833,2122.4,13.823,5.86963906581741,1,1,18.00000000000182,6+,2.354,0.17029588367214063,2122.7,2122.5,1.999999999998181,2122.5,2122.7,0.0,1.999999999998181,2.1226,-0.12260000000181881,4.2452,-2.2452000000018186,HIT_TARGET,0.815940104,True,0.815940104,False,,False,False,,False,,1.999999999998181
2026-03-20,WALL,ASK,2026-03-20 17:48:25.362131047,1774028905362131047,4.20123829,0.9903828809005737,2126.1,39.014,4.181564844587353,3,3,5.0,4-5,18.025,0.4620136361306197,2125.7,2126.0,3.000000000001819,2125.7,2125.8,0.0,3.000000000001819,2.12585,0.8741500000018192,4.2517,-1.2516999999981806,HIT_TARGET,26.96025656,True,26.96025656,True,1.862309316,True,True,25.097947244,True,12.561035893,4.0000000000009095
2026-03-20,WALL,ASK,2026-03-20 17:48:48.643243511,1774028928643243511,3.828681841,0.970231664125366,2126.1,57.982,9.477280156914023,2,2,4.0000000000009095,4-5,9.336,0.16101548756510642,2125.8,2126.0,1.999999999998181,2125.8,2125.9,0.0,1.999999999998181,2.1258999999999997,-0.12590000000181867,4.251799999999999,-2.2518000000018183,HIT_TARGET,3.679144096,True,3.679144096,True,0.191779507,True,True,3.487364589,False,,0.0
2026-03-20,WALL,ASK,2026-03-20 17:53:14.733356641,1774029194733356641,9.495793336,0.9900483946252555,2129.1,37.48,5.311038684993623,4,4,3.999999999996362,2-3,18.281,0.48775346851654217,2128.6,2129.0,4.0000000000009095,2128.6,2128.7,0.0,4.0000000000009095,2.1288,1.8712000000009095,4.2576,-0.25759999999909056,HIT_TARGET,0.153366873,True,0.153366873,False,,False,False,,False,,0.0
2026-03-20,WALL,BID,2026-03-20 17:58:31.343165808,1774029511343165808,3.10937779,0.9517197593413054,2137.7,78.167,5.119662038249935,2,2,4.0000000000009095,4-5,37.004,0.4733967019330408,2138.0,2137.7999999999997,2.0000000000027285,2137.9,2138.0,0.0,2.0000000000027285,2.1378999999999992,-0.13789999999727076,4.2757999999999985,-2.27579999999727,HIT_TARGET,5.668520677,True,5.668520677,True,0.664931332,True,True,5.003589345,False,,1.999999999998181
2026-03-20,WALL,BID,2026-03-20 17:58:37.062542694,1774029517062542694,3.166107638,1.0,2137.1,47.27,5.414041919596838,4,4,5.9999999999990905,4-5,19.204,0.4062618997249841,2137.6,2137.2,4.0000000000009095,2137.5,2137.6,0.0,4.0000000000009095,2.1373999999999995,1.86260000000091,4.274799999999999,-0.27479999999908955,HIT_TARGET,1.732472376,True,1.732472376,True,0.152503147,True,True,1.579969229,False,,0.0
2026-03-20,WALL,ASK,2026-03-20 17:59:55.443552399,1774029595443552399,10.565685888,0.9944751413567672,2136.6,56.9,19.126050420168067,3,3,13.000000000001819,6+,16.093,0.28282952548330403,2136.2,2136.5,3.000000000001819,2136.2,2136.3,0.0,3.000000000001819,2.1363499999999997,0.8636500000018192,4.2726999999999995,-1.2726999999981805,HIT_TARGET,4.691708903,True,4.691708903,True,3.673554173,True,True,1.01815473,False,,0.0
2026-03-20,WALL,BID,2026-03-20 18:01:14.882697307,1774029674882697307,3.000282733,0.9489590849836751,2135.3,35.441,3.2338154112870114,2,2,4.0000000000009095,4-5,10.583,0.2986089557292401,2135.6,2135.4,1.999999999998181,2135.5,2135.6,0.0,1.999999999998181,2.1355,-0.13550000000181894,4.271,-2.271000000001819,HIT_TARGET,0.215749255,True,0.215749255,False,,False,False,,False,,0.0
2026-03-20,WALL,ASK,2026-03-20 18:02:17.342628001,1774029737342628001,4.479628277,0.9761999703083846,2133.8,40.699,6.177278591485163,3,3,4.0000000000009095,4-5,10.238,0.2515540922381385,2133.4,2133.7000000000003,3.000000000001819,2133.4,2133.5,0.0,3.000000000001819,2.13355,0.8664500000018189,4.2671,-1.2670999999981811,HIT_TARGET,6.901358668,True,6.901358668,False,,False,False,,False,,0.0
2026-03-20,WALL,ASK,2026-03-20 18:02:50.312147203,1774029770312147203,3.060973499,0.9691913575760102,2136.3,44.563,4.150414454689392,2,2,4.0000000000009095,4-5,21.394000000000002,0.4800843749298746,2136.0,2136.2000000000003,2.0000000000027285,2136.0,2136.1,0.0,2.0000000000027285,2.1361000000000003,-0.13609999999727185,4.272200000000001,-2.272199999997272,HIT_TARGET,3.425849261,True,3.425849261,False,,False,False,,False,,0.0
2026-03-20,WALL,BID,2026-03-20 18:06:37.827052991,1774029997827052991,6.991774114,0.9666831420463707,2136.2,107.802,10.300702307582057,4,4,5.0,4-5,18.082,0.1677334372275097,2136.7,2136.2999999999997,4.0000000000009095,2136.6,2136.7,0.0,4.0000000000009095,2.1365,1.8635000000009097,4.273,-0.2729999999990902,HIT_TARGET,0.260024369,True,0.260024369,False,,False,False,,False,,0.0
2026-03-20,WALL,BID,2026-03-20 18:10:03.537429371,1774030203537429371,3.011771446,1.0,2134.7,52.573,3.5446852981829218,2,2,4.0000000000009095,4-5,3.7350000000000003,0.0710440720521941,2135.0,2134.7999999999997,2.0000000000027285,2134.9,2135.0,0.0,2.0000000000027285,2.1348999999999996,-0.1348999999972711,4.269799999999999,-2.2697999999972707,HIT_TARGET,0.612224094,True,0.612224094,True,0.097879114,True,True,0.51434498,False,,0.0
2026-03-20,WALL,ASK,2026-03-20 18:16:06.441366196,1774030566441366196,3.057349912,1.0,2134.7,83.202,11.176304654442877,4,4,4.0000000000009095,4-5,30.943,0.3719021177375544,2134.2,2134.6,4.0000000000009095,2134.2,2134.3,0.0,4.0000000000009095,2.1343999999999994,1.86560000000091,4.268799999999999,-0.2687999999990893,HIT_TARGET,51.111892798,True,51.111892798,True,0.037641344,True,True,51.074251454,False,,2.0000000000027285
2026-03-20,WALL,ASK,2026-03-20 18:16:06.479007540,1774030566479007540,3.04198251,1.0,2134.5,24.73,3.3219155080932232,2,2,4.0000000000009095,4-5,11.986,0.48467448443186417,2134.2,2134.4,2.0000000000027285,2134.2,2134.3,0.0,2.0000000000027285,2.1343,-0.1342999999972716,4.2686,-2.2685999999972717,HIT_TARGET,51.074251454,True,51.074251454,True,26.309289365,True,True,24.764962089,False,,2.0000000000027285
2026-03-20,WALL,ASK,2026-03-20 18:19:08.029738033,1774030748029738033,3.064869491,0.9528551615576769,2133.0,18.566,3.3552001445739585,1,1,4.0000000000009095,4-5,4.411,0.2375848324894969,2132.8,2132.9,0.9999999999990905,2132.8,2132.9,0.0,0.9999999999990905,2.1328500000000004,-1.1328500000009099,4.265700000000001,-3.26570000000091,HIT_TARGET,0.048441606,True,0.048441606,False,,False,False,,False,,0.0
2026-03-20,WALL,ASK,2026-03-20 18:20:00.433748099,1774030800433748099,3.828085265,0.9538910479309818,2134.5,39.47,3.6663415540383633,2,2,7.0000000000027285,6+,14.100999999999999,0.3572586774765645,2134.1,2134.4,3.000000000001819,2134.1,2134.3,0.0,3.000000000001819,2.1342499999999998,0.8657500000018192,4.2684999999999995,-1.2684999999981805,HIT_TARGET,0.560648823,True,0.560648823,False,,False,False,,False,,0.0
2026-03-20,WALL,BID,2026-03-20 18:21:55.417800709,1774030915417800709,3.014981771,1.0,2131.3,58.905,4.345148083944971,3,3,5.0,4-5,24.235,0.41142517613105845,2131.7,2131.4,2.9999999999972715,2131.6,2131.7,0.0,2.9999999999972715,2.13155,0.8684499999972717,4.2631,-1.2631000000027282,HIT_TARGET,0.665300949,True,0.665300949,False,,False,False,,False,,0.0
2026-03-20,WALL,ASK,2026-03-20 18:22:46.816616815,1774030966816616815,3.97995129,1.0,2128.2,72.445,17.92749319475377,3,3,12.000000000002728,6+,11.921000000000001,0.16455241907654086,2127.6,2128.1,5.0,2127.6,2127.9,0.0,5.0,2.12785,2.87215,4.2557,0.7443,HIT_TARGET,0.051049901,True,0.051049901,False,,False,False,,False,,0.0
2026-03-20,WALL,ASK,2026-03-20 18:23:33.922551600,1774031013922551600,3.673856611,1.0,2126.6,83.057,8.570971570094423,3,3,6.000000000003638,6+,39.204,0.47201319575713063,2126.2,2126.5,3.000000000001819,2126.2,2126.3,0.0,3.000000000001819,2.12635,0.873650000001819,4.2527,-1.252699999998181,HIT_TARGET,1.733810181,True,1.733810181,True,0.035318336,True,True,1.698491845,False,,0.0
2026-03-20,WALL,ASK,2026-03-20 18:28:00.496759680,1774031280496759680,4.751257354,0.9983900080694302,2129.3,87.823,12.359862078671451,4,4,12.000000000002728,6+,22.07,0.2513009120617606,2128.8,2129.2000000000003,4.0000000000009095,2128.8,2128.9,0.0,4.0000000000009095,2.129,1.8710000000009095,4.258,-0.2579999999990905,TIMEOUT,60.0,False,,True,0.560950242,True,False,,True,1.988679496,39.00000000000091
2026-03-20,WALL,ASK,2026-03-20 18:28:28.569577345,1774031308569577345,4.732196873,0.9767133640130783,2126.2,66.702,8.401284715662195,7,7,5.0,4-5,31.468,0.47176996192018233,2125.4,2126.1,6.999999999998181,2125.4,2125.5,0.0,6.999999999998181,2.1257499999999996,4.874249999998181,4.251499999999999,2.748499999998182,TIMEOUT,60.0,False,,True,0.598280406,True,False,,True,24.429927694,13.000000000001819
2026-03-20,WALL,BID,2026-03-20 18:29:19.713570910,1774031359713570910,8.426799143,0.9895594014397407,2124.8,53.541,7.540454897542426,2,2,4.0000000000009095,4-5,16.644000000000002,0.31086457107637144,2125.4,2124.9,5.0,2125.0,2125.4,0.0,5.0,2.12515,2.87485,4.2503,0.7496999999999998,HIT_TARGET,0.05093087,True,0.05093087,False,,False,False,,False,,0.0
2026-03-20,WALL,ASK,2026-03-20 18:33:26.199878037,1774031606199878037,3.119720872,1.0,2121.8,34.509,6.953254080193432,4,4,5.9999999999990905,4-5,14.052,0.4071981222289837,2121.3,2121.7000000000003,4.0000000000009095,2121.3,2121.4,0.0,4.0000000000009095,2.1214999999999997,1.8785000000009098,4.242999999999999,-0.24299999999908994,HIT_TARGET,4.43913922,True,4.43913922,False,,False,False,,False,,0.0
2026-03-20,WALL,BID,2026-03-20 18:35:27.508213591,1774031727508213591,3.212632781,0.9973368627592298,2121.1,147.934,12.750183150183151,5,5,8.000000000001819,6+,45.289,0.3061432801114011,2121.7,2121.2,5.0,2121.6,2121.7,0.0,5.0,2.1214499999999994,2.8785500000000006,4.242899999999999,0.7571000000000012,TIMEOUT,60.0,False,,True,0.310421574,True,False,,True,3.934709735,5.9999999999990905
2026-03-20,WALL,BID,2026-03-20 18:36:16.313606170,1774031776313606170,3.1162344,1.0,2121.1,72.923,5.035771010289345,3,3,7.9999999999972715,6+,28.932,0.3967472539527995,2121.5,2121.2,3.000000000001819,2121.4,2121.5,0.0,3.000000000001819,2.1213499999999996,0.8786500000018194,4.242699999999999,-1.2426999999981803,HIT_TARGET,28.483740829,True,28.483740829,False,,False,False,,True,5.312071809,2.9999999999972715
2026-03-20,WALL,BID,2026-03-20 18:36:45.505424888,1774031805505424888,5.35460542,0.9907488281368079,2121.1,67.937,5.03237037037037,1,1,4.0000000000009095,4-5,21.28,0.3132313761278832,2121.3,2121.2,1.000000000003638,2121.2,2121.3,0.0,1.000000000003638,2.12125,-1.1212499999963619,4.2425,-3.2424999999963617,HIT_TARGET,0.048749379,True,0.048749379,False,,False,False,,False,,0.0
2026-03-20,WALL,ASK,2026-03-20 18:39:32.747669177,1774031972747669177,5.51317183,1.0,2121.7,37.85,5.538484050336553,3,3,4.0000000000009095,4-5,15.335,0.40515191545574636,2121.3,2121.6,2.9999999999972715,2121.3,2121.4,0.0,2.9999999999972715,2.1214499999999994,0.8785499999972721,4.242899999999999,-1.2429000000027273,HIT_TARGET,15.622503401,True,15.622503401,False,,False,False,,True,4.336688515,5.0
2026-03-20,WALL,ASK,2026-03-20 18:39:45.716677635,1774031985716677635,12.408279633,1.0,2121.7,114.383,9.559000501420693,4,4,4.0000000000009095,4-5,47.61899999999999,0.41631186452532276,2121.2,2121.6,4.0000000000009095,2121.2,2121.3,0.0,4.0000000000009095,2.1213999999999995,1.87860000000091,4.242799999999999,-0.24279999999908952,HIT_TARGET,2.653494943,True,2.653494943,True,0.047931096,True,True,2.605563847,False,,0.0
2026-03-20,WALL,ASK,2026-03-20 18:43:21.576585910,1774032201576585910,5.475800216,0.9372766740107817,2124.1,50.47,3.406337529106064,2,2,4.0000000000009095,4-5,9.07,0.179710719239152,2123.6,2124.0,4.0000000000009095,2123.6,2123.9,0.0,4.0000000000009095,2.1238,1.8762000000009094,4.2476,-0.24759999999909077,HIT_TARGET,1.378051223,True,1.378051223,True,0.04432504,True,True,1.333726183,False,,0.0
2026-03-20,WALL,ASK,2026-03-20 18:45:23.935005969,1774032323935005969,3.000842901,1.0,2124.0,121.685,7.228525602946418,4,4,5.0,4-5,60.796,0.49961786580104367,2123.5,2123.9,4.0000000000009095,2123.5,2123.6,0.0,4.0000000000009095,2.1236999999999995,1.87630000000091,4.247399999999999,-0.24739999999908946,HIT_TARGET,9.651033286,True,9.651033286,False,,False,False,,False,,0.9999999999990905
2026-03-20,WALL,BID,2026-03-20 18:47:31.576347685,1774032451576347685,6.434139875,1.0,2126.4,48.205,14.618650492797574,5,5,10.99999999999909,6+,15.341999999999999,0.3182657400684576,2127.0,2126.5,5.0,2126.9,2127.0,0.0,5.0,2.12675,2.87325,4.2535,0.7465000000000002,HIT_TARGET,0.102373635,True,0.102373635,False,,False,False,,False,,0.0
2026-03-20,WALL,BID,2026-03-20 18:50:26.209471703,1774032626209471703,3.93132209,0.969148207340091,2121.9,32.898,3.217408312958435,3,3,7.0000000000027285,6+,15.030000000000001,0.4568666788254605,2122.3,2122.0,3.000000000001819,2122.2,2122.3,0.0,3.000000000001819,2.12215,0.877850000001819,4.2443,-1.244299999998181,TIMEOUT,60.0,False,,True,0.051211023,True,False,,True,1.685924384,25.0
2026-03-20,WALL,BID,2026-03-20 18:54:59.814685871,1774032899814685871,5.414059877,0.9663518065668412,2124.8,79.147,9.445876596252536,6,6,5.9999999999990905,4-5,21.551000000000002,0.2722908006620592,2125.5,2124.9,5.9999999999990905,2125.4,2125.5,0.0,5.9999999999990905,2.1251999999999995,3.874799999999091,4.250399999999999,1.7495999999990914,HIT_TARGET,31.245662758,True,31.245662758,True,0.611982821,True,True,30.633679937,True,5.974919595,15.99999999999909
2026-03-20,WALL,BID,2026-03-20 18:57:00.768728143,1774033020768728143,3.001760616,0.8968690903098984,2120.8,37.552,3.188046523473979,1,1,4.0000000000009095,4-5,0.96,0.025564550489987216,2121.0,2120.9,0.9999999999990905,2120.9,2121.0,0.0,0.9999999999990905,2.1209499999999997,-1.1209500000009092,4.241899999999999,-3.241900000000909,HIT_TARGET,0.153517598,True,0.153517598,False,,False,False,,False,,0.0
2026-03-20,WALL,BID,2026-03-20 19:04:39.319697091,1774033479319697091,6.231854146,0.9753938409969969,2124.6,41.582,3.2836103762782805,4,4,9.00000000000091,6+,20.692,0.4976191621374633,2125.1,2124.7,4.0000000000009095,2125.0,2125.1,0.0,4.0000000000009095,2.1248999999999993,1.8751000000009101,4.249799999999999,-0.2497999999990892,HIT_TARGET,13.373127276,True,13.373127276,True,7.757393464,True,True,5.615733812,False,,0.0
2026-03-20,WALL,ASK,2026-03-20 19:08:21.687751419,1774033701687751419,3.009811832,1.0,2122.9,91.927,8.19204206211291,5,5,4.0000000000009095,4-5,31.973000000000003,0.34780858724857766,2122.3,2122.8,5.0,2122.3,2122.4,0.0,5.0,2.12255,2.87745,4.2451,0.7549000000000001,HIT_TARGET,0.207185941,True,0.207185941,False,,False,False,,False,,0.0
2026-03-20,WALL,ASK,2026-03-20 19:10:35.594862336,1774033835594862336,19.186349004,0.9964605983667949,2124.3,57.624,3.5878214307950937,2,2,4.0000000000009095,4-5,22.997999999999998,0.39910453977509364,2124.0,2124.2000000000003,2.0000000000027285,2124.0,2124.1,0.0,2.0000000000027285,2.1241000000000003,-0.12409999999727184,4.248200000000001,-2.248199999997272,HIT_TARGET,0.152097854,True,0.152097854,False,,False,False,,False,,0.0
2026-03-20,WALL,BID,2026-03-20 19:10:51.516451579,1774033851516451579,5.459052911,0.9219123406660823,2122.4,32.706,3.5915005765112835,4,4,8.999999999996362,6+,16.148,0.49373203693511886,2122.9,2122.5,4.0000000000009095,2122.8,2122.9,0.0,4.0000000000009095,2.1226999999999996,1.87730000000091,4.245399999999999,-0.24539999999908968,HIT_TARGET,0.663611723,True,0.663611723,False,,False,False,,False,,0.0
2026-03-20,WALL,ASK,2026-03-20 19:13:59.144116314,1774034039144116314,3.476087327,0.939969685347321,2125.2,82.467,5.794273669418584,4,4,12.000000000002728,6+,34.811,0.4221203632968339,2124.7,2125.1,4.0000000000009095,2124.7,2124.8,0.0,4.0000000000009095,2.1248999999999993,1.8751000000009101,4.249799999999999,-0.2497999999990892,HIT_TARGET,0.40916978,True,0.40916978,False,,False,False,,False,,0.0
2026-03-20,WALL,ASK,2026-03-20 19:19:06.239922673,1774034346239922673,3.871333931,0.9966577318746932,2127.4,35.644,3.288191881918819,2,2,3.999999999996362,2-3,1.829,0.05131298395241836,2127.1,2127.3,2.0000000000027285,2127.1,2127.2,0.0,2.0000000000027285,2.1271999999999998,-0.12719999999727127,4.2543999999999995,-2.254399999997271,HIT_TARGET,59.118469348,True,59.118469348,True,1.780486861,True,True,57.337982487,True,19.049445172,15.0
2026-03-20,WALL,ASK,2026-03-20 19:27:29.069031110,1774034849069031110,5.200709676,0.9760308648692199,2124.9,76.944,7.112918881442108,2,2,5.9999999999990905,4-5,31.567999999999998,0.41027240590559366,2124.6,2124.8,2.0000000000027285,2124.6,2124.7,0.0,2.0000000000027285,2.1247,-0.12469999999727133,4.2494,-2.249399999997271,HIT_TARGET,2.761361886,True,2.761361886,False,,False,False,,False,,0.0
2026-03-20,WALL,ASK,2026-03-20 19:30:00.243307470,1774035000243307470,3.318397089,0.9800154724641515,2125.5,74.204,7.729583333333333,3,3,3.999999999996362,2-3,30.107,0.4057328445905881,2125.1,2125.4,3.000000000001819,2125.1,2125.2,0.0,3.000000000001819,2.12525,0.8747500000018191,4.2505,-1.2504999999981807,HIT_TARGET,0.051250981,True,0.051250981,False,,False,False,,False,,0.0
2026-03-20,WALL,ASK,2026-03-20 19:35:09.885718870,1774035309885718870,4.747557731,1.0,2122.5,53.477,5.842884457798416,3,3,5.0,4-5,8.089,0.151261289900331,2122.1,2122.4,3.000000000001819,2122.1,2122.2,0.0,3.000000000001819,2.1222499999999997,0.8777500000018192,4.2444999999999995,-1.2444999999981805,TIMEOUT,60.0,False,,True,0.34979677,True,False,,True,11.988715466,30.99999999999909
2026-03-20,WALL,BID,2026-03-20 19:41:24.954505332,1774035684954505332,3.465948825,0.9270992900479423,2122.5,50.026,6.874536209976639,4,4,4.0000000000009095,4-5,23.619,0.47213449006516606,2123.0,2122.6,4.0000000000009095,2122.9,2123.0,0.0,4.0000000000009095,2.1228000000000002,1.8772000000009093,4.2456000000000005,-0.245599999999091,HIT_TARGET,8.5263781,True,8.5263781,True,7.14923242,True,True,1.37714568,False,,0.0
2026-03-20,WALL,ASK,2026-03-20 19:41:57.415205879,1774035717415205879,3.368638732,0.9806304233872948,2123.4,57.444,6.025805098080353,2,2,5.0,4-5,15.61,0.27174291483879953,2123.1,2123.3,2.0000000000027285,2123.1,2123.2,0.0,2.0000000000027285,2.1231999999999998,-0.12319999999727127,4.2463999999999995,-2.246399999997271,HIT_TARGET,0.204398855,True,0.204398855,False,,False,False,,False,,0.0
2026-03-20,WALL,ASK,2026-03-20 19:43:07.266584540,1774035787266584540,3.099991778,1.0,2125.7,73.671,8.230477041671321,2,2,4.0000000000009095,4-5,21.908,0.297376172442345,2125.4,2125.6,1.999999999998181,2125.4,2125.5,0.0,1.999999999998181,2.1254999999999997,-0.1255000000018187,4.2509999999999994,-2.2510000000018184,HIT_TARGET,0.676036097,True,0.676036097,False,,False,False,,False,,0.0
2026-03-20,WALL,ASK,2026-03-20 19:44:07.557268966,1774035847557268966,4.750617326,0.971135337243537,2127.4,59.864,4.648186971038124,1,1,4.0000000000009095,4-5,12.608,0.21061071762662037,2127.2,2127.3,1.000000000003638,2127.2,2127.3,0.0,1.000000000003638,2.1272499999999996,-1.1272499999963617,4.254499999999999,-3.2544999999963613,HIT_TARGET,0.04725112,True,0.04725112,False,,False,False,,False,,0.0
2026-03-20,WALL,ASK,2026-03-20 19:44:33.999364751,1774035873999364751,3.161418541,1.0,2128.0,59.781,5.0597545493017355,1,1,5.0,4-5,29.879,0.49980763118716653,2127.8,2127.9,0.9999999999990905,2127.8,2127.9,0.0,0.9999999999990905,2.12785,-1.1278500000009095,4.2557,-3.2557000000009095,HIT_TARGET,0.047868222,True,0.047868222,False,,False,False,,False,,0.0
2026-03-20,WALL,BID,2026-03-20 19:45:30.108160092,1774035930108160092,4.336293057,0.968840084093975,2129.3,95.904,17.764934704084467,7,7,5.9999999999990905,4-5,36.385,0.3793898064731398,2130.1,2129.4,6.999999999998181,2130.0,2130.1,0.0,6.999999999998181,2.12975,4.870249999998181,4.2595,2.740499999998181,HIT_TARGET,5.55931808,True,5.55931808,True,0.204668828,True,True,5.354649252,False,,0.0
2026-03-20,WALL,ASK,2026-03-20 19:46:23.487213299,1774035983487213299,3.370179366,0.9549526554783375,2129.4,99.002,11.925796542793469,2,2,3.999999999996362,2-3,9.25,0.09343245590998162,2129.1,2129.3,2.0000000000027285,2129.1,2129.2,0.0,2.0000000000027285,2.1291999999999995,-0.12919999999727105,4.258399999999999,-2.2583999999972706,HIT_TARGET,0.051160326,True,0.051160326,False,,False,False,,False,,0.0
2026-03-20,WALL,BID,2026-03-20 19:46:47.210503836,1774036007210503836,3.927184463,0.9977487479686029,2127.3,72.453,8.738752864551923,4,4,4.0000000000009095,4-5,20.848,0.2877451589306171,2127.8,2127.4,4.0000000000009095,2127.7,2127.8,0.0,4.0000000000009095,2.1276,1.8724000000009093,4.2552,-0.2551999999990908,HIT_TARGET,3.166048144,True,3.166048144,True,0.103351026,True,True,3.062697118,False,,1.000000000003638
2026-03-20,WALL,ASK,2026-03-20 19:47:07.719601291,1774036027719601291,3.007508939,0.9991353176157592,2127.9,59.691,5.311768631813125,1,1,7.0000000000027285,6+,6.109,0.10234373691176224,2127.7,2127.8,1.000000000003638,2127.7,2127.8,0.0,1.000000000003638,2.12775,-1.1277499999963618,4.2555,-3.2554999999963616,HIT_TARGET,0.047853442,True,0.047853442,False,,False,False,,False,,0.0
2026-03-20,WALL,ASK,2026-03-20 19:47:33.836410198,1774036053836410198,7.080757072,0.9952232624765862,2129.5,76.363,16.71694395796848,5,5,15.99999999999909,6+,32.482,0.4253630685017613,2128.9,2129.4,5.0,2128.9,2129.0,0.0,5.0,2.12915,2.87085,4.2583,0.7416999999999998,TIMEOUT,60.0,False,,True,8.022383756,True,False,,True,10.320460806,11.999999999998181
2026-03-20,WALL,BID,2026-03-20 19:50:34.279036046,1774036234279036046,3.678443932,1.0,2124.9,48.841,6.039072642967542,3,3,4.0000000000009095,4-5,17.433,0.3569337237157306,2125.3,2125.0,3.000000000001819,2125.2,2125.3,0.0,3.000000000001819,2.12515,0.8748500000018189,4.2503,-1.2502999999981812,HIT_TARGET,0.903548279,True,0.903548279,True,0.050605114,True,True,0.852943165,False,,0.0
2026-03-20,WALL,ASK,2026-03-20 19:50:48.514877173,1774036248514877173,4.496275101,1.0,2125.9,88.464,10.684703182559335,2,2,3.999999999996362,2-3,29.227,0.33038298064749505,2125.6,2125.8,2.0000000000027285,2125.6,2125.7,0.0,2.0000000000027285,2.1256999999999997,-0.12569999999727122,4.251399999999999,-2.251399999997271,HIT_TARGET,1.580173771,True,1.580173771,False,,False,False,,False,,0.0
2026-03-20,WALL,ASK,2026-03-20 19:51:08.528475455,1774036268528475455,4.856803921,0.9661345896034991,2127.1,25.687,3.376314405888538,1,1,6.999999999998181,6+,7.273,0.28313933117919565,2126.9,2127.0,0.9999999999990905,2126.9,2127.0,0.0,0.9999999999990905,2.12695,-1.1269500000009094,4.2539,-3.2539000000009093,HIT_TARGET,0.073629036,True,0.073629036,False,,False,False,,False,,0.0
2026-03-20,WALL,ASK,2026-03-20 19:55:09.635005215,1774036509635005215,3.007914905,1.0,2133.5,56.199,4.302645178578264,2,2,4.0000000000009095,4-5,26.736,0.47573800245555975,2133.2,2133.4,2.0000000000027285,2133.2,2133.3,0.0,2.0000000000027285,2.1333,-0.1332999999972717,4.2666,-2.266599999997272,HIT_TARGET,1.737081752,True,1.737081752,False,,False,False,,False,,0.0
2026-03-20,WALL,ASK,2026-03-20 19:57:15.721568628,1774036635721568628,3.058339397,0.9673362616006611,2134.1,77.455,7.928651857917903,4,4,5.0,4-5,29.202999999999996,0.37703182493060483,2133.6,2134.0,4.0000000000009095,2133.6,2133.7,0.0,4.0000000000009095,2.1338,1.8662000000009096,4.2676,-0.26759999999909034,HIT_TARGET,9.551810059,True,9.551810059,True,6.081228595,True,True,3.470581464,False,,0.0
2026-03-20,WALL,ASK,2026-03-20 19:59:58.389823274,1774036798389823274,3.265397103,0.9846838373948297,2133.1,80.141,9.151650108484642,4,4,3.999999999996362,2-3,29.566000000000003,0.36892477009271163,2132.6,2133.0,4.0000000000009095,2132.6,2132.7,0.0,4.0000000000009095,2.1328,1.8672000000009095,4.2656,-0.26559999999909056,HIT_TARGET,1.328575873,True,1.328575873,False,,False,False,,False,,0.0
2026-03-20,WALL,ASK,2026-03-20 20:00:00.586686914,1774036800586686914,3.676675817,0.8762129794267908,2133.4,60.24,6.6563535911602205,4,4,5.9999999999990905,4-5,25.79,0.4281208499335989,2132.9,2133.3,4.0000000000009095,2132.9,2133.0,0.0,4.0000000000009095,2.1331,1.8669000000009093,4.2662,-0.26619999999909094,HIT_TARGET,7.864920391,True,7.864920391,True,1.210177618,True,True,6.654742773,True,5.262599064,3.000000000001819
2026-03-20,WALL,ASK,2026-03-20 20:14:04.361906634,1774037644361906634,12.608367669,0.9959860955574423,2135.7,50.004,4.809464268539001,1,1,4.0000000000009095,4-5,3.324,0.06647468202543796,2135.5,2135.6,0.9999999999990905,2135.5,2135.6,0.0,0.9999999999990905,2.1355500000000003,-1.1355500000009098,4.271100000000001,-3.27110000000091,HIT_TARGET,0.050286846,True,0.050286846,False,,False,False,,False,,0.0
2026-03-20,WALL,BID,2026-03-20 20:18:51.098219232,1774037931098219232,6.537594235,0.9914672000135231,2132.3,49.845,8.750109716492583,1,1,4.0000000000009095,4-5,0.468,0.009389106229310865,2132.5,2132.4,0.9999999999990905,2132.4,2132.5,0.0,0.9999999999990905,2.13245,-1.1324500000009095,4.2649,-3.2649000000009094,HIT_TARGET,0.051363445,True,0.051363445,False,,False,False,,False,,0.0
2026-03-20,WALL,BID,2026-03-20 20:32:16.133323160,1774038736133323160,3.055448825,0.9819343166384075,2124.7,42.617,3.013718973198501,2,2,4.0000000000009095,4-5,5.27,0.12365957247107962,2125.0,2124.7999999999997,2.0000000000027285,2124.9,2125.0,0.0,2.0000000000027285,2.1248999999999993,-0.12489999999727086,4.249799999999999,-2.24979999999727,HIT_TARGET,0.571302103,True,0.571302103,False,,False,False,,False,,0.0
2026-03-20,WALL,ASK,2026-03-20 20:36:33.216629188,1774038993216629188,12.420165261,0.9958358466322181,2126.8,57.106,12.343240030260457,3,3,14.00000000000091,6+,25.987000000000002,0.45506601758133997,2126.4,2126.7000000000003,3.000000000001819,2126.4,2126.5,0.0,3.000000000001819,2.12655,0.873450000001819,4.2531,-1.253099999998181,HIT_TARGET,0.203998776,True,0.203998776,False,,False,False,,False,,0.0
2026-03-20,WALL,BID,2026-03-20 20:43:49.448721155,1774039429448721155,3.113272188,1.0,2128.3,51.073,5.619828345070423,4,4,5.0,4-5,17.704,0.34664108237229063,2128.8,2128.4,4.0000000000009095,2128.7,2128.8,0.0,4.0000000000009095,2.1286000000000005,1.871400000000909,4.257200000000001,-0.2571999999990915,TIMEOUT,60.0,False,,True,0.100448628,True,False,,True,38.902173754,3.000000000001819
2026-03-20,WALL,ASK,2026-03-20 20:44:29.188953237,1774039469188953237,3.037591232,0.9821370747886067,2129.5,99.498,10.899112717712784,4,4,5.0,4-5,40.287,0.40490261110776093,2129.0,2129.4,4.0000000000009095,2129.0,2129.1,0.0,4.0000000000009095,2.1291999999999995,1.87080000000091,4.258399999999999,-0.2583999999990896,HIT_TARGET,50.453367726,True,50.453367726,True,20.532027932,True,True,29.921339794,False,,1.999999999998181
2026-03-20,WALL,BID,2026-03-20 20:46:22.843690204,1774039582843690204,4.240726539,0.9739432510010285,2127.5,35.236,3.8602103418054337,4,4,9.00000000000091,6+,1.408,0.039959132705187875,2128.0,2127.6,4.0000000000009095,2127.9,2128.0,0.0,4.0000000000009095,2.1278,1.8722000000009094,4.2556,-0.2555999999990908,HIT_TARGET,0.0525742,True,0.0525742,False,,False,False,,False,,0.0
2026-03-20,WALL,ASK,2026-03-20 20:46:27.238242754,1774039587238242754,3.627865861,1.0,2128.2,51.561,19.877023901310714,2,2,4.0000000000009095,4-5,15.142,0.29367157347607686,2127.9,2128.1,1.999999999998181,2127.9,2128.0,0.0,1.999999999998181,2.1279999999999997,-0.12800000000181866,4.255999999999999,-2.2560000000018183,HIT_TARGET,0.102405678,True,0.102405678,False,,False,False,,False,,0.0
2026-03-20,WALL,ASK,2026-03-20 20:50:00.155351731,1774039800155351731,6.84643683,0.8805261372724884,2133.6,58.806,3.6361725150718813,2,2,4.0000000000009095,4-5,5.246,0.08920858415807911,2133.3,2133.5,1.999999999998181,2133.3,2133.4,0.0,1.999999999998181,2.1334,-0.13340000000181895,4.2668,-2.266800000001819,HIT_TARGET,0.102153197,True,0.102153197,False,,False,False,,False,,0.0
2026-03-20,WALL,ASK,2026-03-20 21:03:15.482903735,1774040595482903735,5.017235407,0.8327421105596929,2133.5,94.633,11.407751190404435,1,1,4.0000000000009095,4-5,23.282,0.2460241142096309,2133.3,2133.4,0.9999999999990905,2133.3,2133.4,0.0,0.9999999999990905,2.13335,-1.1333500000009096,4.2667,-3.2667000000009097,HIT_TARGET,0.01821412,True,0.01821412,False,,False,False,,False,,0.0
2026-03-20,WALL,ASK,2026-03-20 21:18:59.844635376,1774041539844635376,5.154253966,0.9990957888317605,2149.2,61.769,23.486311787072243,7,7,10.99999999999909,6+,0.976,0.015800806229662127,2148.2,2149.1,9.00000000000091,2148.2,2148.5,0.0,9.00000000000091,2.1486499999999995,6.8513500000009095,4.297299999999999,4.7027000000009105,HIT_TARGET,0.051008965,True,0.051008965,False,,False,False,,False,,0.0
2026-03-20,WALL,BID,2026-03-20 21:19:54.908254380,1774041594908254380,3.369388685,0.98143062084866,2146.4,51.276,5.457506252993454,4,4,5.0,4-5,16.328999999999997,0.31845307746314055,2146.9,2146.5,4.0000000000009095,2146.8,2146.9,0.0,4.0000000000009095,2.1466999999999996,1.8533000000009099,4.293399999999999,-0.2933999999990897,TIMEOUT,60.0,False,,True,7.654415681,True,False,,True,3.060509962,32.99999999999727
2026-03-20,WALL,BID,2026-03-20 21:20:16.186607956,1774041616186607956,4.550517999,0.9802385994254366,2148.9,47.0,8.349618049387104,4,4,5.9999999999990905,4-5,15.09,0.321063829787234,2149.4,2149.0,4.0000000000009095,2149.3,2149.4,0.0,4.0000000000009095,2.1491999999999996,1.85080000000091,4.298399999999999,-0.2983999999990896,HIT_TARGET,14.744170856,True,14.744170856,True,0.45855842,True,True,14.285612436,True,0.713972157,3.999999999996362
2026-03-20,WALL,BID,2026-03-20 21:22:19.380573618,1774041739380573618,4.238112043,0.9991706696367773,2146.9,12.874,5.7486045992409025,1,1,8.000000000001819,6+,4.989,0.38752524467919836,2147.2,2147.0,1.999999999998181,2147.0,2147.2,0.0,1.999999999998181,2.1470999999999996,-0.14710000000181855,4.294199999999999,-2.294200000001818,HIT_TARGET,0.050393463,True,0.050393463,False,,False,False,,False,,0.0
2026-03-20,WALL,ASK,2026-03-20 21:25:00.465646998,1774041900465646998,11.634955819,0.9413174138671819,2149.1,10.8,3.5150528885272583,3,3,6.000000000003638,6+,0.976,0.09037037037037036,2148.6,2149.0,4.0000000000009095,2148.6,2148.8,0.0,4.0000000000009095,2.1488,1.8512000000009095,4.2976,-0.2975999999990906,HIT_TARGET,52.161028043,True,52.161028043,True,49.252450491,True,True,2.908577552,False,,0.0
2026-03-20,WALL,ASK,2026-03-20 21:27:50.059717564,1774042070059717564,3.642828369,0.9800895472822096,2149.5,56.396,5.184647207538497,2,2,5.0,4-5,7.075,0.12545215972764026,2149.2,2149.4,2.0000000000027285,2149.2,2149.3,0.0,2.0000000000027285,2.1492999999999998,-0.14929999999727128,4.2985999999999995,-2.298599999997271,HIT_TARGET,0.487585776,True,0.487585776,False,,False,False,,False,,0.0
2026-03-20,WALL,BID,2026-03-20 21:28:34.861031487,1774042114861031487,3.220687234,0.9676587723575272,2151.6,79.34,13.476008492569004,4,4,11.999999999998181,6+,19.834,0.2499873960171414,2152.1,2151.7,4.0000000000009095,2152.0,2152.1,0.0,4.0000000000009095,2.1518999999999995,1.84810000000091,4.303799999999999,-0.30379999999908947,HIT_TARGET,2.608077736,True,2.608077736,True,0.256383256,True,True,2.35169448,False,,0.0
2026-03-20,WALL,BID,2026-03-20 21:28:47.810167195,1774042127810167195,3.000601987,1.0,2149.9,74.946,9.43429003021148,4,4,6.999999999998181,6+,20.909,0.2789875376938062,2150.4,2150.0,4.0000000000009095,2150.3,2150.4,0.0,4.0000000000009095,2.1502,1.8498000000009096,4.3004,-0.3003999999990903,HIT_TARGET,1.032704451,True,1.032704451,True,0.418670094,True,True,0.614034357,False,,0.0
2026-03-20,WALL,ASK,2026-03-20 21:29:40.400105438,1774042180400105438,3.066634876,1.0,2151.9,47.352,4.314729600437378,2,2,3.999999999996362,2-3,13.379,0.28254350397026523,2151.6,2151.8,2.0000000000027285,2151.6,2151.7,0.0,2.0000000000027285,2.1516999999999995,-0.15169999999727102,4.303399999999999,-2.3033999999972705,HIT_TARGET,11.637461389,True,11.637461389,True,0.511419944,True,True,11.126041445,False,,0.0
2026-03-20,WALL,BID,2026-03-20 21:30:15.237054651,1774042215237054651,3.044941138,0.9499642511644506,2150.5,36.986,5.482656388971241,1,1,4.0000000000009095,4-5,2.324,0.06283458605959012,2150.7,2150.6,0.9999999999990905,2150.6,2150.7,0.0,0.9999999999990905,2.1506499999999993,-1.1506500000009088,4.301299999999999,-3.301300000000908,HIT_TARGET,0.184806348,True,0.184806348,False,,False,False,,False,,0.0
2026-03-20,WALL,ASK,2026-03-20 21:36:23.746603184,1774042583746603184,7.111080925,0.9559103533897696,2153.0,78.113,9.04190299803218,4,4,5.0,4-5,27.372999999999998,0.3504282257754791,2152.5,2152.9,4.0000000000009095,2152.5,2152.6,0.0,4.0000000000009095,2.1527,1.8473000000009097,4.3054,-0.3053999999990902,HIT_TARGET,16.685640422,True,16.685640422,True,0.556999115,True,True,16.128641307,False,,0.0
2026-03-20,WALL,ASK,2026-03-20 21:37:43.704718367,1774042663704718367,4.02922272,0.9933689242673585,2154.7,74.265,11.424505807245597,6,6,4.0000000000009095,4-5,16.934,0.2280212751632667,2154.0,2154.6,5.9999999999990905,2154.0,2154.1,0.0,5.9999999999990905,2.1543,3.8456999999990904,4.3086,1.6913999999990903,HIT_TARGET,0.511156036,True,0.511156036,False,,False,False,,False,,0.0
2026-03-20,WALL,BID,2026-03-20 21:38:40.855179867,1774042720855179867,8.492936477,0.9621846406281558,2152.5,50.059,21.420196833547283,1,1,5.0,4-5,0.744,0.0148624622944925,2153.2,2152.6,5.9999999999990905,2152.6,2153.2,0.0,5.9999999999990905,2.1528999999999994,3.847099999999091,4.305799999999999,1.6941999999990918,HIT_TARGET,0.050516213,True,0.050516213,False,,False,False,,False,,0.0
2026-03-20,WALL,ASK,2026-03-20 21:41:12.328932723,1774042872328932723,17.35085908,0.9736571458570108,2147.2,76.054,8.7761366258943,4,4,6.000000000003638,6+,29.105999999999998,0.3827017645357246,2146.7,2147.1,4.0000000000009095,2146.7,2146.8,0.0,4.0000000000009095,2.1468999999999996,1.85310000000091,4.293799999999999,-0.2937999999990897,HIT_TARGET,7.253903526,True,7.253903526,True,0.354303126,True,True,6.8996004,False,,0.0
2026-03-20,WALL,ASK,2026-03-20 21:41:22.692831499,1774042882692831499,3.059519777,0.9904380183387191,2147.8,76.746,5.434691782034486,3,3,4.0000000000009095,4-5,25.87,0.3370859719073307,2147.4,2147.7000000000003,3.000000000001819,2147.4,2147.5,0.0,3.000000000001819,2.1475500000000003,0.8524500000018187,4.295100000000001,-1.2950999999981816,HIT_TARGET,0.254537316,True,0.254537316,False,,False,False,,False,,0.0
2026-03-20,WALL,ASK,2026-03-20 21:49:32.615649393,1774043372615649393,5.775249078,0.8897993381057079,2146.9,77.477,13.914691091954024,4,4,5.0,4-5,14.193,0.18318984989093537,2146.4,2146.8,4.0000000000009095,2146.4,2146.5,0.0,4.0000000000009095,2.1466000000000003,1.8534000000009092,4.293200000000001,-0.2931999999990911,HIT_TARGET,4.081945988,True,4.081945988,True,0.243217394,True,True,3.838728594,False,,0.0
2026-03-20,WALL,ASK,2026-03-20 21:57:31.912338282,1774043851912338282,3.013900976,0.983480209735995,2148.8,51.68,3.5128980729361383,2,2,5.0,4-5,9.379999999999999,0.18150154798761609,2148.5,2148.7000000000003,2.0000000000027285,2148.5,2148.6,0.0,2.0000000000027285,2.1486,-0.14859999999727158,4.2972,-2.2971999999972716,HIT_TARGET,1.173123957,True,1.173123957,True,0.051209642,True,True,1.121914315,False,,0.0
2026-03-20,WALL,ASK,2026-03-20 22:00:18.035132494,1774044018035132494,3.055042002,0.9772914225223146,2149.8,38.552,3.2317880794701987,2,2,5.0,4-5,13.239,0.3434063083627309,2149.5,2149.7000000000003,2.0000000000027285,2149.5,2149.6,0.0,2.0000000000027285,2.1496000000000004,-0.14959999999727192,4.299200000000001,-2.2991999999972723,HIT_TARGET,0.368508744,True,0.368508744,False,,False,False,,False,,0.0
2026-03-20,WALL,ASK,2026-03-20 22:01:50.161500968,1774044110161500968,8.115120409,0.9573068618161522,2153.3,53.949,3.361727318045862,1,1,5.0,4-5,17.405,0.32261951101966674,2153.1,2153.2000000000003,1.000000000003638,2153.1,2153.2,0.0,1.000000000003638,2.15315,-1.1531499999963621,4.3063,-3.3062999999963623,HIT_TARGET,0.050892094,True,0.050892094,False,,False,False,,False,,0.0
2026-03-20,WALL,ASK,2026-03-20 22:07:24.861271067,1774044444861271067,15.619224869,0.9772275116093663,2164.5,88.763,10.443320195305605,7,7,9.00000000000091,6+,31.676000000000002,0.35686040354652276,2163.7,2164.4,7.0000000000027285,2163.7,2163.8,0.0,7.0000000000027285,2.16405,4.835950000002729,4.3281,2.6719000000027284,HIT_TARGET,0.612244146,True,0.612244146,True,0.050914764,True,True,0.561329382,False,,0.0
2026-03-20,WALL,ASK,2026-03-20 22:12:15.219933795,1774044735219933795,4.336539454,0.9851669296031268,2164.0,31.192,3.184481878509443,5,5,4.0000000000009095,4-5,15.281000000000002,0.48990125673249557,2163.4,2163.9,5.0,2163.4,2163.5,0.0,5.0,2.16365,2.83635,4.3273,0.6726999999999999,HIT_TARGET,15.97184074,True,15.97184074,True,1.985730038,True,True,13.986110702,False,,0.0
2026-03-20,WALL,ASK,2026-03-20 22:12:31.652170452,1774044751652170452,10.411875484,0.9775760600135122,2165.3,55.316,6.241579689703808,5,5,12.000000000002728,6+,24.237000000000002,0.4381553257646974,2164.5,2165.2000000000003,7.0000000000027285,2164.5,2164.8,0.0,7.0000000000027285,2.1648500000000004,4.835150000002728,4.329700000000001,2.6703000000027277,HIT_TARGET,6.378553309,True,6.378553309,True,3.930903762,True,True,2.447649547,False,,0.0
2026-03-20,WALL,ASK,2026-03-20 22:12:38.234559713,1774044758234559713,7.042785178,0.9613350839025123,2165.4,82.492,10.569122357463165,2,2,3.999999999996362,2-3,40.947,0.4963754060999855,2165.1,2165.3,2.0000000000027285,2165.1,2165.2,0.0,2.0000000000027285,2.1651999999999996,-0.16519999999727109,4.330399999999999,-2.3303999999972707,TIMEOUT,60.0,False,,True,0.051178557,True,False,,True,0.051178557,66.99999999999818
2026-03-20,WALL,BID,2026-03-20 22:12:53.087278271,1774044773087278271,8.625759212,0.9587246948066095,2162.3,52.184,7.070523677257638,5,5,8.999999999996362,6+,22.168999999999997,0.4248237007511881,2162.9,2162.4,5.0,2162.8,2162.9,0.0,5.0,2.16265,2.83735,4.3253,0.6746999999999996,HIT_TARGET,7.957203812,True,7.957203812,True,4.132334207,True,True,3.824869605,False,,0.0
2026-03-20,WALL,BID,2026-03-20 22:13:23.033657489,1774044803033657489,5.256455041,0.987251904282006,2160.3,76.619,11.357693447969167,3,3,9.00000000000091,6+,16.126,0.21046998786201856,2160.8,2160.4,4.0000000000009095,2160.6,2160.8,0.0,4.0000000000009095,2.1606,1.8394000000009094,4.3212,-0.32119999999909066,HIT_TARGET,2.80610013,True,2.80610013,True,0.202635669,True,True,2.603464461,False,,0.0
2026-03-20,WALL,ASK,2026-03-20 22:16:09.984249989,1774044969984249989,9.419008255,0.9258539308924303,2160.9,49.864,8.770380793245975,2,2,3.999999999996362,2-3,6.478,0.12991336435103482,2160.6,2160.8,2.0000000000027285,2160.6,2160.7,0.0,2.0000000000027285,2.1607,-0.16069999999727136,4.3214,-2.321399999997271,HIT_TARGET,0.597311332,True,0.597311332,False,,False,False,,False,,0.0
2026-03-20,WALL,ASK,2026-03-20 22:17:42.818539756,1774045062818539756,6.431828495,0.9775751951234204,2163.3,70.236,6.190921110621419,5,5,5.0,4-5,31.59,0.4497693490517683,2162.7,2163.2000000000003,5.0000000000045475,2162.7,2162.8,0.0,5.0000000000045475,2.16295,2.8370500000045475,4.3259,0.6741000000045476,HIT_TARGET,1.989083314,True,1.989083314,True,1.372675805,True,True,0.616407509,False,,0.0
2026-03-20,WALL,ASK,2026-03-20 22:18:17.112605178,1774045097112605178,5.576784572,0.9809637921943384,2163.0,49.542,6.142458620048354,2,2,4.0000000000009095,4-5,8.197,0.16545557304913,2162.7,2162.9,2.0000000000027285,2162.7,2162.8,0.0,2.0000000000027285,2.1628000000000003,-0.1627999999972718,4.3256000000000006,-2.325599999997272,TIMEOUT,60.0,False,,True,15.306872534,True,False,,True,6.422796562,21.000000000003638
2026-03-20,WALL,ASK,2026-03-20 22:43:14.693105701,1774046594693105701,3.456765894,0.9008788820224342,2155.2,90.578,9.305799558226743,4,4,5.0,4-5,25.737000000000002,0.28414184459802605,2154.7,2155.1,4.0000000000009095,2154.7,2154.8,0.0,4.0000000000009095,2.1548999999999996,1.84510000000091,4.309799999999999,-0.3097999999990897,TIMEOUT,60.0,False,,True,0.100491331,True,False,,True,37.199309324,3.000000000001819
2026-03-20,WALL,BID,2026-03-20 22:47:43.220151001,1774046863220151001,8.324856389,0.8990007921204514,2153.7,28.344,3.635710620831196,1,1,3.999999999996362,2-3,8.427,0.29731160033869597,2153.9,2153.7999999999997,1.000000000003638,2153.8,2153.9,0.0,1.000000000003638,2.15385,-1.1538499999963618,4.3077,-3.3076999999963617,HIT_TARGET,0.051507985,True,0.051507985,False,,False,False,,False,,0.0
2026-03-20,WALL,ASK,2026-03-20 22:48:28.468083168,1774046908468083168,3.1853848,0.9451048460456017,2154.0,50.531,5.903499036158654,2,2,5.0,4-5,0.528,0.010449031287724368,2153.7,2153.9,2.0000000000027285,2153.7,2153.8,0.0,2.0000000000027285,2.1538,-0.15379999999727145,4.3076,-2.3075999999972714,HIT_TARGET,2.690777512,True,2.690777512,True,0.861150324,True,True,1.829627188,False,,0.0
2026-03-20,WALL,BID,2026-03-20 22:53:50.195763898,1774047230195763898,5.801915792,0.9535826520661781,2156.0,58.529,4.141447019281798,2,2,4.0000000000009095,4-5,7.987,0.13646226656870952,2156.3,2156.1,2.0000000000027285,2156.2,2156.3,0.0,2.0000000000027285,2.1561999999999997,-0.1561999999972712,4.312399999999999,-2.312399999997271,HIT_TARGET,30.336020491,True,30.336020491,True,0.219638904,True,True,30.116381587,False,,0.0
2026-03-20,WALL,ASK,2026-03-20 22:57:50.379590954,1774047470379590954,5.643890665,0.8283355632652036,2157.3,56.059,4.699585027455254,1,1,5.0,4-5,16.113,0.2874293155425534,2157.1,2157.2000000000003,1.000000000003638,2157.1,2157.2,0.0,1.000000000003638,2.15715,-1.1571499999963621,4.3143,-3.3142999999963623,HIT_TARGET,0.049711429,True,0.049711429,False,,False,False,,False,,0.0
2026-03-20,WALL,ASK,2026-03-20 23:02:54.519133815,1774047774519133815,3.820249596,1.0,2153.3,52.504,9.475545930337484,5,5,4.0000000000009095,4-5,23.316,0.4440804510132561,2152.7,2153.2000000000003,5.0000000000045475,2152.7,2152.8,0.0,5.0000000000045475,2.1529499999999997,2.8470500000045478,4.305899999999999,0.6941000000045481,TIMEOUT,60.0,False,,True,0.619246497,True,False,,True,0.619246497,9.00000000000091
2026-03-20,WALL,ASK,2026-03-20 23:04:52.413326403,1774047892413326403,3.159752394,0.9323663204098517,2152.8,65.601,5.916396103896103,3,3,6.999999999998181,6+,20.62,0.314324476761025,2152.4,2152.7000000000003,3.000000000001819,2152.4,2152.5,0.0,3.000000000001819,2.15255,0.8474500000018188,4.3051,-1.3050999999981814,HIT_TARGET,0.468938653,True,0.468938653,False,,False,False,,False,,0.0
2026-03-20,WALL,BID,2026-03-20 23:09:46.646476840,1774048186646476840,7.809661091,0.95126560838362,2147.2,49.328,4.521356553620532,3,3,4.0000000000009095,4-5,9.947,0.20165017839766458,2147.6,2147.2999999999997,3.000000000001819,2147.5,2147.6,0.0,3.000000000001819,2.1474499999999996,0.8525500000018194,4.294899999999999,-1.2948999999981803,TIMEOUT,60.0,False,,False,,False,False,,True,2.857387193,13.000000000001819
2026-03-20,WALL,BID,2026-03-20 23:10:32.915953072,1774048232915953072,3.079976789,0.9369324065383403,2147.2,72.332,7.143901234567901,3,3,5.0,4-5,35.803,0.4949814743128906,2147.6,2147.2999999999997,3.000000000001819,2147.5,2147.6,0.0,3.000000000001819,2.1474499999999996,0.8525500000018194,4.294899999999999,-1.2948999999981803,HIT_TARGET,20.037525232,True,20.037525232,False,,False,False,,False,,0.0
2026-03-20,WALL,ASK,2026-03-20 23:15:35.435988978,1774048535435988978,3.000071423,0.9298666277119496,2145.3,51.221,5.369077568134172,3,3,5.0,4-5,19.636000000000003,0.3833583881611059,2144.9,2145.2000000000003,3.000000000001819,2144.9,2145.0,0.0,3.000000000001819,2.1450500000000003,0.8549500000018186,4.290100000000001,-1.2900999999981817,HIT_TARGET,18.938357586,True,18.938357586,True,0.16279437,True,True,18.775563216,False,,0.0
2026-03-20,WALL,BID,2026-03-20 23:16:34.334368314,1774048594334368314,3.669800679,1.0,2144.4,29.049,3.1810118265440206,2,2,10.0,6+,14.146,0.48697029157630217,2144.7,2144.5,1.999999999998181,2144.6,2144.7,0.0,1.999999999998181,2.1445999999999996,-0.1446000000018186,4.289199999999999,-2.2892000000018182,HIT_TARGET,0.767241154,True,0.767241154,False,,False,False,,False,,0.0
2026-03-20,WALL,ASK,2026-03-20 23:16:49.124380876,1774048609124380876,3.434787845,0.9669395202485934,2145.5,76.703,7.558435159637368,4,4,5.9999999999990905,4-5,33.556,0.4374796292191961,2145.0,2145.4,4.0000000000009095,2145.0,2145.1,0.0,4.0000000000009095,2.1451999999999996,1.85480000000091,4.290399999999999,-0.2903999999990896,HIT_TARGET,17.269162245,True,17.269162245,True,7.463920519,True,True,9.805241726,False,,0.9999999999990905
2026-03-20,WALL,ASK,2026-03-20 23:17:06.393543121,1774048626393543121,5.770221036,0.9383622326110144,2145.5,49.942,5.125147519113347,1,1,4.0000000000009095,4-5,9.3,0.18621601057226383,2145.3,2145.4,0.9999999999990905,2145.3,2145.4,0.0,0.9999999999990905,2.14535,-1.1453500000009096,4.2907,-3.2907000000009097,HIT_TARGET,0.047009227,True,0.047009227,False,,False,False,,False,,0.0
2026-03-20,WALL,ASK,2026-03-20 23:17:08.537128246,1774048628537128246,4.952713153,0.958508616458935,2145.8,52.717,14.116213683223993,4,4,4.0000000000009095,4-5,6.484,0.12299637688032324,2145.3,2145.7000000000003,4.0000000000009095,2145.3,2145.4,0.0,4.0000000000009095,2.1454999999999997,1.8545000000009098,4.2909999999999995,-0.29099999999909,HIT_TARGET,0.816011386,True,0.816011386,False,,False,False,,False,,0.0
2026-03-20,WALL,ASK,2026-03-20 23:17:10.729396617,1774048630729396617,4.386872741,0.9814920427845618,2146.2,81.852,6.9146356916578675,4,4,4.0000000000009095,4-5,26.865000000000002,0.32821433807359623,2145.7,2146.1,4.0000000000009095,2145.7,2145.8,0.0,4.0000000000009095,2.1458999999999997,1.8541000000009098,4.291799999999999,-0.2917999999990899,DATA_GAP,4.907484475,False,,False,,False,False,,False,,0.0
2026-03-20,WALL,ASK,2026-03-20 23:18:06.262323915,1774048686262323915,4.799088212,0.9443648092709824,2147.9,91.048,9.04959745552132,5,5,4.0000000000009095,4-5,25.541999999999998,0.2805333450487655,2147.3,2147.8,5.0,2147.3,2147.4,0.0,5.0,2.1475500000000003,2.8524499999999997,4.295100000000001,0.7048999999999994,HIT_TARGET,1.020297311,True,1.020297311,False,,False,False,,False,,0.0
2026-03-20,WALL,BID,2026-03-20 23:37:53.179677003,1774049873179677003,3.702190327,0.9529914308481742,2147.9,58.758,6.855042874642711,5,5,4.0000000000009095,4-5,22.457,0.38219476496817456,2148.5,2148.0,5.0,2148.4,2148.5,0.0,5.0,2.1482499999999995,2.8517500000000005,4.296499999999999,0.7035000000000009,HIT_TARGET,1.021601911,True,1.021601911,False,,False,False,,False,,0.0
2026-03-20,WALL,ASK,2026-03-20 23:48:30.475693337,1774050510475693337,3.505963837,0.9982083688560305,2146.2,10.941,3.5140517102938817,3,3,4.0000000000009095,4-5,4.112,0.3758340188282607,2145.8,2146.1,2.9999999999972715,2145.8,2145.9,0.0,2.9999999999972715,2.1459499999999996,0.8540499999972719,4.291899999999999,-1.2919000000027276,HIT_TARGET,0.050712222,True,0.050712222,False,,False,False,,False,,0.0
2026-03-20,WALL,BID,2026-03-20 23:54:12.642609248,1774050852642609248,4.540418906,0.943810832594573,2146.7,32.286,3.8219591595146496,1,1,3.999999999996362,2-3,1.024,0.03171653348200458,2147.0,2146.7999999999997,2.0000000000027285,2146.8,2147.0,0.0,2.0000000000027285,2.1468999999999996,-0.1468999999972711,4.293799999999999,-2.2937999999972707,HIT_TARGET,0.045260519,True,0.045260519,False,,False,False,,False,,0.0
2026-03-21,WALL,ASK,2026-03-21 00:20:28.892700368,1774052428892700368,8.403741742,0.9653447331032938,2155.9,51.596,26.66459948320413,7,7,11.999999999998181,6+,19.452,0.3770059694549966,2155.1,2155.8,7.0000000000027285,2155.1,2155.2,0.0,7.0000000000027285,2.1554499999999996,4.844550000002728,4.310899999999999,2.689100000002729,HIT_TARGET,3.930011717,True,3.930011717,False,,False,False,,False,,0.0
2026-03-21,WALL,ASK,2026-03-21 00:22:19.384332696,1774052539384332696,3.751195,0.9125198492746978,2153.1,52.264,5.217530198662275,3,3,4.0000000000009095,4-5,10.276,0.19661717434562986,2152.7,2153.0,3.000000000001819,2152.7,2152.8,0.0,3.000000000001819,2.15285,0.8471500000018191,4.3057,-1.3056999999981809,TIMEOUT,60.0,False,,True,0.414342694,True,False,,True,15.772296538,12.000000000002728
2026-03-21,WALL,BID,2026-03-21 00:22:45.160076818,1774052565160076818,10.056701647,0.9994746947671879,2151.4,49.881,5.23712530841514,2,2,4.0000000000009095,4-5,9.683,0.19412201038471563,2152.0,2151.5,5.0,2151.6,2152.0,0.0,5.0,2.15175,2.84825,4.3035,0.6965000000000003,HIT_TARGET,0.050862046,True,0.050862046,False,,False,False,,False,,0.0
2026-03-21,WALL,BID,2026-03-21 00:34:31.988471820,1774053271988471820,8.659105781,0.9104442964882634,2151.6,52.522,3.5809640689984317,2,2,3.999999999996362,2-3,14.272,0.2717337496668063,2151.9,2151.7,2.0000000000027285,2151.8,2151.9,0.0,2.0000000000027285,2.1518,-0.15179999999727167,4.3036,-2.303599999997272,DATA_GAP,14.781757449,False,,True,0.869044186,True,False,,False,,0.0
2026-03-21,WALL,ASK,2026-03-21 00:36:21.235437439,1774053381235437439,3.138499323,0.9943294128281066,2152.6,74.817,6.777516079355013,4,4,3.999999999996362,2-3,29.615,0.39583249796169323,2152.1,2152.5,4.0000000000009095,2152.1,2152.2,0.0,4.0000000000009095,2.1523,1.8477000000009096,4.3046,-0.30459999999909027,HIT_TARGET,30.500154854,True,30.500154854,True,12.58587752,True,True,17.914277334,False,,0.0
2026-03-21,WALL,BID,2026-03-21 00:39:17.488826550,1774053557488826550,8.321063122,0.9968916293962948,2152.5,49.512,3.977666198031733,4,4,12.999999999997272,6+,24.012,0.484973339796413,2153.0,2152.6,4.0000000000009095,2152.9,2153.0,0.0,4.0000000000009095,2.1528,1.8472000000009094,4.3056,-0.3055999999990906,HIT_TARGET,44.822985195,True,44.822985195,True,1.578530457,True,True,43.244454738,True,11.999568619,2.9999999999972715
2026-03-21,WALL,ASK,2026-03-21 00:41:42.853772235,1774053702853772235,3.062265814,1.0,2149.8,54.998,3.603236479182363,2,2,4.0000000000009095,4-5,19.882,0.361504054692898,2149.5,2149.7000000000003,2.0000000000027285,2149.5,2149.6,0.0,2.0000000000027285,2.1496000000000004,-0.14959999999727192,4.299200000000001,-2.2991999999972723,HIT_TARGET,2.506458113,True,2.506458113,True,1.118984304,True,True,1.387473809,False,,0.0
2026-03-21,WALL,ASK,2026-03-21 00:41:47.799748470,1774053707799748470,3.869109949,0.9984185259450739,2150.4,39.587,3.6336683647712147,3,3,5.0,4-5,19.139,0.48346679465481085,2150.0,2150.3,3.000000000001819,2150.0,2150.1,0.0,3.000000000001819,2.15015,0.849850000001819,4.3003,-1.300299999998181,HIT_TARGET,15.631785794,True,15.631785794,True,6.643504933,True,True,8.988280861,False,,0.0
2026-03-21,WALL,ASK,2026-03-21 00:51:25.382623601,1774054285382623601,8.512574061,0.9230428208547012,2153.1,45.97,3.8817817183871646,3,3,5.0,4-5,21.888,0.4761366108331521,2152.7,2153.0,3.000000000001819,2152.7,2152.8,0.0,3.000000000001819,2.15285,0.8471500000018191,4.3057,-1.3056999999981809,HIT_TARGET,0.468025931,True,0.468025931,False,,False,False,,False,,0.0
2026-03-21,WALL,ASK,2026-03-21 00:54:06.164805549,1774054446164805549,3.05549675,1.0,2153.9,86.819,13.017317640003,5,5,4.0000000000009095,4-5,40.775,0.4696552597933632,2153.3,2153.8,5.0,2153.3,2153.4,0.0,5.0,2.15355,2.84645,4.3071,0.6928999999999998,TIMEOUT,60.0,False,,True,1.077472336,True,False,,False,,0.0
2026-03-21,WALL,ASK,2026-03-21 00:58:07.914659781,1774054687914659781,7.108995402,0.9672653206479033,2154.1,48.592,3.332898933433931,3,3,5.0,4-5,17.269000000000002,0.3553877181429042,2153.7,2154.0,3.000000000001819,2153.7,2153.8,0.0,3.000000000001819,2.15385,0.8461500000018192,4.3077,-1.3076999999981807,HIT_TARGET,9.544185729,True,9.544185729,True,4.349695572,True,True,5.194490157,False,,0.0
2026-03-21,WALL,BID,2026-03-21 01:10:58.494045419,1774055458494045419,3.130851405,0.9969643465081666,2158.2,62.782,5.439202945635694,3,3,4.0000000000009095,4-5,24.554000000000002,0.39109935968908294,2158.6,2158.2999999999997,3.000000000001819,2158.5,2158.6,0.0,3.000000000001819,2.1584499999999998,0.8415500000018192,4.3168999999999995,-1.3168999999981805,HIT_TARGET,50.059047623,True,50.059047623,True,0.351213887,True,True,49.707833736,True,0.453648442,18.00000000000182
2026-03-21,WALL,BID,2026-03-21 01:12:01.578290385,1774055521578290385,3.162459687,0.9711338521166737,2157.6,76.047,8.57689054305532,2,2,3.999999999996362,2-3,3.9530000000000003,0.05198101174273805,2157.9,2157.7,2.0000000000027285,2157.8,2157.9,0.0,2.0000000000027285,2.1578,-0.15779999999727146,4.3156,-2.3155999999972714,HIT_TARGET,7.297791973,True,7.297791973,True,0.188408891,True,True,7.109383082,False,,0.0
2026-03-21,WALL,BID,2026-03-21 01:18:23.290239194,1774055903290239194,21.307655774,0.96326796202729,2151.9,56.921,6.2760901924031085,4,4,6.999999999998181,6+,24.536,0.4310535654679293,2152.4,2152.0,4.0000000000009095,2152.3,2152.4,0.0,4.0000000000009095,2.1521999999999997,1.8478000000009098,4.304399999999999,-0.30439999999908984,HIT_TARGET,20.877655543,True,20.877655543,True,15.973825664,True,True,4.903829879,False,,0.0
2026-03-21,WALL,ASK,2026-03-21 01:21:07.780009609,1774056067780009609,3.317536202,0.9531385002200498,2155.4,57.947,4.572657328861709,3,3,4.0000000000009095,4-5,28.563,0.4929159404283224,2155.0,2155.3,3.000000000001819,2155.0,2155.1,0.0,3.000000000001819,2.15515,0.8448500000018191,4.3103,-1.3102999999981808,HIT_TARGET,0.041904665,True,0.041904665,False,,False,False,,False,,0.0
2026-03-21,WALL,BID,2026-03-21 01:23:47.271693530,1774056227271693530,6.633612067,0.9378452169292341,2154.4,85.281,9.91870202372645,5,5,5.9999999999990905,4-5,41.772999999999996,0.4898277459223038,2155.0,2154.5,5.0,2154.9,2155.0,0.0,5.0,2.15475,2.84525,4.3095,0.6905000000000001,DATA_GAP,8.166602531,False,,True,1.064322092,True,False,,False,,0.0
2026-03-21,WALL,ASK,2026-03-21 01:34:54.388498104,1774056894388498104,3.367135564,1.0,2152.0,49.834,5.373227667259691,1,1,4.0000000000009095,4-5,3.034,0.06088212866717501,2151.8,2151.9,0.9999999999990905,2151.8,2151.9,0.0,0.9999999999990905,2.1518500000000005,-1.15185000000091,4.303700000000001,-3.3037000000009105,HIT_TARGET,0.05096053,True,0.05096053,False,,False,False,,False,,0.0
2026-03-21,WALL,ASK,2026-03-21 01:39:42.087567308,1774057182087567308,3.025138954,0.9435558641779996,2152.9,77.948,6.561279461279462,1,1,5.0,4-5,12.435,0.15952942987632782,2152.7,2152.8,1.000000000003638,2152.7,2152.8,0.0,1.000000000003638,2.1527499999999997,-1.1527499999963617,4.305499999999999,-3.3054999999963615,HIT_TARGET,0.049553854,True,0.049553854,False,,False,False,,False,,0.0
2026-03-21,WALL,ASK,2026-03-21 01:46:32.237591992,1774057592237591992,3.881706329,0.9473316900682004,2150.3,56.987,6.126646239853787,4,4,5.0,4-5,3.9509999999999996,0.06933160194430307,2149.8,2150.2000000000003,4.0000000000009095,2149.8,2149.9,0.0,4.0000000000009095,2.15,1.8500000000009096,4.3,-0.2999999999990903,HIT_TARGET,13.620565239,True,13.620565239,True,0.050188326,True,True,13.570376913,False,,0.0
2026-03-21,WALL,BID,2026-03-21 01:48:33.455493679,1774057713455493679,3.173439843,0.9556872973942806,2149.6,54.911,13.558271604938273,7,7,7.9999999999972715,6+,17.558,0.3197537833949482,2150.4,2149.7,7.0000000000027285,2150.3,2150.4,0.0,7.0000000000027285,2.1500500000000002,4.849950000002728,4.3001000000000005,2.699900000002728,HIT_TARGET,1.273386041,True,1.273386041,False,,False,False,,False,,0.0
2026-03-21,WALL,BID,2026-03-21 01:52:43.267633619,1774057963267633619,4.331957778,0.9844286504031573,2149.3,57.394,3.747690097619903,1,1,4.0000000000009095,4-5,9.839,0.17142906924068718,2149.5,2149.4,0.9999999999990905,2149.4,2149.5,0.0,0.9999999999990905,2.1494499999999994,-1.149450000000909,4.298899999999999,-3.2989000000009083,HIT_TARGET,0.051050458,True,0.051050458,False,,False,False,,False,,0.0
2026-03-21,WALL,ASK,2026-03-21 02:17:51.245827604,1774059471245827604,3.125161579,0.9606036094814028,2150.3,48.022,5.50711009174312,1,1,5.0,4-5,0.455,0.009474824038982133,2150.1,2150.2000000000003,1.000000000003638,2150.1,2150.2,0.0,1.000000000003638,2.15015,-1.150149999996362,4.3003,-3.300299999996362,HIT_TARGET,0.044639473,True,0.044639473,False,,False,False,,False,,0.0
2026-03-21,WALL,ASK,2026-03-21 02:21:47.710265375,1774059707710265375,3.019994455,0.9776258953429104,2151.8,86.358,8.24813753581662,6,6,3.999999999996362,2-3,28.428,0.3291877996248176,2151.1,2151.7000000000003,6.000000000003638,2151.1,2151.2,0.0,6.000000000003638,2.1513999999999998,3.848600000003638,4.3027999999999995,1.6972000000036385,HIT_TARGET,18.974120881,True,18.974120881,True,0.488816148,True,True,18.485304733,False,,0.0
2026-03-21,WALL,ASK,2026-03-21 02:27:05.041675189,1774060025041675189,5.362447113,0.8710362799992056,2153.1,55.092,5.7486304586007195,4,4,3.999999999996362,2-3,21.599,0.39205329267407246,2152.6,2153.0,4.0000000000009095,2152.6,2152.7,0.0,4.0000000000009095,2.1528,1.8472000000009094,4.3056,-0.3055999999990906,HIT_TARGET,31.750633137,True,31.750633137,True,0.5484966,True,True,31.202136537,False,,0.0
2026-03-21,WALL,BID,2026-03-21 02:37:20.038389044,1774060640038389044,3.22063405,0.9254848193634418,2150.4,93.998,9.148223844282239,4,4,3.999999999996362,2-3,34.428,0.36626311198110595,2150.9,2150.5,4.0000000000009095,2150.8,2150.9,0.0,4.0000000000009095,2.1506999999999996,1.8493000000009099,4.301399999999999,-0.30139999999908973,HIT_TARGET,16.242580683,True,16.242580683,True,8.527749347,True,True,7.714831336,False,,0.0
2026-03-21,WALL,BID,2026-03-21 02:45:10.439623914,1774061110439623914,3.006890547,0.8623637483536244,2153.5,57.844,5.570493066255778,4,4,5.0,4-5,14.049,0.242877394371067,2154.0,2153.6,4.0000000000009095,2153.9,2154.0,0.0,4.0000000000009095,2.1538,1.8462000000009096,4.3076,-0.3075999999990904,HIT_TARGET,24.964573257,True,24.964573257,True,2.553478227,True,True,22.41109503,False,,0.0
2026-03-21,WALL,BID,2026-03-21 02:49:07.559878164,1774061347559878164,3.016298645,0.9319814311689286,2154.0,34.845,3.5266433884924844,3,3,3.999999999996362,2-3,16.852,0.48362749318410103,2154.4,2154.1,3.000000000001819,2154.3,2154.4,0.0,3.000000000001819,2.1542499999999998,0.8457500000018192,4.3084999999999996,-1.3084999999981806,HIT_TARGET,17.242743051,True,17.242743051,True,5.912168812,True,True,11.330574239,False,,0.0
2026-03-21,WALL,ASK,2026-03-21 02:52:39.665604723,1774061559665604723,6.026575166,0.9443250584688717,2156.7,121.389,15.205937617437053,6,6,14.00000000000091,6+,48.99400000000001,0.4036115298750299,2156.0,2156.6,5.9999999999990905,2156.0,2156.1,0.0,5.9999999999990905,2.1563,3.8436999999990906,4.3126,1.6873999999990907,TIMEOUT,60.0,False,,True,0.254968874,True,False,,True,0.406665907,7.9999999999972715
2026-03-21,WALL,ASK,2026-03-21 03:03:03.029591160,1774062183029591160,7.867351734,0.8887508360383166,2154.1,33.683,3.0179195412597433,2,2,4.0000000000009095,4-5,8.828,0.262090668883413,2153.8,2154.0,1.999999999998181,2153.8,2153.9,0.0,1.999999999998181,2.1538999999999997,-0.1539000000018187,4.307799999999999,-2.3078000000018184,TIMEOUT,60.0,False,,True,1.968752453,True,False,,True,52.227022953,5.9999999999990905
2026-03-21,WALL,BID,2026-03-21 03:08:50.043039658,1774062530043039658,3.431868703,0.9216269311920702,2154.8,35.284,4.095647127103888,2,2,4.0000000000009095,4-5,4.151,0.11764539167894797,2155.1,2154.9,1.999999999998181,2155.0,2155.1,0.0,1.999999999998181,2.155,-0.1550000000018188,4.31,-2.3100000000018186,HIT_TARGET,33.676532537,True,33.676532537,True,1.984393689,True,True,31.692138848,False,,0.0
2026-03-21,WALL,BID,2026-03-21 03:29:55.443107483,1774063795443107483,3.052394662,0.8537697740869656,2153.8,42.551,3.3494175062972293,2,2,5.0,4-5,5.268,0.12380437592536014,2154.1,2153.9,1.999999999998181,2154.0,2154.1,0.0,1.999999999998181,2.154,-0.1540000000018189,4.308,-2.308000000001819,HIT_TARGET,0.84266755,True,0.84266755,False,,False,False,,False,,0.0
2026-03-21,WALL,BID,2026-03-21 04:03:02.968393557,1774065782968393557,3.014754415,0.9198933184081596,2155.1,79.438,3.97657247265537,2,2,3.999999999996362,2-3,16.619,0.20920718044260933,2155.4,2155.2,2.0000000000027285,2155.3,2155.4,0.0,2.0000000000027285,2.1553,-0.1552999999972715,4.3106,-2.3105999999972715,HIT_TARGET,27.163975051,True,27.163975051,True,18.690872452,True,True,8.473102599,False,,0.0
2026-03-21,WALL,ASK,2026-03-21 04:05:40.963778900,1774065940963778900,6.175087617,0.9910074247615327,2157.8,46.9,9.525743881385193,1,1,5.0,4-5,0.145,0.003091684434968017,2157.4,2157.7000000000003,3.000000000001819,2157.4,2157.7,0.0,3.000000000001819,2.15755,0.8424500000018189,4.3151,-1.3150999999981812,HIT_TARGET,0.050876149,True,0.050876149,False,,False,False,,False,,0.0
2026-03-21,WALL,BID,2026-03-21 04:06:40.255149886,1774066000255149886,5.840597464,0.9611503039888318,2156.9,54.043,4.269979852249833,2,2,4.0000000000009095,4-5,5.942,0.10994948466961495,2157.2,2157.0,1.999999999998181,2157.1,2157.2,0.0,1.999999999998181,2.1571,-0.15710000000181878,4.3142,-2.3142000000018186,HIT_TARGET,0.255685733,True,0.255685733,False,,False,False,,False,,0.0
2026-03-21,WALL,ASK,2026-03-21 04:11:22.366763653,1774066282366763653,4.827080321,0.9152303844583157,2157.0,42.594,3.2938174225727876,3,3,5.0,4-5,4.138,0.09714983330985584,2156.6,2156.9,3.000000000001819,2156.6,2156.7,0.0,3.000000000001819,2.1567499999999997,0.8432500000018193,4.3134999999999994,-1.3134999999981805,HIT_TARGET,56.444979399,True,56.444979399,True,53.66175201,True,True,2.783227389,False,,0.0
2026-03-21,WALL,ASK,2026-03-21 04:17:55.841364358,1774066675841364358,3.00552452,0.8513393961597092,2156.6,53.755,4.716799017242136,2,2,4.0000000000009095,4-5,8.203,0.15259975816203142,2156.3,2156.5,1.999999999998181,2156.3,2156.4,0.0,1.999999999998181,2.1563999999999997,-0.15640000000181864,4.312799999999999,-2.3128000000018183,TIMEOUT,60.0,False,,False,,False,False,,True,30.763527221,4.0000000000009095
2026-03-21,WALL,BID,2026-03-21 04:18:28.985720890,1774066708985720890,3.095811393,0.9834198610690363,2155.7,75.925,3.793025927961233,2,2,4.0000000000009095,4-5,34.608999999999995,0.45583141257820214,2156.0,2155.7999999999997,2.0000000000027285,2155.9,2156.0,0.0,2.0000000000027285,2.1558999999999995,-0.155899999997271,4.311799999999999,-2.3117999999972705,TIMEOUT,60.0,False,,False,,False,False,,True,40.199882334,5.9999999999990905
2026-03-21,WALL,BID,2026-03-21 04:20:19.118423579,1774066819118423579,5.977821379,0.9930936889240229,2154.9,48.147,5.146659540352752,2,2,8.000000000001819,6+,7.417,0.15404905809292377,2155.2,2155.0,1.999999999998181,2155.1,2155.2,0.0,1.999999999998181,2.1550999999999996,-0.15510000000181856,4.310199999999999,-2.310200000001818,DATA_GAP,28.147722815,False,,True,1.518175494,True,False,,False,,0.0
2026-03-21,WALL,BID,2026-03-21 04:20:21.919962087,1774066821919962087,3.05760088,0.814274738500206,2154.8,66.849,4.864929772214541,3,3,5.9999999999990905,4-5,16.232,0.24281589851755447,2155.2,2154.9,2.9999999999972715,2155.1,2155.2,0.0,2.9999999999972715,2.15505,0.8449499999972714,4.3101,-1.3101000000027287,DATA_GAP,25.346184307,False,,True,21.959102695,True,False,,False,,0.0
2026-03-21,WALL,ASK,2026-03-21 04:35:25.979667886,1774067725979667886,5.816218176,0.9288361154146636,2152.9,67.659,7.615397602566269,4,4,4.0000000000009095,4-5,15.495,0.22901609541967807,2152.4,2152.8,4.0000000000009095,2152.4,2152.5,0.0,4.0000000000009095,2.1526,1.8474000000009094,4.3052,-0.30519999999909064,DATA_GAP,18.956451953,False,,True,1.098149815,True,False,,False,,0.0
2026-03-21,WALL,ASK,2026-03-21 05:01:06.778250786,1774069266778250786,3.065176879,0.9461235431040194,2153.0,79.249,5.04272851643282,3,3,3.999999999996362,2-3,23.515,0.296722987040846,2152.6,2152.9,3.000000000001819,2152.6,2152.7,0.0,3.000000000001819,2.1527499999999997,0.8472500000018193,4.305499999999999,-1.3054999999981804,HIT_TARGET,31.487315426,True,31.487315426,False,,False,False,,False,,0.0
2026-03-21,WALL,BID,2026-03-21 05:02:48.862242560,1774069368862242560,3.061755161,1.0,2154.6,79.662,9.0793252792341,4,4,4.0000000000009095,4-5,38.961999999999996,0.4890914112123722,2155.1,2154.7,4.0000000000009095,2155.0,2155.1,0.0,4.0000000000009095,2.1548999999999996,1.84510000000091,4.309799999999999,-0.3097999999990897,HIT_TARGET,8.468725885,True,8.468725885,False,,False,False,,False,,0.0
2026-03-21,WALL,ASK,2026-03-21 05:17:26.277341351,1774070246277341351,4.491780326,0.9172810237737348,2156.0,60.758,7.039100967386898,2,2,4.0000000000009095,4-5,5.394,0.08877843246979822,2155.7,2155.9,2.0000000000027285,2155.7,2155.8,0.0,2.0000000000027285,2.1558,-0.15579999999727168,4.3116,-2.311599999997272,TIMEOUT,60.0,False,,False,,False,False,,False,,0.0
2026-03-21,WALL,BID,2026-03-21 05:32:37.754075851,1774071157754075851,3.045290754,0.9802628928219574,2156.8,53.471,6.555630478759272,4,4,6.000000000003638,6+,7.286,0.13626077686970509,2157.3,2156.9,4.0000000000009095,2157.2,2157.3,0.0,4.0000000000009095,2.1571000000000002,1.8429000000009093,4.3142000000000005,-0.314199999999091,HIT_TARGET,5.682393356,True,5.682393356,False,,False,False,,False,,0.0
2026-03-21,WALL,BID,2026-03-21 05:32:43.487441534,1774071163487441534,7.398172748,0.9258166797810491,2156.5,47.82,6.301640640442775,3,3,3.999999999996362,2-3,1.6,0.033458803847762446,2156.9,2156.6,3.000000000001819,2156.8,2156.9,0.0,3.000000000001819,2.1567499999999997,0.8432500000018193,4.3134999999999994,-1.3134999999981805,HIT_TARGET,0.051175169,True,0.051175169,False,,False,False,,False,,0.0
2026-03-21,WALL,BID,2026-03-21 05:36:38.699145666,1774071398699145666,3.024934965,0.9026280216242599,2155.9,53.199,3.212209039036319,1,1,4.0000000000009095,4-5,5.699,0.10712607379837967,2156.1,2156.0,0.9999999999990905,2156.0,2156.1,0.0,0.9999999999990905,2.15605,-1.1560500000009095,4.3121,-3.3121000000009095,HIT_TARGET,0.049756501,True,0.049756501,False,,False,False,,False,,0.0
2026-03-21,WALL,BID,2026-03-21 05:47:54.510933383,1774072074510933383,9.981061676,0.936232645818589,2154.1,133.077,12.586493899555471,5,5,4.0000000000009095,4-5,58.695,0.44106043869338807,2154.7,2154.2,5.0,2154.6,2154.7,0.0,5.0,2.1544499999999998,2.8455500000000002,4.3088999999999995,0.6911000000000005,HIT_TARGET,13.27124689,True,13.27124689,True,1.016099628,True,True,12.255147262,False,,0.0
2026-03-21,WALL,BID,2026-03-21 06:09:59.414447539,1774073399414447539,3.623366321,0.9817139670322613,2152.4,57.715,15.784219882401203,3,3,5.0,4-5,11.197000000000001,0.1940050246902885,2152.9,2152.5,4.0000000000009095,2152.7,2152.9,0.0,4.0000000000009095,2.1527,1.8473000000009097,4.3054,-0.3053999999990902,HIT_TARGET,0.098655842,True,0.098655842,False,,False,False,,False,,0.0
2026-03-21,WALL,BID,2026-03-21 06:26:49.778034990,1774074409778034990,3.073402625,1.0,2153.2,53.995,8.31780020026188,4,4,4.0000000000009095,4-5,19.337,0.3581257523844801,2153.7,2153.2999999999997,4.0000000000009095,2153.6,2153.7,0.0,4.0000000000009095,2.1535,1.8465000000009093,4.307,-0.3069999999990909,DATA_GAP,15.907598095,False,,False,,False,False,,False,,0.0
2026-03-21,WALL,ASK,2026-03-21 06:27:28.053006873,1774074448053006873,6.783395413,0.9669316377208217,2154.2,55.667,4.432791845835324,1,1,4.0000000000009095,4-5,16.706,0.30010598738929706,2154.0,2154.1,0.9999999999990905,2154.0,2154.1,0.0,0.9999999999990905,2.15405,-1.1540500000009093,4.3081,-3.308100000000909,HIT_TARGET,0.047883456,True,0.047883456,False,,False,False,,False,,0.0
2026-03-21,WALL,ASK,2026-03-21 06:41:42.254957148,1774075302254957148,3.124566315,1.0,2155.7,185.647,11.600037490627344,1,1,4.0000000000009095,4-5,4.952,0.0266742796813307,2155.5,2155.6,0.9999999999990905,2155.5,2155.6,0.0,0.9999999999990905,2.1555500000000003,-1.1555500000009098,4.311100000000001,-3.31110000000091,HIT_TARGET,0.007453577,True,0.007453577,False,,False,False,,False,,0.0
2026-03-21,WALL,ASK,2026-03-21 07:18:57.104626939,1774077537104626939,11.057476275,0.9079724620978217,2157.4,14.359,5.569821567106283,6,6,4.0000000000009095,4-5,3.822,0.2661745246883488,2156.6,2157.3,7.0000000000027285,2156.6,2156.8,0.0,7.0000000000027285,2.1569499999999997,4.843050000002728,4.313899999999999,2.686100000002729,HIT_TARGET,2.193091564,True,2.193091564,True,0.051126742,True,True,2.141964822,False,,0.0
2026-03-21,WALL,ASK,2026-03-21 07:19:00.876407977,1774077540876407977,3.058040408,0.938370880415129,2157.9,42.687,3.420569734364357,4,4,5.0,4-5,20.320999999999998,0.4760465715557429,2157.4,2157.8,4.0000000000009095,2157.4,2157.5,0.0,4.0000000000009095,2.1576000000000004,1.842400000000909,4.315200000000001,-0.3151999999990913,HIT_TARGET,0.106035983,True,0.106035983,False,,False,False,,False,,0.0
2026-03-21,WALL,ASK,2026-03-21 07:19:37.414468424,1774077577414468424,9.133614157,0.9135409163967381,2159.1,58.782,11.449552006232956,6,6,5.0,4-5,6.891,0.11722976421353476,2158.4,2159.0,5.9999999999990905,2158.4,2158.5,0.0,5.9999999999990905,2.1586999999999996,3.841299999999091,4.317399999999999,1.6825999999990913,TIMEOUT,60.0,False,,True,0.728705139,True,False,,False,,0.9999999999990905
2026-03-21,WALL,ASK,2026-03-21 07:25:37.653507748,1774077937653507748,5.412878611,0.9758998957163202,2160.4,39.28,4.301122365179305,6,6,5.0,4-5,15.299,0.3894857433808554,2159.7,2160.3,6.000000000003638,2159.7,2159.8,0.0,6.000000000003638,2.1599999999999997,3.8400000000036383,4.319999999999999,1.6800000000036386,TIMEOUT,60.0,False,,True,3.268581404,True,False,,True,22.863896734,3.000000000001819
2026-03-21,WALL,BID,2026-03-21 07:32:10.212290066,1774078330212290066,5.377254603,0.8766493402358244,2157.8,41.117,4.443880032423668,1,1,4.0000000000009095,4-5,6.746,0.16406839020356545,2158.0,2157.9,0.9999999999990905,2157.9,2158.0,0.0,0.9999999999990905,2.1579499999999996,-1.157950000000909,4.315899999999999,-3.3159000000009087,HIT_TARGET,0.048013565,True,0.048013565,False,,False,False,,False,,0.0
2026-03-21,WALL,BID,2026-03-21 07:46:30.672557498,1774079190672557498,3.627945123,0.9413494221147292,2155.4,61.959,3.477326299247952,1,1,5.0,4-5,3.626,0.05852257137784664,2155.6,2155.5,0.9999999999990905,2155.5,2155.6,0.0,0.9999999999990905,2.1555500000000003,-1.1555500000009098,4.311100000000001,-3.31110000000091,HIT_TARGET,0.042348796,True,0.042348796,False,,False,False,,False,,0.0
2026-03-21,WALL,BID,2026-03-21 07:46:39.611684593,1774079199611684593,14.194310285,0.9524121523034608,2154.6,57.59,4.045662100456622,2,2,6.999999999998181,6+,21.072,0.3658968570932453,2154.9,2154.7,2.0000000000027285,2154.8,2154.9,0.0,2.0000000000027285,2.1548,-0.15479999999727134,4.3096,-2.309599999997271,HIT_TARGET,0.562314968,True,0.562314968,False,,False,False,,False,,0.0
2026-03-21,WALL,BID,2026-03-21 08:04:09.135524112,1774080249135524112,3.030748555,0.8617950135424547,2154.8,75.718,6.431222661060857,2,2,4.0000000000009095,4-5,18.854,0.24900287910404392,2155.1,2154.9,1.999999999998181,2155.0,2155.1,0.0,1.999999999998181,2.155,-0.1550000000018188,4.31,-2.3100000000018186,HIT_TARGET,35.667858546,True,35.667858546,False,,False,False,,False,,0.0
2026-03-21,WALL,ASK,2026-03-21 08:31:19.616484731,1774081879616484731,10.669495286,0.9831467254841992,2151.4,50.051,3.316063206015835,3,3,4.0000000000009095,4-5,19.06,0.3808115721963597,2151.0,2151.3,3.000000000001819,2151.0,2151.1,0.0,3.000000000001819,2.15115,0.8488500000018191,4.3023,-1.3022999999981808,HIT_TARGET,0.253534619,True,0.253534619,False,,False,False,,False,,0.0
2026-03-21,WALL,ASK,2026-03-21 08:43:51.314767260,1774082631314767260,4.474490926,0.8429774781936835,2154.1,75.856,5.073979933110368,3,3,4.0000000000009095,4-5,20.964,0.27636574562328625,2153.7,2154.0,3.000000000001819,2153.7,2153.8,0.0,3.000000000001819,2.15385,0.8461500000018192,4.3077,-1.3076999999981807,DATA_GAP,56.005559768,False,,True,0.202206656,True,False,,True,30.423267206,3.000000000001819
2026-03-21,WALL,BID,2026-03-21 08:45:44.529322517,1774082744529322517,3.016552116,0.9985398571512696,2152.6,80.339,8.101139457497228,4,4,4.0000000000009095,4-5,21.058,0.26211429069318765,2153.1,2152.7,4.0000000000009095,2153.0,2153.1,0.0,4.0000000000009095,2.1528999999999994,1.8471000000009101,4.305799999999999,-0.30579999999908924,DATA_GAP,9.835096049,False,,False,,False,False,,False,,0.0
2026-03-21,WALL,ASK,2026-03-21 09:03:34.913866945,1774083814913866945,3.227565712,1.0,2156.7,51.633,9.991872278664731,5,5,3.999999999996362,2-3,3.847,0.07450661398717874,2156.1,2156.6,5.0,2156.1,2156.2,0.0,5.0,2.1563499999999998,2.8436500000000002,4.3126999999999995,0.6873000000000005,HIT_TARGET,2.296491253,True,2.296491253,True,1.15840215,True,True,1.138089103,False,,0.0
2026-03-21,WALL,BID,2026-03-21 09:06:50.368727339,1774084010368727339,5.263719451,0.9466543024160122,2156.0,62.59,18.875150784077203,6,6,5.9999999999990905,4-5,20.939,0.33454225914682856,2156.7,2156.1,5.9999999999990905,2156.6,2156.7,0.0,5.9999999999990905,2.1563999999999997,3.843599999999091,4.312799999999999,1.6871999999990912,TIMEOUT,60.0,False,,True,0.05101809,True,False,,True,39.976097892,5.9999999999990905
2026-03-21,WALL,ASK,2026-03-21 09:07:30.344825231,1774084050344825231,4.484821302,0.9073957339582758,2157.7,58.316,22.541940471588717,5,5,3.999999999996362,2-3,9.806999999999999,0.1681699705055216,2157.1,2157.6,5.0,2157.1,2157.2,0.0,5.0,2.1573499999999997,2.8426500000000003,4.314699999999999,0.6853000000000007,HIT_TARGET,27.460235093,True,27.460235093,True,12.626699929,True,True,14.833535164,False,,0.0
2026-03-21,WALL,ASK,2026-03-21 09:33:02.763927070,1774085582763927070,9.623919346,0.9342508874762134,2156.4,40.604,6.914850136239782,3,3,5.0,4-5,9.858999999999998,0.24280859028667123,2156.0,2156.3,3.000000000001819,2156.0,2156.1,0.0,3.000000000001819,2.15615,0.8438500000018192,4.3123,-1.3122999999981806,HIT_TARGET,25.163198045,True,25.163198045,True,0.306323653,True,True,24.856874392,False,,0.0
2026-03-21,WALL,BID,2026-03-21 09:38:39.676624878,1774085919676624878,6.128874209,0.9413359531066858,2157.7,57.009,4.3794123295563665,2,2,4.0000000000009095,4-5,25.226,0.44249153642407335,2158.0,2157.7999999999997,2.0000000000027285,2157.9,2158.0,0.0,2.0000000000027285,2.1578999999999993,-0.15789999999727078,4.3157999999999985,-2.31579999999727,TIMEOUT,60.0,False,,True,1.477767292,True,False,,True,59.318010838,4.0000000000009095
2026-03-21,WALL,ASK,2026-03-21 09:49:28.213044039,1774086568213044039,4.9777961,0.8947396965496437,2158.5,64.096,3.0567756396499512,1,1,4.0000000000009095,4-5,25.973,0.4052202945581627,2158.3,2158.4,0.9999999999990905,2158.3,2158.4,0.0,0.9999999999990905,2.15835,-1.1583500000009095,4.3167,-3.3167000000009095,HIT_TARGET,0.050472675,True,0.050472675,False,,False,False,,False,,0.0
2026-03-21,WALL,BID,2026-03-21 10:46:01.227458560,1774089961227458560,4.052295424,0.8823596902198609,2153.8,53.653,6.550637934192052,4,4,6.000000000003638,6+,20.998,0.39136674556874734,2154.3,2153.9,4.0000000000009095,2154.2,2154.3,0.0,4.0000000000009095,2.1541,1.8459000000009094,4.3082,-0.30819999999909076,TIMEOUT,60.0,False,,False,,False,False,,False,,1.000000000003638
2026-03-21,WALL,ASK,2026-03-21 11:56:21.678417254,1774094181678417254,3.000839452,1.0,2157.0,63.896,4.26655982905983,3,3,3.999999999996362,2-3,22.823999999999998,0.3572054588706648,2156.6,2156.9,3.000000000001819,2156.6,2156.7,0.0,3.000000000001819,2.1567499999999997,0.8432500000018193,4.3134999999999994,-1.3134999999981805,TIMEOUT,60.0,False,,True,13.34247536,True,False,,False,,0.0
2026-03-21,WALL,ASK,2026-03-21 12:00:04.108709878,1774094404108709878,3.625092851,0.8930537051228761,2158.2,27.42,4.706892112265042,3,3,4.0000000000009095,4-5,13.167,0.48019693654266954,2157.7,2158.1,4.0000000000009095,2157.7,2157.9,0.0,4.0000000000009095,2.1578999999999993,1.8421000000009102,4.3157999999999985,-0.31579999999908903,HIT_TARGET,50.990603737,True,50.990603737,True,0.051057754,True,True,50.939545983,False,,0.0
2026-03-21,WALL,BID,2026-03-21 12:32:02.772960739,1774096322772960739,4.697127432,0.8655166935228255,2157.5,76.584,4.2421758156539076,1,1,5.0,4-5,17.67,0.2307270448135381,2157.7,2157.6,0.9999999999990905,2157.6,2157.7,0.0,0.9999999999990905,2.1576499999999994,-1.157650000000909,4.315299999999999,-3.3153000000009083,HIT_TARGET,0.050964245,True,0.050964245,False,,False,False,,False,,0.0
2026-03-21,WALL,ASK,2026-03-21 14:11:15.755347970,1774102275755347970,4.302139341,0.9931420217567518,2159.6,34.365,3.491313623895154,4,4,3.999999999996362,2-3,11.047,0.3214607885930452,2158.8,2159.5,6.999999999998181,2158.8,2159.2,0.0,6.999999999998181,2.15915,4.840849999998181,4.3183,2.681699999998181,HIT_TARGET,0.306892987,True,0.306892987,False,,False,False,,False,,0.0
2026-03-21,WALL,ASK,2026-03-21 14:11:15.806394672,1774102275806394672,3.47060624,0.9914988978985988,2159.7,39.26,9.265990087325937,5,5,3.999999999996362,2-3,6.438000000000001,0.16398369842078453,2159.1,2159.6,5.0,2159.1,2159.2,0.0,5.0,2.15935,2.84065,4.3187,0.6813000000000002,HIT_TARGET,0.255846285,True,0.255846285,False,,False,False,,False,,0.0
2026-03-21,WALL,ASK,2026-03-21 14:12:16.843959640,1774102336843959640,3.162036077,0.9468999660625946,2163.8,27.247,5.090994020926756,3,3,4.0000000000009095,4-5,8.616,0.3162182992623041,2163.4,2163.7000000000003,3.000000000001819,2163.4,2163.5,0.0,3.000000000001819,2.16355,0.8364500000018191,4.3271,-1.3270999999981807,HIT_TARGET,5.765879679,True,5.765879679,False,,False,False,,False,,0.9999999999990905
2026-03-21,WALL,BID,2026-03-21 14:13:26.394810565,1774102406394810565,3.007064528,1.0,2165.4,84.866,18.02017199278055,5,5,5.0,4-5,21.874,0.25774750783588246,2166.0,2165.5,5.0,2165.9,2166.0,0.0,5.0,2.1657499999999996,2.8342500000000004,4.331499999999999,0.6685000000000008,HIT_TARGET,1.434802451,True,1.434802451,True,0.464046227,True,True,0.970756224,False,,0.0
2026-03-21,WALL,ASK,2026-03-21 14:19:14.792672765,1774102754792672765,3.044101893,0.9733037145744451,2163.5,52.984,4.067713331541976,3,3,5.0,4-5,21.478,0.40536765816095427,2163.1,2163.4,3.000000000001819,2163.1,2163.2,0.0,3.000000000001819,2.1632499999999997,0.8367500000018193,4.326499999999999,-1.3264999999981804,HIT_TARGET,22.359913272,True,22.359913272,True,3.729492894,True,True,18.630420378,True,6.229313717,3.999999999996362
2026-03-21,WALL,BID,2026-03-21 14:22:11.351466099,1774102931351466099,6.072043103,0.9542134233430194,2162.5,84.787,8.859665621734587,2,2,4.0000000000009095,4-5,19.14,0.22574215386792787,2162.8,2162.6,2.0000000000027285,2162.7,2162.8,0.0,2.0000000000027285,2.1626999999999996,-0.16269999999727114,4.325399999999999,-2.3253999999972708,HIT_TARGET,3.579199962,True,3.579199962,True,0.051958752,True,True,3.52724121,False,,0.0
2026-03-21,WALL,BID,2026-03-21 14:25:29.873577081,1774103129873577081,5.15904729,0.9446171876435736,2161.9,74.312,6.247856061879939,4,4,3.999999999996362,2-3,10.781,0.14507751103455702,2162.4,2162.0,4.0000000000009095,2162.3,2162.4,0.0,4.0000000000009095,2.1622,1.8378000000009096,4.3244,-0.3243999999990903,HIT_TARGET,8.417009458,True,8.417009458,True,0.659111984,True,True,7.757897474,False,,0.0
2026-03-21,WALL,BID,2026-03-21 14:25:40.882986153,1774103140882986153,3.56315341,0.9691246361463848,2161.5,49.181,3.263395375070502,1,1,5.0,4-5,10.908,0.221792968829426,2161.7,2161.6,0.9999999999990905,2161.6,2161.7,0.0,0.9999999999990905,2.1616499999999994,-1.161650000000909,4.323299999999999,-3.3233000000009083,HIT_TARGET,0.056948729,True,0.056948729,False,,False,False,,False,,0.0
2026-03-21,WALL,ASK,2026-03-21 14:26:15.751812018,1774103175751812018,6.311320033,0.9858559020088912,2162.6,51.502,5.3372713612104254,1,1,4.0000000000009095,4-5,1.016,0.01972738922760281,2162.4,2162.5,0.9999999999990905,2162.4,2162.5,0.0,0.9999999999990905,2.1624499999999998,-1.1624500000009093,4.3248999999999995,-3.324900000000909,HIT_TARGET,0.047253877,True,0.047253877,False,,False,False,,False,,0.0
2026-03-21,WALL,BID,2026-03-21 14:31:40.288029458,1774103500288029458,6.308836695,0.8711752447730777,2161.3,67.11,7.109863332980188,3,3,4.0000000000009095,4-5,17.246,0.25698107584562657,2161.7,2161.4,2.9999999999972715,2161.6,2161.7,0.0,2.9999999999972715,2.16155,0.8384499999972714,4.3231,-1.3231000000027286,HIT_TARGET,11.380415993,True,11.380415993,True,0.051578679,True,True,11.328837314,False,,0.0
2026-03-21,WALL,ASK,2026-03-21 14:35:00.192580232,1774103700192580232,5.156677683,0.9519396956266968,2165.2,54.335,7.524060098317523,3,3,5.0,4-5,2.509,0.04617649765344621,2164.8,2165.1,2.9999999999972715,2164.8,2164.9,0.0,2.9999999999972715,2.1649499999999997,0.8350499999972718,4.329899999999999,-1.329900000002728,HIT_TARGET,0.510095226,True,0.510095226,False,,False,False,,False,,0.0
2026-03-21,WALL,BID,2026-03-21 14:48:28.569672791,1774104508569672791,7.610016253,0.9856676051175314,2159.0,62.464,13.71629336846728,2,2,6.000000000003638,6+,3.223,0.051597720286885244,2159.3,2159.1,2.0000000000027285,2159.2,2159.3,0.0,2.0000000000027285,2.1592,-0.1591999999972713,4.3184,-2.318399999997271,HIT_TARGET,0.602273834,True,0.602273834,True,0.050994373,True,True,0.551279461,False,,0.0
2026-03-21,WALL,ASK,2026-03-21 14:52:41.535812062,1774104761535812062,3.01875115,0.9317361336657379,2154.5,46.9,4.860355458832064,4,4,5.0,4-5,11.12,0.2371002132196162,2154.0,2154.4,4.0000000000009095,2154.0,2154.1,0.0,4.0000000000009095,2.1541999999999994,1.84580000000091,4.308399999999999,-0.3083999999990894,TIMEOUT,60.0,False,,True,2.310684824,True,False,,True,24.77272981,15.99999999999909
2026-03-21,WALL,ASK,2026-03-21 14:56:40.940344477,1774105000940344477,3.930798336,1.0,2152.4,73.903,8.220121239085701,4,4,5.0,4-5,22.585,0.30560329080010284,2151.9,2152.3,4.0000000000009095,2151.9,2152.0,0.0,4.0000000000009095,2.1521000000000003,1.8479000000009091,4.304200000000001,-0.3041999999990912,HIT_TARGET,15.920242648,True,15.920242648,True,1.172573841,True,True,14.747668807,False,,1.999999999998181
2026-03-21,WALL,BID,2026-03-21 15:00:22.730776195,1774105222730776195,17.156691481,0.9372229796057845,2151.4,33.118,3.37663132137031,2,2,5.9999999999990905,4-5,16.107,0.4863518328401473,2151.7,2151.5,1.999999999998181,2151.6,2151.7,0.0,1.999999999998181,2.1515999999999997,-0.15160000000181872,4.3031999999999995,-2.3032000000018185,HIT_TARGET,3.417887192,True,3.417887192,True,1.506900599,True,True,1.910986593,False,,0.0
2026-03-21,WALL,BID,2026-03-21 15:03:08.329050275,1774105388329050275,3.04819968,1.0,2151.3,63.444,4.865710560625814,3,3,4.0000000000009095,4-5,27.571,0.4345722211714268,2151.7,2151.4,2.9999999999972715,2151.6,2151.7,0.0,2.9999999999972715,2.15155,0.8484499999972717,4.3031,-1.3031000000027282,HIT_TARGET,0.474719345,True,0.474719345,False,,False,False,,False,,0.0
2026-03-21,WALL,ASK,2026-03-21 15:05:08.881558432,1774105508881558432,8.371837325,0.9816842303490411,2154.5,82.942,9.650029086678302,5,5,4.0000000000009095,4-5,31.421000000000003,0.37883099033059253,2153.9,2154.4,5.0,2153.9,2154.0,0.0,5.0,2.15415,2.84585,4.3083,0.6917,TIMEOUT,60.0,False,,True,0.200704646,True,False,,True,13.725059328,20.0
2026-03-21,WALL,ASK,2026-03-21 15:05:09.000811525,1774105509000811525,8.439393294,0.9873147515146484,2154.1,36.676,4.2671320535194885,1,1,4.0000000000009095,4-5,2.321,0.06328389137310503,2153.9,2154.0,0.9999999999990905,2153.9,2154.0,0.0,0.9999999999990905,2.1539499999999996,-1.153950000000909,4.307899999999999,-3.3079000000009087,HIT_TARGET,0.081451553,True,0.081451553,False,,False,False,,False,,0.0
2026-03-21,WALL,ASK,2026-03-21 15:07:30.666706669,1774105650666706669,7.097152203,1.0,2153.3,36.209,3.906883901596893,2,2,10.0,6+,10.575,0.29205446159794524,2153.0,2153.2000000000003,2.0000000000027285,2153.0,2153.1,0.0,2.0000000000027285,2.1531000000000002,-0.15309999999727175,4.3062000000000005,-2.306199999997272,HIT_TARGET,25.821952573,True,25.821952573,True,1.015475047,True,True,24.806477526,True,0.560578019,5.0
2026-03-21,WALL,BID,2026-03-21 15:16:15.442943784,1774106175442943784,6.651322787,0.9455778656980101,2150.5,57.121,6.343605974790383,4,4,15.0,6+,27.968999999999998,0.4896447891318429,2151.0,2150.6,4.0000000000009095,2150.9,2151.0,0.0,4.0000000000009095,2.1508000000000003,1.8492000000009092,4.3016000000000005,-0.30159999999909104,HIT_TARGET,1.17091766,True,1.17091766,True,0.254601725,True,True,0.916315935,False,,0.0
2026-03-21,WALL,BID,2026-03-21 15:18:03.598497218,1774106283598497218,3.272554971,0.9864297381118002,2149.4,53.794,12.095334457560426,7,7,5.0,4-5,19.72,0.3665836338625125,2150.2,2149.5,6.999999999998181,2150.1,2150.2,0.0,6.999999999998181,2.14985,4.850149999998181,4.2997,2.7002999999981814,HIT_TARGET,0.867090386,True,0.867090386,True,0.051079862,True,True,0.816010524,False,,0.0
2026-03-21,WALL,ASK,2026-03-21 15:24:51.302201191,1774106691302201191,3.007919278,0.9686974814488356,2152.4,61.57,3.986919639966328,3,3,5.0,4-5,22.384999999999998,0.3635699204157869,2152.0,2152.3,3.000000000001819,2152.0,2152.1,0.0,3.000000000001819,2.1521500000000002,0.8478500000018188,4.3043000000000005,-1.3042999999981815,TIMEOUT,60.0,False,,True,2.814796465,True,False,,False,,0.9999999999990905
2026-03-21,WALL,BID,2026-03-21 15:50:02.280969139,1774108202280969139,4.722626305,0.9391686749180549,2155.0,78.182,10.422876949740036,1,1,4.0000000000009095,4-5,3.836,0.04906500217441354,2155.2,2155.1,0.9999999999990905,2155.1,2155.2,0.0,0.9999999999990905,2.1551499999999995,-1.155150000000909,4.310299999999999,-3.3103000000009084,HIT_TARGET,0.037732975,True,0.037732975,False,,False,False,,False,,0.0
2026-03-21,WALL,ASK,2026-03-21 15:55:03.516754130,1774108503516754130,6.560759484,0.964650320962749,2155.9,104.335,10.648058376282084,4,4,4.0000000000009095,4-5,24.021,0.23022954904873727,2155.4,2155.8,4.0000000000009095,2155.4,2155.5,0.0,4.0000000000009095,2.1556,1.8444000000009093,4.3112,-0.31119999999909087,TIMEOUT,60.0,False,,False,,False,False,,False,,0.9999999999990905
2026-03-21,WALL,ASK,2026-03-21 16:01:03.603519379,1774108863603519379,3.037009563,0.9896210850357471,2153.6,49.221,5.4484170909895955,4,4,5.0,4-5,20.57,0.4179110542248228,2153.1,2153.5,4.0000000000009095,2153.1,2153.2,0.0,4.0000000000009095,2.1533,1.8467000000009093,4.3066,-0.30659999999909093,HIT_TARGET,0.385102271,True,0.385102271,False,,False,False,,False,,0.0
2026-03-21,WALL,ASK,2026-03-21 16:08:01.173875841,1774109281173875841,4.775936903,0.9419230541287577,2155.9,173.089,17.229643639259407,4,4,4.0000000000009095,4-5,30.293999999999997,0.17501978750816052,2155.4,2155.8,4.0000000000009095,2155.4,2155.5,0.0,4.0000000000009095,2.1556,1.8444000000009093,4.3112,-0.31119999999909087,TIMEOUT,60.0,False,,True,25.98848936,True,False,,True,25.98848936,9.00000000000091
2026-03-21,WALL,BID,2026-03-21 16:08:44.872678677,1774109324872678677,13.534452465,0.8752356183327878,2154.4,32.749,4.632762767010893,2,2,5.0,4-5,6.98,0.21313627897035023,2155.0,2154.5,5.0,2154.6,2155.0,0.0,5.0,2.15475,2.84525,4.3095,0.6905000000000001,HIT_TARGET,0.050708384,True,0.050708384,False,,False,False,,False,,0.0
2026-03-21,WALL,BID,2026-03-21 16:09:15.946985059,1774109355946985059,10.621945134,0.9168048684255236,2153.7,40.149,3.4868209648703807,4,4,4.0000000000009095,4-5,15.109,0.3763231960945478,2154.2,2153.7999999999997,4.0000000000009095,2154.1,2154.2,0.0,4.0000000000009095,2.154,1.8460000000009096,4.308,-0.30799999999909033,HIT_TARGET,13.885165571,True,13.885165571,False,,False,False,,False,,0.0
2026-03-21,WALL,ASK,2026-03-21 16:12:05.041219581,1774109525041219581,3.417662207,0.8917303965142861,2154.5,132.068,13.546130570798502,4,4,5.0,4-5,25.632,0.19408183662961503,2154.0,2154.4,4.0000000000009095,2154.0,2154.1,0.0,4.0000000000009095,2.1541999999999994,1.84580000000091,4.308399999999999,-0.3083999999990894,DATA_GAP,48.861554179,False,,True,0.55977774,True,False,,True,0.71255992,19.00000000000091
2026-03-21,WALL,ASK,2026-03-21 16:15:54.142360588,1774109754142360588,20.149790888,0.9243726290525661,2153.2,75.313,6.750593824228028,4,4,4.0000000000009095,4-5,16.87,0.2239985128729436,2152.7,2153.1,4.0000000000009095,2152.7,2152.8,0.0,4.0000000000009095,2.1528999999999994,1.8471000000009101,4.305799999999999,-0.30579999999908924,HIT_TARGET,2.105767088,True,2.105767088,True,0.880444311,True,True,1.225322777,False,,0.0
2026-03-21,WALL,BID,2026-03-21 16:17:32.556436708,1774109852556436708,9.718273872,0.9680481350814106,2151.0,14.218,4.020927601809955,2,2,14.00000000000091,6+,6.494999999999999,0.4568153045435363,2151.3,2151.1,2.0000000000027285,2151.2,2151.3,0.0,2.0000000000027285,2.1512,-0.1511999999972713,4.3024,-2.302399999997271,HIT_TARGET,3.571268676,True,3.571268676,False,,False,False,,False,,0.0
2026-03-21,WALL,ASK,2026-03-21 16:17:49.497485887,1774109869497485887,7.433106926,0.9647960702563422,2152.1,79.264,5.528825027028912,3,3,4.0000000000009095,4-5,38.858,0.490235163504239,2151.7,2152.0,3.000000000001819,2151.7,2151.8,0.0,3.000000000001819,2.1518499999999996,0.8481500000018194,4.303699999999999,-1.3036999999981802,HIT_TARGET,33.213289072,True,33.213289072,True,3.206746842,True,True,30.00654223,True,10.605325289,7.0000000000027285
2026-03-21,WALL,ASK,2026-03-21 16:30:52.821527367,1774110652821527367,3.67391863,0.9044099117676975,2149.7,49.325,5.78728147365951,4,4,4.0000000000009095,4-5,24.187000000000005,0.4903598580841359,2149.1,2149.6,5.0,2149.1,2149.3,0.0,5.0,2.1493499999999996,2.8506500000000004,4.298699999999999,0.7013000000000007,HIT_TARGET,3.063640558,True,3.063640558,True,1.685629317,True,True,1.378011241,False,,0.0
2026-03-21,WALL,ASK,2026-03-21 16:48:31.725115463,1774111711725115463,16.636905834,0.9790066792175847,2151.3,77.251,7.298157770429853,3,3,5.0,4-5,22.503,0.2912972000362455,2150.9,2151.2000000000003,3.000000000001819,2150.9,2151.0,0.0,3.000000000001819,2.15105,0.8489500000018189,4.3021,-1.3020999999981813,TIMEOUT,60.0,False,,True,2.651374498,True,False,,True,48.076401598,5.0
2026-03-21,WALL,BID,2026-03-21 16:50:02.320380797,1774111802320380797,3.082587241,0.9640284756502047,2149.6,48.73,3.3793342579750343,3,3,4.0000000000009095,4-5,22.31,0.4578288528627129,2150.0,2149.7,3.000000000001819,2149.9,2150.0,0.0,3.000000000001819,2.14985,0.8501500000018192,4.2997,-1.2996999999981806,HIT_TARGET,27.551171498,True,27.551171498,True,6.567001326,True,True,20.984170172,False,,0.9999999999990905
2026-03-21,WALL,ASK,2026-03-21 17:09:49.997490436,1774112989997490436,3.113691661,0.9489165128351481,2144.3,49.134,3.1882421646875607,1,1,5.0,4-5,17.963,0.3655920543818944,2144.1,2144.2000000000003,1.000000000003638,2144.1,2144.2,0.0,1.000000000003638,2.1441500000000002,-1.1441499999963622,4.2883000000000004,-3.2882999999963625,HIT_TARGET,0.037940574,True,0.037940574,False,,False,False,,False,,0.0
2026-03-21,WALL,ASK,2026-03-21 17:09:53.572790193,1774112993572790193,3.011348109,1.0,2144.8,73.012,3.374638903653717,1,1,5.0,4-5,23.898,0.32731605763436145,2144.6,2144.7000000000003,1.000000000003638,2144.6,2144.7,0.0,1.000000000003638,2.14465,-1.144649999996362,4.2893,-3.289299999996362,HIT_TARGET,0.045111495,True,0.045111495,False,,False,False,,False,,0.0
2026-03-21,WALL,ASK,2026-03-21 17:10:06.939514121,1774113006939514121,5.762834664,0.9736999902241166,2144.4,41.978,3.790852034135549,1,1,4.0000000000009095,4-5,1.824,0.043451331649911856,2144.2,2144.3,1.000000000003638,2144.2,2144.3,0.0,1.000000000003638,2.14425,-1.144249999996362,4.2885,-3.288499999996362,HIT_TARGET,0.059804209,True,0.059804209,False,,False,False,,False,,0.0
2026-03-21,WALL,ASK,2026-03-21 17:12:44.919271480,1774113164919271480,3.217054489,0.998354673500838,2145.2,90.158,8.73962776269872,4,4,5.0,4-5,33.217,0.3684309767297411,2144.7,2145.1,4.0000000000009095,2144.7,2144.8,0.0,4.0000000000009095,2.1448999999999994,1.8551000000009101,4.289799999999999,-0.28979999999908923,TIMEOUT,60.0,False,,True,8.881266029,True,False,,False,,2.0000000000027285
2026-03-21,WALL,ASK,2026-03-21 17:45:30.204703958,1774115130204703958,12.147667446,0.8999473878089895,2151.0,103.506,8.427111744351722,3,3,5.0,4-5,43.95,0.42461306590922265,2150.6,2150.9,3.000000000001819,2150.6,2150.7,0.0,3.000000000001819,2.15075,0.849250000001819,4.3015,-1.301499999998181,TIMEOUT,60.0,False,,False,,False,False,,True,14.654087203,2.9999999999972715
2026-03-21,WALL,ASK,2026-03-21 18:17:00.090841886,1774117020090841886,3.019893835,0.9493198723656456,2151.0,47.078,4.235728102928607,1,1,7.0000000000027285,6+,0.312,0.006627299375504481,2150.8,2150.9,0.9999999999990905,2150.8,2150.9,0.0,0.9999999999990905,2.15085,-1.1508500000009096,4.3017,-3.30170000000091,HIT_TARGET,0.064020349,True,0.064020349,False,,False,False,,False,,0.0
2026-03-21,WALL,ASK,2026-03-21 18:22:59.310635673,1774117379310635673,3.827687432,0.8485682923965564,2152.4,48.433,3.435329999645352,3,3,6.999999999998181,6+,17.959,0.37080090021266493,2152.0,2152.3,3.000000000001819,2152.0,2152.1,0.0,3.000000000001819,2.1521500000000002,0.8478500000018188,4.3043000000000005,-1.3042999999981815,HIT_TARGET,0.254721123,True,0.254721123,False,,False,False,,False,,0.0
2026-03-21,WALL,BID,2026-03-21 18:43:33.081793981,1774118613081793981,3.731536834,1.0,2154.6,133.761,18.6478460895023,4,4,5.0,4-5,48.122,0.3597610663795875,2155.1,2154.7,4.0000000000009095,2155.0,2155.1,0.0,4.0000000000009095,2.1548999999999996,1.84510000000091,4.309799999999999,-0.3097999999990897,DATA_GAP,18.457973752,False,,False,,False,False,,False,,0.0
2026-03-21,WALL,ASK,2026-03-21 19:00:03.795541508,1774119603795541508,31.649029976,0.9816830694830266,2152.3,62.446,6.917308224868457,3,3,4.0000000000009095,4-5,17.881,0.28634340069820324,2151.9,2152.2000000000003,3.000000000001819,2151.9,2152.0,0.0,3.000000000001819,2.15205,0.847950000001819,4.3041,-1.304099999998181,HIT_TARGET,0.10350292,True,0.10350292,False,,False,False,,False,,0.0
2026-03-21,WALL,ASK,2026-03-21 19:20:05.880148432,1774120805880148432,3.820509374,0.9630549745642373,2152.9,77.367,3.1940138301166274,1,1,4.0000000000009095,4-5,24.125,0.31182545529747824,2152.7,2152.8,1.000000000003638,2152.7,2152.8,0.0,1.000000000003638,2.1527499999999997,-1.1527499999963617,4.305499999999999,-3.3054999999963615,HIT_TARGET,0.058570371,True,0.058570371,False,,False,False,,False,,0.0
2026-03-21,WALL,BID,2026-03-21 19:32:39.220642016,1774121559220642016,3.472038454,1.0,2150.5,68.655,8.34457611668186,3,3,5.0,4-5,15.914,0.23179666448182942,2150.9,2150.6,3.000000000001819,2150.8,2150.9,0.0,3.000000000001819,2.15075,0.849250000001819,4.3015,-1.301499999998181,HIT_TARGET,2.856977055,True,2.856977055,False,,False,False,,False,,0.0
2026-03-21,WALL,ASK,2026-03-21 19:33:39.600909271,1774121619600909271,3.115801,1.0,2151.3,77.181,4.327623426504808,3,3,4.0000000000009095,4-5,22.139000000000003,0.28684520801751734,2150.9,2151.2000000000003,3.000000000001819,2150.9,2151.0,0.0,3.000000000001819,2.15105,0.8489500000018189,4.3021,-1.3020999999981813,TIMEOUT,60.0,False,,True,14.636532177,True,False,,True,23.123950181,8.000000000001819
2026-03-21,WALL,ASK,2026-03-21 21:06:14.735085461,1774127174735085461,3.113706725,0.9006297078283761,2155.9,53.211,5.826234534107084,3,3,4.0000000000009095,4-5,18.637999999999998,0.3502659224596418,2155.5,2155.8,3.000000000001819,2155.5,2155.6,0.0,3.000000000001819,2.15565,0.8443500000018189,4.3113,-1.3112999999981811,TIMEOUT,60.0,False,,True,4.802554093,True,False,,False,,0.0
2026-03-21,WALL,BID,2026-03-21 21:13:31.127650298,1774127611127650298,3.224543747,1.0,2153.6,46.9,4.073655867280466,3,3,4.0000000000009095,4-5,1.125,0.02398720682302772,2154.0,2153.7,3.000000000001819,2153.9,2154.0,0.0,3.000000000001819,2.15385,0.8461500000018192,4.3077,-1.3076999999981807,TIMEOUT,60.0,False,,False,,False,False,,True,24.649034135,5.0
2026-03-21,WALL,ASK,2026-03-21 21:15:21.054535194,1774127721054535194,4.071685828,0.8927207020747574,2155.3,53.046,3.6794062565027397,2,2,4.0000000000009095,4-5,20.956,0.3950533499227086,2155.0,2155.2000000000003,2.0000000000027285,2155.0,2155.1,0.0,2.0000000000027285,2.1551,-0.15509999999727153,4.3102,-2.3101999999972715,HIT_TARGET,6.531914663,True,6.531914663,True,2.259677342,True,True,4.272237321,False,,0.0
2026-03-21,WALL,BID,2026-03-21 21:52:32.376352502,1774129952376352502,3.032098122,1.0,2153.6,81.021,5.667191270590704,3,3,5.9999999999990905,4-5,18.272000000000002,0.22552177830439024,2154.0,2153.7,3.000000000001819,2153.9,2154.0,0.0,3.000000000001819,2.15385,0.8461500000018192,4.3077,-1.3076999999981807,HIT_TARGET,15.120899972,True,15.120899972,False,,False,False,,False,,0.0
2026-03-21,WALL,BID,2026-03-21 21:53:46.603590807,1774130026603590807,3.207143018,0.9485222866353633,2152.2,76.299,4.000891429170709,4,4,4.0000000000009095,4-5,27.314999999999998,0.35799944953406987,2152.7,2152.2999999999997,4.0000000000009095,2152.6,2152.7,0.0,4.0000000000009095,2.1525,1.8475000000009096,4.305,-0.3049999999990902,TIMEOUT,60.0,False,,True,0.355508896,True,False,,True,4.591045337,15.0
2026-03-21,WALL,BID,2026-03-21 22:00:27.885720797,1774130427885720797,5.395162664,1.0,2151.5,46.742,5.358477587985784,4,4,5.0,4-5,22.09,0.4725942407256857,2152.0,2151.6,4.0000000000009095,2151.9,2152.0,0.0,4.0000000000009095,2.1518,1.8482000000009093,4.3036,-0.3035999999990908,HIT_TARGET,14.900503019,True,14.900503019,True,0.049521481,True,True,14.850981538,False,,0.0
2026-03-21,WALL,ASK,2026-03-21 22:04:55.737606594,1774130695737606594,7.238251753,0.9799338663594007,2151.6,49.508,4.223331200682448,4,4,3.999999999996362,2-3,16.038,0.32394764482507876,2151.1,2151.5,4.0000000000009095,2151.1,2151.2,0.0,4.0000000000009095,2.1513,1.8487000000009095,4.3026,-0.3025999999990905,HIT_TARGET,50.89001111,True,50.89001111,True,2.887543854,True,True,48.002467256,False,,1.999999999998181
2026-03-21,WALL,BID,2026-03-21 23:00:51.475815849,1774134051475815849,3.017151675,0.9827037962882659,2149.1,72.939,5.889777131782945,1,1,6.000000000003638,6+,12.353,0.16936069866600859,2149.3,2149.2,1.000000000003638,2149.2,2149.3,0.0,1.000000000003638,2.14925,-1.149249999996362,4.2985,-3.298499999996362,HIT_TARGET,0.098579867,True,0.098579867,False,,False,False,,False,,0.0
2026-03-21,WALL,BID,2026-03-21 23:05:44.182218269,1774134344182218269,3.929756263,0.9113210871928319,2148.0,53.808,3.221650101784218,1,1,4.0000000000009095,4-5,5.656,0.10511448111804936,2148.2,2148.1,0.9999999999990905,2148.1,2148.2,0.0,0.9999999999990905,2.1481499999999993,-1.1481500000009088,4.296299999999999,-3.296300000000908,HIT_TARGET,0.147947967,True,0.147947967,False,,False,False,,False,,0.0
2026-03-21,WALL,ASK,2026-03-21 23:13:34.586578090,1774134814586578090,46.042915628,0.9657119125827051,2145.9,73.516,6.949896010588014,3,3,4.0000000000009095,4-5,17.18,0.233690625170031,2145.5,2145.8,3.000000000001819,2145.5,2145.6,0.0,3.000000000001819,2.14565,0.8543500000018192,4.2913,-1.2912999999981807,HIT_TARGET,5.459967294,True,5.459967294,True,4.702374162,True,True,0.757593132,False,,0.0
2026-03-21,WALL,ASK,2026-03-21 23:17:08.694958388,1774135028694958388,3.87832429,0.9646694242785974,2146.3,79.762,6.509323866650345,4,4,4.0000000000009095,4-5,37.128,0.4654848173315614,2145.8,2146.2000000000003,4.0000000000009095,2145.8,2145.9,0.0,4.0000000000009095,2.146,1.8540000000009096,4.292,-0.2919999999990903,HIT_TARGET,28.37305367,True,28.37305367,True,0.101966823,True,True,28.271086847,False,,2.0000000000027285
2026-03-21,WALL,BID,2026-03-21 23:22:05.365618119,1774135325365618119,8.726608139,0.8247775333045695,2147.3,50.352,7.468960913743231,1,1,4.0000000000009095,4-5,0.96,0.019065776930409915,2147.5,2147.4,0.9999999999990905,2147.4,2147.5,0.0,0.9999999999990905,2.1474499999999996,-1.1474500000009091,4.294899999999999,-3.2949000000009088,HIT_TARGET,0.049116676,True,0.049116676,False,,False,False,,False,,0.0
2026-03-21,WALL,ASK,2026-03-21 23:37:22.723607704,1774136242723607704,3.324369883,0.9847128656591791,2146.6,90.649,8.223996371059197,1,1,4.0000000000009095,4-5,17.637,0.1945636465929023,2146.4,2146.5,0.9999999999990905,2146.4,2146.5,0.0,0.9999999999990905,2.1464499999999997,-1.1464500000009092,4.2928999999999995,-3.292900000000909,HIT_TARGET,0.049470581,True,0.049470581,False,,False,False,,False,,0.0
2026-03-21,WALL,BID,2026-03-21 23:47:01.887811216,1774136821887811216,3.012034323,0.9777935080323452,2136.4,34.821,3.7085041802012886,1,1,10.99999999999909,6+,15.9,0.4566210045662101,2136.6,2136.5,0.9999999999990905,2136.5,2136.6,0.0,0.9999999999990905,2.13655,-1.1365500000009097,4.2731,-3.27310000000091,HIT_TARGET,0.054121153,True,0.054121153,False,,False,False,,False,,0.0
2026-03-21,WALL,ASK,2026-03-21 23:47:24.595617998,1774136844595617998,3.1110112,0.9254027282190433,2133.9,100.675,13.784486889847333,3,3,5.0,4-5,48.77,0.48443009684628763,2133.5,2133.8,3.000000000001819,2133.5,2133.6,0.0,3.000000000001819,2.13365,0.8663500000018192,4.2673,-1.2672999999981807,HIT_TARGET,1.120856087,True,1.120856087,True,0.459645401,True,True,0.661210686,False,,0.0
2026-03-21,WALL,ASK,2026-03-21 23:47:52.037015724,1774136872037015724,3.055907251,0.9313723520465576,2131.0,51.246,5.6741405082212255,4,4,5.9999999999990905,4-5,14.202,0.27713382507903056,2130.5,2130.9,4.0000000000009095,2130.5,2130.6,0.0,4.0000000000009095,2.1306999999999996,1.86930000000091,4.261399999999999,-0.2613999999990897,HIT_TARGET,2.659259246,True,2.659259246,True,0.307931708,True,True,2.351327538,False,,0.0
2026-03-21,WALL,ASK,2026-03-21 23:50:24.375064326,1774137024375064326,10.968839266,0.9921810689426507,2124.1,101.988,17.93826400492481,7,7,10.0,6+,16.453,0.16132290073341962,2123.3,2124.0,6.999999999998181,2123.3,2123.4,0.0,6.999999999998181,2.12365,4.876349999998181,4.2473,2.752699999998181,HIT_TARGET,1.580856688,True,1.580856688,True,0.101780979,True,True,1.479075709,False,,0.0
2026-03-21,WALL,ASK,2026-03-21 23:51:24.643437686,1774137084643437686,3.057883944,0.9305003793826127,2119.1,49.627,4.51976320582878,2,2,4.0000000000009095,4-5,21.548,0.4341991254760513,2118.8,2119.0,1.999999999998181,2118.8,2118.9,0.0,1.999999999998181,2.1189,-0.118900000001819,4.2378,-2.237800000001819,TIMEOUT,60.0,False,,True,0.919885155,True,False,,True,0.919885155,254.0000000000009
2026-03-21,WALL,BID,2026-03-21 23:51:59.945803040,1774137119945803040,4.234642767,0.9745126191420246,2107.0,111.477,12.778198074277855,4,4,15.0,6+,13.575,0.12177399822384885,2107.5,2107.1,4.0000000000009095,2107.4,2107.5,0.0,4.0000000000009095,2.1073,1.8927000000009095,4.2146,-0.2145999999990904,HIT_TARGET,0.204804818,True,0.204804818,False,,False,False,,False,,0.0
2026-03-21,WALL,ASK,2026-03-21 23:53:31.286387201,1774137211286387201,3.395870414,0.9826556809243429,2104.3,56.011,4.835203729281768,3,3,15.0,6+,15.881,0.28353359161593256,2103.9,2104.2000000000003,3.000000000001819,2103.9,2104.0,0.0,3.000000000001819,2.10405,0.895950000001819,4.2081,-1.208099999998181,HIT_TARGET,0.051086319,True,0.051086319,False,,False,False,,False,,0.0
2026-03-21,WALL,ASK,2026-03-21 23:53:40.520118860,1774137220520118860,3.772257218,0.987753948543177,2105.2,40.483,5.072739803270472,1,1,4.0000000000009095,4-5,11.091,0.2739668502828348,2105.0,2105.1,0.9999999999990905,2105.0,2105.1,0.0,0.9999999999990905,2.1050500000000003,-1.1050500000009098,4.210100000000001,-3.21010000000091,HIT_TARGET,0.053444881,True,0.053444881,False,,False,False,,False,,0.0
2026-03-21,WALL,BID,2026-03-21 23:53:50.424481209,1774137230424481209,4.541593481,0.9876505981359541,2099.1,15.285,6.178253839935327,4,4,15.0,6+,6.7509999999999994,0.4416748446189074,2100.0,2099.2,8.000000000001819,2099.5,2100.0,0.0,8.000000000001819,2.0995999999999997,5.900400000001819,4.199199999999999,3.8008000000018196,HIT_TARGET,1.07003113,True,1.07003113,True,0.102241562,True,True,0.967789568,False,,0.0
2026-03-21,WALL,BID,2026-03-21 23:55:56.512344858,1774137356512344858,3.008789621,1.0,2087.4,39.95,4.58984375,4,4,10.99999999999909,6+,19.933,0.4989486858573216,2087.9,2087.5,4.0000000000009095,2087.8,2087.9,0.0,4.0000000000009095,2.0877,1.9123000000009096,4.1754,-0.17539999999909028,HIT_TARGET,4.130221957,True,4.130221957,True,0.816382603,True,True,3.313839354,True,1.37716106,15.0
2026-03-21,WALL,ASK,2026-03-21 23:57:25.498326802,1774137445498326802,4.297991832,1.0,2081.8,54.44,14.673854447439352,4,4,10.0,6+,25.87,0.4752020573108009,2081.3,2081.7000000000003,4.0000000000009095,2081.3,2081.4,0.0,4.0000000000009095,2.0814999999999997,1.9185000000009098,4.162999999999999,-0.16299999999908987,HIT_TARGET,0.100956341,True,0.100956341,False,,False,False,,False,,0.0
2026-03-21,WALL,BID,2026-03-21 23:57:37.488731646,1774137457488731646,3.014098961,0.8803119500494728,2079.4,38.523,4.919609220356299,5,5,5.0,4-5,18.436999999999998,0.4785972016717285,2080.0,2079.5,5.0,2079.9,2080.0,0.0,5.0,2.0797499999999998,2.9202500000000002,4.1594999999999995,0.8405000000000005,HIT_TARGET,0.204900634,True,0.204900634,False,,False,False,,False,,0.0
2026-03-21,WALL,BID,2026-03-21 23:57:49.784296493,1774137469784296493,5.560072887,0.9807313437831917,2070.2,100.0,82.23684210526316,6,6,15.99999999999909,6+,12.851,0.12851,2070.9,2070.2999999999997,6.000000000003638,2070.8,2070.9,0.0,6.000000000003638,2.0705999999999998,3.929400000003638,4.1411999999999995,1.8588000000036384,HIT_TARGET,0.663104238,True,0.663104238,True,0.102136676,True,True,0.560967562,True,0.153267864,11.999999999998181
2026-03-21,WALL,BID,2026-03-21 23:58:48.986340346,1774137528986340346,3.13154805,0.8939786314311863,2074.8,48.831,8.352890865549094,4,4,17.00000000000273,6+,11.804,0.24173168683827895,2075.3,2074.9,4.0000000000009095,2075.2,2075.3,0.0,4.0000000000009095,2.0751,1.9249000000009096,4.1502,-0.1501999999990904,HIT_TARGET,0.818334408,True,0.818334408,False,,False,False,,False,,0.0
2026-03-21,WALL,BID,2026-03-21 23:59:02.617570700,1774137542617570700,4.406225544,0.8871625249240759,2075.6,28.371,3.295887546468401,5,5,12.000000000002728,6+,10.834999999999999,0.38190405695957136,2076.2,2075.7,5.0,2076.1,2076.2,0.0,5.0,2.0759499999999997,2.9240500000000003,4.1518999999999995,0.8481000000000005,DATA_GAP,53.646582677,False,,True,1.326064852,True,False,,True,1.376825589,100.0
2026-03-21,WALL,ASK,2026-03-21 23:59:28.481635257,1774137568481635257,3.928975248,0.9714370335987416,2086.2,83.153,29.196980337078656,3,3,13.000000000001819,6+,22.663,0.27254578908758553,2085.8,2086.1,2.9999999999972715,2085.8,2085.9,0.0,2.9999999999972715,2.0859499999999995,0.914049999997272,4.171899999999999,-1.1719000000027275,HIT_TARGET,2.804898262,True,2.804898262,True,0.815581183,True,True,1.989317079,False,,2.0000000000027285
2026-03-21,WALL,ASK,2026-03-21 23:59:30.061444290,1774137570061444290,3.010833862,0.8693747748875291,2085.9,59.763,8.019188191881918,2,2,10.0,6+,24.174,0.40449776617639677,2085.6,2085.8,2.0000000000027285,2085.6,2085.7,0.0,2.0000000000027285,2.0856999999999997,-0.08569999999727118,4.171399999999999,-2.171399999997271,HIT_TARGET,0.715266126,True,0.715266126,False,,False,False,,False,,0.0
