date,eventType,side,timestamp,timestampNs,wallAgeSeconds,presenceShare,wallPrice,wallVolume,wallRatio,distanceTicks,distanceBucket,approachTicks,approachBucket,thinVolume,thinVolumeRatio,entryPrice,targetPrice,grossEdgeTicks,signalBestBid,signalBestAsk,roundTripFee0_0bpsTicks,netEdgeIfHit0_0bpsTicks,roundTripFee0_5bpsTicks,netEdgeIfHit0_5bpsTicks,roundTripFee1_0bpsTicks,netEdgeIfHit1_0bpsTicks,outcome,outcomeSeconds,targetHitWithinWindow,timeToTargetSeconds,wallRemoved,timeToWallRemovalSeconds,wallRemovedBeforeHit,targetHitAfterWallRemoved,secondsFromRemovalToHit,movedAwayBeforeHit,timeToMovedAwaySeconds,maxMovedAwayTicks
2026-03-19,NO_WALL,ASK,2026-03-19 00:01:21.036057474,1773878481036057474,0.0,0.0,2202.6,0.0,0.0,4,4,5.0,4-5,,,2202.1,2202.5,4.0000000000009095,2202.1,2202.2,0.0,4.0000000000009095,2.2023,1.7977000000009093,4.4046,-0.4045999999990908,HIT_TARGET,4.12432116,True,4.12432116,False,,False,False,,False,,0.0
2026-03-19,NO_WALL,ASK,2026-03-19 00:03:26.946822210,1773878606946822210,0.0,0.0,2203.4,0.0,0.0,4,4,4.0000000000009095,4-5,,,2202.9,2203.3,4.0000000000009095,2202.9,2203.0,0.0,4.0000000000009095,2.2031,1.7969000000009094,4.4062,-0.4061999999990906,HIT_TARGET,17.05765893,True,17.05765893,False,,False,False,,True,6.830217805,4.0000000000009095
2026-03-19,NO_WALL,ASK,2026-03-19 00:14:11.636555721,1773879251636555721,0.0,0.0,2200.5,0.0,0.0,4,4,5.9999999999990905,4-5,,,2200.0,2200.4,4.0000000000009095,2200.0,2200.1,0.0,4.0000000000009095,2.2001999999999997,1.7998000000009098,4.400399999999999,-0.40039999999908993,HIT_TARGET,7.203042687,True,7.203042687,False,,False,False,,False,,0.0
2026-03-19,NO_WALL,BID,2026-03-19 00:15:15.577661035,1773879315577661035,0.0,0.0,2201.2,0.0,0.0,3,3,4.0000000000009095,4-5,,,2201.6,2201.2999999999997,3.000000000001819,2201.5,2201.6,0.0,3.000000000001819,2.2014499999999995,0.7985500000018195,4.402899999999999,-1.40289999999818,HIT_TARGET,2.059453668,True,2.059453668,False,,False,False,,False,,0.0
2026-03-19,NO_WALL,BID,2026-03-19 00:21:40.823553686,1773879700823553686,0.0,0.0,2198.7999999999997,0.0,0.0,4,4,6.000000000003638,6+,,,2199.3,2198.8999999999996,4.000000000005457,2199.2,2199.3,0.0,4.000000000005457,2.1990999999999996,1.8009000000054574,4.398199999999999,-0.39819999999454225,HIT_TARGET,5.20119196,True,5.20119196,False,,False,False,,False,,0.0
2026-03-19,NO_WALL,BID,2026-03-19 00:21:57.973091888,1773879717973091888,0.0,0.0,2197.4,0.0,0.0,4,4,5.9999999999990905,4-5,,,2197.9,2197.5,4.0000000000009095,2197.8,2197.9,0.0,4.0000000000009095,2.1976999999999998,1.8023000000009097,4.3953999999999995,-0.39539999999909003,HIT_TARGET,53.912353743,True,53.912353743,False,,False,False,,True,0.5135113,10.0
2026-03-19,NO_WALL,BID,2026-03-19 00:27:41.089169586,1773880061089169586,0.0,0.0,2198.0,0.0,0.0,3,3,3.999999999996362,2-3,,,2198.4,2198.1,3.000000000001819,2198.3,2198.4,0.0,3.000000000001819,2.19825,0.8017500000018192,4.3965,-1.3964999999981806,TIMEOUT,60.0,False,,False,,False,False,,True,33.098043758,18.999999999996362
2026-03-19,NO_WALL,ASK,2026-03-19 00:28:46.085449324,1773880126085449324,0.0,0.0,2201.2000000000003,0.0,0.0,4,4,5.0,4-5,,,2200.7,2201.1000000000004,4.000000000005457,2200.7,2200.8,0.0,4.000000000005457,2.2009,1.7991000000054571,4.4018,-0.40179999999454274,HIT_TARGET,1.743089279,True,1.743089279,False,,False,False,,False,,0.0
2026-03-19,NO_WALL,ASK,2026-03-19 00:29:34.212583435,1773880174212583435,0.0,0.0,2204.8,0.0,0.0,4,4,15.0,6+,,,2204.3,2204.7000000000003,4.0000000000009095,2204.3,2204.4,0.0,4.0000000000009095,2.2045,1.7955000000009096,4.409,-0.4089999999990903,TIMEOUT,60.0,False,,False,,False,False,,True,5.503485525,15.0
2026-03-19,NO_WALL,BID,2026-03-19 00:31:25.386625710,1773880285386625710,0.0,0.0,2201.6,0.0,0.0,5,5,4.0000000000009095,4-5,,,2202.2,2201.7,5.0,2202.1,2202.2,0.0,5.0,2.2019499999999996,2.7980500000000004,4.403899999999999,0.5961000000000007,HIT_TARGET,16.284699941,True,16.284699941,False,,False,False,,False,,0.9999999999990905
2026-03-19,NO_WALL,BID,2026-03-19 00:31:47.336247719,1773880307336247719,0.0,0.0,2200.7999999999997,0.0,0.0,3,3,5.0,4-5,,,2201.2,2200.8999999999996,3.000000000001819,2201.1,2201.2,0.0,3.000000000001819,2.2010499999999995,0.7989500000018195,4.402099999999999,-1.40209999999818,HIT_TARGET,0.40844606,True,0.40844606,False,,False,False,,False,,0.0
2026-03-19,NO_WALL,ASK,2026-03-19 00:33:19.218429074,1773880399218429074,0.0,0.0,2200.7,0.0,0.0,2,2,5.9999999999990905,4-5,,,2200.4,2200.6,1.999999999998181,2200.4,2200.5,0.0,1.999999999998181,2.2005,-0.2005000000018189,4.401,-2.401000000001819,TIMEOUT,60.0,False,,False,,False,False,,True,12.143798656,58.00000000000182
2026-03-19,NO_WALL,ASK,2026-03-19 00:34:38.836309338,1773880478836309338,0.0,0.0,2196.6000000000004,0.0,0.0,3,3,5.0,4-5,,,2196.2,2196.5000000000005,3.0000000000063665,2196.2,2196.3,0.0,3.0000000000063665,2.1963500000000002,0.8036500000063662,4.3927000000000005,-1.392699999993634,TIMEOUT,60.0,False,,False,,False,False,,True,15.114129987,46.00000000000364
2026-03-19,NO_WALL,BID,2026-03-19 00:35:16.382174833,1773880516382174833,0.0,0.0,2191.5,0.0,0.0,6,6,15.0,6+,,,2192.2,2191.6,5.9999999999990905,2192.1,2192.2,0.0,5.9999999999990905,2.1918999999999995,3.808099999999091,4.383799999999999,1.6161999999990915,TIMEOUT,60.0,False,,False,,False,False,,True,2.105086326,30.99999999999909
2026-03-19,NO_WALL,ASK,2026-03-19 00:35:24.086216782,1773880524086216782,0.0,0.0,2193.3999999999996,0.0,0.0,2,2,3.999999999996362,2-3,,,2193.1,2193.2999999999997,1.999999999998181,2193.1,2193.2,0.0,1.999999999998181,2.1931999999999996,-0.19320000000181858,4.386399999999999,-2.386400000001818,HIT_TARGET,1.855935947,True,1.855935947,False,,False,False,,False,,0.0
2026-03-19,NO_WALL,ASK,2026-03-19 00:36:01.210469851,1773880561210469851,0.0,0.0,2195.1,0.0,0.0,2,2,7.0000000000027285,6+,,,2194.8,2195.0,1.999999999998181,2194.8,2194.9,0.0,1.999999999998181,2.1949,-0.19490000000181906,4.3898,-2.389800000001819,HIT_TARGET,0.257996555,True,0.257996555,False,,False,False,,False,,0.0
2026-03-19,NO_WALL,ASK,2026-03-19 00:37:01.032226929,1773880621032226929,0.0,0.0,2195.6,0.0,0.0,2,2,5.0,4-5,,,2195.3,2195.5,1.999999999998181,2195.3,2195.4,0.0,1.999999999998181,2.1954,-0.19540000000181879,4.3908,-2.3908000000018186,HIT_TARGET,4.390416788,True,4.390416788,False,,False,False,,False,,0.0
2026-03-19,NO_WALL,ASK,2026-03-19 00:47:52.536160845,1773881272536160845,0.0,0.0,2194.4,0.0,0.0,4,4,10.0,6+,,,2193.9,2194.3,4.0000000000009095,2193.9,2194.0,0.0,4.0000000000009095,2.1941,1.8059000000009093,4.3882,-0.38819999999909083,HIT_TARGET,2.347728061,True,2.347728061,False,,False,False,,False,,0.0
2026-03-19,NO_WALL,ASK,2026-03-19 00:59:27.822739955,1773881967822739955,0.0,0.0,2194.0,0.0,0.0,2,2,5.0,4-5,,,2193.7,2193.9,2.0000000000027285,2193.7,2193.8,0.0,2.0000000000027285,2.1938,-0.1937999999972715,4.3876,-2.3875999999972715,HIT_TARGET,24.984144113,True,24.984144113,False,,False,False,,False,,1.000000000003638
2026-03-19,NO_WALL,ASK,2026-03-19 01:02:29.893831354,1773882149893831354,0.0,0.0,2197.2,0.0,0.0,2,2,4.0000000000009095,4-5,,,2196.9,2197.1,1.999999999998181,2196.9,2197.0,0.0,1.999999999998181,2.197,-0.19700000000181905,4.394,-2.394000000001819,TIMEOUT,60.0,False,,False,,False,False,,True,15.484243055,35.0
2026-03-19,NO_WALL,ASK,2026-03-19 01:05:09.600838693,1773882309600838693,0.0,0.0,2192.3,0.0,0.0,4,4,8.000000000001819,6+,,,2191.8,2192.2000000000003,4.0000000000009095,2191.8,2191.9,0.0,4.0000000000009095,2.1919999999999997,1.8080000000009098,4.3839999999999995,-0.38399999999908996,TIMEOUT,60.0,False,,False,,False,False,,True,1.037226196,28.00000000000182
2026-03-19,NO_WALL,ASK,2026-03-19 01:06:41.029174577,1773882401029174577,0.0,0.0,2193.2000000000003,0.0,0.0,4,4,11.000000000003638,6+,,,2192.7,2193.1000000000004,4.000000000005457,2192.7,2192.8,0.0,4.000000000005457,2.1929,1.8071000000054571,4.3858,-0.38579999999454273,HIT_TARGET,1.024398045,True,1.024398045,False,,False,False,,False,,0.0
2026-03-19,NO_WALL,ASK,2026-03-19 01:07:01.383302412,1773882421383302412,0.0,0.0,2194.7,0.0,0.0,1,1,5.9999999999990905,4-5,,,2194.5,2194.6,0.9999999999990905,2194.5,2194.6,0.0,0.9999999999990905,2.19455,-1.1945500000009095,4.3891,-3.3891000000009095,HIT_TARGET,0.058248777,True,0.058248777,False,,False,False,,False,,0.0
2026-03-19,NO_WALL,ASK,2026-03-19 01:08:03.708180983,1773882483708180983,0.0,0.0,2194.9,0.0,0.0,4,4,4.0000000000009095,4-5,,,2194.4,2194.8,4.0000000000009095,2194.4,2194.5,0.0,4.0000000000009095,2.1946000000000003,1.8054000000009092,4.389200000000001,-0.38919999999909116,HIT_TARGET,3.438362379,True,3.438362379,False,,False,False,,False,,0.0
2026-03-19,NO_WALL,BID,2026-03-19 01:08:13.421155468,1773882493421155468,0.0,0.0,2194.3,0.0,0.0,1,1,5.9999999999990905,4-5,,,2194.5,2194.4,0.9999999999990905,2194.4,2194.5,0.0,0.9999999999990905,2.19445,-1.1944500000009093,4.3889,-3.388900000000909,HIT_TARGET,0.025642857,True,0.025642857,False,,False,False,,False,,0.0
2026-03-19,NO_WALL,BID,2026-03-19 01:09:28.156139430,1773882568156139430,0.0,0.0,2191.3,0.0,0.0,2,2,5.9999999999990905,4-5,,,2191.6,2191.4,1.999999999998181,2191.5,2191.6,0.0,1.999999999998181,2.1915,-0.191500000001819,4.383,-2.383000000001819,HIT_TARGET,17.030757771,True,17.030757771,False,,False,False,,False,,0.0
2026-03-19,NO_WALL,ASK,2026-03-19 01:20:21.252404971,1773883221252404971,0.0,0.0,2190.3,0.0,0.0,3,3,5.9999999999990905,4-5,,,2189.9,2190.2000000000003,3.000000000001819,2189.9,2190.0,0.0,3.000000000001819,2.19005,0.8099500000018192,4.3801,-1.3800999999981807,HIT_TARGET,1.836876953,True,1.836876953,False,,False,False,,False,,0.0
2026-03-19,NO_WALL,ASK,2026-03-19 01:20:44.744361411,1773883244744361411,0.0,0.0,2191.2000000000003,0.0,0.0,3,3,5.0,4-5,,,2190.8,2191.1000000000004,3.000000000001819,2190.8,2190.9,0.0,3.000000000001819,2.1909500000000004,0.8090500000018186,4.381900000000001,-1.3818999999981818,HIT_TARGET,23.529341194,True,23.529341194,False,,False,False,,True,12.342936622,7.0000000000027285
2026-03-19,NO_WALL,BID,2026-03-19 01:23:44.936003168,1773883424936003168,0.0,0.0,2187.5,0.0,0.0,5,5,4.0000000000009095,4-5,,,2188.1,2187.6,5.0,2188.0,2188.1,0.0,5.0,2.1878499999999996,2.8121500000000004,4.375699999999999,0.6243000000000007,HIT_TARGET,37.005615675,True,37.005615675,False,,False,False,,True,11.009439647,9.00000000000091
2026-03-19,NO_WALL,ASK,2026-03-19 01:25:50.812239044,1773883550812239044,0.0,0.0,2190.8999999999996,0.0,0.0,7,7,5.9999999999990905,4-5,,,2190.1,2190.7999999999997,6.999999999998181,2190.1,2190.2,0.0,6.999999999998181,2.19045,4.809549999998181,4.3809,2.6190999999981814,TIMEOUT,60.0,False,,False,,False,False,,True,1.535439872,12.999999999997272
2026-03-19,NO_WALL,ASK,2026-03-19 01:26:12.351744630,1773883572351744630,0.0,0.0,2189.7999999999997,0.0,0.0,1,1,5.0,4-5,,,2189.6,2189.7,0.9999999999990905,2189.6,2189.7,0.0,0.9999999999990905,2.1896499999999994,-1.189650000000909,4.379299999999999,-3.3793000000009084,HIT_TARGET,0.055295925,True,0.055295925,False,,False,False,,False,,0.0
2026-03-19,NO_WALL,ASK,2026-03-19 01:30:51.348901970,1773883851348901970,0.0,0.0,2196.0,0.0,0.0,5,5,5.0,4-5,,,2195.4,2195.9,5.0,2195.4,2195.5,0.0,5.0,2.19565,2.80435,4.3913,0.6086999999999998,TIMEOUT,60.0,False,,False,,False,False,,True,1.07836424,43.00000000000182
2026-03-19,NO_WALL,BID,2026-03-19 01:31:30.156429859,1773883890156429859,0.0,0.0,2191.9,0.0,0.0,4,4,3.999999999996362,2-3,,,2192.4,2192.0,4.0000000000009095,2192.3,2192.4,0.0,4.0000000000009095,2.1921999999999997,1.8078000000009098,4.384399999999999,-0.3843999999990899,HIT_TARGET,1.634788783,True,1.634788783,False,,False,False,,False,,0.0
2026-03-19,NO_WALL,ASK,2026-03-19 01:32:52.216300034,1773883972216300034,0.0,0.0,2191.7000000000003,0.0,0.0,4,4,4.0000000000009095,4-5,,,2191.2,2191.6000000000004,4.000000000005457,2191.2,2191.3,0.0,4.000000000005457,2.1914,1.8086000000054572,4.3828,-0.3827999999945426,HIT_TARGET,1.499299431,True,1.499299431,False,,False,False,,False,,0.0
2026-03-19,NO_WALL,ASK,2026-03-19 01:35:00.237087812,1773884100237087812,0.0,0.0,2196.3,0.0,0.0,3,3,4.0000000000009095,4-5,,,2195.9,2196.2000000000003,3.000000000001819,2195.9,2196.0,0.0,3.000000000001819,2.19605,0.8039500000018189,4.3921,-1.3920999999981811,HIT_TARGET,0.784559243,True,0.784559243,False,,False,False,,False,,0.0
2026-03-19,NO_WALL,ASK,2026-03-19 01:35:25.200717652,1773884125200717652,0.0,0.0,2197.7000000000003,0.0,0.0,4,4,4.0000000000009095,4-5,,,2197.2,2197.6000000000004,4.000000000005457,2197.2,2197.3,0.0,4.000000000005457,2.1974,1.802600000005457,4.3948,-0.39479999999454307,TIMEOUT,60.0,False,,False,,False,False,,True,18.842459568,22.00000000000273
2026-03-19,NO_WALL,BID,2026-03-19 01:41:13.416573963,1773884473416573963,0.0,0.0,2196.2,0.0,0.0,5,5,9.00000000000091,6+,,,2196.8,2196.2999999999997,5.0000000000045475,2196.7,2196.8,0.0,5.0000000000045475,2.1965500000000002,2.8034500000045472,4.3931000000000004,0.606900000004547,TIMEOUT,60.0,False,,False,,False,False,,True,4.286634657,20.0
2026-03-19,NO_WALL,BID,2026-03-19 01:47:39.143752799,1773884859143752799,0.0,0.0,2200.7,0.0,0.0,4,4,4.0000000000009095,4-5,,,2201.2,2200.7999999999997,4.0000000000009095,2201.1,2201.2,0.0,4.0000000000009095,2.2009999999999996,1.7990000000009099,4.401999999999999,-0.40199999999908975,HIT_TARGET,1.152644618,True,1.152644618,False,,False,False,,False,,0.0
2026-03-19,NO_WALL,ASK,2026-03-19 01:48:05.703644698,1773884885703644698,0.0,0.0,2201.8,0.0,0.0,4,4,5.9999999999990905,4-5,,,2201.3,2201.7000000000003,4.0000000000009095,2201.3,2201.4,0.0,4.0000000000009095,2.2015,1.7985000000009097,4.403,-0.4029999999990901,TIMEOUT,60.0,False,,False,,False,False,,True,15.684971781,24.00000000000091
2026-03-19,NO_WALL,BID,2026-03-19 01:50:21.193518759,1773885021193518759,0.0,0.0,2199.1,0.0,0.0,6,6,8.000000000001819,6+,,,2199.8,2199.2,6.000000000003638,2199.7,2199.8,0.0,6.000000000003638,2.1995,3.800500000003638,4.399,1.601000000003638,HIT_TARGET,0.776494826,True,0.776494826,False,,False,False,,False,,0.0
2026-03-19,NO_WALL,ASK,2026-03-19 01:59:34.583131252,1773885574583131252,0.0,0.0,2198.0,0.0,0.0,3,3,3.999999999996362,2-3,,,2197.6,2197.9,3.000000000001819,2197.6,2197.7,0.0,3.000000000001819,2.1977499999999996,0.8022500000018193,4.395499999999999,-1.3954999999981803,TIMEOUT,60.0,False,,False,,False,False,,True,2.04538819,26.99999999999818
2026-03-19,NO_WALL,ASK,2026-03-19 02:01:28.177420621,1773885688177420621,0.0,0.0,2191.6000000000004,0.0,0.0,3,3,4.0000000000009095,4-5,,,2191.2,2191.5000000000005,3.0000000000063665,2191.2,2191.3,0.0,3.0000000000063665,2.19135,0.8086500000063666,4.3827,-1.3826999999936334,HIT_TARGET,33.767306635,True,33.767306635,False,,False,False,,True,0.94184998,22.00000000000273
2026-03-19,NO_WALL,BID,2026-03-19 02:01:33.703188509,1773885693703188509,0.0,0.0,2188.7,0.0,0.0,3,3,15.99999999999909,6+,,,2189.1,2188.7999999999997,3.000000000001819,2189.0,2189.1,0.0,3.000000000001819,2.1889499999999997,0.8110500000018193,4.3778999999999995,-1.3778999999981805,TIMEOUT,60.0,False,,False,,False,False,,True,0.979941189,38.00000000000182
2026-03-19,NO_WALL,ASK,2026-03-19 02:03:40.759782155,1773885820759782155,0.0,0.0,2195.2,0.0,0.0,5,5,5.9999999999990905,4-5,,,2194.6,2195.1,5.0,2194.6,2194.7,0.0,5.0,2.1948499999999997,2.8051500000000003,4.3896999999999995,0.6103000000000005,TIMEOUT,60.0,False,,False,,False,False,,True,3.235262084,5.9999999999990905
2026-03-19,NO_WALL,ASK,2026-03-19 02:03:42.006389363,1773885822006389363,0.0,0.0,2195.2,0.0,0.0,5,5,5.9999999999990905,4-5,,,2194.6,2195.1,5.0,2194.6,2194.7,0.0,5.0,2.1948499999999997,2.8051500000000003,4.3896999999999995,0.6103000000000005,TIMEOUT,60.0,False,,False,,False,False,,True,1.988654876,5.9999999999990905
2026-03-19,NO_WALL,ASK,2026-03-19 02:07:40.294117783,1773886060294117783,0.0,0.0,2200.4,0.0,0.0,4,4,25.99999999999909,6+,,,2199.9,2200.3,4.0000000000009095,2199.9,2200.0,0.0,4.0000000000009095,2.2001000000000004,1.799900000000909,4.400200000000001,-0.4001999999990913,HIT_TARGET,11.390785804,True,11.390785804,False,,False,False,,True,0.874857465,5.9999999999990905
2026-03-19,NO_WALL,ASK,2026-03-19 02:07:53.111286100,1773886073111286100,0.0,0.0,2200.8,0.0,0.0,4,4,4.0000000000009095,4-5,,,2200.3,2200.7000000000003,4.0000000000009095,2200.3,2200.4,0.0,4.0000000000009095,2.2005,1.7995000000009096,4.401,-0.4009999999990903,TIMEOUT,60.0,False,,False,,False,False,,True,6.127419326,18.00000000000182
2026-03-19,NO_WALL,ASK,2026-03-19 02:10:17.320996198,1773886217320996198,0.0,0.0,2200.2000000000003,0.0,0.0,3,3,5.0,4-5,,,2199.8,2200.1000000000004,3.000000000001819,2199.8,2199.9,0.0,3.000000000001819,2.1999500000000003,0.8000500000018187,4.399900000000001,-1.3998999999981816,HIT_TARGET,0.258795206,True,0.258795206,False,,False,False,,False,,0.0
2026-03-19,NO_WALL,BID,2026-03-19 02:15:41.172381601,1773886541172381601,0.0,0.0,2200.7,0.0,0.0,3,3,4.0000000000009095,4-5,,,2201.1,2200.7999999999997,3.000000000001819,2201.0,2201.1,0.0,3.000000000001819,2.2009499999999997,0.7990500000018192,4.4018999999999995,-1.4018999999981805,HIT_TARGET,0.05113222,True,0.05113222,False,,False,False,,False,,0.0
2026-03-19,NO_WALL,ASK,2026-03-19 02:17:31.792357061,1773886651792357061,0.0,0.0,2202.2000000000003,0.0,0.0,3,3,5.9999999999990905,4-5,,,2201.8,2202.1000000000004,3.000000000001819,2201.8,2201.9,0.0,3.000000000001819,2.20195,0.7980500000018189,4.4039,-1.4038999999981812,HIT_TARGET,30.890582391,True,30.890582391,False,,False,False,,False,,2.0000000000027285
2026-03-19,NO_WALL,BID,2026-03-19 02:19:26.868834503,1773886766868834503,0.0,0.0,2199.5,0.0,0.0,2,2,7.0000000000027285,6+,,,2199.8,2199.6,2.0000000000027285,2199.7,2199.8,0.0,2.0000000000027285,2.1996999999999995,-0.19969999999727106,4.399399999999999,-2.3993999999972706,HIT_TARGET,0.822886331,True,0.822886331,False,,False,False,,False,,0.0
2026-03-19,NO_WALL,ASK,2026-03-19 02:20:12.102099821,1773886812102099821,0.0,0.0,2202.0,0.0,0.0,5,5,8.000000000001819,6+,,,2201.4,2201.9,5.0,2201.4,2201.5,0.0,5.0,2.20165,2.79835,4.4033,0.5967000000000002,HIT_TARGET,17.921357569,True,17.921357569,False,,False,False,,True,0.460115088,5.9999999999990905
2026-03-19,NO_WALL,ASK,2026-03-19 02:20:27.922968724,1773886827922968724,0.0,0.0,2202.1,0.0,0.0,4,4,3.999999999996362,2-3,,,2201.6,2202.0,4.0000000000009095,2201.6,2201.7,0.0,4.0000000000009095,2.2018,1.7982000000009095,4.4036,-0.40359999999909046,HIT_TARGET,6.441545089,True,6.441545089,False,,False,False,,False,,0.0
2026-03-19,NO_WALL,ASK,2026-03-19 02:22:11.517931750,1773886931517931750,0.0,0.0,2200.9,0.0,0.0,3,3,4.0000000000009095,4-5,,,2200.5,2200.8,3.000000000001819,2200.5,2200.6,0.0,3.000000000001819,2.20065,0.799350000001819,4.4013,-1.401299999998181,HIT_TARGET,0.255613158,True,0.255613158,False,,False,False,,False,,0.0
2026-03-19,NO_WALL,BID,2026-03-19 02:23:04.635228622,1773886984635228622,0.0,0.0,2200.2000000000003,0.0,0.0,1,1,5.0,4-5,,,2200.4,2200.3,0.9999999999990905,2200.3,2200.4,0.0,0.9999999999990905,2.2003500000000003,-1.2003500000009097,4.4007000000000005,-3.40070000000091,HIT_TARGET,0.045358772,True,0.045358772,False,,False,False,,False,,0.0
2026-03-19,NO_WALL,BID,2026-03-19 02:32:09.702643618,1773887529702643618,0.0,0.0,2200.7000000000003,0.0,0.0,2,2,4.0000000000009095,4-5,,,2201.0,2200.8,1.999999999998181,2200.9,2201.0,0.0,1.999999999998181,2.2009,-0.20090000000181885,4.4018,-2.4018000000018187,HIT_TARGET,43.020705665,True,43.020705665,False,,False,False,,False,,1.999999999998181
2026-03-19,NO_WALL,BID,2026-03-19 02:33:26.335481423,1773887606335481423,0.0,0.0,2199.1,0.0,0.0,4,4,4.0000000000009095,4-5,,,2199.6,2199.2,4.0000000000009095,2199.5,2199.6,0.0,4.0000000000009095,2.1993999999999994,1.8006000000009101,4.398799999999999,-0.3987999999990892,TIMEOUT,60.0,False,,False,,False,False,,True,7.945137599,43.00000000000182
2026-03-19,NO_WALL,ASK,2026-03-19 02:33:36.545115844,1773887616545115844,0.0,0.0,2201.0,0.0,0.0,3,3,10.99999999999909,6+,,,2200.6,2200.9,3.000000000001819,2200.6,2200.7,0.0,3.000000000001819,2.2007499999999998,0.7992500000018192,4.4014999999999995,-1.4014999999981805,HIT_TARGET,1.255421491,True,1.255421491,False,,False,False,,False,,0.0
2026-03-19,NO_WALL,BID,2026-03-19 02:44:58.012749505,1773888298012749505,0.0,0.0,2203.7,0.0,0.0,3,3,6.999999999998181,6+,,,2204.1,2203.7999999999997,3.000000000001819,2204.0,2204.1,0.0,3.000000000001819,2.20395,0.7960500000018191,4.4079,-1.4078999999981807,HIT_TARGET,19.806855854,True,19.806855854,False,,False,False,,False,,0.9999999999990905
2026-03-19,NO_WALL,BID,2026-03-19 02:46:40.777472860,1773888400777472860,0.0,0.0,2201.6,0.0,0.0,4,4,5.9999999999990905,4-5,,,2202.1,2201.7,4.0000000000009095,2202.0,2202.1,0.0,4.0000000000009095,2.2018999999999997,1.7981000000009097,4.4037999999999995,-0.40379999999909,HIT_TARGET,6.382333384,True,6.382333384,False,,False,False,,False,,0.0
2026-03-19,NO_WALL,BID,2026-03-19 02:49:37.689765785,1773888577689765785,0.0,0.0,2199.6000000000004,0.0,0.0,2,2,7.9999999999972715,6+,,,2199.9,2199.7000000000003,1.999999999998181,2199.8,2199.9,0.0,1.999999999998181,2.1997999999999998,-0.19980000000181874,4.3995999999999995,-2.3996000000018185,HIT_TARGET,1.340702847,True,1.340702847,False,,False,False,,False,,0.0
2026-03-19,NO_WALL,ASK,2026-03-19 02:53:08.437039397,1773888788437039397,0.0,0.0,2199.3999999999996,0.0,0.0,7,7,5.0,4-5,,,2198.6,2199.2999999999997,6.999999999998181,2198.6,2198.7,0.0,6.999999999998181,2.1989499999999995,4.801049999998181,4.397899999999999,2.602099999998182,TIMEOUT,60.0,False,,False,,False,False,,True,34.922138973,5.0
2026-03-19,NO_WALL,BID,2026-03-19 02:58:32.236141582,1773889112236141582,0.0,0.0,2196.2,0.0,0.0,5,5,7.0000000000027285,6+,,,2196.8,2196.2999999999997,5.0000000000045475,2196.7,2196.8,0.0,5.0000000000045475,2.1965500000000002,2.8034500000045472,4.3931000000000004,0.606900000004547,HIT_TARGET,41.682761188,True,41.682761188,False,,False,False,,False,,0.0
2026-03-19,NO_WALL,ASK,2026-03-19 03:00:01.742034603,1773889201742034603,0.0,0.0,2197.7000000000003,0.0,0.0,3,3,5.0,4-5,,,2197.3,2197.6000000000004,3.000000000001819,2197.3,2197.4,0.0,3.000000000001819,2.19745,0.8025500000018191,4.3949,-1.3948999999981808,HIT_TARGET,8.696502974,True,8.696502974,False,,False,False,,True,4.718197883,4.0000000000009095
2026-03-19,NO_WALL,ASK,2026-03-19 03:00:03.037341064,1773889203037341064,0.0,0.0,2197.8,0.0,0.0,5,5,4.0000000000009095,4-5,,,2197.2,2197.7000000000003,5.0000000000045475,2197.2,2197.3,0.0,5.0000000000045475,2.1974499999999995,2.802550000004548,4.394899999999999,0.6051000000045486,HIT_TARGET,10.466182624,True,10.466182624,False,,False,False,,True,3.422891422,3.000000000001819
2026-03-19,NO_WALL,ASK,2026-03-19 03:04:13.794797173,1773889453794797173,0.0,0.0,2198.7,0.0,0.0,2,2,4.0000000000009095,4-5,,,2198.4,2198.6,1.999999999998181,2198.4,2198.5,0.0,1.999999999998181,2.1984999999999997,-0.19850000000181867,4.396999999999999,-2.3970000000018183,HIT_TARGET,15.408594915,True,15.408594915,False,,False,False,,False,,0.0
2026-03-19,NO_WALL,ASK,2026-03-19 03:10:01.935209648,1773889801935209648,0.0,0.0,2205.7,0.0,0.0,2,2,4.0000000000009095,4-5,,,2205.4,2205.6,1.999999999998181,2205.4,2205.5,0.0,1.999999999998181,2.2055,-0.20550000000181878,4.411,-2.4110000000018186,HIT_TARGET,0.10035677,True,0.10035677,False,,False,False,,False,,0.0
2026-03-19,NO_WALL,ASK,2026-03-19 03:10:03.635520598,1773889803635520598,0.0,0.0,2206.0,0.0,0.0,4,4,5.0,4-5,,,2205.5,2205.9,4.0000000000009095,2205.5,2205.6,0.0,4.0000000000009095,2.2056999999999998,1.7943000000009097,4.4113999999999995,-0.41139999999909005,HIT_TARGET,0.410037402,True,0.410037402,False,,False,False,,False,,0.0
2026-03-19,NO_WALL,ASK,2026-03-19 03:10:04.700108899,1773889804700108899,0.0,0.0,2206.6,0.0,0.0,4,4,6.999999999998181,6+,,,2206.1,2206.5,4.0000000000009095,2206.1,2206.2,0.0,4.0000000000009095,2.2063,1.7937000000009093,4.4126,-0.4125999999990908,HIT_TARGET,10.371710971,True,10.371710971,False,,False,False,,False,,0.0
2026-03-19,NO_WALL,ASK,2026-03-19 03:17:26.890938576,1773890246890938576,0.0,0.0,2210.5,0.0,0.0,5,5,10.0,6+,,,2209.9,2210.4,5.0,2209.9,2210.0,0.0,5.0,2.21015,2.78985,4.4203,0.5796999999999999,HIT_TARGET,0.874224868,True,0.874224868,False,,False,False,,False,,0.0
2026-03-19,NO_WALL,ASK,2026-03-19 03:17:27.919579394,1773890247919579394,0.0,0.0,2212.8,0.0,0.0,5,5,33.00000000000182,6+,,,2211.9,2212.7000000000003,8.000000000001819,2211.9,2212.3,0.0,8.000000000001819,2.2123,5.787700000001819,4.4246,3.575400000001819,HIT_TARGET,0.051026628,True,0.051026628,False,,False,False,,False,,0.0
2026-03-19,NO_WALL,ASK,2026-03-19 03:17:49.662298526,1773890269662298526,0.0,0.0,2216.3,0.0,0.0,5,5,10.0,6+,,,2215.7,2216.2000000000003,5.0000000000045475,2215.7,2215.8,0.0,5.0000000000045475,2.21595,2.7840500000045476,4.4319,0.5681000000045477,HIT_TARGET,28.78531705,True,28.78531705,False,,False,False,,True,0.254491085,13.000000000001819
2026-03-19,NO_WALL,ASK,2026-03-19 03:17:53.841814161,1773890273841814161,0.0,0.0,2216.0,0.0,0.0,5,5,5.9999999999990905,4-5,,,2215.4,2215.9,5.0,2215.4,2215.5,0.0,5.0,2.21565,2.78435,4.4313,0.5686999999999998,HIT_TARGET,1.127850666,True,1.127850666,False,,False,False,,False,,0.0
2026-03-19,NO_WALL,ASK,2026-03-19 03:19:17.442646864,1773890357442646864,0.0,0.0,2220.5,0.0,0.0,3,3,3.999999999996362,2-3,,,2220.1,2220.4,3.000000000001819,2220.1,2220.2,0.0,3.000000000001819,2.22025,0.7797500000018189,4.4405,-1.4404999999981811,HIT_TARGET,2.5063458,True,2.5063458,False,,False,False,,False,,0.0
2026-03-19,NO_WALL,ASK,2026-03-19 03:19:32.838743920,1773890372838743920,0.0,0.0,2224.1,0.0,0.0,5,5,5.9999999999990905,4-5,,,2223.5,2224.0,5.0,2223.5,2223.6,0.0,5.0,2.22375,2.77625,4.4475,0.5525000000000002,HIT_TARGET,0.218198754,True,0.218198754,False,,False,False,,False,,0.0
2026-03-19,NO_WALL,ASK,2026-03-19 03:22:17.017106694,1773890537017106694,0.0,0.0,2223.9,0.0,0.0,3,3,5.9999999999990905,4-5,,,2223.5,2223.8,3.000000000001819,2223.5,2223.6,0.0,3.000000000001819,2.22365,0.7763500000018189,4.4473,-1.4472999999981813,HIT_TARGET,8.730532175,True,8.730532175,False,,False,False,,False,,0.9999999999990905
2026-03-19,NO_WALL,ASK,2026-03-19 03:23:23.667037473,1773890603667037473,0.0,0.0,2231.7000000000003,0.0,0.0,4,4,4.0000000000009095,4-5,,,2231.2,2231.6000000000004,4.000000000005457,2231.2,2231.3,0.0,4.000000000005457,2.2314,1.7686000000054571,4.4628,-0.4627999999945427,HIT_TARGET,11.536565346,True,11.536565346,False,,False,False,,True,1.632636326,9.00000000000091
2026-03-19,NO_WALL,ASK,2026-03-19 03:23:44.895772314,1773890624895772314,0.0,0.0,2231.8,0.0,0.0,4,4,8.000000000001819,6+,,,2231.3,2231.7000000000003,4.0000000000009095,2231.3,2231.4,0.0,4.0000000000009095,2.2314999999999996,1.76850000000091,4.462999999999999,-0.4629999999990897,TIMEOUT,60.0,False,,False,,False,False,,True,4.747279058,25.99999999999909
2026-03-19,NO_WALL,ASK,2026-03-19 03:24:06.670179969,1773890646670179969,0.0,0.0,2230.2,0.0,0.0,2,2,10.99999999999909,6+,,,2229.9,2230.1,1.999999999998181,2229.9,2230.0,0.0,1.999999999998181,2.23,-0.23000000000181897,4.46,-2.460000000001819,HIT_TARGET,0.323405592,True,0.323405592,False,,False,False,,False,,0.0
2026-03-19,NO_WALL,ASK,2026-03-19 03:25:32.535421122,1773890732535421122,0.0,0.0,2231.4,0.0,0.0,3,3,12.999999999997272,6+,,,2231.0,2231.3,3.000000000001819,2231.0,2231.1,0.0,3.000000000001819,2.23115,0.768850000001819,4.4623,-1.462299999998181,HIT_TARGET,0.665198163,True,0.665198163,False,,False,False,,False,,0.0
2026-03-19,NO_WALL,ASK,2026-03-19 03:27:20.670481762,1773890840670481762,0.0,0.0,2229.6,0.0,0.0,5,5,5.9999999999990905,4-5,,,2229.0,2229.5,5.0,2229.0,2229.1,0.0,5.0,2.22925,2.77075,4.4585,0.5415000000000001,HIT_TARGET,3.97842355,True,3.97842355,False,,False,False,,False,,0.0
2026-03-19,NO_WALL,ASK,2026-03-19 03:27:26.083133340,1773890846083133340,0.0,0.0,2230.2000000000003,0.0,0.0,4,4,5.0,4-5,,,2229.7,2230.1000000000004,4.000000000005457,2229.7,2229.8,0.0,4.000000000005457,2.2299,1.7701000000054568,4.4598,-0.45979999999454346,HIT_TARGET,1.219506921,True,1.219506921,False,,False,False,,False,,0.0
2026-03-19,NO_WALL,BID,2026-03-19 03:30:47.265048228,1773891047265048228,0.0,0.0,2226.1,0.0,0.0,4,4,6.999999999998181,6+,,,2226.6,2226.2,4.0000000000009095,2226.5,2226.6,0.0,4.0000000000009095,2.2263999999999995,1.77360000000091,4.452799999999999,-0.4527999999990895,HIT_TARGET,4.188646383,True,4.188646383,False,,False,False,,False,,0.0
2026-03-19,NO_WALL,BID,2026-03-19 03:31:08.193680153,1773891068193680153,0.0,0.0,2223.5,0.0,0.0,1,1,4.0000000000009095,4-5,,,2223.7,2223.6,0.9999999999990905,2223.6,2223.7,0.0,0.9999999999990905,2.2236499999999992,-1.2236500000009087,4.4472999999999985,-3.447300000000908,HIT_TARGET,0.051972398,True,0.051972398,False,,False,False,,False,,0.0
2026-03-19,NO_WALL,ASK,2026-03-19 03:33:57.935475010,1773891237935475010,0.0,0.0,2221.8,0.0,0.0,4,4,4.0000000000009095,4-5,,,2221.3,2221.7000000000003,4.0000000000009095,2221.3,2221.4,0.0,4.0000000000009095,2.2215,1.7785000000009097,4.443,-0.4429999999990901,HIT_TARGET,1.690028678,True,1.690028678,False,,False,False,,False,,0.0
2026-03-19,NO_WALL,ASK,2026-03-19 03:37:06.453044575,1773891426453044575,0.0,0.0,2219.0,0.0,0.0,5,5,5.9999999999990905,4-5,,,2218.4,2218.9,5.0,2218.4,2218.5,0.0,5.0,2.21865,2.78135,4.4373,0.5627000000000004,HIT_TARGET,3.838363283,True,3.838363283,False,,False,False,,False,,0.0
2026-03-19,NO_WALL,ASK,2026-03-19 03:37:11.041297324,1773891431041297324,0.0,0.0,2219.2,0.0,0.0,2,2,5.0,4-5,,,2218.9,2219.1,1.999999999998181,2218.9,2219.0,0.0,1.999999999998181,2.219,-0.21900000000181885,4.438,-2.4380000000018187,HIT_TARGET,4.662181963,True,4.662181963,False,,False,False,,True,0.47414416,4.0000000000009095
2026-03-19,NO_WALL,ASK,2026-03-19 03:37:15.652996731,1773891435652996731,0.0,0.0,2219.2,0.0,0.0,2,2,4.0000000000009095,4-5,,,2218.9,2219.1,1.999999999998181,2218.9,2219.0,0.0,1.999999999998181,2.219,-0.21900000000181885,4.438,-2.4380000000018187,HIT_TARGET,0.050482556,True,0.050482556,False,,False,False,,False,,0.0
2026-03-19,NO_WALL,BID,2026-03-19 03:39:00.897270391,1773891540897270391,0.0,0.0,2213.4,0.0,0.0,4,4,10.0,6+,,,2213.9,2213.5,4.0000000000009095,2213.8,2213.9,0.0,4.0000000000009095,2.2137,1.7863000000009097,4.4274,-0.42739999999909006,HIT_TARGET,5.166339261,True,5.166339261,False,,False,False,,False,,0.9999999999990905
2026-03-19,NO_WALL,BID,2026-03-19 03:39:03.002061069,1773891543002061069,0.0,0.0,2213.2,0.0,0.0,4,4,4.0000000000009095,4-5,,,2213.7,2213.2999999999997,4.0000000000009095,2213.6,2213.7,0.0,4.0000000000009095,2.2135,1.7865000000009097,4.427,-0.4269999999990901,HIT_TARGET,3.210374443,True,3.210374443,False,,False,False,,False,,0.0
2026-03-19,NO_WALL,ASK,2026-03-19 03:39:20.592591584,1773891560592591584,0.0,0.0,2214.9,0.0,0.0,5,5,4.0000000000009095,4-5,,,2214.3,2214.8,5.0,2214.3,2214.4,0.0,5.0,2.21455,2.78545,4.4291,0.5709,TIMEOUT,60.0,False,,False,,False,False,,True,2.825307915,5.9999999999990905
2026-03-19,NO_WALL,BID,2026-03-19 03:41:33.650489572,1773891693650489572,0.0,0.0,2210.2999999999997,0.0,0.0,3,3,28.00000000000182,6+,,,2210.7,2210.3999999999996,3.000000000001819,2210.6,2210.7,0.0,3.000000000001819,2.2105499999999996,0.7894500000018194,4.421099999999999,-1.4210999999981802,HIT_TARGET,0.971291687,True,0.971291687,False,,False,False,,False,,0.0
2026-03-19,NO_WALL,ASK,2026-03-19 03:42:12.589528157,1773891732589528157,0.0,0.0,2210.5,0.0,0.0,3,3,7.9999999999972715,6+,,,2210.1,2210.4,3.000000000001819,2210.1,2210.2,0.0,3.000000000001819,2.21025,0.7897500000018192,4.4205,-1.4204999999981807,HIT_TARGET,0.617311165,True,0.617311165,False,,False,False,,False,,0.0
2026-03-19,NO_WALL,BID,2026-03-19 03:45:56.647260055,1773891956647260055,0.0,0.0,2208.0,0.0,0.0,3,3,6.999999999998181,6+,,,2208.4,2208.1,3.000000000001819,2208.3,2208.4,0.0,3.000000000001819,2.2082499999999996,0.7917500000018194,4.416499999999999,-1.4164999999981802,HIT_TARGET,13.889053636,True,13.889053636,False,,False,False,,True,13.378583781,5.9999999999990905
2026-03-19,NO_WALL,BID,2026-03-19 03:46:12.809009509,1773891972809009509,0.0,0.0,2206.7999999999997,0.0,0.0,3,3,13.000000000001819,6+,,,2207.2,2206.8999999999996,3.000000000001819,2207.1,2207.2,0.0,3.000000000001819,2.2070499999999997,0.7929500000018193,4.4140999999999995,-1.4140999999981805,HIT_TARGET,0.125724803,True,0.125724803,False,,False,False,,False,,0.0
2026-03-19,NO_WALL,ASK,2026-03-19 03:50:17.965495452,1773892217965495452,0.0,0.0,2213.4,0.0,0.0,3,3,5.0,4-5,,,2213.0,2213.3,3.000000000001819,2213.0,2213.1,0.0,3.000000000001819,2.21315,0.7868500000018188,4.4263,-1.4262999999981814,HIT_TARGET,4.333550161,True,4.333550161,False,,False,False,,False,,0.0
2026-03-19,NO_WALL,BID,2026-03-19 03:51:07.514857486,1773892267514857486,0.0,0.0,2212.5,0.0,0.0,3,3,5.9999999999990905,4-5,,,2212.9,2212.6,3.000000000001819,2212.8,2212.9,0.0,3.000000000001819,2.2127499999999998,0.7872500000018192,4.4254999999999995,-1.4254999999981806,HIT_TARGET,0.059709421,True,0.059709421,False,,False,False,,False,,0.0
2026-03-19,NO_WALL,ASK,2026-03-19 03:56:05.647279359,1773892565647279359,0.0,0.0,2212.3,0.0,0.0,3,3,6.999999999998181,6+,,,2211.9,2212.2000000000003,3.000000000001819,2211.9,2212.0,0.0,3.000000000001819,2.21205,0.7879500000018189,4.4241,-1.4240999999981812,HIT_TARGET,5.982792465,True,5.982792465,False,,False,False,,False,,0.0
2026-03-19,NO_WALL,ASK,2026-03-19 03:56:06.877857567,1773892566877857567,0.0,0.0,2212.2,0.0,0.0,2,2,5.9999999999990905,4-5,,,2211.9,2212.1,1.999999999998181,2211.9,2212.0,0.0,1.999999999998181,2.2119999999999997,-0.21200000000181873,4.4239999999999995,-2.4240000000018185,HIT_TARGET,3.73102444,True,3.73102444,False,,False,False,,False,,0.0
2026-03-19,NO_WALL,BID,2026-03-19 04:00:21.202271036,1773892821202271036,0.0,0.0,2208.7,0.0,0.0,3,3,4.0000000000009095,4-5,,,2209.1,2208.7999999999997,3.000000000001819,2209.0,2209.1,0.0,3.000000000001819,2.2089499999999997,0.7910500000018192,4.4178999999999995,-1.4178999999981805,TIMEOUT,60.0,False,,False,,False,False,,True,0.480490918,10.99999999999909
2026-03-19,NO_WALL,BID,2026-03-19 04:01:16.135740882,1773892876135740882,0.0,0.0,2209.5,0.0,0.0,1,1,4.0000000000009095,4-5,,,2209.7,2209.6,0.9999999999990905,2209.6,2209.7,0.0,0.9999999999990905,2.2096499999999994,-1.209650000000909,4.419299999999999,-3.4193000000009084,HIT_TARGET,0.066053808,True,0.066053808,False,,False,False,,False,,0.0
2026-03-19,NO_WALL,BID,2026-03-19 04:06:01.193138505,1773893161193138505,0.0,0.0,2207.9,0.0,0.0,4,4,5.0,4-5,,,2208.4,2208.0,4.0000000000009095,2208.3,2208.4,0.0,4.0000000000009095,2.2081999999999997,1.7918000000009098,4.416399999999999,-0.41639999999908994,HIT_TARGET,5.16463769,True,5.16463769,False,,False,False,,False,,0.0
2026-03-19,NO_WALL,BID,2026-03-19 04:06:16.467311834,1773893176467311834,0.0,0.0,2206.0,0.0,0.0,4,4,10.0,6+,,,2206.5,2206.1,4.0000000000009095,2206.4,2206.5,0.0,4.0000000000009095,2.2063,1.7937000000009093,4.4126,-0.4125999999990908,HIT_TARGET,1.431293024,True,1.431293024,False,,False,False,,False,,0.0
2026-03-19,NO_WALL,BID,2026-03-19 04:06:17.536570845,1773893177536570845,0.0,0.0,2206.0,0.0,0.0,4,4,5.9999999999990905,4-5,,,2206.5,2206.1,4.0000000000009095,2206.4,2206.5,0.0,4.0000000000009095,2.2063,1.7937000000009093,4.4126,-0.4125999999990908,HIT_TARGET,0.362034013,True,0.362034013,False,,False,False,,False,,0.0
2026-03-19,NO_WALL,ASK,2026-03-19 04:06:51.882823333,1773893211882823333,0.0,0.0,2206.0,0.0,0.0,3,3,3.999999999996362,2-3,,,2205.6,2205.9,3.000000000001819,2205.6,2205.7,0.0,3.000000000001819,2.2057499999999997,0.7942500000018193,4.411499999999999,-1.4114999999981803,HIT_TARGET,6.53586003,True,6.53586003,False,,False,False,,False,,1.999999999998181
2026-03-19,NO_WALL,ASK,2026-03-19 04:08:31.039603159,1773893311039603159,0.0,0.0,2202.3,0.0,0.0,3,3,6.999999999998181,6+,,,2201.9,2202.2000000000003,3.000000000001819,2201.9,2202.0,0.0,3.000000000001819,2.20205,0.7979500000018191,4.4041,-1.4040999999981807,HIT_TARGET,1.795185139,True,1.795185139,False,,False,False,,False,,0.0
2026-03-19,NO_WALL,ASK,2026-03-19 04:08:33.240228502,1773893313240228502,0.0,0.0,2203.0,0.0,0.0,4,4,5.9999999999990905,4-5,,,2202.5,2202.9,4.0000000000009095,2202.5,2202.6,0.0,4.0000000000009095,2.2026999999999997,1.7973000000009098,4.405399999999999,-0.4053999999990898,HIT_TARGET,1.432481467,True,1.432481467,False,,False,False,,False,,0.0
2026-03-19,NO_WALL,ASK,2026-03-19 04:09:00.936604941,1773893340936604941,0.0,0.0,2202.6,0.0,0.0,6,6,6.999999999998181,6+,,,2201.9,2202.5,5.9999999999990905,2201.9,2202.0,0.0,5.9999999999990905,2.2021999999999995,3.797799999999091,4.404399999999999,1.5955999999990915,HIT_TARGET,4.00674641,True,4.00674641,False,,False,False,,False,,0.9999999999990905
2026-03-19,NO_WALL,ASK,2026-03-19 04:17:36.536350711,1773893856536350711,0.0,0.0,2201.9,0.0,0.0,1,1,4.0000000000009095,4-5,,,2201.7,2201.8,1.000000000003638,2201.7,2201.8,0.0,1.000000000003638,2.20175,-1.2017499999963621,4.4035,-3.403499999996362,HIT_TARGET,0.043281117,True,0.043281117,False,,False,False,,False,,0.0
2026-03-19,NO_WALL,BID,2026-03-19 04:18:34.532179800,1773893914532179800,0.0,0.0,2199.9,0.0,0.0,4,4,5.0,4-5,,,2200.4,2200.0,4.0000000000009095,2200.3,2200.4,0.0,4.0000000000009095,2.2001999999999997,1.7998000000009098,4.400399999999999,-0.40039999999908993,HIT_TARGET,57.888306175,True,57.888306175,False,,False,False,,True,4.801957677,8.999999999996362
2026-03-19,NO_WALL,ASK,2026-03-19 04:19:16.844652758,1773893956844652758,0.0,0.0,2201.3999999999996,0.0,0.0,2,2,3.999999999996362,2-3,,,2201.1,2201.2999999999997,1.999999999998181,2201.1,2201.2,0.0,1.999999999998181,2.2011999999999996,-0.2012000000018186,4.402399999999999,-2.402400000001818,HIT_TARGET,2.610821414,True,2.610821414,False,,False,False,,False,,0.0
2026-03-19,NO_WALL,BID,2026-03-19 04:19:25.062587574,1773893965062587574,0.0,0.0,2200.5,0.0,0.0,3,3,3.999999999996362,2-3,,,2200.9,2200.6,3.000000000001819,2200.8,2200.9,0.0,3.000000000001819,2.2007499999999998,0.7992500000018192,4.4014999999999995,-1.4014999999981805,HIT_TARGET,3.529620839,True,3.529620839,False,,False,False,,False,,0.0
2026-03-19,NO_WALL,BID,2026-03-19 04:19:32.051191389,1773893972051191389,0.0,0.0,2200.0,0.0,0.0,2,2,4.0000000000009095,4-5,,,2200.3,2200.1,2.0000000000027285,2200.2,2200.3,0.0,2.0000000000027285,2.2001999999999997,-0.20019999999727123,4.400399999999999,-2.400399999997271,HIT_TARGET,0.369294586,True,0.369294586,False,,False,False,,False,,0.0
2026-03-19,NO_WALL,ASK,2026-03-19 04:26:43.068771990,1773894403068771990,0.0,0.0,2195.7999999999997,0.0,0.0,1,1,6.999999999998181,6+,,,2195.6,2195.7,0.9999999999990905,2195.6,2195.7,0.0,0.9999999999990905,2.195649999999999,-1.1956500000009087,4.391299999999998,-3.391300000000908,HIT_TARGET,0.069798913,True,0.069798913,False,,False,False,,False,,0.0
2026-03-19,NO_WALL,BID,2026-03-19 04:28:53.961408644,1773894533961408644,0.0,0.0,2192.6,0.0,0.0,4,4,10.0,6+,,,2193.1,2192.7,4.0000000000009095,2193.0,2193.1,0.0,4.0000000000009095,2.1928999999999994,1.80710000000091,4.385799999999999,-0.3857999999990893,HIT_TARGET,1.033370191,True,1.033370191,False,,False,False,,False,,0.0
2026-03-19,NO_WALL,BID,2026-03-19 04:30:02.574109127,1773894602574109127,0.0,0.0,2193.6000000000004,0.0,0.0,7,7,5.0,4-5,,,2194.4,2193.7000000000003,6.999999999998181,2194.3,2194.4,0.0,6.999999999998181,2.19405,4.805949999998181,4.3881,2.6118999999981813,HIT_TARGET,2.294565386,True,2.294565386,False,,False,False,,False,,0.0
2026-03-19,NO_WALL,BID,2026-03-19 04:31:15.316430702,1773894675316430702,0.0,0.0,2194.7999999999997,0.0,0.0,4,4,4.0000000000009095,4-5,,,2195.3,2194.8999999999996,4.000000000005457,2195.2,2195.3,0.0,4.000000000005457,2.1950999999999996,1.8049000000054574,4.390199999999999,-0.39019999999454225,HIT_TARGET,2.60262196,True,2.60262196,False,,False,False,,False,,0.0
2026-03-19,NO_WALL,ASK,2026-03-19 04:33:03.224384850,1773894783224384850,0.0,0.0,2197.5,0.0,0.0,3,3,5.0,4-5,,,2197.1,2197.4,3.000000000001819,2197.1,2197.2,0.0,3.000000000001819,2.19725,0.8027500000018191,4.3945,-1.3944999999981809,TIMEOUT,60.0,False,,False,,False,False,,True,7.29399558,5.9999999999990905
2026-03-19,NO_WALL,ASK,2026-03-19 04:35:00.551702786,1773894900551702786,0.0,0.0,2198.9,0.0,0.0,4,4,6.999999999998181,6+,,,2198.4,2198.8,4.0000000000009095,2198.4,2198.5,0.0,4.0000000000009095,2.1986000000000003,1.8014000000009092,4.397200000000001,-0.39719999999909117,TIMEOUT,60.0,False,,False,,False,False,,True,11.09588343,14.00000000000091
2026-03-19,NO_WALL,BID,2026-03-19 04:41:26.037595631,1773895286037595631,0.0,0.0,2192.0,0.0,0.0,2,2,4.0000000000009095,4-5,,,2192.3,2192.1,2.0000000000027285,2192.2,2192.3,0.0,2.0000000000027285,2.1921999999999997,-0.19219999999727122,4.384399999999999,-2.384399999997271,HIT_TARGET,0.436318924,True,0.436318924,False,,False,False,,False,,0.0
2026-03-19,NO_WALL,ASK,2026-03-19 04:42:10.454075809,1773895330454075809,0.0,0.0,2192.7,0.0,0.0,1,1,5.9999999999990905,4-5,,,2192.5,2192.6,0.9999999999990905,2192.5,2192.6,0.0,0.9999999999990905,2.1925499999999998,-1.1925500000009093,4.3850999999999996,-3.385100000000909,HIT_TARGET,0.058605754,True,0.058605754,False,,False,False,,False,,0.0
2026-03-19,NO_WALL,ASK,2026-03-19 04:46:04.325136165,1773895564325136165,0.0,0.0,2194.2000000000003,0.0,0.0,4,4,4.0000000000009095,4-5,,,2193.7,2194.1000000000004,4.000000000005457,2193.7,2193.8,0.0,4.000000000005457,2.1938999999999997,1.8061000000054572,4.3877999999999995,-0.3877999999945425,HIT_TARGET,26.43563057,True,26.43563057,False,,False,False,,False,,0.0
2026-03-19,NO_WALL,ASK,2026-03-19 04:50:20.170836271,1773895820170836271,0.0,0.0,2194.7,0.0,0.0,2,2,5.0,4-5,,,2194.4,2194.6,1.999999999998181,2194.4,2194.5,0.0,1.999999999998181,2.1945,-0.1945000000018191,4.389,-2.3890000000018192,HIT_TARGET,0.07606791,True,0.07606791,False,,False,False,,False,,0.0
2026-03-19,NO_WALL,BID,2026-03-19 04:57:01.236451899,1773896221236451899,0.0,0.0,2196.2999999999997,0.0,0.0,4,4,4.0000000000009095,4-5,,,2196.8,2196.3999999999996,4.000000000005457,2196.7,2196.8,0.0,4.000000000005457,2.1965999999999997,1.8034000000054573,4.393199999999999,-0.39319999999454236,HIT_TARGET,1.249493943,True,1.249493943,False,,False,False,,False,,0.0
2026-03-19,NO_WALL,ASK,2026-03-19 05:00:54.339500310,1773896454339500310,0.0,0.0,2195.3,0.0,0.0,5,5,4.0000000000009095,4-5,,,2194.7,2195.2000000000003,5.0000000000045475,2194.7,2194.8,0.0,5.0000000000045475,2.19495,2.8050500000045475,4.3899,0.6101000000045476,HIT_TARGET,18.901390226,True,18.901390226,False,,False,False,,False,,0.0
2026-03-19,NO_WALL,BID,2026-03-19 05:01:28.877870821,1773896488877870821,0.0,0.0,2193.7999999999997,0.0,0.0,4,4,8.000000000001819,6+,,,2194.3,2193.8999999999996,4.000000000005457,2194.2,2194.3,0.0,4.000000000005457,2.1940999999999997,1.8059000000054573,4.388199999999999,-0.38819999999454247,HIT_TARGET,13.788159894,True,13.788159894,False,,False,False,,True,9.821463391,6.000000000003638
2026-03-19,NO_WALL,ASK,2026-03-19 05:01:39.674508196,1773896499674508196,0.0,0.0,2195.0,0.0,0.0,1,1,4.0000000000009095,4-5,,,2194.8,2194.9,0.9999999999990905,2194.8,2194.9,0.0,0.9999999999990905,2.19485,-1.1948500000009097,4.3897,-3.38970000000091,HIT_TARGET,54.057119624,True,54.057119624,False,,False,False,,True,0.40808707,20.99999999999909
2026-03-19,NO_WALL,BID,2026-03-19 05:03:29.540982068,1773896609540982068,0.0,0.0,2193.2999999999997,0.0,0.0,3,3,4.0000000000009095,4-5,,,2193.7,2193.3999999999996,3.000000000001819,2193.6,2193.7,0.0,3.000000000001819,2.1935499999999997,0.8064500000018193,4.387099999999999,-1.3870999999981803,HIT_TARGET,4.83262588,True,4.83262588,False,,False,False,,False,,0.0
2026-03-19,NO_WALL,BID,2026-03-19 05:05:07.877604482,1773896707877604482,0.0,0.0,2193.7000000000003,0.0,0.0,1,1,3.999999999996362,2-3,,,2193.9,2193.8,0.9999999999990905,2193.8,2193.9,0.0,0.9999999999990905,2.1938500000000003,-1.1938500000009098,4.387700000000001,-3.38770000000091,HIT_TARGET,0.092569223,True,0.092569223,False,,False,False,,False,,0.0
2026-03-19,NO_WALL,BID,2026-03-19 05:05:09.193046352,1773896709193046352,0.0,0.0,2193.7000000000003,0.0,0.0,1,1,3.999999999996362,2-3,,,2193.9,2193.8,0.9999999999990905,2193.8,2193.9,0.0,0.9999999999990905,2.1938500000000003,-1.1938500000009098,4.387700000000001,-3.38770000000091,HIT_TARGET,0.046601628,True,0.046601628,False,,False,False,,False,,0.0
2026-03-19,NO_WALL,BID,2026-03-19 05:05:38.853739099,1773896738853739099,0.0,0.0,2193.0,0.0,0.0,2,2,6.000000000003638,6+,,,2193.3,2193.1,2.0000000000027285,2193.2,2193.3,0.0,2.0000000000027285,2.1931999999999996,-0.1931999999972711,4.386399999999999,-2.3863999999972707,HIT_TARGET,3.235584454,True,3.235584454,False,,False,False,,False,,0.0
2026-03-19,NO_WALL,ASK,2026-03-19 05:07:47.997973080,1773896867997973080,0.0,0.0,2193.4,0.0,0.0,4,4,6.999999999998181,6+,,,2192.9,2193.3,4.0000000000009095,2192.9,2193.0,0.0,4.0000000000009095,2.1931000000000003,1.8069000000009092,4.3862000000000005,-0.38619999999909105,HIT_TARGET,0.818548673,True,0.818548673,False,,False,False,,False,,0.0
2026-03-19,NO_WALL,BID,2026-03-19 05:09:38.598945523,1773896978598945523,0.0,0.0,2195.0,0.0,0.0,4,4,4.0000000000009095,4-5,,,2195.5,2195.1,4.0000000000009095,2195.4,2195.5,0.0,4.0000000000009095,2.1953,1.8047000000009095,4.3906,-0.39059999999909056,HIT_TARGET,9.373809775,True,9.373809775,False,,False,False,,False,,0.0
2026-03-19,NO_WALL,BID,2026-03-19 05:28:24.317583877,1773898104317583877,0.0,0.0,2194.1,0.0,0.0,3,3,5.9999999999990905,4-5,,,2194.5,2194.2,3.000000000001819,2194.4,2194.5,0.0,3.000000000001819,2.1943499999999996,0.8056500000018194,4.388699999999999,-1.3886999999981802,HIT_TARGET,0.913109176,True,0.913109176,False,,False,False,,False,,0.0
2026-03-19,NO_WALL,BID,2026-03-19 05:28:45.292348575,1773898125292348575,0.0,0.0,2192.8,0.0,0.0,2,2,5.0,4-5,,,2193.1,2192.9,1.999999999998181,2193.0,2193.1,0.0,1.999999999998181,2.1929999999999996,-0.1930000000018186,4.385999999999999,-2.386000000001818,HIT_TARGET,3.680417186,True,3.680417186,False,,False,False,,False,,0.0
2026-03-19,NO_WALL,BID,2026-03-19 05:28:54.018215868,1773898134018215868,0.0,0.0,2190.4,0.0,0.0,4,4,8.999999999996362,6+,,,2190.9,2190.5,4.0000000000009095,2190.8,2190.9,0.0,4.0000000000009095,2.1906999999999996,1.8093000000009098,4.381399999999999,-0.3813999999990898,HIT_TARGET,1.486209356,True,1.486209356,False,,False,False,,False,,0.0
2026-03-19,NO_WALL,BID,2026-03-19 05:28:58.203119278,1773898138203119278,0.0,0.0,2189.1,0.0,0.0,5,5,12.000000000002728,6+,,,2189.7,2189.2,5.0,2189.6,2189.7,0.0,5.0,2.1894499999999995,2.8105500000000005,4.378899999999999,0.6211000000000011,TIMEOUT,60.0,False,,False,,False,False,,True,0.154424841,24.00000000000091
2026-03-19,NO_WALL,BID,2026-03-19 05:30:25.095640470,1773898225095640470,0.0,0.0,2189.2,0.0,0.0,4,4,5.9999999999990905,4-5,,,2189.7,2189.2999999999997,4.0000000000009095,2189.6,2189.7,0.0,4.0000000000009095,2.1895,1.8105000000009097,4.379,-0.37899999999909006,HIT_TARGET,6.228778703,True,6.228778703,False,,False,False,,False,,0.0
2026-03-19,NO_WALL,BID,2026-03-19 05:31:15.338208896,1773898275338208896,0.0,0.0,2187.8,0.0,0.0,1,1,10.99999999999909,6+,,,2188.0,2187.9,0.9999999999990905,2187.9,2188.0,0.0,0.9999999999990905,2.18795,-1.1879500000009093,4.3759,-3.375900000000909,HIT_TARGET,0.078729968,True,0.078729968,False,,False,False,,False,,0.0
2026-03-19,NO_WALL,ASK,2026-03-19 05:31:49.282211248,1773898309282211248,0.0,0.0,2188.8999999999996,0.0,0.0,2,2,3.999999999996362,2-3,,,2188.6,2188.7999999999997,1.999999999998181,2188.6,2188.7,0.0,1.999999999998181,2.1887,-0.18870000000181886,4.3774,-2.3774000000018187,HIT_TARGET,10.901300252,True,10.901300252,False,,False,False,,False,,0.0
2026-03-19,NO_WALL,ASK,2026-03-19 05:32:43.962173058,1773898363962173058,0.0,0.0,2189.7,0.0,0.0,1,1,5.9999999999990905,4-5,,,2189.5,2189.6,0.9999999999990905,2189.5,2189.6,0.0,0.9999999999990905,2.18955,-1.1895500000009096,4.3791,-3.3791000000009097,HIT_TARGET,0.074168379,True,0.074168379,False,,False,False,,False,,0.0
2026-03-19,NO_WALL,ASK,2026-03-19 05:32:54.062552512,1773898374062552512,0.0,0.0,2190.2,0.0,0.0,2,2,4.0000000000009095,4-5,,,2189.9,2190.1,1.999999999998181,2189.9,2190.0,0.0,1.999999999998181,2.19,-0.19000000000181894,4.38,-2.380000000001819,TIMEOUT,60.0,False,,False,,False,False,,True,38.415525294,14.00000000000091
2026-03-19,NO_WALL,BID,2026-03-19 05:34:51.436215822,1773898491436215822,0.0,0.0,2187.0,0.0,0.0,4,4,4.0000000000009095,4-5,,,2187.5,2187.1,4.0000000000009095,2187.4,2187.5,0.0,4.0000000000009095,2.1873,1.8127000000009095,4.3746,-0.37459999999909055,HIT_TARGET,2.290942175,True,2.290942175,False,,False,False,,False,,0.0
2026-03-19,NO_WALL,ASK,2026-03-19 05:35:35.193014303,1773898535193014303,0.0,0.0,2188.2000000000003,0.0,0.0,4,4,6.000000000003638,6+,,,2187.7,2188.1000000000004,4.000000000005457,2187.7,2187.8,0.0,4.000000000005457,2.1879,1.812100000005457,4.3758,-0.37579999999454294,HIT_TARGET,1.718477341,True,1.718477341,False,,False,False,,False,,0.0
2026-03-19,NO_WALL,BID,2026-03-19 05:38:19.662179644,1773898699662179644,0.0,0.0,2187.2,0.0,0.0,4,4,4.0000000000009095,4-5,,,2187.7,2187.2999999999997,4.0000000000009095,2187.6,2187.7,0.0,4.0000000000009095,2.1875,1.8125000000009095,4.375,-0.3749999999990905,HIT_TARGET,3.543765642,True,3.543765642,False,,False,False,,False,,0.9999999999990905
2026-03-19,NO_WALL,ASK,2026-03-19 05:42:14.249962467,1773898934249962467,0.0,0.0,2194.8,0.0,0.0,4,4,5.9999999999990905,4-5,,,2194.3,2194.7000000000003,4.0000000000009095,2194.3,2194.4,0.0,4.0000000000009095,2.1945,1.8055000000009094,4.389,-0.38899999999909074,TIMEOUT,60.0,False,,False,,False,False,,True,12.313724276,19.00000000000091
2026-03-19,NO_WALL,BID,2026-03-19 05:59:37.317774912,1773899977317774912,0.0,0.0,2188.0,0.0,0.0,4,4,5.0,4-5,,,2188.5,2188.1,4.0000000000009095,2188.4,2188.5,0.0,4.0000000000009095,2.1883,1.8117000000009096,4.3766,-0.37659999999909033,TIMEOUT,60.0,False,,False,,False,False,,True,11.076064678,12.999999999997272
2026-03-19,NO_WALL,BID,2026-03-19 06:01:51.336210024,1773900111336210024,0.0,0.0,2188.2000000000003,0.0,0.0,2,2,5.9999999999990905,4-5,,,2188.5,2188.3,1.999999999998181,2188.4,2188.5,0.0,1.999999999998181,2.1884,-0.1884000000018191,4.3768,-2.3768000000018192,HIT_TARGET,8.467089764,True,8.467089764,False,,False,False,,False,,0.0
2026-03-19,NO_WALL,BID,2026-03-19 06:03:31.466663235,1773900211466663235,0.0,0.0,2184.9,0.0,0.0,2,2,5.0,4-5,,,2185.2,2185.0,1.999999999998181,2185.1,2185.2,0.0,1.999999999998181,2.1851,-0.1851000000018188,4.3702,-2.3702000000018186,HIT_TARGET,40.065274162,True,40.065274162,False,,False,False,,True,5.51401149,8.000000000001819
2026-03-19,NO_WALL,ASK,2026-03-19 06:04:04.027189196,1773900244027189196,0.0,0.0,2186.1000000000004,0.0,0.0,3,3,5.0,4-5,,,2185.7,2186.0000000000005,3.0000000000063665,2185.7,2185.8,0.0,3.0000000000063665,2.1858500000000003,0.8141500000063662,4.371700000000001,-1.3716999999936341,TIMEOUT,60.0,False,,False,,False,False,,True,5.667055437,15.0
2026-03-19,NO_WALL,BID,2026-03-19 06:04:15.151609815,1773900255151609815,0.0,0.0,2183.8999999999996,0.0,0.0,3,3,8.000000000001819,6+,,,2184.3,2183.9999999999995,3.0000000000063665,2184.2,2184.3,0.0,3.0000000000063665,2.1841499999999994,0.8158500000063671,4.368299999999999,-1.3682999999936323,TIMEOUT,60.0,False,,False,,False,False,,True,0.102771282,14.00000000000091
2026-03-19,NO_WALL,ASK,2026-03-19 06:05:09.458524440,1773900309458524440,0.0,0.0,2185.3,0.0,0.0,3,3,5.0,4-5,,,2184.9,2185.2000000000003,3.000000000001819,2184.9,2185.0,0.0,3.000000000001819,2.18505,0.814950000001819,4.3701,-1.3700999999981809,TIMEOUT,60.0,False,,False,,False,False,,True,17.104305775,28.00000000000182
2026-03-19,NO_WALL,ASK,2026-03-19 06:07:01.520774939,1773900421520774939,0.0,0.0,2185.8,0.0,0.0,4,4,9.00000000000091,6+,,,2185.3,2185.7000000000003,4.0000000000009095,2185.3,2185.4,0.0,4.0000000000009095,2.1854999999999998,1.8145000000009097,4.3709999999999996,-0.37099999999909006,HIT_TARGET,0.240861872,True,0.240861872,False,,False,False,,False,,0.0
2026-03-19,NO_WALL,ASK,2026-03-19 06:07:58.864395948,1773900478864395948,0.0,0.0,2188.7999999999997,0.0,0.0,2,2,7.9999999999972715,6+,,,2188.5,2188.7,1.999999999998181,2188.5,2188.6,0.0,1.999999999998181,2.1885999999999997,-0.18860000000181865,4.377199999999999,-2.3772000000018183,HIT_TARGET,1.020895781,True,1.020895781,False,,False,False,,False,,0.0
2026-03-19,NO_WALL,ASK,2026-03-19 06:10:46.567038869,1773900646567038869,0.0,0.0,2189.0,0.0,0.0,3,3,3.999999999996362,2-3,,,2188.6,2188.9,3.000000000001819,2188.6,2188.7,0.0,3.000000000001819,2.1887499999999998,0.8112500000018192,4.3774999999999995,-1.3774999999981805,TIMEOUT,60.0,False,,False,,False,False,,True,4.036221895,5.0
2026-03-19,NO_WALL,ASK,2026-03-19 06:10:54.352329569,1773900654352329569,0.0,0.0,2189.0,0.0,0.0,3,3,3.999999999996362,2-3,,,2188.6,2188.9,3.000000000001819,2188.6,2188.7,0.0,3.000000000001819,2.1887499999999998,0.8112500000018192,4.3774999999999995,-1.3774999999981805,TIMEOUT,60.0,False,,False,,False,False,,True,7.782839958,5.0
2026-03-19,NO_WALL,ASK,2026-03-19 06:11:10.132736824,1773900670132736824,0.0,0.0,2188.9,0.0,0.0,3,3,4.0000000000009095,4-5,,,2188.5,2188.8,3.000000000001819,2188.5,2188.6,0.0,3.000000000001819,2.18865,0.811350000001819,4.3773,-1.377299999998181,HIT_TARGET,52.728991533,True,52.728991533,False,,False,False,,False,,0.0
2026-03-19,NO_WALL,ASK,2026-03-19 06:12:20.435489451,1773900740435489451,0.0,0.0,2190.3,0.0,0.0,5,5,4.0000000000009095,4-5,,,2189.7,2190.2000000000003,5.0000000000045475,2189.7,2189.8,0.0,5.0000000000045475,2.1899499999999996,2.810050000004548,4.379899999999999,0.6201000000045482,HIT_TARGET,35.181535335,True,35.181535335,False,,False,False,,False,,2.0000000000027285
2026-03-19,NO_WALL,ASK,2026-03-19 06:21:02.698920293,1773901262698920293,0.0,0.0,2193.0,0.0,0.0,2,2,7.0000000000027285,6+,,,2192.7,2192.9,2.0000000000027285,2192.7,2192.8,0.0,2.0000000000027285,2.1928,-0.1927999999972716,4.3856,-2.3855999999972717,HIT_TARGET,1.992267283,True,1.992267283,False,,False,False,,False,,0.0
2026-03-19,NO_WALL,BID,2026-03-19 06:21:27.097266409,1773901287097266409,0.0,0.0,2192.6,0.0,0.0,4,4,4.0000000000009095,4-5,,,2193.1,2192.7,4.0000000000009095,2193.0,2193.1,0.0,4.0000000000009095,2.1928999999999994,1.80710000000091,4.385799999999999,-0.3857999999990893,HIT_TARGET,6.001900315,True,6.001900315,False,,False,False,,False,,0.0
2026-03-19,NO_WALL,ASK,2026-03-19 06:24:30.092961342,1773901470092961342,0.0,0.0,2190.3999999999996,0.0,0.0,2,2,3.999999999996362,2-3,,,2190.1,2190.2999999999997,1.999999999998181,2190.1,2190.2,0.0,1.999999999998181,2.1902,-0.19020000000181891,4.3804,-2.380400000001819,HIT_TARGET,9.443612513,True,9.443612513,False,,False,False,,False,,0.9999999999990905
2026-03-19,NO_WALL,ASK,2026-03-19 06:26:39.212196289,1773901599212196289,0.0,0.0,2193.7999999999997,0.0,0.0,6,6,3.999999999996362,2-3,,,2193.1,2193.7,5.9999999999990905,2193.1,2193.2,0.0,5.9999999999990905,2.1933999999999996,3.806599999999091,4.386799999999999,1.6131999999990914,TIMEOUT,60.0,False,,False,,False,False,,True,22.263607597,6.999999999998181
2026-03-19,NO_WALL,BID,2026-03-19 06:32:13.053103305,1773901933053103305,0.0,0.0,2185.4,0.0,0.0,2,2,5.0,4-5,,,2185.7,2185.5,1.999999999998181,2185.6,2185.7,0.0,1.999999999998181,2.1856,-0.18560000000181898,4.3712,-2.371200000001819,HIT_TARGET,2.614515527,True,2.614515527,False,,False,False,,False,,0.0
2026-03-19,NO_WALL,ASK,2026-03-19 06:32:30.613088809,1773901950613088809,0.0,0.0,2187.2000000000003,0.0,0.0,4,4,4.0000000000009095,4-5,,,2186.7,2187.1000000000004,4.000000000005457,2186.7,2186.8,0.0,4.000000000005457,2.1868999999999996,1.8131000000054573,4.373799999999999,-0.3737999999945423,HIT_TARGET,1.793114261,True,1.793114261,False,,False,False,,False,,0.0
2026-03-19,NO_WALL,BID,2026-03-19 06:34:03.876891954,1773902043876891954,0.0,0.0,2182.5,0.0,0.0,4,4,11.999999999998181,6+,,,2183.0,2182.6,4.0000000000009095,2182.9,2183.0,0.0,4.0000000000009095,2.1828000000000003,1.8172000000009092,4.365600000000001,-0.3655999999990911,HIT_TARGET,47.936585812,True,47.936585812,False,,False,False,,True,1.14700022,16.99999999999818
2026-03-19,NO_WALL,ASK,2026-03-19 06:35:31.407385479,1773902131407385479,0.0,0.0,2180.6,0.0,0.0,4,4,3.999999999996362,2-3,,,2180.1,2180.5,4.0000000000009095,2180.1,2180.2,0.0,4.0000000000009095,2.1803000000000003,1.8197000000009091,4.360600000000001,-0.3605999999990912,HIT_TARGET,6.79567991,True,6.79567991,False,,False,False,,True,1.440216615,5.0
2026-03-19,NO_WALL,ASK,2026-03-19 06:35:37.127843177,1773902137127843177,0.0,0.0,2180.6,0.0,0.0,4,4,5.0,4-5,,,2180.1,2180.5,4.0000000000009095,2180.1,2180.2,0.0,4.0000000000009095,2.1803000000000003,1.8197000000009091,4.360600000000001,-0.3605999999990912,HIT_TARGET,1.075222212,True,1.075222212,False,,False,False,,False,,0.0
2026-03-19,NO_WALL,BID,2026-03-19 06:35:59.625479568,1773902159625479568,0.0,0.0,2179.0,0.0,0.0,1,1,5.0,4-5,,,2179.2,2179.1,0.9999999999990905,2179.1,2179.2,0.0,0.9999999999990905,2.1791499999999995,-1.179150000000909,4.358299999999999,-3.3583000000009084,HIT_TARGET,0.059962563,True,0.059962563,False,,False,False,,False,,0.0
2026-03-19,NO_WALL,BID,2026-03-19 06:36:44.604593996,1773902204604593996,0.0,0.0,2178.6,0.0,0.0,6,6,11.000000000003638,6+,,,2179.3,2178.7,6.000000000003638,2179.2,2179.3,0.0,6.000000000003638,2.179,3.821000000003638,4.358,1.6420000000036383,HIT_TARGET,44.289078951,True,44.289078951,False,,False,False,,True,1.734554359,18.00000000000182
2026-03-19,NO_WALL,ASK,2026-03-19 06:37:27.003571109,1773902247003571109,0.0,0.0,2180.7000000000003,0.0,0.0,4,4,5.0,4-5,,,2180.2,2180.6000000000004,4.000000000005457,2180.2,2180.3,0.0,4.000000000005457,2.1804,1.8196000000054569,4.3608,-0.36079999999454326,HIT_TARGET,37.448969573,True,37.448969573,False,,False,False,,True,0.257003994,23.00000000000182
2026-03-19,NO_WALL,ASK,2026-03-19 06:38:03.986950271,1773902283986950271,0.0,0.0,2180.6,0.0,0.0,4,4,3.999999999996362,2-3,,,2180.1,2180.5,4.0000000000009095,2180.1,2180.2,0.0,4.0000000000009095,2.1803000000000003,1.8197000000009091,4.360600000000001,-0.3605999999990912,HIT_TARGET,0.465590411,True,0.465590411,False,,False,False,,False,,0.0
2026-03-19,NO_WALL,ASK,2026-03-19 06:39:39.382321421,1773902379382321421,0.0,0.0,2183.9,0.0,0.0,3,3,7.9999999999972715,6+,,,2183.5,2183.8,3.000000000001819,2183.5,2183.6,0.0,3.000000000001819,2.18365,0.8163500000018189,4.3673,-1.3672999999981812,HIT_TARGET,1.023380883,True,1.023380883,False,,False,False,,False,,0.0
2026-03-19,NO_WALL,ASK,2026-03-19 06:40:03.013710557,1773902403013710557,0.0,0.0,2186.6,0.0,0.0,4,4,5.9999999999990905,4-5,,,2186.1,2186.5,4.0000000000009095,2186.1,2186.2,0.0,4.0000000000009095,2.1863,1.8137000000009094,4.3726,-0.37259999999909077,HIT_TARGET,1.122086962,True,1.122086962,False,,False,False,,False,,0.0
2026-03-19,NO_WALL,ASK,2026-03-19 06:45:11.688316568,1773902711688316568,0.0,0.0,2187.3,0.0,0.0,3,3,5.0,4-5,,,2186.9,2187.2000000000003,3.000000000001819,2186.9,2187.0,0.0,3.000000000001819,2.18705,0.8129500000018188,4.3741,-1.3740999999981813,HIT_TARGET,6.448420029,True,6.448420029,False,,False,False,,False,,0.0
2026-03-19,NO_WALL,ASK,2026-03-19 06:45:19.615163450,1773902719615163450,0.0,0.0,2187.8,0.0,0.0,3,3,5.0,4-5,,,2187.4,2187.7000000000003,3.000000000001819,2187.4,2187.5,0.0,3.000000000001819,2.18755,0.8124500000018191,4.3751,-1.3750999999981808,HIT_TARGET,3.216901722,True,3.216901722,False,,False,False,,False,,0.0
2026-03-19,NO_WALL,BID,2026-03-19 06:46:00.607575164,1773902760607575164,0.0,0.0,2186.2000000000003,0.0,0.0,2,2,4.0000000000009095,4-5,,,2186.5,2186.3,1.999999999998181,2186.4,2186.5,0.0,1.999999999998181,2.1864,-0.1864000000018189,4.3728,-2.372800000001819,HIT_TARGET,4.750663574,True,4.750663574,False,,False,False,,False,,0.0
2026-03-19,NO_WALL,ASK,2026-03-19 06:47:40.736435130,1773902860736435130,0.0,0.0,2186.7000000000003,0.0,0.0,3,3,4.0000000000009095,4-5,,,2186.3,2186.6000000000004,3.000000000001819,2186.3,2186.4,0.0,3.000000000001819,2.1864500000000002,0.8135500000018188,4.3729000000000005,-1.3728999999981815,HIT_TARGET,9.811183057,True,9.811183057,False,,False,False,,False,,2.0000000000027285
2026-03-19,NO_WALL,BID,2026-03-19 06:54:31.898297229,1773903271898297229,0.0,0.0,2178.6,0.0,0.0,5,5,10.0,6+,,,2179.2,2178.7,5.0,2179.1,2179.2,0.0,5.0,2.1789499999999995,2.8210500000000005,4.357899999999999,0.642100000000001,HIT_TARGET,35.922052237,True,35.922052237,False,,False,False,,False,,0.9999999999990905
2026-03-19,NO_WALL,ASK,2026-03-19 06:55:47.162300620,1773903347162300620,0.0,0.0,2179.4,0.0,0.0,4,4,5.0,4-5,,,2178.9,2179.3,4.0000000000009095,2178.9,2179.0,0.0,4.0000000000009095,2.1791000000000005,1.820900000000909,4.358200000000001,-0.35819999999909147,HIT_TARGET,6.484658481,True,6.484658481,False,,False,False,,False,,0.0
2026-03-19,NO_WALL,ASK,2026-03-19 06:56:02.219486606,1773903362219486606,0.0,0.0,2180.7999999999997,0.0,0.0,2,2,5.9999999999990905,4-5,,,2180.5,2180.7,1.999999999998181,2180.5,2180.6,0.0,1.999999999998181,2.1806,-0.18060000000181908,4.3612,-2.361200000001819,HIT_TARGET,0.868975918,True,0.868975918,False,,False,False,,False,,0.0
2026-03-19,NO_WALL,BID,2026-03-19 07:00:24.558567430,1773903624558567430,0.0,0.0,2179.9,0.0,0.0,4,4,5.0,4-5,,,2180.4,2180.0,4.0000000000009095,2180.3,2180.4,0.0,4.0000000000009095,2.1801999999999997,1.8198000000009098,4.360399999999999,-0.3603999999990899,HIT_TARGET,2.502576554,True,2.502576554,False,,False,False,,False,,0.0
2026-03-19,NO_WALL,ASK,2026-03-19 07:02:02.337605740,1773903722337605740,0.0,0.0,2174.9,0.0,0.0,1,1,14.00000000000091,6+,,,2174.7,2174.8,1.000000000003638,2174.7,2174.8,0.0,1.000000000003638,2.17475,-1.174749999996362,4.3495,-3.349499999996362,HIT_TARGET,0.057578195,True,0.057578195,False,,False,False,,False,,0.0
2026-03-19,NO_WALL,ASK,2026-03-19 07:05:49.161555514,1773903949161555514,0.0,0.0,2182.0,0.0,0.0,5,5,5.0,4-5,,,2181.4,2181.9,5.0,2181.4,2181.5,0.0,5.0,2.18165,2.81835,4.3633,0.6367000000000003,HIT_TARGET,3.276204534,True,3.276204534,False,,False,False,,False,,0.0
2026-03-19,NO_WALL,ASK,2026-03-19 07:05:53.868762166,1773903953868762166,0.0,0.0,2182.3,0.0,0.0,3,3,5.0,4-5,,,2181.9,2182.2000000000003,3.000000000001819,2181.9,2182.0,0.0,3.000000000001819,2.18205,0.8179500000018192,4.3641,-1.3640999999981807,TIMEOUT,60.0,False,,False,,False,False,,True,7.906980997,16.99999999999818
2026-03-19,NO_WALL,ASK,2026-03-19 07:06:10.501131590,1773903970501131590,0.0,0.0,2181.5,0.0,0.0,2,2,4.0000000000009095,4-5,,,2181.2,2181.4,2.0000000000027285,2181.2,2181.3,0.0,2.0000000000027285,2.1813000000000002,-0.18129999999727175,4.3626000000000005,-2.362599999997272,HIT_TARGET,29.134371747,True,29.134371747,False,,False,False,,True,6.225774136,10.0
2026-03-19,NO_WALL,ASK,2026-03-19 07:06:11.520436803,1773903971520436803,0.0,0.0,2181.5,0.0,0.0,2,2,4.0000000000009095,4-5,,,2181.2,2181.4,2.0000000000027285,2181.2,2181.3,0.0,2.0000000000027285,2.1813000000000002,-0.18129999999727175,4.3626000000000005,-2.362599999997272,HIT_TARGET,28.115066534,True,28.115066534,False,,False,False,,True,5.206468923,10.0
2026-03-19,NO_WALL,BID,2026-03-19 07:08:04.662331454,1773904084662331454,0.0,0.0,2175.3,0.0,0.0,6,6,6.999999999998181,6+,,,2176.0,2175.4,5.9999999999990905,2175.9,2176.0,0.0,5.9999999999990905,2.1756999999999995,3.824299999999091,4.351399999999999,1.6485999999990915,HIT_TARGET,23.016149776,True,23.016149776,False,,False,False,,True,1.883391621,5.9999999999990905
2026-03-19,NO_WALL,BID,2026-03-19 07:08:32.142489293,1773904112142489293,0.0,0.0,2174.5,0.0,0.0,2,2,5.0,4-5,,,2174.8,2174.6,2.0000000000027285,2174.7,2174.8,0.0,2.0000000000027285,2.1746999999999996,-0.17469999999727115,4.349399999999999,-2.349399999997271,HIT_TARGET,1.048113158,True,1.048113158,False,,False,False,,True,0.486438749,4.0000000000009095
2026-03-19,NO_WALL,BID,2026-03-19 07:08:59.414598484,1773904139414598484,0.0,0.0,2172.2999999999997,0.0,0.0,3,3,15.99999999999909,6+,,,2172.7,2172.3999999999996,3.000000000001819,2172.6,2172.7,0.0,3.000000000001819,2.1725499999999998,0.8274500000018192,4.3450999999999995,-1.3450999999981805,HIT_TARGET,0.568070535,True,0.568070535,False,,False,False,,False,,0.0
2026-03-19,NO_WALL,BID,2026-03-19 07:10:25.618373228,1773904225618373228,0.0,0.0,2171.0,0.0,0.0,4,4,10.99999999999909,6+,,,2171.5,2171.1,4.0000000000009095,2171.4,2171.5,0.0,4.0000000000009095,2.1713,1.8287000000009095,4.3426,-0.3425999999990905,HIT_TARGET,1.633633837,True,1.633633837,False,,False,False,,False,,0.0
2026-03-19,NO_WALL,ASK,2026-03-19 07:11:01.692559164,1773904261692559164,0.0,0.0,2170.1,0.0,0.0,4,4,5.0,4-5,,,2169.6,2170.0,4.0000000000009095,2169.6,2169.7,0.0,4.0000000000009095,2.1698,1.8302000000009095,4.3396,-0.3395999999990904,HIT_TARGET,4.503577881,True,4.503577881,False,,False,False,,False,,1.999999999998181
2026-03-19,NO_WALL,BID,2026-03-19 07:11:29.535106693,1773904289535106693,0.0,0.0,2167.7,0.0,0.0,5,5,9.00000000000091,6+,,,2168.3,2167.7999999999997,5.0000000000045475,2168.2,2168.3,0.0,5.0000000000045475,2.16805,2.8319500000045474,4.3361,0.6639000000045474,HIT_TARGET,46.885413859,True,46.885413859,False,,False,False,,True,3.094586184,23.00000000000182
2026-03-19,NO_WALL,ASK,2026-03-19 07:11:48.436664574,1773904308436664574,0.0,0.0,2171.0,0.0,0.0,4,4,5.0,4-5,,,2170.5,2170.9,4.0000000000009095,2170.5,2170.6,0.0,4.0000000000009095,2.1706999999999996,1.8293000000009099,4.341399999999999,-0.34139999999908976,TIMEOUT,60.0,False,,False,,False,False,,True,3.279920119,40.0
2026-03-19,NO_WALL,ASK,2026-03-19 07:11:56.972955707,1773904316972955707,0.0,0.0,2169.7000000000003,0.0,0.0,3,3,5.9999999999990905,4-5,,,2169.3,2169.6000000000004,3.000000000001819,2169.3,2169.4,0.0,3.000000000001819,2.1694500000000003,0.8305500000018187,4.338900000000001,-1.3388999999981817,HIT_TARGET,8.83101568,True,8.83101568,False,,False,False,,True,3.41626251,3.000000000001819
2026-03-19,NO_WALL,BID,2026-03-19 07:12:23.486867098,1773904343486867098,0.0,0.0,2166.7999999999997,0.0,0.0,4,4,5.0,4-5,,,2167.3,2166.8999999999996,4.000000000005457,2167.2,2167.3,0.0,4.000000000005457,2.1670999999999996,1.8329000000054574,4.334199999999999,-0.3341999999945422,HIT_TARGET,3.597640828,True,3.597640828,False,,False,False,,False,,1.000000000003638
2026-03-19,NO_WALL,ASK,2026-03-19 07:12:42.338724676,1773904362338724676,0.0,0.0,2169.7999999999997,0.0,0.0,6,6,5.0,4-5,,,2169.1,2169.7,5.9999999999990905,2169.1,2169.2,0.0,5.9999999999990905,2.1693999999999996,3.830599999999091,4.338799999999999,1.6611999999990914,HIT_TARGET,5.56200367,True,5.56200367,False,,False,False,,False,,0.0
2026-03-19,NO_WALL,ASK,2026-03-19 07:13:11.369943337,1773904391369943337,0.0,0.0,2167.3,0.0,0.0,3,3,4.0000000000009095,4-5,,,2166.9,2167.2000000000003,3.000000000001819,2166.9,2167.0,0.0,3.000000000001819,2.16705,0.8329500000018188,4.3341,-1.3340999999981813,HIT_TARGET,1.733474751,True,1.733474751,False,,False,False,,False,,0.0
2026-03-19,NO_WALL,BID,2026-03-19 07:13:16.820730228,1773904396820730228,0.0,0.0,2166.2000000000003,0.0,0.0,2,2,6.999999999998181,6+,,,2166.5,2166.3,1.999999999998181,2166.4,2166.5,0.0,1.999999999998181,2.1664,-0.16640000000181887,4.3328,-2.3328000000018188,HIT_TARGET,0.059579984,True,0.059579984,False,,False,False,,False,,0.0
2026-03-19,NO_WALL,ASK,2026-03-19 07:13:41.421571761,1773904421421571761,0.0,0.0,2163.7999999999997,0.0,0.0,1,1,5.9999999999990905,4-5,,,2163.4,2163.7,2.9999999999972715,2163.4,2163.7,0.0,2.9999999999972715,2.16355,0.8364499999972717,4.3271,-1.3271000000027282,HIT_TARGET,0.051240349,True,0.051240349,False,,False,False,,False,,0.0
2026-03-19,NO_WALL,BID,2026-03-19 07:14:11.327174263,1773904451327174263,0.0,0.0,2161.9,0.0,0.0,4,4,6.999999999998181,6+,,,2162.4,2162.0,4.0000000000009095,2162.3,2162.4,0.0,4.0000000000009095,2.1622,1.8378000000009096,4.3244,-0.3243999999990903,HIT_TARGET,2.960213966,True,2.960213966,False,,False,False,,False,,0.0
2026-03-19,NO_WALL,ASK,2026-03-19 07:14:37.291698112,1773904477291698112,0.0,0.0,2161.9,0.0,0.0,4,4,9.00000000000091,6+,,,2161.4,2161.8,4.0000000000009095,2161.4,2161.5,0.0,4.0000000000009095,2.1616000000000004,1.838400000000909,4.323200000000001,-0.3231999999990913,HIT_TARGET,27.495608199,True,27.495608199,False,,False,False,,True,0.308174533,18.00000000000182
2026-03-19,NO_WALL,ASK,2026-03-19 07:16:00.567434345,1773904560567434345,0.0,0.0,2157.7,0.0,0.0,2,2,5.0,4-5,,,2157.4,2157.6,1.999999999998181,2157.4,2157.5,0.0,1.999999999998181,2.1574999999999998,-0.15750000000181874,4.3149999999999995,-2.3150000000018185,HIT_TARGET,25.505485886,True,25.505485886,False,,False,False,,True,0.05118376,30.99999999999909
2026-03-19,NO_WALL,BID,2026-03-19 07:17:32.657395980,1773904652657395980,0.0,0.0,2160.2,0.0,0.0,4,4,5.9999999999990905,4-5,,,2160.7,2160.2999999999997,4.0000000000009095,2160.6,2160.7,0.0,4.0000000000009095,2.1605,1.8395000000009096,4.321,-0.32099999999909024,HIT_TARGET,0.551262901,True,0.551262901,False,,False,False,,False,,0.0
2026-03-19,NO_WALL,BID,2026-03-19 07:20:25.957243761,1773904825957243761,0.0,0.0,2153.7,0.0,0.0,5,5,15.0,6+,,,2154.3,2153.7999999999997,5.0000000000045475,2154.2,2154.3,0.0,5.0000000000045475,2.15405,2.8459500000045477,4.3081,0.6919000000045479,HIT_TARGET,22.86246508,True,22.86246508,False,,False,False,,True,0.155487573,11.000000000003638
2026-03-19,NO_WALL,BID,2026-03-19 07:21:18.181544428,1773904878181544428,0.0,0.0,2152.0,0.0,0.0,5,5,4.0000000000009095,4-5,,,2152.6,2152.1,5.0,2152.5,2152.6,0.0,5.0,2.1523499999999998,2.8476500000000002,4.3046999999999995,0.6953000000000005,HIT_TARGET,8.055930673,True,8.055930673,False,,False,False,,False,,1.999999999998181
2026-03-19,NO_WALL,BID,2026-03-19 07:21:27.687744477,1773904887687744477,0.0,0.0,2150.6,0.0,0.0,4,4,16.99999999999818,6+,,,2151.1,2150.7,4.0000000000009095,2151.0,2151.1,0.0,4.0000000000009095,2.1508999999999996,1.84910000000091,4.301799999999999,-0.3017999999990897,HIT_TARGET,0.183976581,True,0.183976581,False,,False,False,,False,,0.0
2026-03-19,NO_WALL,BID,2026-03-19 07:21:37.898660970,1773904897898660970,0.0,0.0,2148.4,0.0,0.0,5,5,6.999999999998181,6+,,,2149.0,2148.5,5.0,2148.9,2149.0,0.0,5.0,2.14875,2.85125,4.2975,0.7024999999999997,HIT_TARGET,0.789467017,True,0.789467017,False,,False,False,,False,,0.0
2026-03-19,NO_WALL,ASK,2026-03-19 07:22:55.387549147,1773904975387549147,0.0,0.0,2148.4,0.0,0.0,3,3,5.9999999999990905,4-5,,,2148.0,2148.3,3.000000000001819,2148.0,2148.1,0.0,3.000000000001819,2.14815,0.8518500000018192,4.2963,-1.2962999999981806,HIT_TARGET,12.091139482,True,12.091139482,False,,False,False,,True,0.155032053,6.999999999998181
2026-03-19,NO_WALL,BID,2026-03-19 07:23:53.908993366,1773905033908993366,0.0,0.0,2142.1000000000004,0.0,0.0,7,7,10.99999999999909,6+,,,2142.9,2142.2000000000003,6.999999999998181,2142.8,2142.9,0.0,6.999999999998181,2.14255,4.857449999998181,4.2851,2.714899999998181,TIMEOUT,60.0,False,,False,,False,False,,True,7.245641818,73.99999999999636
2026-03-19,NO_WALL,ASK,2026-03-19 07:24:02.186484188,1773905042186484188,0.0,0.0,2144.5,0.0,0.0,3,3,12.999999999997272,6+,,,2144.1,2144.4,3.000000000001819,2144.1,2144.2,0.0,3.000000000001819,2.14425,0.855750000001819,4.2885,-1.288499999998181,HIT_TARGET,0.406362538,True,0.406362538,False,,False,False,,False,,0.0
2026-03-19,NO_WALL,ASK,2026-03-19 07:25:13.973590227,1773905113973590227,0.0,0.0,2146.4,0.0,0.0,6,6,8.000000000001819,6+,,,2145.7,2146.3,6.000000000003638,2145.7,2145.8,0.0,6.000000000003638,2.146,3.854000000003638,4.292,1.7080000000036382,HIT_TARGET,2.39792408,True,2.39792408,False,,False,False,,False,,0.0
2026-03-19,NO_WALL,BID,2026-03-19 07:26:45.961618697,1773905205961618697,0.0,0.0,2155.1,0.0,0.0,4,4,9.00000000000091,6+,,,2155.6,2155.2,4.0000000000009095,2155.5,2155.6,0.0,4.0000000000009095,2.1553999999999993,1.8446000000009102,4.310799999999999,-0.31079999999908914,HIT_TARGET,0.719469607,True,0.719469607,False,,False,False,,False,,0.0
2026-03-19,NO_WALL,ASK,2026-03-19 07:28:06.742863446,1773905286742863446,0.0,0.0,2155.2000000000003,0.0,0.0,3,3,5.9999999999990905,4-5,,,2154.8,2155.1000000000004,3.000000000001819,2154.8,2154.9,0.0,3.000000000001819,2.15495,0.8450500000018191,4.3099,-1.3098999999981809,HIT_TARGET,42.661052419,True,42.661052419,False,,False,False,,True,5.192975095,5.9999999999990905
2026-03-19,NO_WALL,ASK,2026-03-19 07:29:45.390576905,1773905385390576905,0.0,0.0,2155.5,0.0,0.0,3,3,3.999999999996362,2-3,,,2155.1,2155.4,3.000000000001819,2155.1,2155.2,0.0,3.000000000001819,2.1552499999999997,0.8447500000018193,4.310499999999999,-1.3104999999981803,HIT_TARGET,1.481200275,True,1.481200275,False,,False,False,,False,,0.0
2026-03-19,NO_WALL,ASK,2026-03-19 07:30:31.978006693,1773905431978006693,0.0,0.0,2155.1,0.0,0.0,5,5,5.0,4-5,,,2154.5,2155.0,5.0,2154.5,2154.6,0.0,5.0,2.15475,2.84525,4.3095,0.6905000000000001,HIT_TARGET,0.051634563,True,0.051634563,False,,False,False,,False,,0.0
2026-03-19,NO_WALL,ASK,2026-03-19 07:31:51.437186603,1773905511437186603,0.0,0.0,2157.0,0.0,0.0,3,3,3.999999999996362,2-3,,,2156.6,2156.9,3.000000000001819,2156.6,2156.7,0.0,3.000000000001819,2.1567499999999997,0.8432500000018193,4.3134999999999994,-1.3134999999981805,HIT_TARGET,8.271101026,True,8.271101026,False,,False,False,,True,2.449650124,10.0
2026-03-19,NO_WALL,ASK,2026-03-19 07:37:07.107179433,1773905827107179433,0.0,0.0,2171.3,0.0,0.0,3,3,23.00000000000182,6+,,,2170.9,2171.2000000000003,3.000000000001819,2170.9,2171.0,0.0,3.000000000001819,2.17105,0.8289500000018188,4.3421,-1.3420999999981813,TIMEOUT,60.0,False,,False,,False,False,,True,1.324402169,44.00000000000091
2026-03-19,NO_WALL,BID,2026-03-19 07:37:21.443927332,1773905841443927332,0.0,0.0,2169.6,0.0,0.0,5,5,4.0000000000009095,4-5,,,2170.2,2169.7,5.0,2170.1,2170.2,0.0,5.0,2.1699499999999996,2.8300500000000004,4.339899999999999,0.6601000000000008,HIT_TARGET,0.80402954,True,0.80402954,False,,False,False,,False,,0.0
2026-03-19,NO_WALL,ASK,2026-03-19 07:37:37.872229716,1773905857872229716,0.0,0.0,2168.8,0.0,0.0,3,3,5.9999999999990905,4-5,,,2168.4,2168.7000000000003,3.000000000001819,2168.4,2168.5,0.0,3.000000000001819,2.16855,0.8314500000018188,4.3371,-1.3370999999981814,HIT_TARGET,0.601383447,True,0.601383447,False,,False,False,,False,,0.0
2026-03-19,NO_WALL,ASK,2026-03-19 07:39:56.045627150,1773905996045627150,0.0,0.0,2171.2,0.0,0.0,1,1,5.9999999999990905,4-5,,,2171.0,2171.1,0.9999999999990905,2171.0,2171.1,0.0,0.9999999999990905,2.17105,-1.1710500000009096,4.3421,-3.34210000000091,HIT_TARGET,0.038248644,True,0.038248644,False,,False,False,,False,,0.0
2026-03-19,NO_WALL,ASK,2026-03-19 07:40:00.172759939,1773906000172759939,0.0,0.0,2172.7000000000003,0.0,0.0,4,4,4.0000000000009095,4-5,,,2172.2,2172.6000000000004,4.000000000005457,2172.2,2172.3,0.0,4.000000000005457,2.1724,1.8276000000054569,4.3448,-0.34479999999454325,HIT_TARGET,0.871703446,True,0.871703446,False,,False,False,,False,,1.000000000003638
2026-03-19,NO_WALL,ASK,2026-03-19 07:45:47.393846027,1773906347393846027,0.0,0.0,2167.9,0.0,0.0,3,3,5.0,4-5,,,2167.5,2167.8,3.000000000001819,2167.5,2167.6,0.0,3.000000000001819,2.16765,0.8323500000018189,4.3353,-1.3352999999981812,HIT_TARGET,1.736814641,True,1.736814641,False,,False,False,,False,,0.0
2026-03-19,NO_WALL,ASK,2026-03-19 07:45:48.591874134,1773906348591874134,0.0,0.0,2167.7999999999997,0.0,0.0,2,2,5.0,4-5,,,2167.5,2167.7,1.999999999998181,2167.5,2167.6,0.0,1.999999999998181,2.1675999999999997,-0.16760000000181874,4.3351999999999995,-2.3352000000018185,HIT_TARGET,0.538786534,True,0.538786534,False,,False,False,,False,,0.0
2026-03-19,NO_WALL,ASK,2026-03-19 07:46:00.663981566,1773906360663981566,0.0,0.0,2167.2000000000003,0.0,0.0,4,4,4.0000000000009095,4-5,,,2166.7,2167.1000000000004,4.000000000005457,2166.7,2166.8,0.0,4.000000000005457,2.1669,1.833100000005457,4.3338,-0.33379999999454313,TIMEOUT,60.0,False,,False,,False,False,,True,0.305753846,25.0
2026-03-19,NO_WALL,ASK,2026-03-19 07:46:23.866957059,1773906383866957059,0.0,0.0,2165.8,0.0,0.0,4,4,5.0,4-5,,,2165.3,2165.7000000000003,4.0000000000009095,2165.3,2165.4,0.0,4.0000000000009095,2.1654999999999998,1.8345000000009097,4.3309999999999995,-0.33099999999909,HIT_TARGET,0.825974118,True,0.825974118,False,,False,False,,False,,0.0
2026-03-19,NO_WALL,ASK,2026-03-19 07:47:28.880142932,1773906448880142932,0.0,0.0,2167.5,0.0,0.0,3,3,10.99999999999909,6+,,,2167.1,2167.4,3.000000000001819,2167.1,2167.2,0.0,3.000000000001819,2.1672499999999997,0.8327500000018193,4.334499999999999,-1.3344999999981804,HIT_TARGET,3.484175783,True,3.484175783,False,,False,False,,False,,0.0
2026-03-19,NO_WALL,ASK,2026-03-19 07:53:07.554008032,1773906787554008032,0.0,0.0,2171.1,0.0,0.0,7,7,5.0,4-5,,,2170.3,2171.0,6.999999999998181,2170.3,2170.4,0.0,6.999999999998181,2.1706499999999997,4.829349999998181,4.3412999999999995,2.6586999999981815,HIT_TARGET,42.587914511,True,42.587914511,False,,False,False,,True,7.678711544,12.000000000002728
2026-03-19,NO_WALL,ASK,2026-03-19 07:53:23.758426508,1773906803758426508,0.0,0.0,2170.2999999999997,0.0,0.0,2,2,4.0000000000009095,4-5,,,2170.0,2170.2,1.999999999998181,2170.0,2170.1,0.0,1.999999999998181,2.1700999999999997,-0.17010000000181869,4.340199999999999,-2.3402000000018184,HIT_TARGET,0.462395877,True,0.462395877,False,,False,False,,False,,0.0
2026-03-19,NO_WALL,ASK,2026-03-19 07:54:02.689093597,1773906842689093597,0.0,0.0,2172.6,0.0,0.0,2,2,4.0000000000009095,4-5,,,2172.3,2172.5,1.999999999998181,2172.3,2172.4,0.0,1.999999999998181,2.1724,-0.1724000000018191,4.3448,-2.344800000001819,HIT_TARGET,3.526099967,True,3.526099967,False,,False,False,,False,,2.0000000000027285
2026-03-19,NO_WALL,BID,2026-03-19 07:54:21.035945655,1773906861035945655,0.0,0.0,2171.8,0.0,0.0,2,2,4.0000000000009095,4-5,,,2172.1,2171.9,1.999999999998181,2172.0,2172.1,0.0,1.999999999998181,2.1719999999999997,-0.1720000000018187,4.343999999999999,-2.3440000000018184,HIT_TARGET,1.357691397,True,1.357691397,False,,False,False,,False,,0.0
2026-03-19,NO_WALL,ASK,2026-03-19 07:56:41.074246261,1773907001074246261,0.0,0.0,2172.4,0.0,0.0,4,4,5.0,4-5,,,2171.9,2172.3,4.0000000000009095,2171.9,2172.0,0.0,4.0000000000009095,2.1721000000000004,1.8279000000009091,4.344200000000001,-0.34419999999909123,HIT_TARGET,2.197361781,True,2.197361781,False,,False,False,,False,,0.0
2026-03-19,NO_WALL,BID,2026-03-19 07:56:59.697903064,1773907019697903064,0.0,0.0,2170.3999999999996,0.0,0.0,3,3,11.000000000003638,6+,,,2170.8,2170.4999999999995,3.0000000000063665,2170.7,2170.8,0.0,3.0000000000063665,2.1706499999999993,0.8293500000063672,4.341299999999999,-1.3412999999936321,HIT_TARGET,1.262218249,True,1.262218249,False,,False,False,,False,,0.0
2026-03-19,NO_WALL,BID,2026-03-19 07:57:47.762605951,1773907067762605951,0.0,0.0,2168.2999999999997,0.0,0.0,3,3,5.0,4-5,,,2168.7,2168.3999999999996,3.000000000001819,2168.6,2168.7,0.0,3.000000000001819,2.1685499999999993,0.8314500000018197,4.337099999999999,-1.3370999999981796,HIT_TARGET,0.976966534,True,0.976966534,False,,False,False,,False,,0.0
2026-03-19,NO_WALL,ASK,2026-03-19 07:59:05.985229726,1773907145985229726,0.0,0.0,2166.6,0.0,0.0,1,1,5.0,4-5,,,2166.4,2166.5,0.9999999999990905,2166.4,2166.5,0.0,0.9999999999990905,2.1664499999999998,-1.1664500000009093,4.3328999999999995,-3.332900000000909,HIT_TARGET,0.061724692,True,0.061724692,False,,False,False,,False,,0.0
2026-03-19,NO_WALL,BID,2026-03-19 08:00:16.422291309,1773907216422291309,0.0,0.0,2166.4,0.0,0.0,5,5,6.999999999998181,6+,,,2167.0,2166.5,5.0,2166.9,2167.0,0.0,5.0,2.16675,2.83325,4.3335,0.6665000000000001,TIMEOUT,60.0,False,,False,,False,False,,True,1.47176742,34.00000000000091
2026-03-19,NO_WALL,BID,2026-03-19 08:02:52.631999914,1773907372631999914,0.0,0.0,2166.2,0.0,0.0,5,5,9.00000000000091,6+,,,2166.8,2166.2999999999997,5.0000000000045475,2166.7,2166.8,0.0,5.0000000000045475,2.16655,2.8334500000045475,4.3331,0.6669000000045475,HIT_TARGET,3.570619018,True,3.570619018,False,,False,False,,False,,0.0
2026-03-19,NO_WALL,BID,2026-03-19 08:03:19.767711832,1773907399767711832,0.0,0.0,2164.3999999999996,0.0,0.0,3,3,4.0000000000009095,4-5,,,2164.8,2164.4999999999995,3.0000000000063665,2164.7,2164.8,0.0,3.0000000000063665,2.1646499999999995,0.8353500000063669,4.329299999999999,-1.3292999999936326,HIT_TARGET,3.891084111,True,3.891084111,False,,False,False,,True,1.43994542,4.0000000000009095
2026-03-19,NO_WALL,BID,2026-03-19 08:03:26.507307334,1773907406507307334,0.0,0.0,2163.6,0.0,0.0,4,4,6.999999999998181,6+,,,2164.1,2163.7,4.0000000000009095,2164.0,2164.1,0.0,4.0000000000009095,2.1638999999999995,1.83610000000091,4.327799999999999,-0.3277999999990895,TIMEOUT,60.0,False,,False,,False,False,,True,2.152743634,24.00000000000091
2026-03-19,NO_WALL,BID,2026-03-19 08:04:41.175320945,1773907481175320945,0.0,0.0,2162.0,0.0,0.0,3,3,8.999999999996362,6+,,,2162.4,2162.1,3.000000000001819,2162.3,2162.4,0.0,3.000000000001819,2.16225,0.8377500000018192,4.3245,-1.3244999999981806,HIT_TARGET,0.306203447,True,0.306203447,False,,False,False,,False,,0.0
2026-03-19,NO_WALL,BID,2026-03-19 08:04:43.517804155,1773907483517804155,0.0,0.0,2161.6,0.0,0.0,6,6,5.0,4-5,,,2162.3,2161.7,6.000000000003638,2162.2,2162.3,0.0,6.000000000003638,2.162,3.838000000003638,4.324,1.6760000000036381,HIT_TARGET,11.486910695,True,11.486910695,False,,False,False,,False,,1.000000000003638
2026-03-19,NO_WALL,ASK,2026-03-19 08:05:01.726058556,1773907501726058556,0.0,0.0,2162.7,0.0,0.0,1,1,4.0000000000009095,4-5,,,2162.5,2162.6,0.9999999999990905,2162.5,2162.6,0.0,0.9999999999990905,2.16255,-1.1625500000009095,4.3251,-3.3251000000009094,HIT_TARGET,0.041644181,True,0.041644181,False,,False,False,,False,,0.0
2026-03-19,NO_WALL,BID,2026-03-19 08:05:17.374000745,1773907517374000745,0.0,0.0,2161.6,0.0,0.0,6,6,6.000000000003638,6+,,,2162.3,2161.7,6.000000000003638,2162.2,2162.3,0.0,6.000000000003638,2.162,3.838000000003638,4.324,1.6760000000036381,HIT_TARGET,34.371806416,True,34.371806416,False,,False,False,,True,1.815821555,8.000000000001819
2026-03-19,NO_WALL,BID,2026-03-19 08:07:08.258384233,1773907628258384233,0.0,0.0,2161.1,0.0,0.0,4,4,4.0000000000009095,4-5,,,2161.6,2161.2,4.0000000000009095,2161.5,2161.6,0.0,4.0000000000009095,2.1613999999999995,1.83860000000091,4.322799999999999,-0.3227999999990896,TIMEOUT,60.0,False,,False,,False,False,,True,6.201256836,51.99999999999818
2026-03-19,NO_WALL,BID,2026-03-19 08:07:52.209746362,1773907672209746362,0.0,0.0,2162.9,0.0,0.0,5,5,10.0,6+,,,2163.5,2163.0,5.0,2163.4,2163.5,0.0,5.0,2.1632499999999997,2.8367500000000003,4.326499999999999,0.6735000000000007,TIMEOUT,60.0,False,,False,,False,False,,True,0.314799861,32.99999999999727
2026-03-19,NO_WALL,BID,2026-03-19 08:08:22.532011413,1773907702532011413,0.0,0.0,2164.4,0.0,0.0,2,2,9.00000000000091,6+,,,2164.7,2164.5,1.999999999998181,2164.6,2164.7,0.0,1.999999999998181,2.1645999999999996,-0.16460000000181862,4.329199999999999,-2.3292000000018183,HIT_TARGET,0.149931551,True,0.149931551,False,,False,False,,False,,0.0
2026-03-19,NO_WALL,ASK,2026-03-19 08:12:25.694879879,1773907945694879879,0.0,0.0,2167.7000000000003,0.0,0.0,4,4,5.0,4-5,,,2167.2,2167.6000000000004,4.000000000005457,2167.2,2167.3,0.0,4.000000000005457,2.1674,1.8326000000054568,4.3348,-0.33479999999454346,HIT_TARGET,1.327333499,True,1.327333499,False,,False,False,,False,,0.0
2026-03-19,NO_WALL,BID,2026-03-19 08:14:17.536251134,1773908057536251134,0.0,0.0,2165.6,0.0,0.0,1,1,5.0,4-5,,,2165.8,2165.7,1.000000000003638,2165.7,2165.8,0.0,1.000000000003638,2.1657499999999996,-1.1657499999963616,4.331499999999999,-3.3314999999963613,HIT_TARGET,0.099845564,True,0.099845564,False,,False,False,,False,,0.0
2026-03-19,NO_WALL,ASK,2026-03-19 08:15:23.538181019,1773908123538181019,0.0,0.0,2167.2999999999997,0.0,0.0,2,2,5.0,4-5,,,2167.0,2167.2,1.999999999998181,2167.0,2167.1,0.0,1.999999999998181,2.1670999999999996,-0.16710000000181857,4.334199999999999,-2.334200000001818,HIT_TARGET,0.470410981,True,0.470410981,False,,False,False,,False,,0.0
2026-03-19,NO_WALL,BID,2026-03-19 08:16:21.943224762,1773908181943224762,0.0,0.0,2163.6,0.0,0.0,5,5,7.0000000000027285,6+,,,2164.2,2163.7,5.0,2164.1,2164.2,0.0,5.0,2.16395,2.83605,4.3279,0.6721000000000004,TIMEOUT,60.0,False,,False,,False,False,,True,5.762542537,25.0
2026-03-19,NO_WALL,ASK,2026-03-19 08:17:07.086939009,1773908227086939009,0.0,0.0,2165.7,0.0,0.0,6,6,4.0000000000009095,4-5,,,2165.0,2165.6,5.9999999999990905,2165.0,2165.1,0.0,5.9999999999990905,2.1653000000000002,3.8346999999990903,4.3306000000000004,1.66939999999909,HIT_TARGET,3.986605181,True,3.986605181,False,,False,False,,False,,0.0
2026-03-19,NO_WALL,ASK,2026-03-19 08:17:21.635184474,1773908241635184474,0.0,0.0,2167.1,0.0,0.0,4,4,3.999999999996362,2-3,,,2166.6,2167.0,4.0000000000009095,2166.6,2166.7,0.0,4.0000000000009095,2.1668,1.8332000000009097,4.3336,-0.3335999999990902,HIT_TARGET,33.267350824,True,33.267350824,False,,False,False,,True,1.124379834,13.999999999996362
2026-03-19,NO_WALL,BID,2026-03-19 08:18:13.429686609,1773908293429686609,0.0,0.0,2167.1,0.0,0.0,4,4,4.0000000000009095,4-5,,,2167.6,2167.2,4.0000000000009095,2167.5,2167.6,0.0,4.0000000000009095,2.1673999999999993,1.8326000000009102,4.334799999999999,-0.33479999999908916,HIT_TARGET,0.04991197,True,0.04991197,False,,False,False,,False,,0.0
2026-03-19,NO_WALL,ASK,2026-03-19 08:20:56.491176581,1773908456491176581,0.0,0.0,2168.6,0.0,0.0,6,6,5.0,4-5,,,2167.9,2168.5,5.9999999999990905,2167.9,2168.0,0.0,5.9999999999990905,2.1681999999999997,3.831799999999091,4.336399999999999,1.6635999999990911,HIT_TARGET,8.42440072,True,8.42440072,False,,False,False,,True,0.713562909,3.000000000001819
2026-03-19,NO_WALL,BID,2026-03-19 08:23:22.068922422,1773908602068922422,0.0,0.0,2166.5,0.0,0.0,1,1,4.0000000000009095,4-5,,,2166.7,2166.6,0.9999999999990905,2166.6,2166.7,0.0,0.9999999999990905,2.1666499999999997,-1.1666500000009092,4.3332999999999995,-3.333300000000909,HIT_TARGET,0.074636694,True,0.074636694,False,,False,False,,False,,0.0
2026-03-19,NO_WALL,BID,2026-03-19 08:25:09.340377538,1773908709340377538,0.0,0.0,2163.6,0.0,0.0,3,3,5.9999999999990905,4-5,,,2164.0,2163.7,3.000000000001819,2163.9,2164.0,0.0,3.000000000001819,2.1638499999999996,0.8361500000018194,4.327699999999999,-1.3276999999981802,HIT_TARGET,16.702997558,True,16.702997558,False,,False,False,,True,8.333012321,9.00000000000091
2026-03-19,NO_WALL,ASK,2026-03-19 08:25:19.410176258,1773908719410176258,0.0,0.0,2164.8999999999996,0.0,0.0,2,2,5.9999999999990905,4-5,,,2164.6,2164.7999999999997,1.999999999998181,2164.6,2164.7,0.0,1.999999999998181,2.1646999999999994,-0.1647000000018184,4.329399999999999,-2.329400000001818,HIT_TARGET,0.306510589,True,0.306510589,False,,False,False,,False,,0.0
2026-03-19,NO_WALL,BID,2026-03-19 08:26:03.991562905,1773908763991562905,0.0,0.0,2162.2000000000003,0.0,0.0,1,1,5.0,4-5,,,2162.4,2162.3,0.9999999999990905,2162.3,2162.4,0.0,0.9999999999990905,2.1623500000000004,-1.16235000000091,4.324700000000001,-3.3247000000009104,HIT_TARGET,0.070424164,True,0.070424164,False,,False,False,,False,,0.0
2026-03-19,NO_WALL,BID,2026-03-19 08:29:43.856512382,1773908983856512382,0.0,0.0,2159.0,0.0,0.0,2,2,6.000000000003638,6+,,,2159.3,2159.1,2.0000000000027285,2159.2,2159.3,0.0,2.0000000000027285,2.1592,-0.1591999999972713,4.3184,-2.318399999997271,HIT_TARGET,16.389763091,True,16.389763091,False,,False,False,,False,,0.0
2026-03-19,NO_WALL,ASK,2026-03-19 08:30:44.329093689,1773909044329093689,0.0,0.0,2160.1,0.0,0.0,2,2,5.0,4-5,,,2159.8,2160.0,1.999999999998181,2159.8,2159.9,0.0,1.999999999998181,2.1599,-0.15990000000181892,4.3198,-2.319800000001819,HIT_TARGET,1.48052972,True,1.48052972,False,,False,False,,False,,0.0
2026-03-19,NO_WALL,ASK,2026-03-19 08:30:54.518529671,1773909054518529671,0.0,0.0,2160.2999999999997,0.0,0.0,2,2,4.0000000000009095,4-5,,,2160.0,2160.2,1.999999999998181,2160.0,2160.1,0.0,1.999999999998181,2.1600999999999995,-0.16010000000181845,4.320199999999999,-2.320200000001818,HIT_TARGET,0.276087573,True,0.276087573,False,,False,False,,False,,0.0
2026-03-19,NO_WALL,ASK,2026-03-19 08:31:49.297740556,1773909109297740556,0.0,0.0,2163.8,0.0,0.0,3,3,5.0,4-5,,,2163.4,2163.7000000000003,3.000000000001819,2163.4,2163.5,0.0,3.000000000001819,2.16355,0.8364500000018191,4.3271,-1.3270999999981807,HIT_TARGET,11.740819918,True,11.740819918,False,,False,False,,True,7.8055961,8.000000000001819
2026-03-19,NO_WALL,ASK,2026-03-19 08:37:58.378794208,1773909478378794208,0.0,0.0,2160.6000000000004,0.0,0.0,3,3,7.0000000000027285,6+,,,2160.2,2160.5000000000005,3.0000000000063665,2160.2,2160.3,0.0,3.0000000000063665,2.16035,0.8396500000063662,4.3207,-1.320699999993634,HIT_TARGET,12.538895447,True,12.538895447,False,,False,False,,True,1.058687454,5.0
2026-03-19,NO_WALL,ASK,2026-03-19 08:40:12.566988831,1773909612566988831,0.0,0.0,2160.7,0.0,0.0,2,2,5.0,4-5,,,2160.4,2160.6,1.999999999998181,2160.4,2160.5,0.0,1.999999999998181,2.1605,-0.16050000000181885,4.321,-2.3210000000018187,HIT_TARGET,31.935947052,True,31.935947052,False,,False,False,,True,1.173224635,28.00000000000182
2026-03-19,NO_WALL,ASK,2026-03-19 08:43:02.992582021,1773909782992582021,0.0,0.0,2162.0,0.0,0.0,4,4,4.0000000000009095,4-5,,,2161.5,2161.9,4.0000000000009095,2161.5,2161.6,0.0,4.0000000000009095,2.1616999999999997,1.8383000000009098,4.3233999999999995,-0.32339999999908997,TIMEOUT,60.0,False,,False,,False,False,,True,2.552547273,21.99999999999818
2026-03-19,NO_WALL,ASK,2026-03-19 08:47:08.572424243,1773910028572424243,0.0,0.0,2162.0,0.0,0.0,2,2,4.0000000000009095,4-5,,,2161.7,2161.9,2.0000000000027285,2161.7,2161.8,0.0,2.0000000000027285,2.1618,-0.16179999999727146,4.3236,-2.3235999999972714,HIT_TARGET,1.786288602,True,1.786288602,False,,False,False,,False,,0.0
2026-03-19,NO_WALL,BID,2026-03-19 08:50:04.790173505,1773910204790173505,0.0,0.0,2162.6,0.0,0.0,4,4,4.0000000000009095,4-5,,,2163.1,2162.7,4.0000000000009095,2163.0,2163.1,0.0,4.0000000000009095,2.1628999999999996,1.83710000000091,4.325799999999999,-0.3257999999990897,HIT_TARGET,13.889524569,True,13.889524569,False,,False,False,,True,0.367880194,5.0
2026-03-19,NO_WALL,ASK,2026-03-19 08:50:42.873032365,1773910242873032365,0.0,0.0,2162.5,0.0,0.0,2,2,5.0,4-5,,,2162.2,2162.4,2.0000000000027285,2162.2,2162.3,0.0,2.0000000000027285,2.1623,-0.16229999999727163,4.3246,-2.3245999999972717,HIT_TARGET,0.410585143,True,0.410585143,False,,False,False,,False,,0.0
2026-03-19,NO_WALL,BID,2026-03-19 08:51:21.681985611,1773910281681985611,0.0,0.0,2162.1000000000004,0.0,0.0,2,2,3.999999999996362,2-3,,,2162.4,2162.2000000000003,1.999999999998181,2162.3,2162.4,0.0,1.999999999998181,2.1623,-0.1623000000018191,4.3246,-2.324600000001819,HIT_TARGET,0.748405482,True,0.748405482,False,,False,False,,False,,0.0
2026-03-19,NO_WALL,BID,2026-03-19 08:51:33.280376061,1773910293280376061,0.0,0.0,2159.9,0.0,0.0,7,7,10.99999999999909,6+,,,2160.7,2160.0,6.999999999998181,2160.6,2160.7,0.0,6.999999999998181,2.1603499999999998,4.839649999998182,4.3206999999999995,2.6792999999981815,HIT_TARGET,23.292932665,True,23.292932665,False,,False,False,,False,,2.0000000000027285
2026-03-19,NO_WALL,BID,2026-03-19 08:52:15.347439135,1773910335347439135,0.0,0.0,2157.9,0.0,0.0,2,2,10.99999999999909,6+,,,2158.2,2158.0,1.999999999998181,2158.1,2158.2,0.0,1.999999999998181,2.1580999999999997,-0.15810000000181867,4.316199999999999,-2.3162000000018184,TIMEOUT,60.0,False,,False,,False,False,,True,2.096370956,33.00000000000182
2026-03-19,NO_WALL,BID,2026-03-19 08:54:25.334167650,1773910465334167650,0.0,0.0,2162.2,0.0,0.0,3,3,9.00000000000091,6+,,,2162.6,2162.2999999999997,3.000000000001819,2162.5,2162.6,0.0,3.000000000001819,2.1624499999999998,0.8375500000018192,4.3248999999999995,-1.3248999999981805,HIT_TARGET,5.618579509,True,5.618579509,False,,False,False,,False,,0.0
2026-03-19,NO_WALL,ASK,2026-03-19 08:55:52.888715530,1773910552888715530,0.0,0.0,2161.2,0.0,0.0,2,2,4.0000000000009095,4-5,,,2160.9,2161.1,1.999999999998181,2160.9,2161.0,0.0,1.999999999998181,2.1609999999999996,-0.16100000000181858,4.321999999999999,-2.322000000001818,HIT_TARGET,12.268171336,True,12.268171336,False,,False,False,,True,5.683710563,6.999999999998181
2026-03-19,NO_WALL,BID,2026-03-19 08:58:24.353325724,1773910704353325724,0.0,0.0,2158.1,0.0,0.0,5,5,5.9999999999990905,4-5,,,2158.7,2158.2,5.0,2158.6,2158.7,0.0,5.0,2.1584499999999998,2.8415500000000002,4.3168999999999995,0.6831000000000005,TIMEOUT,60.0,False,,False,,False,False,,True,21.754123544,17.00000000000273
2026-03-19,NO_WALL,ASK,2026-03-19 09:00:22.408694904,1773910822408694904,0.0,0.0,2162.5,0.0,0.0,3,3,3.999999999996362,2-3,,,2162.1,2162.4,3.000000000001819,2162.1,2162.2,0.0,3.000000000001819,2.16225,0.8377500000018192,4.3245,-1.3244999999981806,HIT_TARGET,0.724900564,True,0.724900564,False,,False,False,,False,,0.0
2026-03-19,NO_WALL,ASK,2026-03-19 09:01:32.653894925,1773910892653894925,0.0,0.0,2165.1,0.0,0.0,4,4,8.999999999996362,6+,,,2164.6,2165.0,4.0000000000009095,2164.6,2164.7,0.0,4.0000000000009095,2.1648,1.8352000000009094,4.3296,-0.3295999999990906,HIT_TARGET,2.196375879,True,2.196375879,False,,False,False,,False,,0.0
2026-03-19,NO_WALL,ASK,2026-03-19 09:02:20.395302873,1773910940395302873,0.0,0.0,2164.9,0.0,0.0,1,1,4.0000000000009095,4-5,,,2164.7,2164.8,1.000000000003638,2164.7,2164.8,0.0,1.000000000003638,2.1647499999999997,-1.1647499999963618,4.3294999999999995,-3.3294999999963615,HIT_TARGET,0.078338407,True,0.078338407,False,,False,False,,False,,0.0
2026-03-19,NO_WALL,ASK,2026-03-19 09:06:16.200962499,1773911176200962499,0.0,0.0,2164.6,0.0,0.0,1,1,4.0000000000009095,4-5,,,2164.4,2164.5,0.9999999999990905,2164.4,2164.5,0.0,0.9999999999990905,2.1644499999999995,-1.164450000000909,4.328899999999999,-3.3289000000009086,HIT_TARGET,0.050684852,True,0.050684852,False,,False,False,,False,,0.0
2026-03-19,NO_WALL,BID,2026-03-19 09:08:30.052802087,1773911310052802087,0.0,0.0,2165.0,0.0,0.0,7,7,10.0,6+,,,2165.8,2165.1,7.0000000000027285,2165.7,2165.8,0.0,7.0000000000027285,2.16545,4.834550000002729,4.3309,2.6691000000027287,HIT_TARGET,19.909686431,True,19.909686431,False,,False,False,,True,5.066624487,4.0000000000009095
2026-03-19,NO_WALL,BID,2026-03-19 09:12:51.819528962,1773911571819528962,0.0,0.0,2163.8,0.0,0.0,7,7,15.99999999999909,6+,,,2164.6,2163.9,6.999999999998181,2164.5,2164.6,0.0,6.999999999998181,2.16425,4.835749999998181,4.3285,2.671499999998181,HIT_TARGET,27.498241604,True,27.498241604,False,,False,False,,True,8.827908797,3.000000000001819
2026-03-19,NO_WALL,BID,2026-03-19 09:15:02.595986295,1773911702595986295,0.0,0.0,2162.4,0.0,0.0,4,4,10.0,6+,,,2162.9,2162.5,4.0000000000009095,2162.8,2162.9,0.0,4.0000000000009095,2.1626999999999996,1.8373000000009099,4.325399999999999,-0.32539999999908975,TIMEOUT,60.0,False,,False,,False,False,,True,8.742173079,10.99999999999909
2026-03-19,NO_WALL,BID,2026-03-19 09:15:03.935917638,1773911703935917638,0.0,0.0,2162.6000000000004,0.0,0.0,2,2,3.999999999996362,2-3,,,2162.9,2162.7000000000003,1.999999999998181,2162.8,2162.9,0.0,1.999999999998181,2.1628000000000003,-0.16280000000181927,4.3256000000000006,-2.3256000000018195,HIT_TARGET,3.87039314,True,3.87039314,False,,False,False,,False,,0.0
2026-03-19,NO_WALL,ASK,2026-03-19 09:18:51.335205700,1773911931335205700,0.0,0.0,2165.2,0.0,0.0,2,2,4.0000000000009095,4-5,,,2164.9,2165.1,1.999999999998181,2164.9,2165.0,0.0,1.999999999998181,2.165,-0.16500000000181902,4.33,-2.330000000001819,HIT_TARGET,19.794855158,True,19.794855158,False,,False,False,,True,9.288395064,4.0000000000009095
2026-03-19,NO_WALL,ASK,2026-03-19 09:26:11.409721991,1773912371409721991,0.0,0.0,2178.8,0.0,0.0,3,3,9.00000000000091,6+,,,2178.4,2178.7000000000003,3.000000000001819,2178.4,2178.5,0.0,3.000000000001819,2.17855,0.821450000001819,4.3571,-1.357099999998181,HIT_TARGET,0.09994307,True,0.09994307,False,,False,False,,False,,0.0
2026-03-19,NO_WALL,ASK,2026-03-19 09:26:37.568713754,1773912397568713754,0.0,0.0,2176.4,0.0,0.0,3,3,5.9999999999990905,4-5,,,2176.0,2176.3,3.000000000001819,2176.0,2176.1,0.0,3.000000000001819,2.17615,0.8238500000018192,4.3523,-1.3522999999981806,HIT_TARGET,34.855281108,True,34.855281108,False,,False,False,,True,2.918994258,17.99999999999727
2026-03-19,NO_WALL,BID,2026-03-19 09:29:18.888772319,1773912558888772319,0.0,0.0,2177.0,0.0,0.0,1,1,5.0,4-5,,,2177.2,2177.1,0.9999999999990905,2177.1,2177.2,0.0,0.9999999999990905,2.1771499999999997,-1.1771500000009092,4.354299999999999,-3.354300000000909,HIT_TARGET,0.051395212,True,0.051395212,False,,False,False,,False,,0.0
2026-03-19,NO_WALL,BID,2026-03-19 09:30:10.574618555,1773912610574618555,0.0,0.0,2178.0,0.0,0.0,3,3,23.999999999996362,6+,,,2178.4,2178.1,3.000000000001819,2178.3,2178.4,0.0,3.000000000001819,2.17825,0.8217500000018192,4.3565,-1.3564999999981806,HIT_TARGET,0.212394503,True,0.212394503,False,,False,False,,False,,0.0
2026-03-19,NO_WALL,ASK,2026-03-19 09:30:45.058697365,1773912645058697365,0.0,0.0,2180.9,0.0,0.0,6,6,4.0000000000009095,4-5,,,2180.2,2180.8,6.000000000003638,2180.2,2180.3,0.0,6.000000000003638,2.1805,3.819500000003638,4.361,1.6390000000036382,HIT_TARGET,5.796734126,True,5.796734126,False,,False,False,,True,2.3256576,3.000000000001819
2026-03-19,NO_WALL,BID,2026-03-19 09:30:55.854153526,1773912655854153526,0.0,0.0,2179.1,0.0,0.0,6,6,10.0,6+,,,2179.8,2179.2,6.000000000003638,2179.7,2179.8,0.0,6.000000000003638,2.1795,3.820500000003638,4.359,1.641000000003638,HIT_TARGET,18.572080371,True,18.572080371,False,,False,False,,True,2.094419849,4.0000000000009095
2026-03-19,NO_WALL,ASK,2026-03-19 09:31:19.435672063,1773912679435672063,0.0,0.0,2180.0,0.0,0.0,5,5,8.000000000001819,6+,,,2179.4,2179.9,5.0,2179.4,2179.5,0.0,5.0,2.17965,2.82035,4.3593,0.6406999999999998,HIT_TARGET,4.386955454,True,4.386955454,False,,False,False,,False,,0.0
2026-03-19,NO_WALL,ASK,2026-03-19 09:31:20.435864599,1773912680435864599,0.0,0.0,2180.2,0.0,0.0,7,7,4.0000000000009095,4-5,,,2179.4,2180.1,6.999999999998181,2179.4,2179.5,0.0,6.999999999998181,2.17975,4.820249999998181,4.3595,2.6404999999981813,HIT_TARGET,3.592068546,True,3.592068546,False,,False,False,,False,,0.0
2026-03-19,NO_WALL,ASK,2026-03-19 09:32:38.798571696,1773912758798571696,0.0,0.0,2180.6000000000004,0.0,0.0,3,3,6.000000000003638,6+,,,2180.2,2180.5000000000005,3.0000000000063665,2180.2,2180.3,0.0,3.0000000000063665,2.1803500000000002,0.8196500000063662,4.3607000000000005,-1.360699999993634,HIT_TARGET,5.155147345,True,5.155147345,False,,False,False,,False,,0.0
2026-03-19,NO_WALL,BID,2026-03-19 09:36:33.464507003,1773912993464507003,0.0,0.0,2177.5,0.0,0.0,6,6,7.0000000000027285,6+,,,2178.2,2177.6,5.9999999999990905,2178.1,2178.2,0.0,5.9999999999990905,2.1778999999999993,3.8220999999990912,4.355799999999999,1.644199999999092,TIMEOUT,60.0,False,,False,,False,False,,True,5.411051614,19.00000000000091
2026-03-19,NO_WALL,BID,2026-03-19 09:39:37.860929127,1773913177860929127,0.0,0.0,2182.2,0.0,0.0,5,5,4.0000000000009095,4-5,,,2182.8,2182.2999999999997,5.0000000000045475,2182.7,2182.8,0.0,5.0000000000045475,2.18255,2.8174500000045475,4.3651,0.6349000000045475,HIT_TARGET,13.703689019,True,13.703689019,False,,False,False,,False,,2.0000000000027285
2026-03-19,NO_WALL,ASK,2026-03-19 09:40:50.799746867,1773913250799746867,0.0,0.0,2184.7000000000003,0.0,0.0,4,4,6.000000000003638,6+,,,2184.2,2184.6000000000004,4.000000000005457,2184.2,2184.3,0.0,4.000000000005457,2.1843999999999997,1.8156000000054573,4.368799999999999,-0.3687999999945424,HIT_TARGET,0.719898806,True,0.719898806,False,,False,False,,False,,0.0
2026-03-19,NO_WALL,ASK,2026-03-19 09:42:20.711047592,1773913340711047592,0.0,0.0,2183.9,0.0,0.0,4,4,4.0000000000009095,4-5,,,2183.4,2183.8,4.0000000000009095,2183.4,2183.5,0.0,4.0000000000009095,2.1836,1.8164000000009093,4.3672,-0.3671999999990909,TIMEOUT,60.0,False,,False,,False,False,,True,13.015135058,8.000000000001819
2026-03-19,NO_WALL,BID,2026-03-19 09:44:13.836253262,1773913453836253262,0.0,0.0,2183.0,0.0,0.0,1,1,7.0000000000027285,6+,,,2183.2,2183.1,0.9999999999990905,2183.1,2183.2,0.0,0.9999999999990905,2.1831499999999995,-1.183150000000909,4.366299999999999,-3.3663000000009085,HIT_TARGET,0.099922212,True,0.099922212,False,,False,False,,False,,0.0
2026-03-19,NO_WALL,ASK,2026-03-19 09:46:06.409688259,1773913566409688259,0.0,0.0,2182.8999999999996,0.0,0.0,2,2,5.9999999999990905,4-5,,,2182.6,2182.7999999999997,1.999999999998181,2182.6,2182.7,0.0,1.999999999998181,2.1826999999999996,-0.18270000000181863,4.365399999999999,-2.3654000000018183,HIT_TARGET,0.457028708,True,0.457028708,False,,False,False,,False,,0.0
2026-03-19,NO_WALL,ASK,2026-03-19 09:50:11.657344964,1773913811657344964,0.0,0.0,2186.1,0.0,0.0,4,4,3.999999999996362,2-3,,,2185.6,2186.0,4.0000000000009095,2185.6,2185.7,0.0,4.0000000000009095,2.1858,1.8142000000009095,4.3716,-0.37159999999909044,HIT_TARGET,4.180622854,True,4.180622854,False,,False,False,,False,,0.9999999999990905
2026-03-19,NO_WALL,ASK,2026-03-19 09:51:38.972280255,1773913898972280255,0.0,0.0,2185.8,0.0,0.0,3,3,5.9999999999990905,4-5,,,2185.4,2185.7000000000003,3.000000000001819,2185.4,2185.5,0.0,3.000000000001819,2.18555,0.8144500000018189,4.3711,-1.3710999999981812,HIT_TARGET,2.801093225,True,2.801093225,False,,False,False,,False,,0.0
2026-03-19,NO_WALL,ASK,2026-03-19 09:54:04.263023801,1773914044263023801,0.0,0.0,2186.0,0.0,0.0,1,1,5.9999999999990905,4-5,,,2185.8,2185.9,0.9999999999990905,2185.8,2185.9,0.0,0.9999999999990905,2.1858500000000003,-1.1858500000009098,4.371700000000001,-3.37170000000091,HIT_TARGET,0.050993256,True,0.050993256,False,,False,False,,False,,0.0
2026-03-19,NO_WALL,BID,2026-03-19 09:55:49.081866558,1773914149081866558,0.0,0.0,2183.9,0.0,0.0,2,2,5.0,4-5,,,2184.2,2184.0,1.999999999998181,2184.1,2184.2,0.0,1.999999999998181,2.1841,-0.18410000000181892,4.3682,-2.368200000001819,TIMEOUT,60.0,False,,False,,False,False,,True,6.383909466,60.0
2026-03-19,NO_WALL,BID,2026-03-19 09:57:04.508735774,1773914224508735774,0.0,0.0,2188.8,0.0,0.0,2,2,4.0000000000009095,4-5,,,2189.1,2188.9,1.999999999998181,2189.0,2189.1,0.0,1.999999999998181,2.189,-0.18900000000181905,4.378,-2.378000000001819,HIT_TARGET,16.888627247,True,16.888627247,False,,False,False,,True,7.194739678,6.999999999998181
2026-03-19,NO_WALL,ASK,2026-03-19 09:59:28.850005241,1773914368850005241,0.0,0.0,2187.8999999999996,0.0,0.0,2,2,5.0,4-5,,,2187.6,2187.7999999999997,1.999999999998181,2187.6,2187.7,0.0,1.999999999998181,2.1877,-0.18770000000181897,4.3754,-2.375400000001819,HIT_TARGET,0.534380391,True,0.534380391,False,,False,False,,False,,0.0
2026-03-19,NO_WALL,BID,2026-03-19 10:03:09.434066872,1773914589434066872,0.0,0.0,2185.6000000000004,0.0,0.0,2,2,3.999999999996362,2-3,,,2185.9,2185.7000000000003,1.999999999998181,2185.8,2185.9,0.0,1.999999999998181,2.1858,-0.18580000000181895,4.3716,-2.371600000001819,HIT_TARGET,27.563593803,True,27.563593803,False,,False,False,,True,3.780018199,6.999999999998181
2026-03-19,NO_WALL,ASK,2026-03-19 10:04:36.864743647,1773914676864743647,0.0,0.0,2186.2000000000003,0.0,0.0,4,4,6.000000000003638,6+,,,2185.7,2186.1000000000004,4.000000000005457,2185.7,2185.8,0.0,4.000000000005457,2.1858999999999997,1.8141000000054572,4.3717999999999995,-0.3717999999945425,TIMEOUT,60.0,False,,False,,False,False,,True,8.839758814,6.000000000003638
2026-03-19,NO_WALL,ASK,2026-03-19 10:12:30.662591163,1773915150662591163,0.0,0.0,2185.3999999999996,0.0,0.0,2,2,3.999999999996362,2-3,,,2185.1,2185.2999999999997,1.999999999998181,2185.1,2185.2,0.0,1.999999999998181,2.1851999999999996,-0.18520000000181858,4.370399999999999,-2.370400000001818,HIT_TARGET,13.332879594,True,13.332879594,False,,False,False,,False,,0.0
2026-03-19,NO_WALL,ASK,2026-03-19 10:13:55.935842476,1773915235935842476,0.0,0.0,2184.0,0.0,0.0,2,2,5.0,4-5,,,2183.7,2183.9,2.0000000000027285,2183.7,2183.8,0.0,2.0000000000027285,2.1838,-0.1837999999972717,4.3676,-2.367599999997272,HIT_TARGET,1.738471005,True,1.738471005,False,,False,False,,False,,0.0
2026-03-19,NO_WALL,BID,2026-03-19 10:15:46.146628903,1773915346146628903,0.0,0.0,2183.9,0.0,0.0,5,5,6.999999999998181,6+,,,2184.5,2184.0,5.0,2184.4,2184.5,0.0,5.0,2.18425,2.81575,4.3685,0.6315,TIMEOUT,60.0,False,,False,,False,False,,True,21.987979756,19.00000000000091
2026-03-19,NO_WALL,BID,2026-03-19 10:20:49.318626741,1773915649318626741,0.0,0.0,2182.2,0.0,0.0,4,4,4.0000000000009095,4-5,,,2182.7,2182.2999999999997,4.0000000000009095,2182.6,2182.7,0.0,4.0000000000009095,2.1824999999999997,1.8175000000009098,4.364999999999999,-0.36499999999908983,HIT_TARGET,1.349765814,True,1.349765814,False,,False,False,,False,,0.0
2026-03-19,NO_WALL,BID,2026-03-19 10:30:49.140627940,1773916249140627940,0.0,0.0,2179.6,0.0,0.0,6,6,9.00000000000091,6+,,,2180.3,2179.7,6.000000000003638,2180.2,2180.3,0.0,6.000000000003638,2.1799999999999997,3.8200000000036383,4.359999999999999,1.6400000000036385,TIMEOUT,60.0,False,,False,,False,False,,True,0.051387712,9.00000000000091
2026-03-19,NO_WALL,BID,2026-03-19 10:32:15.781717238,1773916335781717238,0.0,0.0,2180.2000000000003,0.0,0.0,1,1,3.999999999996362,2-3,,,2180.4,2180.3,0.9999999999990905,2180.3,2180.4,0.0,0.9999999999990905,2.1803500000000002,-1.1803500000009097,4.3607000000000005,-3.36070000000091,HIT_TARGET,0.068246699,True,0.068246699,False,,False,False,,False,,0.0
2026-03-19,NO_WALL,BID,2026-03-19 10:34:23.011353380,1773916463011353380,0.0,0.0,2178.5,0.0,0.0,3,3,5.0,4-5,,,2178.9,2178.6,3.000000000001819,2178.8,2178.9,0.0,3.000000000001819,2.17875,0.821250000001819,4.3575,-1.357499999998181,HIT_TARGET,31.946662292,True,31.946662292,False,,False,False,,True,5.147514554,10.0
2026-03-19,NO_WALL,BID,2026-03-19 10:42:29.315405479,1773916949315405479,0.0,0.0,2177.3,0.0,0.0,1,1,4.0000000000009095,4-5,,,2177.5,2177.4,0.9999999999990905,2177.4,2177.5,0.0,0.9999999999990905,2.17745,-1.1774500000009094,4.3549,-3.3549000000009093,HIT_TARGET,0.098203235,True,0.098203235,False,,False,False,,False,,0.0
2026-03-19,NO_WALL,ASK,2026-03-19 10:44:46.027661988,1773917086027661988,0.0,0.0,2177.9,0.0,0.0,1,1,4.0000000000009095,4-5,,,2177.7,2177.8,1.000000000003638,2177.7,2177.8,0.0,1.000000000003638,2.1777499999999996,-1.1777499999963617,4.355499999999999,-3.3554999999963613,HIT_TARGET,0.01683482,True,0.01683482,False,,False,False,,False,,0.0
2026-03-19,NO_WALL,BID,2026-03-19 10:47:16.082295523,1773917236082295523,0.0,0.0,2176.1000000000004,0.0,0.0,2,2,3.999999999996362,2-3,,,2176.4,2176.2000000000003,1.999999999998181,2176.3,2176.4,0.0,1.999999999998181,2.1763,-0.1763000000018189,4.3526,-2.352600000001819,TIMEOUT,60.0,False,,False,,False,False,,True,3.991904311,7.9999999999972715
2026-03-19,NO_WALL,BID,2026-03-19 10:50:02.231342112,1773917402231342112,0.0,0.0,2176.0,0.0,0.0,4,4,10.0,6+,,,2176.5,2176.1,4.0000000000009095,2176.4,2176.5,0.0,4.0000000000009095,2.1763,1.8237000000009096,4.3526,-0.3525999999990903,HIT_TARGET,11.023377105,True,11.023377105,False,,False,False,,False,,0.0
2026-03-19,NO_WALL,ASK,2026-03-19 10:50:23.389269563,1773917423389269563,0.0,0.0,2175.7,0.0,0.0,2,2,4.0000000000009095,4-5,,,2175.4,2175.6,1.999999999998181,2175.4,2175.5,0.0,1.999999999998181,2.1755,-0.17550000000181898,4.351,-2.351000000001819,HIT_TARGET,26.962978862,True,26.962978862,False,,False,False,,True,14.460979373,5.9999999999990905
2026-03-19,NO_WALL,ASK,2026-03-19 10:52:39.190581517,1773917559190581517,0.0,0.0,2174.3,0.0,0.0,3,3,4.0000000000009095,4-5,,,2173.9,2174.2000000000003,3.000000000001819,2173.9,2174.0,0.0,3.000000000001819,2.17405,0.8259500000018192,4.3481,-1.3480999999981806,HIT_TARGET,26.033129503,True,26.033129503,False,,False,False,,True,2.191447531,4.0000000000009095
2026-03-19,NO_WALL,ASK,2026-03-19 10:53:07.414746903,1773917587414746903,0.0,0.0,2175.6,0.0,0.0,6,6,10.0,6+,,,2174.9,2175.5,5.9999999999990905,2174.9,2175.0,0.0,5.9999999999990905,2.1752,3.8247999999990907,4.3504,1.649599999999091,HIT_TARGET,6.779126126,True,6.779126126,False,,False,False,,False,,0.0
2026-03-19,NO_WALL,ASK,2026-03-19 11:02:02.864548543,1773918122864548543,0.0,0.0,2174.3,0.0,0.0,3,3,5.0,4-5,,,2173.9,2174.2000000000003,3.000000000001819,2173.9,2174.0,0.0,3.000000000001819,2.17405,0.8259500000018192,4.3481,-1.3480999999981806,HIT_TARGET,1.429032907,True,1.429032907,False,,False,False,,False,,0.0
2026-03-19,NO_WALL,BID,2026-03-19 11:05:21.135013216,1773918321135013216,0.0,0.0,2171.9,0.0,0.0,1,1,4.0000000000009095,4-5,,,2172.1,2172.0,0.9999999999990905,2172.0,2172.1,0.0,0.9999999999990905,2.17205,-1.1720500000009095,4.3441,-3.3441000000009096,HIT_TARGET,0.100337849,True,0.100337849,False,,False,False,,False,,0.0
2026-03-19,NO_WALL,ASK,2026-03-19 11:06:02.577958014,1773918362577958014,0.0,0.0,2170.0,0.0,0.0,4,4,4.0000000000009095,4-5,,,2169.5,2169.9,4.0000000000009095,2169.5,2169.6,0.0,4.0000000000009095,2.1696999999999997,1.8303000000009098,4.3393999999999995,-0.33939999999909,HIT_TARGET,16.38278678,True,16.38278678,False,,False,False,,False,,0.0
2026-03-19,NO_WALL,BID,2026-03-19 11:11:19.970541506,1773918679970541506,0.0,0.0,2167.7999999999997,0.0,0.0,4,4,6.000000000003638,6+,,,2168.3,2167.8999999999996,4.000000000005457,2168.2,2168.3,0.0,4.000000000005457,2.1681,1.831900000005457,4.3362,-0.33619999999454286,HIT_TARGET,35.19024222,True,35.19024222,False,,False,False,,True,3.68718994,7.0000000000027285
2026-03-19,NO_WALL,ASK,2026-03-19 11:11:26.637434382,1773918686637434382,0.0,0.0,2169.2,0.0,0.0,2,2,5.9999999999990905,4-5,,,2168.9,2169.1,1.999999999998181,2168.9,2169.0,0.0,1.999999999998181,2.169,-0.16900000000181903,4.338,-2.338000000001819,TIMEOUT,60.0,False,,False,,False,False,,True,2.895631243,18.00000000000182
2026-03-19,NO_WALL,ASK,2026-03-19 11:13:16.317872371,1773918796317872371,0.0,0.0,2171.4,0.0,0.0,3,3,5.9999999999990905,4-5,,,2171.0,2171.3,3.000000000001819,2171.0,2171.1,0.0,3.000000000001819,2.17115,0.8288500000018191,4.3423,-1.3422999999981808,HIT_TARGET,5.304562441,True,5.304562441,False,,False,False,,False,,0.0
2026-03-19,NO_WALL,ASK,2026-03-19 11:13:23.144360672,1773918803144360672,0.0,0.0,2172.2000000000003,0.0,0.0,4,4,7.0000000000027285,6+,,,2171.7,2172.1000000000004,4.000000000005457,2171.7,2171.8,0.0,4.000000000005457,2.1719,1.828100000005457,4.3438,-0.3437999999945429,HIT_TARGET,1.642400015,True,1.642400015,False,,False,False,,False,,0.0
2026-03-19,NO_WALL,ASK,2026-03-19 11:13:25.298708562,1773918805298708562,0.0,0.0,2172.6,0.0,0.0,2,2,5.9999999999990905,4-5,,,2172.3,2172.5,1.999999999998181,2172.3,2172.4,0.0,1.999999999998181,2.1724,-0.1724000000018191,4.3448,-2.344800000001819,HIT_TARGET,2.296140203,True,2.296140203,False,,False,False,,False,,0.0
2026-03-19,NO_WALL,BID,2026-03-19 11:16:26.783049617,1773918986783049617,0.0,0.0,2170.1,0.0,0.0,1,1,4.0000000000009095,4-5,,,2170.3,2170.2,1.000000000003638,2170.2,2170.3,0.0,1.000000000003638,2.17025,-1.1702499999963618,4.3405,-3.3404999999963616,HIT_TARGET,0.051113389,True,0.051113389,False,,False,False,,False,,0.0
2026-03-19,NO_WALL,ASK,2026-03-19 11:16:32.252833737,1773918992252833737,0.0,0.0,2171.0,0.0,0.0,3,3,3.999999999996362,2-3,,,2170.6,2170.9,3.000000000001819,2170.6,2170.7,0.0,3.000000000001819,2.17075,0.829250000001819,4.3415,-1.341499999998181,HIT_TARGET,10.922629766,True,10.922629766,False,,False,False,,False,,0.0
2026-03-19,NO_WALL,ASK,2026-03-19 11:19:38.177051855,1773919178177051855,0.0,0.0,2171.8999999999996,0.0,0.0,2,2,5.0,4-5,,,2171.6,2171.7999999999997,1.999999999998181,2171.6,2171.7,0.0,1.999999999998181,2.1716999999999995,-0.1717000000018185,4.343399999999999,-2.343400000001818,HIT_TARGET,0.261851746,True,0.261851746,False,,False,False,,False,,0.0
2026-03-19,NO_WALL,ASK,2026-03-19 11:19:47.842728429,1773919187842728429,0.0,0.0,2173.2000000000003,0.0,0.0,3,3,5.9999999999990905,4-5,,,2172.8,2173.1000000000004,3.000000000001819,2172.8,2172.9,0.0,3.000000000001819,2.17295,0.8270500000018188,4.3459,-1.3458999999981813,HIT_TARGET,18.207069954,True,18.207069954,False,,False,False,,True,7.645841079,5.9999999999990905
2026-03-19,NO_WALL,ASK,2026-03-19 11:21:49.935938812,1773919309935938812,0.0,0.0,2175.9,0.0,0.0,3,3,5.9999999999990905,4-5,,,2175.5,2175.8,3.000000000001819,2175.5,2175.6,0.0,3.000000000001819,2.17565,0.8243500000018189,4.3513,-1.3512999999981812,TIMEOUT,60.0,False,,False,,False,False,,True,3.064334475,20.99999999999909
2026-03-19,NO_WALL,BID,2026-03-19 11:23:53.339288738,1773919433339288738,0.0,0.0,2172.6,0.0,0.0,4,4,4.0000000000009095,4-5,,,2173.1,2172.7,4.0000000000009095,2173.0,2173.1,0.0,4.0000000000009095,2.1728999999999994,1.82710000000091,4.345799999999999,-0.3457999999990893,HIT_TARGET,34.630285376,True,34.630285376,False,,False,False,,False,,0.0
2026-03-19,NO_WALL,BID,2026-03-19 11:26:10.562348718,1773919570562348718,0.0,0.0,2173.0,0.0,0.0,4,4,5.0,4-5,,,2173.5,2173.1,4.0000000000009095,2173.4,2173.5,0.0,4.0000000000009095,2.1733000000000002,1.8267000000009093,4.3466000000000005,-0.34659999999909097,TIMEOUT,60.0,False,,False,,False,False,,True,6.80071132,14.00000000000091
2026-03-19,NO_WALL,ASK,2026-03-19 11:32:16.709405425,1773919936709405425,0.0,0.0,2176.8,0.0,0.0,3,3,4.0000000000009095,4-5,,,2176.4,2176.7000000000003,3.000000000001819,2176.4,2176.5,0.0,3.000000000001819,2.17655,0.8234500000018188,4.3531,-1.3530999999981814,HIT_TARGET,12.290188068,True,12.290188068,False,,False,False,,True,5.248029994,8.000000000001819
2026-03-19,NO_WALL,BID,2026-03-19 11:34:23.939345833,1773920063939345833,0.0,0.0,2171.9,0.0,0.0,2,2,8.000000000001819,6+,,,2172.2,2172.0,1.999999999998181,2172.1,2172.2,0.0,1.999999999998181,2.1721,-0.1721000000018189,4.3442,-2.344200000001819,HIT_TARGET,13.984348195,True,13.984348195,False,,False,False,,False,,2.0000000000027285
2026-03-19,NO_WALL,BID,2026-03-19 11:37:02.994163526,1773920222994163526,0.0,0.0,2167.4,0.0,0.0,5,5,4.0000000000009095,4-5,,,2168.0,2167.5,5.0,2167.9,2168.0,0.0,5.0,2.16775,2.83225,4.3355,0.6645000000000003,HIT_TARGET,23.583488739,True,23.583488739,False,,False,False,,False,,0.9999999999990905
2026-03-19,NO_WALL,BID,2026-03-19 11:37:52.142229234,1773920272142229234,0.0,0.0,2166.0,0.0,0.0,6,6,7.0000000000027285,6+,,,2166.7,2166.1,5.9999999999990905,2166.6,2166.7,0.0,5.9999999999990905,2.1663999999999994,3.833599999999091,4.332799999999999,1.6671999999990916,TIMEOUT,60.0,False,,False,,False,False,,True,6.944587545,23.00000000000182
2026-03-19,NO_WALL,ASK,2026-03-19 11:38:42.090493111,1773920322090493111,0.0,0.0,2168.7,0.0,0.0,1,1,4.0000000000009095,4-5,,,2168.5,2168.6,0.9999999999990905,2168.5,2168.6,0.0,0.9999999999990905,2.16855,-1.1685500000009097,4.3371,-3.33710000000091,HIT_TARGET,0.080112935,True,0.080112935,False,,False,False,,False,,0.0
2026-03-19,NO_WALL,BID,2026-03-19 11:41:11.933101106,1773920471933101106,0.0,0.0,2166.1,0.0,0.0,4,4,4.0000000000009095,4-5,,,2166.6,2166.2,4.0000000000009095,2166.5,2166.6,0.0,4.0000000000009095,2.1663999999999994,1.83360000000091,4.332799999999999,-0.3327999999990894,TIMEOUT,60.0,False,,False,,False,False,,True,20.73423176,8.000000000001819
2026-03-19,NO_WALL,ASK,2026-03-19 11:45:33.483018777,1773920733483018777,0.0,0.0,2168.6,0.0,0.0,2,2,5.0,4-5,,,2168.3,2168.5,1.999999999998181,2168.3,2168.4,0.0,1.999999999998181,2.1684,-0.1684000000018191,4.3368,-2.336800000001819,HIT_TARGET,5.569472839,True,5.569472839,False,,False,False,,False,,0.0
2026-03-19,NO_WALL,ASK,2026-03-19 11:47:04.092276596,1773920824092276596,0.0,0.0,2168.1,0.0,0.0,2,2,5.0,4-5,,,2167.8,2168.0,1.999999999998181,2167.8,2167.9,0.0,1.999999999998181,2.1679,-0.16790000000181893,4.3358,-2.335800000001819,HIT_TARGET,3.062332866,True,3.062332866,False,,False,False,,False,,0.0
2026-03-19,NO_WALL,BID,2026-03-19 11:55:25.676718055,1773921325676718055,0.0,0.0,2166.2000000000003,0.0,0.0,1,1,3.999999999996362,2-3,,,2166.4,2166.3,0.9999999999990905,2166.3,2166.4,0.0,0.9999999999990905,2.1663500000000004,-1.16635000000091,4.332700000000001,-3.3327000000009104,HIT_TARGET,0.052512757,True,0.052512757,False,,False,False,,False,,0.0
2026-03-19,NO_WALL,ASK,2026-03-19 11:55:45.988014222,1773921345988014222,0.0,0.0,2167.0,0.0,0.0,1,1,10.0,6+,,,2166.8,2166.9,0.9999999999990905,2166.8,2166.9,0.0,0.9999999999990905,2.16685,-1.1668500000009097,4.3337,-3.33370000000091,HIT_TARGET,0.056056244,True,0.056056244,False,,False,False,,False,,0.0
2026-03-19,NO_WALL,BID,2026-03-19 12:01:40.491832433,1773921700491832433,0.0,0.0,2163.9,0.0,0.0,4,4,5.9999999999990905,4-5,,,2164.4,2164.0,4.0000000000009095,2164.3,2164.4,0.0,4.0000000000009095,2.1641999999999997,1.8358000000009098,4.328399999999999,-0.32839999999908986,HIT_TARGET,7.687268443,True,7.687268443,False,,False,False,,True,1.357313683,2.9999999999972715
2026-03-19,NO_WALL,BID,2026-03-19 12:04:10.435740720,1773921850435740720,0.0,0.0,2161.5,0.0,0.0,3,3,5.9999999999990905,4-5,,,2161.9,2161.6,3.000000000001819,2161.8,2161.9,0.0,3.000000000001819,2.16175,0.8382500000018189,4.3235,-1.3234999999981811,HIT_TARGET,30.167923225,True,30.167923225,False,,False,False,,True,1.330634135,10.0
2026-03-19,NO_WALL,ASK,2026-03-19 12:07:42.858636716,1773922062858636716,0.0,0.0,2159.7,0.0,0.0,6,6,4.0000000000009095,4-5,,,2159.0,2159.6,5.9999999999990905,2159.0,2159.1,0.0,5.9999999999990905,2.1593,3.8406999999990905,4.3186,1.6813999999990905,TIMEOUT,60.0,False,,False,,False,False,,True,7.650635584,29.00000000000091
2026-03-19,NO_WALL,BID,2026-03-19 12:11:37.357558118,1773922297357558118,0.0,0.0,2161.6,0.0,0.0,3,3,5.0,4-5,,,2162.0,2161.7,3.000000000001819,2161.9,2162.0,0.0,3.000000000001819,2.16185,0.8381500000018192,4.3237,-1.3236999999981807,TIMEOUT,60.0,False,,False,,False,False,,True,0.560226207,12.999999999997272
2026-03-19,NO_WALL,ASK,2026-03-19 12:12:25.352666874,1773922345352666874,0.0,0.0,2162.7,0.0,0.0,2,2,5.0,4-5,,,2162.4,2162.6,1.999999999998181,2162.4,2162.5,0.0,1.999999999998181,2.1624999999999996,-0.16250000000181863,4.324999999999999,-2.3250000000018183,HIT_TARGET,55.867115013,True,55.867115013,False,,False,False,,True,5.638066567,15.0
2026-03-19,NO_WALL,BID,2026-03-19 12:14:11.385197823,1773922451385197823,0.0,0.0,2161.9,0.0,0.0,1,1,4.0000000000009095,4-5,,,2162.1,2162.0,0.9999999999990905,2162.0,2162.1,0.0,0.9999999999990905,2.16205,-1.1620500000009093,4.3241,-3.324100000000909,HIT_TARGET,0.056727979,True,0.056727979,False,,False,False,,False,,0.0
2026-03-19,NO_WALL,BID,2026-03-19 12:15:58.019523179,1773922558019523179,0.0,0.0,2160.0,0.0,0.0,1,1,9.00000000000091,6+,,,2160.2,2160.1,0.9999999999990905,2160.1,2160.2,0.0,0.9999999999990905,2.1601499999999993,-1.1601500000009088,4.320299999999999,-3.320300000000908,HIT_TARGET,0.053465364,True,0.053465364,False,,False,False,,False,,0.0
2026-03-19,NO_WALL,ASK,2026-03-19 12:16:10.881052161,1773922570881052161,0.0,0.0,2160.4,0.0,0.0,3,3,5.9999999999990905,4-5,,,2160.0,2160.3,3.000000000001819,2160.0,2160.1,0.0,3.000000000001819,2.16015,0.8398500000018192,4.3203,-1.3202999999981806,TIMEOUT,60.0,False,,False,,False,False,,True,0.153117759,24.00000000000091
2026-03-19,NO_WALL,BID,2026-03-19 12:17:21.476340878,1773922641476340878,0.0,0.0,2158.0,0.0,0.0,1,1,4.0000000000009095,4-5,,,2158.2,2158.1,0.9999999999990905,2158.1,2158.2,0.0,0.9999999999990905,2.1581499999999996,-1.158150000000909,4.316299999999999,-3.3163000000009086,HIT_TARGET,0.051330023,True,0.051330023,False,,False,False,,False,,0.0
2026-03-19,NO_WALL,BID,2026-03-19 12:19:10.152384346,1773922750152384346,0.0,0.0,2157.5,0.0,0.0,5,5,4.0000000000009095,4-5,,,2158.1,2157.6,5.0,2158.0,2158.1,0.0,5.0,2.15785,2.84215,4.3157,0.6843000000000004,HIT_TARGET,36.759253362,True,36.759253362,False,,False,False,,True,13.638655604,11.999999999998181
2026-03-19,NO_WALL,BID,2026-03-19 12:19:37.857238567,1773922777857238567,0.0,0.0,2157.8,0.0,0.0,5,5,8.999999999996362,6+,,,2158.4,2157.9,5.0,2158.3,2158.4,0.0,5.0,2.15815,2.84185,4.3163,0.6837,HIT_TARGET,8.385374524,True,8.385374524,False,,False,False,,False,,0.0
2026-03-19,NO_WALL,BID,2026-03-19 12:20:48.039131677,1773922848039131677,0.0,0.0,2157.9,0.0,0.0,4,4,3.999999999996362,2-3,,,2158.4,2158.0,4.0000000000009095,2158.3,2158.4,0.0,4.0000000000009095,2.1582,1.8418000000009096,4.3164,-0.3163999999990903,TIMEOUT,60.0,False,,False,,False,False,,True,9.302584297,21.99999999999818
2026-03-19,NO_WALL,ASK,2026-03-19 12:21:23.825233335,1773922883825233335,0.0,0.0,2159.8,0.0,0.0,4,4,4.0000000000009095,4-5,,,2159.3,2159.7000000000003,4.0000000000009095,2159.3,2159.4,0.0,4.0000000000009095,2.1595,1.8405000000009095,4.319,-0.31899999999909046,HIT_TARGET,2.91233202,True,2.91233202,False,,False,False,,False,,0.0
2026-03-19,NO_WALL,BID,2026-03-19 12:22:06.851198993,1773922926851198993,0.0,0.0,2158.0,0.0,0.0,6,6,10.99999999999909,6+,,,2158.7,2158.1,5.9999999999990905,2158.6,2158.7,0.0,5.9999999999990905,2.1583999999999994,3.841599999999091,4.316799999999999,1.6831999999990916,TIMEOUT,60.0,False,,False,,False,False,,True,8.066639397,22.00000000000273
2026-03-19,NO_WALL,BID,2026-03-19 12:22:25.137377979,1773922945137377979,0.0,0.0,2158.9,0.0,0.0,1,1,4.0000000000009095,4-5,,,2159.1,2159.0,0.9999999999990905,2159.0,2159.1,0.0,0.9999999999990905,2.15905,-1.1590500000009096,4.3181,-3.3181000000009098,HIT_TARGET,0.048853831,True,0.048853831,False,,False,False,,False,,0.0
2026-03-19,NO_WALL,ASK,2026-03-19 12:22:47.391393753,1773922967391393753,0.0,0.0,2160.5,0.0,0.0,2,2,7.0000000000027285,6+,,,2160.2,2160.4,2.0000000000027285,2160.2,2160.3,0.0,2.0000000000027285,2.1603000000000003,-0.16029999999727185,4.320600000000001,-2.320599999997272,HIT_TARGET,2.961162791,True,2.961162791,False,,False,False,,False,,0.0
2026-03-19,NO_WALL,ASK,2026-03-19 12:22:48.537590124,1773922968537590124,0.0,0.0,2160.4,0.0,0.0,1,1,6.000000000003638,6+,,,2160.2,2160.3,1.000000000003638,2160.2,2160.3,0.0,1.000000000003638,2.16025,-1.160249999996362,4.3205,-3.320499999996362,HIT_TARGET,0.066222669,True,0.066222669,False,,False,False,,False,,0.0
2026-03-19,NO_WALL,ASK,2026-03-19 12:27:15.255646969,1773923235255646969,0.0,0.0,2155.3,0.0,0.0,4,4,5.9999999999990905,4-5,,,2154.8,2155.2000000000003,4.0000000000009095,2154.8,2154.9,0.0,4.0000000000009095,2.155,1.8450000000009097,4.31,-0.3099999999990901,HIT_TARGET,5.363899946,True,5.363899946,False,,False,False,,False,,0.0
2026-03-19,NO_WALL,ASK,2026-03-19 12:27:16.383424720,1773923236383424720,0.0,0.0,2155.6,0.0,0.0,7,7,5.0,4-5,,,2154.8,2155.5,6.999999999998181,2154.8,2154.9,0.0,6.999999999998181,2.15515,4.844849999998181,4.3103,2.689699999998181,HIT_TARGET,4.236122195,True,4.236122195,False,,False,False,,False,,0.0
2026-03-19,NO_WALL,BID,2026-03-19 12:30:09.725212427,1773923409725212427,0.0,0.0,2154.4,0.0,0.0,1,1,4.0000000000009095,4-5,,,2154.6,2154.5,0.9999999999990905,2154.5,2154.6,0.0,0.9999999999990905,2.15455,-1.1545500000009095,4.3091,-3.3091000000009094,HIT_TARGET,0.037508592,True,0.037508592,False,,False,False,,False,,0.0
2026-03-19,NO_WALL,ASK,2026-03-19 12:31:37.048166543,1773923497048166543,0.0,0.0,2155.9,0.0,0.0,5,5,5.0,4-5,,,2155.3,2155.8,5.0,2155.3,2155.4,0.0,5.0,2.1555500000000003,2.8444499999999997,4.311100000000001,0.6888999999999994,TIMEOUT,60.0,False,,False,,False,False,,True,1.266619992,25.99999999999909
2026-03-19,NO_WALL,BID,2026-03-19 12:33:03.522107732,1773923583522107732,0.0,0.0,2153.7,0.0,0.0,4,4,4.0000000000009095,4-5,,,2154.2,2153.7999999999997,4.0000000000009095,2154.1,2154.2,0.0,4.0000000000009095,2.154,1.8460000000009096,4.308,-0.30799999999909033,HIT_TARGET,55.838633062,True,55.838633062,False,,False,False,,True,4.883559497,15.0
2026-03-19,NO_WALL,ASK,2026-03-19 12:33:10.193783214,1773923590193783214,0.0,0.0,2154.7,0.0,0.0,2,2,4.0000000000009095,4-5,,,2154.4,2154.6,1.999999999998181,2154.4,2154.5,0.0,1.999999999998181,2.1545,-0.15450000000181907,4.309,-2.309000000001819,HIT_TARGET,0.813704106,True,0.813704106,False,,False,False,,False,,0.0
2026-03-19,NO_WALL,BID,2026-03-19 12:38:24.716715398,1773923904716715398,0.0,0.0,2156.7999999999997,0.0,0.0,4,4,5.0,4-5,,,2157.3,2156.8999999999996,4.000000000005457,2157.2,2157.3,0.0,4.000000000005457,2.1571,1.8429000000054572,4.3142,-0.3141999999945426,HIT_TARGET,8.586146764,True,8.586146764,False,,False,False,,False,,0.0
2026-03-19,NO_WALL,BID,2026-03-19 12:38:37.081965616,1773923917081965616,0.0,0.0,2155.7,0.0,0.0,3,3,4.0000000000009095,4-5,,,2156.1,2155.7999999999997,3.000000000001819,2156.0,2156.1,0.0,3.000000000001819,2.15595,0.8440500000018192,4.3119,-1.3118999999981806,HIT_TARGET,0.814429879,True,0.814429879,False,,False,False,,False,,0.0
2026-03-19,NO_WALL,BID,2026-03-19 12:47:10.385784426,1773924430385784426,0.0,0.0,2151.5,0.0,0.0,3,3,6.999999999998181,6+,,,2151.9,2151.6,3.000000000001819,2151.8,2151.9,0.0,3.000000000001819,2.15175,0.8482500000018192,4.3035,-1.3034999999981807,HIT_TARGET,4.480012026,True,4.480012026,False,,False,False,,False,,0.0
2026-03-19,NO_WALL,BID,2026-03-19 12:49:57.215592620,1773924597215592620,0.0,0.0,2146.5,0.0,0.0,1,1,5.9999999999990905,4-5,,,2146.7,2146.6,0.9999999999990905,2146.6,2146.7,0.0,0.9999999999990905,2.1466499999999997,-1.1466500000009092,4.2932999999999995,-3.293300000000909,HIT_TARGET,0.051694705,True,0.051694705,False,,False,False,,False,,0.0
2026-03-19,NO_WALL,BID,2026-03-19 12:51:22.846539090,1773924682846539090,0.0,0.0,2136.1,0.0,0.0,5,5,12.000000000002728,6+,,,2136.7,2136.2,5.0,2136.6,2136.7,0.0,5.0,2.1364499999999995,2.8635500000000005,4.272899999999999,0.727100000000001,HIT_TARGET,3.161890099,True,3.161890099,False,,False,False,,False,,0.0
2026-03-19,NO_WALL,BID,2026-03-19 12:52:07.074590215,1773924727074590215,0.0,0.0,2134.2,0.0,0.0,5,5,6.000000000003638,6+,,,2134.8,2134.2999999999997,5.0000000000045475,2134.7,2134.8,0.0,5.0000000000045475,2.13455,2.8654500000045475,4.2691,0.7309000000045476,HIT_TARGET,31.337839041,True,31.337839041,False,,False,False,,True,1.185049207,11.000000000003638
2026-03-19,NO_WALL,BID,2026-03-19 12:53:01.111895278,1773924781111895278,0.0,0.0,2132.9,0.0,0.0,4,4,8.999999999996362,6+,,,2133.4,2133.0,4.0000000000009095,2133.3,2133.4,0.0,4.0000000000009095,2.1331999999999995,1.86680000000091,4.266399999999999,-0.2663999999990896,HIT_TARGET,4.701220817,True,4.701220817,False,,False,False,,True,2.197249556,5.0
2026-03-19,NO_WALL,BID,2026-03-19 12:54:14.410641136,1773924854410641136,0.0,0.0,2131.7,0.0,0.0,5,5,10.0,6+,,,2132.3,2131.7999999999997,5.0000000000045475,2132.2,2132.3,0.0,5.0000000000045475,2.13205,2.8679500000045475,4.2641,0.7359000000045475,HIT_TARGET,0.611934855,True,0.611934855,False,,False,False,,False,,0.0
2026-03-19,NO_WALL,BID,2026-03-19 12:54:26.903531853,1773924866903531853,0.0,0.0,2131.4,0.0,0.0,5,5,14.00000000000091,6+,,,2132.0,2131.5,5.0,2131.9,2132.0,0.0,5.0,2.13175,2.86825,4.2635,0.7365000000000004,HIT_TARGET,3.274103266,True,3.274103266,False,,False,False,,True,2.509590567,2.9999999999972715
2026-03-19,NO_WALL,ASK,2026-03-19 12:54:45.380327538,1773924885380327538,0.0,0.0,2132.8,0.0,0.0,3,3,9.00000000000091,6+,,,2132.4,2132.7000000000003,3.000000000001819,2132.4,2132.5,0.0,3.000000000001819,2.13255,0.8674500000018188,4.2651,-1.2650999999981813,HIT_TARGET,0.255313574,True,0.255313574,False,,False,False,,False,,0.0
2026-03-19,NO_WALL,BID,2026-03-19 12:55:58.864157731,1773924958864157731,0.0,0.0,2131.3,0.0,0.0,5,5,18.999999999996362,6+,,,2131.9,2131.4,5.0,2131.8,2131.9,0.0,5.0,2.13165,2.86835,4.2633,0.7366999999999999,HIT_TARGET,4.797462105,True,4.797462105,False,,False,False,,True,0.609807549,5.9999999999990905
2026-03-19,NO_WALL,ASK,2026-03-19 12:56:36.104517616,1773924996104517616,0.0,0.0,2132.5,0.0,0.0,4,4,4.0000000000009095,4-5,,,2132.0,2132.4,4.0000000000009095,2132.0,2132.1,0.0,4.0000000000009095,2.1321999999999997,1.8678000000009098,4.264399999999999,-0.2643999999990898,HIT_TARGET,2.863264563,True,2.863264563,False,,False,False,,False,,0.0
2026-03-19,NO_WALL,BID,2026-03-19 12:56:47.688353057,1773925007688353057,0.0,0.0,2131.7999999999997,0.0,0.0,3,3,4.0000000000009095,4-5,,,2132.2,2131.8999999999996,3.000000000001819,2132.1,2132.2,0.0,3.000000000001819,2.1320499999999996,0.8679500000018194,4.264099999999999,-1.2640999999981801,HIT_TARGET,2.247942969,True,2.247942969,False,,False,False,,False,,0.0
2026-03-19,NO_WALL,ASK,2026-03-19 12:59:28.892545086,1773925168892545086,0.0,0.0,2132.7999999999997,0.0,0.0,1,1,3.999999999996362,2-3,,,2132.6,2132.7,0.9999999999990905,2132.6,2132.7,0.0,0.9999999999990905,2.1326499999999995,-1.132650000000909,4.265299999999999,-3.2653000000009085,HIT_TARGET,0.054418588,True,0.054418588,False,,False,False,,False,,0.0
2026-03-19,NO_WALL,BID,2026-03-19 13:01:14.867843621,1773925274867843621,0.0,0.0,2128.4,0.0,0.0,4,4,15.99999999999909,6+,,,2128.9,2128.5,4.0000000000009095,2128.8,2128.9,0.0,4.0000000000009095,2.1287,1.8713000000009097,4.2574,-0.25739999999909013,HIT_TARGET,1.0227126,True,1.0227126,False,,False,False,,False,,0.0
2026-03-19,NO_WALL,BID,2026-03-19 13:02:17.901134948,1773925337901134948,0.0,0.0,2124.2,0.0,0.0,4,4,4.0000000000009095,4-5,,,2124.7,2124.2999999999997,4.0000000000009095,2124.6,2124.7,0.0,4.0000000000009095,2.1245,1.8755000000009097,4.249,-0.24899999999909017,HIT_TARGET,3.011100011,True,3.011100011,False,,False,False,,True,1.17362937,5.0
2026-03-19,NO_WALL,ASK,2026-03-19 13:05:47.667727557,1773925547667727557,0.0,0.0,2133.1,0.0,0.0,4,4,5.9999999999990905,4-5,,,2132.6,2133.0,4.0000000000009095,2132.6,2132.7,0.0,4.0000000000009095,2.1328,1.8672000000009095,4.2656,-0.26559999999909056,HIT_TARGET,8.268087231,True,8.268087231,False,,False,False,,True,4.083308773,2.9999999999972715
2026-03-19,NO_WALL,ASK,2026-03-19 13:07:22.232373801,1773925642232373801,0.0,0.0,2132.7999999999997,0.0,0.0,2,2,4.0000000000009095,4-5,,,2132.5,2132.7,1.999999999998181,2132.5,2132.6,0.0,1.999999999998181,2.1325999999999996,-0.1326000000018186,4.265199999999999,-2.265200000001818,HIT_TARGET,4.389809604,True,4.389809604,False,,False,False,,False,,0.0
2026-03-19,NO_WALL,ASK,2026-03-19 13:07:45.242021750,1773925665242021750,0.0,0.0,2132.7999999999997,0.0,0.0,2,2,7.9999999999972715,6+,,,2132.5,2132.7,1.999999999998181,2132.5,2132.6,0.0,1.999999999998181,2.1325999999999996,-0.1326000000018186,4.265199999999999,-2.265200000001818,HIT_TARGET,13.018857721,True,13.018857721,False,,False,False,,False,,1.999999999998181
2026-03-19,NO_WALL,BID,2026-03-19 13:08:26.981939874,1773925706981939874,0.0,0.0,2133.4,0.0,0.0,4,4,3.999999999996362,2-3,,,2133.9,2133.5,4.0000000000009095,2133.8,2133.9,0.0,4.0000000000009095,2.1336999999999997,1.8663000000009098,4.267399999999999,-0.2673999999990899,HIT_TARGET,13.175328583,True,13.175328583,False,,False,False,,True,1.899882566,6.999999999998181
2026-03-19,NO_WALL,BID,2026-03-19 13:10:02.519648452,1773925802519648452,0.0,0.0,2130.5,0.0,0.0,6,6,8.000000000001819,6+,,,2131.2,2130.6,5.9999999999990905,2131.1,2131.2,0.0,5.9999999999990905,2.1308999999999996,3.869099999999091,4.261799999999999,1.7381999999990914,HIT_TARGET,0.40882463,True,0.40882463,False,,False,False,,False,,0.0
2026-03-19,NO_WALL,BID,2026-03-19 13:10:06.602491442,1773925806602491442,0.0,0.0,2128.9,0.0,0.0,5,5,7.9999999999972715,6+,,,2129.5,2129.0,5.0,2129.4,2129.5,0.0,5.0,2.12925,2.87075,4.2585,0.7415000000000003,HIT_TARGET,11.988600993,True,11.988600993,False,,False,False,,True,0.713836993,19.00000000000091
2026-03-19,NO_WALL,BID,2026-03-19 13:13:02.086326125,1773925982086326125,0.0,0.0,2121.1,0.0,0.0,4,4,23.00000000000182,6+,,,2121.6,2121.2,4.0000000000009095,2121.5,2121.6,0.0,4.0000000000009095,2.1213999999999995,1.87860000000091,4.242799999999999,-0.24279999999908952,HIT_TARGET,4.743447301,True,4.743447301,False,,False,False,,True,0.152559836,4.0000000000009095
2026-03-19,NO_WALL,ASK,2026-03-19 13:13:42.339285753,1773926022339285753,0.0,0.0,2119.7000000000003,0.0,0.0,3,3,4.0000000000009095,4-5,,,2119.3,2119.6000000000004,3.000000000001819,2119.3,2119.4,0.0,3.000000000001819,2.11945,0.8805500000018189,4.2389,-1.2388999999981811,TIMEOUT,60.0,False,,False,,False,False,,True,3.423340559,14.00000000000091
2026-03-19,NO_WALL,BID,2026-03-19 13:15:18.621363728,1773926118621363728,0.0,0.0,2118.5,0.0,0.0,7,7,8.000000000001819,6+,,,2119.3,2118.6,7.0000000000027285,2119.2,2119.3,0.0,7.0000000000027285,2.1189499999999994,4.881050000002729,4.237899999999999,2.7621000000027296,HIT_TARGET,15.15210913,True,15.15210913,False,,False,False,,True,0.457114492,7.0000000000027285
2026-03-19,NO_WALL,ASK,2026-03-19 13:15:53.004258867,1773926153004258867,0.0,0.0,2120.6,0.0,0.0,1,1,11.999999999998181,6+,,,2120.4,2120.5,0.9999999999990905,2120.4,2120.5,0.0,0.9999999999990905,2.1204499999999995,-1.120450000000909,4.240899999999999,-3.2409000000009085,HIT_TARGET,0.052992996,True,0.052992996,False,,False,False,,False,,0.0
2026-03-19,NO_WALL,BID,2026-03-19 13:16:21.885721721,1773926181885721721,0.0,0.0,2122.8,0.0,0.0,5,5,15.0,6+,,,2123.4,2122.9,5.0,2123.3,2123.4,0.0,5.0,2.12315,2.87685,4.2463,0.7537000000000003,HIT_TARGET,52.220816332,True,52.220816332,False,,False,False,,True,0.050983578,37.99999999999727
2026-03-19,NO_WALL,BID,2026-03-19 13:17:32.221657084,1773926252221657084,0.0,0.0,2123.3,0.0,0.0,6,6,10.0,6+,,,2124.0,2123.4,5.9999999999990905,2123.9,2124.0,0.0,5.9999999999990905,2.1236999999999995,3.876299999999091,4.247399999999999,1.7525999999990916,HIT_TARGET,38.982120519,True,38.982120519,False,,False,False,,True,0.148552925,24.00000000000091
2026-03-19,NO_WALL,BID,2026-03-19 13:19:21.355946816,1773926361355946816,0.0,0.0,2125.3,0.0,0.0,2,2,4.0000000000009095,4-5,,,2125.6,2125.4,1.999999999998181,2125.5,2125.6,0.0,1.999999999998181,2.1254999999999997,-0.1255000000018187,4.2509999999999994,-2.2510000000018184,HIT_TARGET,1.325377145,True,1.325377145,False,,False,False,,False,,0.0
2026-03-19,NO_WALL,ASK,2026-03-19 13:19:23.647428330,1773926363647428330,0.0,0.0,2126.0,0.0,0.0,3,3,5.0,4-5,,,2125.6,2125.9,3.000000000001819,2125.6,2125.7,0.0,3.000000000001819,2.1257499999999996,0.8742500000018194,4.251499999999999,-1.2514999999981802,HIT_TARGET,0.10523223,True,0.10523223,False,,False,False,,False,,0.0
2026-03-19,NO_WALL,ASK,2026-03-19 13:19:25.673317683,1773926365673317683,0.0,0.0,2126.7000000000003,0.0,0.0,3,3,8.000000000001819,6+,,,2126.3,2126.6000000000004,3.000000000001819,2126.3,2126.4,0.0,3.000000000001819,2.12645,0.8735500000018188,4.2529,-1.2528999999981814,HIT_TARGET,32.775712612,True,32.775712612,False,,False,False,,True,5.47740386,10.99999999999909
2026-03-19,NO_WALL,ASK,2026-03-19 13:20:12.335510858,1773926412335510858,0.0,0.0,2130.3,0.0,0.0,3,3,5.0,4-5,,,2129.9,2130.2000000000003,3.000000000001819,2129.9,2130.0,0.0,3.000000000001819,2.13005,0.8699500000018188,4.2601,-1.2600999999981815,HIT_TARGET,1.07401305,True,1.07401305,False,,False,False,,False,,0.0
2026-03-19,NO_WALL,ASK,2026-03-19 13:20:13.453692394,1773926413453692394,0.0,0.0,2130.7000000000003,0.0,0.0,3,3,8.000000000001819,6+,,,2130.3,2130.6000000000004,3.000000000001819,2130.3,2130.4,0.0,3.000000000001819,2.13045,0.8695500000018188,4.2609,-1.2608999999981814,HIT_TARGET,0.057733161,True,0.057733161,False,,False,False,,False,,0.0
2026-03-19,NO_WALL,BID,2026-03-19 13:22:02.635228822,1773926522635228822,0.0,0.0,2130.8,0.0,0.0,1,1,4.0000000000009095,4-5,,,2131.0,2130.9,0.9999999999990905,2130.9,2131.0,0.0,0.9999999999990905,2.1309499999999995,-1.130950000000909,4.261899999999999,-3.2619000000009084,HIT_TARGET,0.051733125,True,0.051733125,False,,False,False,,False,,0.0
2026-03-19,NO_WALL,ASK,2026-03-19 13:27:03.322829563,1773926823322829563,0.0,0.0,2128.2000000000003,0.0,0.0,4,4,5.0,4-5,,,2127.7,2128.1000000000004,4.000000000005457,2127.7,2127.8,0.0,4.000000000005457,2.1279,1.872100000005457,4.2558,-0.25579999999454284,HIT_TARGET,26.608185909,True,26.608185909,False,,False,False,,True,0.824595075,6.000000000003638
2026-03-19,NO_WALL,ASK,2026-03-19 13:30:10.712662991,1773927010712662991,0.0,0.0,2128.8,0.0,0.0,3,3,24.00000000000091,6+,,,2128.4,2128.7000000000003,3.000000000001819,2128.4,2128.5,0.0,3.000000000001819,2.12855,0.8714500000018188,4.2571,-1.2570999999981813,HIT_TARGET,0.214982405,True,0.214982405,False,,False,False,,False,,0.0
2026-03-19,NO_WALL,BID,2026-03-19 13:30:39.438661204,1773927039438661204,0.0,0.0,2121.2000000000003,0.0,0.0,6,6,6.999999999998181,6+,,,2121.9,2121.3,5.9999999999990905,2121.8,2121.9,0.0,5.9999999999990905,2.1216000000000004,3.87839999999909,4.243200000000001,1.7567999999990898,HIT_TARGET,0.665822451,True,0.665822451,False,,False,False,,False,,0.0
2026-03-19,NO_WALL,BID,2026-03-19 13:31:42.192049834,1773927102192049834,0.0,0.0,2121.2000000000003,0.0,0.0,1,1,5.0,4-5,,,2121.4,2121.3,0.9999999999990905,2121.3,2121.4,0.0,0.9999999999990905,2.1213500000000005,-1.12135000000091,4.242700000000001,-3.2427000000009105,HIT_TARGET,0.047371485,True,0.047371485,False,,False,False,,False,,0.0
2026-03-19,NO_WALL,BID,2026-03-19 13:34:15.151909926,1773927255151909926,0.0,0.0,2120.7000000000003,0.0,0.0,6,6,7.9999999999972715,6+,,,2121.4,2120.8,5.9999999999990905,2121.3,2121.4,0.0,5.9999999999990905,2.1211,3.8788999999990903,4.2422,1.75779999999909,HIT_TARGET,19.754783028,True,19.754783028,False,,False,False,,True,2.658308296,15.99999999999909
2026-03-19,NO_WALL,ASK,2026-03-19 13:36:54.796931382,1773927414796931382,0.0,0.0,2120.7000000000003,0.0,0.0,3,3,9.00000000000091,6+,,,2120.3,2120.6000000000004,3.000000000001819,2120.3,2120.4,0.0,3.000000000001819,2.1204500000000004,0.8795500000018186,4.240900000000001,-1.2408999999981818,HIT_TARGET,0.155773003,True,0.155773003,False,,False,False,,False,,0.0
2026-03-19,NO_WALL,ASK,2026-03-19 13:37:59.389030511,1773927479389030511,0.0,0.0,2121.2000000000003,0.0,0.0,4,4,18.00000000000182,6+,,,2120.7,2121.1000000000004,4.000000000005457,2120.7,2120.8,0.0,4.000000000005457,2.1209,1.8791000000054572,4.2418,-0.2417999999945426,HIT_TARGET,19.536577141,True,19.536577141,False,,False,False,,True,1.069962476,25.0
2026-03-19,NO_WALL,ASK,2026-03-19 13:40:10.241261231,1773927610241261231,0.0,0.0,2117.5,0.0,0.0,1,1,8.000000000001819,6+,,,2117.3,2117.4,0.9999999999990905,2117.3,2117.4,0.0,0.9999999999990905,2.11735,-1.1173500000009096,4.2347,-3.2347000000009096,HIT_TARGET,0.051316189,True,0.051316189,False,,False,False,,False,,0.0
2026-03-19,NO_WALL,BID,2026-03-19 13:40:15.341748993,1773927615341748993,0.0,0.0,2115.4,0.0,0.0,7,7,5.9999999999990905,4-5,,,2116.2,2115.5,6.999999999998181,2116.1,2116.2,0.0,6.999999999998181,2.11585,4.884149999998181,4.2317,2.768299999998181,HIT_TARGET,5.055659445,True,5.055659445,False,,False,False,,False,,2.0000000000027285
2026-03-19,NO_WALL,ASK,2026-03-19 13:40:47.382908522,1773927647382908522,0.0,0.0,2112.7,0.0,0.0,6,6,5.9999999999990905,4-5,,,2112.0,2112.6,5.9999999999990905,2112.0,2112.1,0.0,5.9999999999990905,2.1123000000000003,3.88769999999909,4.224600000000001,1.77539999999909,HIT_TARGET,6.531729946,True,6.531729946,False,,False,False,,True,0.154423923,9.00000000000091
2026-03-19,NO_WALL,BID,2026-03-19 13:40:50.495451203,1773927650495451203,0.0,0.0,2110.6,0.0,0.0,5,5,9.00000000000091,6+,,,2111.2,2110.7,5.0,2111.1,2111.2,0.0,5.0,2.1109499999999994,2.8890500000000006,4.221899999999999,0.7781000000000011,TIMEOUT,60.0,False,,False,,False,False,,True,0.508713384,153.00000000000182
2026-03-19,NO_WALL,ASK,2026-03-19 13:42:13.342467506,1773927733342467506,0.0,0.0,2134.3,0.0,0.0,4,4,10.99999999999909,6+,,,2133.8,2134.2000000000003,4.0000000000009095,2133.8,2133.9,0.0,4.0000000000009095,2.134,1.8660000000009096,4.268,-0.2679999999990903,HIT_TARGET,3.263943235,True,3.263943235,False,,False,False,,False,,0.9999999999990905
2026-03-19,NO_WALL,ASK,2026-03-19 13:42:30.682389179,1773927750682389179,0.0,0.0,2138.7000000000003,0.0,0.0,3,3,7.0000000000027285,6+,,,2138.3,2138.6000000000004,3.000000000001819,2138.3,2138.4,0.0,3.000000000001819,2.13845,0.8615500000018188,4.2769,-1.2768999999981814,HIT_TARGET,0.869687482,True,0.869687482,False,,False,False,,False,,0.0
2026-03-19,NO_WALL,ASK,2026-03-19 13:43:26.031891740,1773927806031891740,0.0,0.0,2139.7,0.0,0.0,2,2,5.9999999999990905,4-5,,,2139.4,2139.6,1.999999999998181,2139.4,2139.5,0.0,1.999999999998181,2.1395,-0.13950000000181895,4.279,-2.279000000001819,HIT_TARGET,0.408832273,True,0.408832273,False,,False,False,,False,,0.0
2026-03-19,NO_WALL,ASK,2026-03-19 13:43:53.731114638,1773927833731114638,0.0,0.0,2136.9,0.0,0.0,3,3,5.0,4-5,,,2136.5,2136.8,3.000000000001819,2136.5,2136.6,0.0,3.000000000001819,2.13665,0.863350000001819,4.2733,-1.2732999999981809,HIT_TARGET,3.581737515,True,3.581737515,False,,False,False,,False,,0.9999999999990905
2026-03-19,NO_WALL,ASK,2026-03-19 13:44:10.118443508,1773927850118443508,0.0,0.0,2140.8,0.0,0.0,5,5,12.000000000002728,6+,,,2140.2,2140.7000000000003,5.0000000000045475,2140.2,2140.3,0.0,5.0000000000045475,2.1404499999999995,2.859550000004548,4.280899999999999,0.7191000000045484,HIT_TARGET,0.765307416,True,0.765307416,False,,False,False,,False,,0.0
2026-03-19,NO_WALL,ASK,2026-03-19 13:45:20.434316539,1773927920434316539,0.0,0.0,2134.6,0.0,0.0,4,4,13.999999999996362,6+,,,2134.1,2134.5,4.0000000000009095,2134.1,2134.2,0.0,4.0000000000009095,2.1343,1.8657000000009094,4.2686,-0.2685999999990907,TIMEOUT,60.0,False,,False,,False,False,,True,0.204389042,27.99999999999727
2026-03-19,NO_WALL,BID,2026-03-19 13:45:25.531772697,1773927925531772697,0.0,0.0,2132.8,0.0,0.0,2,2,10.99999999999909,6+,,,2133.1,2132.9,1.999999999998181,2133.0,2133.1,0.0,1.999999999998181,2.1329999999999996,-0.13300000000181855,4.265999999999999,-2.266000000001818,HIT_TARGET,0.054698876,True,0.054698876,False,,False,False,,False,,0.0
2026-03-19,NO_WALL,ASK,2026-03-19 13:49:04.488091677,1773928144488091677,0.0,0.0,2133.5,0.0,0.0,4,4,5.9999999999990905,4-5,,,2133.0,2133.4,4.0000000000009095,2133.0,2133.1,0.0,4.0000000000009095,2.1331999999999995,1.86680000000091,4.266399999999999,-0.2663999999990896,HIT_TARGET,0.918410257,True,0.918410257,False,,False,False,,False,,0.0
2026-03-19,NO_WALL,ASK,2026-03-19 13:49:57.397189698,1773928197397189698,0.0,0.0,2139.9,0.0,0.0,4,4,20.99999999999909,6+,,,2139.4,2139.8,4.0000000000009095,2139.4,2139.5,0.0,4.0000000000009095,2.1396,1.8604000000009093,4.2792,-0.27919999999909084,HIT_TARGET,1.581276074,True,1.581276074,False,,False,False,,False,,0.0
2026-03-19,NO_WALL,ASK,2026-03-19 13:51:34.898134125,1773928294898134125,0.0,0.0,2138.0,0.0,0.0,5,5,4.0000000000009095,4-5,,,2137.4,2137.9,5.0,2137.4,2137.5,0.0,5.0,2.13765,2.86235,4.2753,0.7247000000000003,HIT_TARGET,0.459498934,True,0.459498934,False,,False,False,,False,,0.0
2026-03-19,NO_WALL,ASK,2026-03-19 13:51:39.959283054,1773928299959283054,0.0,0.0,2138.4,0.0,0.0,1,1,4.0000000000009095,4-5,,,2138.2,2138.3,1.000000000003638,2138.2,2138.3,0.0,1.000000000003638,2.1382499999999998,-1.1382499999963618,4.2764999999999995,-3.2764999999963615,HIT_TARGET,0.094251896,True,0.094251896,False,,False,False,,False,,0.0
2026-03-19,NO_WALL,ASK,2026-03-19 13:53:44.405218197,1773928424405218197,0.0,0.0,2136.5,0.0,0.0,1,1,8.000000000001819,6+,,,2136.3,2136.4,0.9999999999990905,2136.3,2136.4,0.0,0.9999999999990905,2.13635,-1.1363500000009097,4.2727,-3.27270000000091,HIT_TARGET,0.052978171,True,0.052978171,False,,False,False,,False,,0.0
2026-03-19,NO_WALL,ASK,2026-03-19 13:54:24.005088100,1773928464005088100,0.0,0.0,2136.1,0.0,0.0,2,2,5.0,4-5,,,2135.8,2136.0,1.999999999998181,2135.8,2135.9,0.0,1.999999999998181,2.1359,-0.1359000000018189,4.2718,-2.271800000001819,HIT_TARGET,0.045482457,True,0.045482457,False,,False,False,,False,,0.0
2026-03-19,NO_WALL,ASK,2026-03-19 13:54:31.602407613,1773928471602407613,0.0,0.0,2139.4,0.0,0.0,5,5,8.000000000001819,6+,,,2138.8,2139.3,5.0,2138.8,2138.9,0.0,5.0,2.13905,2.86095,4.2781,0.7218999999999998,HIT_TARGET,4.186719115,True,4.186719115,False,,False,False,,True,1.83621651,5.0
2026-03-19,NO_WALL,ASK,2026-03-19 13:55:34.309574865,1773928534309574865,0.0,0.0,2139.7,0.0,0.0,5,5,3.999999999996362,2-3,,,2139.1,2139.6,5.0,2139.1,2139.2,0.0,5.0,2.13935,2.86065,4.2787,0.7213000000000003,HIT_TARGET,10.002690135,True,10.002690135,False,,False,False,,True,0.921012387,5.0
2026-03-19,NO_WALL,BID,2026-03-19 13:55:57.678037535,1773928557678037535,0.0,0.0,2138.1,0.0,0.0,6,6,5.0,4-5,,,2138.8,2138.2,6.000000000003638,2138.7,2138.8,0.0,6.000000000003638,2.1385,3.861500000003638,4.277,1.7230000000036378,TIMEOUT,60.0,False,,False,,False,False,,True,1.731433586,18.00000000000182
2026-03-19,NO_WALL,BID,2026-03-19 13:58:21.839392961,1773928701839392961,0.0,0.0,2137.4,0.0,0.0,2,2,4.0000000000009095,4-5,,,2137.7,2137.5,1.999999999998181,2137.6,2137.7,0.0,1.999999999998181,2.1375999999999995,-0.1376000000018185,4.275199999999999,-2.275200000001818,HIT_TARGET,0.16209413,True,0.16209413,False,,False,False,,False,,0.0
2026-03-19,NO_WALL,BID,2026-03-19 14:01:40.032512543,1773928900032512543,0.0,0.0,2138.8,0.0,0.0,1,1,5.0,4-5,,,2139.0,2138.9,0.9999999999990905,2138.9,2139.0,0.0,0.9999999999990905,2.1389499999999995,-1.138950000000909,4.277899999999999,-3.2779000000009084,HIT_TARGET,0.050393185,True,0.050393185,False,,False,False,,False,,0.0
2026-03-19,NO_WALL,ASK,2026-03-19 14:02:42.802072773,1773928962802072773,0.0,0.0,2138.6,0.0,0.0,2,2,5.0,4-5,,,2138.3,2138.5,1.999999999998181,2138.3,2138.4,0.0,1.999999999998181,2.1384,-0.13840000000181885,4.2768,-2.2768000000018187,HIT_TARGET,0.387666356,True,0.387666356,False,,False,False,,False,,0.0
2026-03-19,NO_WALL,BID,2026-03-19 14:03:07.896746167,1773928987896746167,0.0,0.0,2138.7,0.0,0.0,5,5,4.0000000000009095,4-5,,,2139.3,2138.7999999999997,5.0000000000045475,2139.2,2139.3,0.0,5.0000000000045475,2.13905,2.8609500000045474,4.2781,0.7219000000045472,HIT_TARGET,17.399122758,True,17.399122758,False,,False,False,,True,4.584762563,8.000000000001819
2026-03-19,NO_WALL,ASK,2026-03-19 14:03:43.510527122,1773929023510527122,0.0,0.0,2138.0,0.0,0.0,1,1,5.0,4-5,,,2137.8,2137.9,0.9999999999990905,2137.8,2137.9,0.0,0.9999999999990905,2.1378500000000003,-1.1378500000009097,4.2757000000000005,-3.27570000000091,HIT_TARGET,0.051308105,True,0.051308105,False,,False,False,,False,,0.0
2026-03-19,NO_WALL,BID,2026-03-19 14:03:56.672812185,1773929036672812185,0.0,0.0,2137.2999999999997,0.0,0.0,3,3,4.0000000000009095,4-5,,,2137.7,2137.3999999999996,3.000000000001819,2137.6,2137.7,0.0,3.000000000001819,2.1375499999999996,0.8624500000018194,4.275099999999999,-1.2750999999981802,HIT_TARGET,4.645680521,True,4.645680521,False,,False,False,,True,1.020001106,5.0
2026-03-19,NO_WALL,BID,2026-03-19 14:04:53.871901504,1773929093871901504,0.0,0.0,2133.6,0.0,0.0,3,3,5.9999999999990905,4-5,,,2134.0,2133.7,3.000000000001819,2133.9,2134.0,0.0,3.000000000001819,2.13385,0.8661500000018192,4.2677,-1.2676999999981806,HIT_TARGET,1.739949693,True,1.739949693,False,,False,False,,False,,0.0
2026-03-19,NO_WALL,BID,2026-03-19 14:05:40.001419570,1773929140001419570,0.0,0.0,2135.7000000000003,0.0,0.0,1,1,5.0,4-5,,,2135.9,2135.8,0.9999999999990905,2135.8,2135.9,0.0,0.9999999999990905,2.13585,-1.1358500000009095,4.2717,-3.2717000000009095,HIT_TARGET,0.051112408,True,0.051112408,False,,False,False,,False,,0.0
2026-03-19,NO_WALL,ASK,2026-03-19 14:06:17.242745183,1773929177242745183,0.0,0.0,2136.3999999999996,0.0,0.0,2,2,5.0,4-5,,,2136.1,2136.2999999999997,1.999999999998181,2136.1,2136.2,0.0,1.999999999998181,2.1361999999999997,-0.13620000000181864,4.272399999999999,-2.2724000000018183,HIT_TARGET,0.360864391,True,0.360864391,False,,False,False,,False,,0.0
2026-03-19,NO_WALL,BID,2026-03-19 14:07:00.307840485,1773929220307840485,0.0,0.0,2133.0,0.0,0.0,3,3,5.0,4-5,,,2133.4,2133.1,3.000000000001819,2133.3,2133.4,0.0,3.000000000001819,2.13325,0.8667500000018191,4.2665,-1.2664999999981807,HIT_TARGET,43.526705576,True,43.526705576,False,,False,False,,True,1.232213031,20.99999999999909
2026-03-19,NO_WALL,ASK,2026-03-19 14:09:55.239993654,1773929395239993654,0.0,0.0,2128.9,0.0,0.0,3,3,4.0000000000009095,4-5,,,2128.5,2128.8,3.000000000001819,2128.5,2128.6,0.0,3.000000000001819,2.12865,0.8713500000018191,4.2573,-1.2572999999981809,HIT_TARGET,6.809821921,True,6.809821921,False,,False,False,,True,1.860724172,7.9999999999972715
2026-03-19,NO_WALL,BID,2026-03-19 14:10:27.147906351,1773929427147906351,0.0,0.0,2125.2,0.0,0.0,4,4,5.9999999999990905,4-5,,,2125.7,2125.2999999999997,4.0000000000009095,2125.6,2125.7,0.0,4.0000000000009095,2.1254999999999997,1.8745000000009098,4.2509999999999994,-0.25099999999908995,TIMEOUT,60.0,False,,False,,False,False,,True,1.583544451,63.00000000000182
2026-03-19,NO_WALL,BID,2026-03-19 14:10:55.771321749,1773929455771321749,0.0,0.0,2125.6,0.0,0.0,6,6,6.000000000003638,6+,,,2126.3,2125.7,6.000000000003638,2126.2,2126.3,0.0,6.000000000003638,2.126,3.874000000003638,4.252,1.7480000000036382,TIMEOUT,60.0,False,,False,,False,False,,True,0.412412333,67.00000000000273
2026-03-19,NO_WALL,ASK,2026-03-19 14:12:01.897727503,1773929521897727503,0.0,0.0,2134.2,0.0,0.0,5,5,6.999999999998181,6+,,,2133.6,2134.1,5.0,2133.6,2133.7,0.0,5.0,2.13385,2.86615,4.2677,0.7323000000000004,HIT_TARGET,6.63377668,True,6.63377668,False,,False,False,,True,0.508693628,2.9999999999972715
2026-03-19,NO_WALL,ASK,2026-03-19 14:12:47.056503560,1773929567056503560,0.0,0.0,2134.7000000000003,0.0,0.0,3,3,9.00000000000091,6+,,,2134.2,2134.6000000000004,4.000000000005457,2134.2,2134.4,0.0,4.000000000005457,2.1344,1.8656000000054571,4.2688,-0.26879999999454274,TIMEOUT,60.0,False,,False,,False,False,,True,0.967986875,48.00000000000182
2026-03-19,NO_WALL,ASK,2026-03-19 14:13:18.636225133,1773929598636225133,0.0,0.0,2131.9,0.0,0.0,3,3,5.9999999999990905,4-5,,,2131.5,2131.8,3.000000000001819,2131.5,2131.6,0.0,3.000000000001819,2.13165,0.868350000001819,4.2633,-1.263299999998181,TIMEOUT,60.0,False,,False,,False,False,,True,12.761763094,35.99999999999909
2026-03-19,NO_WALL,ASK,2026-03-19 14:13:19.656776368,1773929599656776368,0.0,0.0,2131.9,0.0,0.0,3,3,4.0000000000009095,4-5,,,2131.5,2131.8,3.000000000001819,2131.5,2131.6,0.0,3.000000000001819,2.13165,0.868350000001819,4.2633,-1.263299999998181,TIMEOUT,60.0,False,,False,,False,False,,True,11.741211859,35.99999999999909
2026-03-19,NO_WALL,ASK,2026-03-19 14:14:46.554179350,1773929686554179350,0.0,0.0,2129.7999999999997,0.0,0.0,2,2,5.0,4-5,,,2129.5,2129.7,1.999999999998181,2129.5,2129.6,0.0,1.999999999998181,2.1295999999999995,-0.12960000000181848,4.259199999999999,-2.259200000001818,HIT_TARGET,0.207103875,True,0.207103875,False,,False,False,,False,,0.0
2026-03-19,NO_WALL,BID,2026-03-19 14:14:51.843569930,1773929691843569930,0.0,0.0,2128.3,0.0,0.0,7,7,9.00000000000091,6+,,,2129.1,2128.4,6.999999999998181,2129.0,2129.1,0.0,6.999999999998181,2.12875,4.871249999998181,4.2575,2.7424999999981807,HIT_TARGET,3.488863899,True,3.488863899,False,,False,False,,False,,0.9999999999990905
2026-03-19,NO_WALL,BID,2026-03-19 14:15:37.993544300,1773929737993544300,0.0,0.0,2123.6,0.0,0.0,4,4,14.00000000000091,6+,,,2124.1,2123.7,4.0000000000009095,2124.0,2124.1,0.0,4.0000000000009095,2.1238999999999995,1.87610000000091,4.247799999999999,-0.24779999999908942,TIMEOUT,60.0,False,,False,,False,False,,True,2.645788504,41.99999999999818
2026-03-19,NO_WALL,BID,2026-03-19 14:16:48.346333615,1773929808346333615,0.0,0.0,2123.7,0.0,0.0,4,4,4.0000000000009095,4-5,,,2124.2,2123.7999999999997,4.0000000000009095,2124.1,2124.2,0.0,4.0000000000009095,2.124,1.8760000000009094,4.248,-0.24799999999909073,HIT_TARGET,0.767521636,True,0.767521636,False,,False,False,,False,,0.0
2026-03-19,NO_WALL,ASK,2026-03-19 14:19:09.553068230,1773929949553068230,0.0,0.0,2121.9,0.0,0.0,4,4,4.0000000000009095,4-5,,,2121.4,2121.8,4.0000000000009095,2121.4,2121.5,0.0,4.0000000000009095,2.1216000000000004,1.8784000000009091,4.243200000000001,-0.24319999999909125,HIT_TARGET,0.596040018,True,0.596040018,False,,False,False,,False,,0.0
2026-03-19,NO_WALL,ASK,2026-03-19 14:19:10.603261309,1773929950603261309,0.0,0.0,2121.9,0.0,0.0,1,1,5.0,4-5,,,2121.7,2121.8,1.000000000003638,2121.7,2121.8,0.0,1.000000000003638,2.12175,-1.121749999996362,4.2435,-3.243499999996362,HIT_TARGET,0.046953577,True,0.046953577,False,,False,False,,False,,0.0
2026-03-19,NO_WALL,ASK,2026-03-19 14:20:23.141727964,1773930023141727964,0.0,0.0,2125.1,0.0,0.0,4,4,10.99999999999909,6+,,,2124.6,2125.0,4.0000000000009095,2124.6,2124.7,0.0,4.0000000000009095,2.1248,1.8752000000009095,4.2496,-0.24959999999909055,HIT_TARGET,1.196493738,True,1.196493738,False,,False,False,,False,,0.0
2026-03-19,NO_WALL,BID,2026-03-19 14:21:16.039637719,1773930076039637719,0.0,0.0,2120.8,0.0,0.0,6,6,10.0,6+,,,2121.5,2120.9,5.9999999999990905,2121.4,2121.5,0.0,5.9999999999990905,2.1211999999999995,3.878799999999091,4.242399999999999,1.7575999999990914,HIT_TARGET,1.784383352,True,1.784383352,False,,False,False,,False,,0.0
2026-03-19,NO_WALL,ASK,2026-03-19 14:24:32.604484441,1773930272604484441,0.0,0.0,2123.2000000000003,0.0,0.0,4,4,5.0,4-5,,,2122.7,2123.1000000000004,4.000000000005457,2122.7,2122.8,0.0,4.000000000005457,2.1229,1.877100000005457,4.2458,-0.24579999999454305,HIT_TARGET,32.82307186,True,32.82307186,False,,False,False,,True,1.693971161,17.00000000000273
2026-03-19,NO_WALL,BID,2026-03-19 14:24:40.052514251,1773930280052514251,0.0,0.0,2121.1,0.0,0.0,4,4,4.0000000000009095,4-5,,,2121.6,2121.2,4.0000000000009095,2121.5,2121.6,0.0,4.0000000000009095,2.1213999999999995,1.87860000000091,4.242799999999999,-0.24279999999908952,HIT_TARGET,1.393090711,True,1.393090711,False,,False,False,,False,,0.0
2026-03-19,NO_WALL,BID,2026-03-19 14:25:39.239837467,1773930339239837467,0.0,0.0,2122.0,0.0,0.0,4,4,6.999999999998181,6+,,,2122.5,2122.1,4.0000000000009095,2122.4,2122.5,0.0,4.0000000000009095,2.1223,1.8777000000009094,4.2446,-0.24459999999909066,HIT_TARGET,9.04589311,True,9.04589311,False,,False,False,,False,,1.999999999998181
2026-03-19,NO_WALL,BID,2026-03-19 14:27:59.327728538,1773930479327728538,0.0,0.0,2118.4,0.0,0.0,4,4,3.999999999996362,2-3,,,2118.9,2118.5,4.0000000000009095,2118.8,2118.9,0.0,4.0000000000009095,2.1186999999999996,1.88130000000091,4.237399999999999,-0.23739999999908967,HIT_TARGET,8.575293202,True,8.575293202,False,,False,False,,False,,1.999999999998181
2026-03-19,NO_WALL,ASK,2026-03-19 14:32:19.156672783,1773930739156672783,0.0,0.0,2114.8,0.0,0.0,4,4,4.0000000000009095,4-5,,,2114.3,2114.7000000000003,4.0000000000009095,2114.3,2114.4,0.0,4.0000000000009095,2.1145,1.8855000000009094,4.229,-0.2289999999990906,TIMEOUT,60.0,False,,False,,False,False,,True,0.920129639,48.00000000000182
2026-03-19,NO_WALL,BID,2026-03-19 14:35:31.317977791,1773930931317977791,0.0,0.0,2112.0,0.0,0.0,4,4,9.00000000000091,6+,,,2112.5,2112.1,4.0000000000009095,2112.4,2112.5,0.0,4.0000000000009095,2.1123000000000003,1.8877000000009092,4.224600000000001,-0.22459999999909108,TIMEOUT,60.0,False,,False,,False,False,,True,1.434311476,32.99999999999727
2026-03-19,NO_WALL,BID,2026-03-19 14:37:07.936821592,1773931027936821592,0.0,0.0,2109.6,0.0,0.0,3,3,4.0000000000009095,4-5,,,2110.0,2109.7,3.000000000001819,2109.9,2110.0,0.0,3.000000000001819,2.10985,0.8901500000018192,4.2197,-1.2196999999981806,HIT_TARGET,0.186408772,True,0.186408772,False,,False,False,,False,,0.0
2026-03-19,NO_WALL,ASK,2026-03-19 14:37:51.888107012,1773931071888107012,0.0,0.0,2103.7999999999997,0.0,0.0,2,2,5.0,4-5,,,2103.5,2103.7,1.999999999998181,2103.5,2103.6,0.0,1.999999999998181,2.1035999999999997,-0.10360000000181868,4.207199999999999,-2.2072000000018184,HIT_TARGET,1.900451566,True,1.900451566,False,,False,False,,False,,0.0
2026-03-19,NO_WALL,BID,2026-03-19 14:38:00.213797183,1773931080213797183,0.0,0.0,2103.7999999999997,0.0,0.0,3,3,7.0000000000027285,6+,,,2104.2,2103.8999999999996,3.000000000001819,2104.1,2104.2,0.0,3.000000000001819,2.1040499999999995,0.8959500000018195,4.208099999999999,-1.20809999999818,HIT_TARGET,0.258109406,True,0.258109406,False,,False,False,,False,,0.0
2026-03-19,NO_WALL,ASK,2026-03-19 14:38:36.235726815,1773931116235726815,0.0,0.0,2103.5,0.0,0.0,4,4,10.0,6+,,,2103.0,2103.4,4.0000000000009095,2103.0,2103.1,0.0,4.0000000000009095,2.1031999999999997,1.8968000000009098,4.2063999999999995,-0.20639999999908998,HIT_TARGET,0.973927941,True,0.973927941,False,,False,False,,False,,0.0
2026-03-19,NO_WALL,ASK,2026-03-19 14:39:02.723591564,1773931142723591564,0.0,0.0,2105.6,0.0,0.0,5,5,10.0,6+,,,2105.0,2105.5,5.0,2105.0,2105.1,0.0,5.0,2.10525,2.89475,4.2105,0.7895000000000003,HIT_TARGET,10.360584334,True,10.360584334,False,,False,False,,True,0.408964591,6.999999999998181
2026-03-19,NO_WALL,ASK,2026-03-19 14:40:44.318996276,1773931244318996276,0.0,0.0,2111.4,0.0,0.0,4,4,5.0,4-5,,,2110.9,2111.3,4.0000000000009095,2110.9,2111.0,0.0,4.0000000000009095,2.1111000000000004,1.888900000000909,4.222200000000001,-0.22219999999909135,HIT_TARGET,0.0516698,True,0.0516698,False,,False,False,,False,,0.0
2026-03-19,NO_WALL,BID,2026-03-19 14:41:22.272605279,1773931282272605279,0.0,0.0,2113.0,0.0,0.0,5,5,13.000000000001819,6+,,,2113.6,2113.1,5.0,2113.5,2113.6,0.0,5.0,2.1133499999999996,2.8866500000000004,4.226699999999999,0.7733000000000008,HIT_TARGET,3.32303523,True,3.32303523,False,,False,False,,False,,0.0
2026-03-19,NO_WALL,BID,2026-03-19 14:42:54.904695783,1773931374904695783,0.0,0.0,2115.7000000000003,0.0,0.0,1,1,6.999999999998181,6+,,,2115.9,2115.8,0.9999999999990905,2115.8,2115.9,0.0,0.9999999999990905,2.11585,-1.1158500000009095,4.2317,-3.2317000000009095,HIT_TARGET,0.047577029,True,0.047577029,False,,False,False,,False,,0.0
2026-03-19,NO_WALL,BID,2026-03-19 14:42:55.923968138,1773931375923968138,0.0,0.0,2115.4,0.0,0.0,1,1,10.0,6+,,,2115.6,2115.5,0.9999999999990905,2115.5,2115.6,0.0,0.9999999999990905,2.1155500000000003,-1.1155500000009098,4.2311000000000005,-3.23110000000091,HIT_TARGET,0.043293704,True,0.043293704,False,,False,False,,False,,0.0
2026-03-19,NO_WALL,BID,2026-03-19 14:46:07.857294803,1773931567857294803,0.0,0.0,2112.4,0.0,0.0,2,2,4.0000000000009095,4-5,,,2112.7,2112.5,1.999999999998181,2112.6,2112.7,0.0,1.999999999998181,2.1126,-0.11260000000181902,4.2252,-2.225200000001819,HIT_TARGET,2.506067281,True,2.506067281,False,,False,False,,False,,0.0
2026-03-19,NO_WALL,BID,2026-03-19 14:47:27.570120442,1773931647570120442,0.0,0.0,2111.4,0.0,0.0,2,2,10.99999999999909,6+,,,2111.7,2111.5,1.999999999998181,2111.6,2111.7,0.0,1.999999999998181,2.1115999999999997,-0.11160000000181869,4.223199999999999,-2.2232000000018184,HIT_TARGET,3.577616051,True,3.577616051,False,,False,False,,False,,0.0
2026-03-19,NO_WALL,ASK,2026-03-19 14:48:01.963032320,1773931681963032320,0.0,0.0,2113.9,0.0,0.0,3,3,9.00000000000091,6+,,,2113.5,2113.8,3.000000000001819,2113.5,2113.6,0.0,3.000000000001819,2.11365,0.8863500000018192,4.2273,-1.2272999999981806,HIT_TARGET,7.405387947,True,7.405387947,False,,False,False,,False,,0.0
2026-03-19,NO_WALL,BID,2026-03-19 14:48:29.275065581,1773931709275065581,0.0,0.0,2112.2999999999997,0.0,0.0,3,3,4.0000000000009095,4-5,,,2112.7,2112.3999999999996,3.000000000001819,2112.6,2112.7,0.0,3.000000000001819,2.1125499999999997,0.8874500000018193,4.225099999999999,-1.2250999999981804,HIT_TARGET,2.69845398,True,2.69845398,False,,False,False,,False,,0.0
2026-03-19,NO_WALL,ASK,2026-03-19 14:53:14.122786201,1773931994122786201,0.0,0.0,2128.8,0.0,0.0,3,3,16.99999999999818,6+,,,2128.4,2128.7000000000003,3.000000000001819,2128.4,2128.5,0.0,3.000000000001819,2.12855,0.8714500000018188,4.2571,-1.2570999999981813,HIT_TARGET,3.357799788,True,3.357799788,False,,False,False,,False,,0.0
2026-03-19,NO_WALL,ASK,2026-03-19 14:53:45.646435768,1773932025646435768,0.0,0.0,2131.4,0.0,0.0,1,1,5.0,4-5,,,2131.2,2131.3,1.000000000003638,2131.2,2131.3,0.0,1.000000000003638,2.13125,-1.131249999996362,4.2625,-3.262499999996362,HIT_TARGET,0.049342459,True,0.049342459,False,,False,False,,False,,0.0
2026-03-19,NO_WALL,ASK,2026-03-19 14:58:15.034561131,1773932295034561131,0.0,0.0,2124.5,0.0,0.0,4,4,6.999999999998181,6+,,,2124.0,2124.4,4.0000000000009095,2124.0,2124.1,0.0,4.0000000000009095,2.1241999999999996,1.8758000000009099,4.248399999999999,-0.2483999999990898,HIT_TARGET,5.102328706,True,5.102328706,False,,False,False,,False,,0.0
2026-03-19,NO_WALL,ASK,2026-03-19 14:58:21.462854929,1773932301462854929,0.0,0.0,2125.2000000000003,0.0,0.0,4,4,7.0000000000027285,6+,,,2124.7,2125.1000000000004,4.000000000005457,2124.7,2124.8,0.0,4.000000000005457,2.1249,1.8751000000054572,4.2498,-0.2497999999945426,HIT_TARGET,7.602755668,True,7.602755668,False,,False,False,,False,,0.0
2026-03-19,NO_WALL,ASK,2026-03-19 14:58:30.340469454,1773932310340469454,0.0,0.0,2125.9,0.0,0.0,4,4,5.0,4-5,,,2125.4,2125.8,4.0000000000009095,2125.4,2125.5,0.0,4.0000000000009095,2.1256,1.8744000000009096,4.2512,-0.2511999999990904,HIT_TARGET,7.449210747,True,7.449210747,False,,False,False,,True,5.35322831,3.000000000001819
2026-03-19,NO_WALL,BID,2026-03-19 15:01:58.080471080,1773932518080471080,0.0,0.0,2123.9,0.0,0.0,4,4,5.0,4-5,,,2124.4,2124.0,4.0000000000009095,2124.3,2124.4,0.0,4.0000000000009095,2.1241999999999996,1.8758000000009099,4.248399999999999,-0.2483999999990898,HIT_TARGET,0.257281303,True,0.257281303,False,,False,False,,False,,0.0
2026-03-19,NO_WALL,BID,2026-03-19 15:03:13.712556775,1773932593712556775,0.0,0.0,2127.4,0.0,0.0,6,6,5.0,4-5,,,2128.1,2127.5,5.9999999999990905,2128.0,2128.1,0.0,5.9999999999990905,2.1278,3.8721999999990904,4.2556,1.7443999999990902,HIT_TARGET,22.044517409,True,22.044517409,False,,False,False,,True,1.58081979,10.0
2026-03-19,NO_WALL,ASK,2026-03-19 15:03:52.710337894,1773932632710337894,0.0,0.0,2128.1,0.0,0.0,2,2,5.9999999999990905,4-5,,,2127.8,2128.0,1.999999999998181,2127.8,2127.9,0.0,1.999999999998181,2.1279,-0.1279000000018189,4.2558,-2.255800000001819,HIT_TARGET,5.051877033,True,5.051877033,False,,False,False,,True,0.767200834,8.000000000001819
2026-03-19,NO_WALL,ASK,2026-03-19 15:04:32.607616979,1773932672607616979,0.0,0.0,2131.1,0.0,0.0,4,4,12.999999999997272,6+,,,2130.6,2131.0,4.0000000000009095,2130.6,2130.7,0.0,4.0000000000009095,2.1308000000000002,1.8692000000009092,4.2616000000000005,-0.261599999999091,HIT_TARGET,8.619527509,True,8.619527509,False,,False,False,,True,0.810507201,8.999999999996362
2026-03-19,NO_WALL,BID,2026-03-19 15:08:03.342380419,1773932883342380419,0.0,0.0,2129.5,0.0,0.0,5,5,8.000000000001819,6+,,,2130.1,2129.6,5.0,2130.0,2130.1,0.0,5.0,2.12985,2.87015,4.2597,0.7403000000000004,HIT_TARGET,1.082144188,True,1.082144188,False,,False,False,,False,,0.0
2026-03-19,NO_WALL,BID,2026-03-19 15:08:27.077587738,1773932907077587738,0.0,0.0,2126.2999999999997,0.0,0.0,3,3,5.9999999999990905,4-5,,,2126.7,2126.3999999999996,3.000000000001819,2126.6,2126.7,0.0,3.000000000001819,2.1265499999999995,0.8734500000018195,4.253099999999999,-1.25309999999818,HIT_TARGET,16.793272589,True,16.793272589,False,,False,False,,True,1.013437443,4.0000000000009095
2026-03-19,NO_WALL,ASK,2026-03-19 15:09:28.235364848,1773932968235364848,0.0,0.0,2128.2999999999997,0.0,0.0,1,1,5.0,4-5,,,2128.1,2128.2,0.9999999999990905,2128.1,2128.2,0.0,0.9999999999990905,2.1281499999999998,-1.1281500000009093,4.2562999999999995,-3.256300000000909,HIT_TARGET,0.104552397,True,0.104552397,False,,False,False,,False,,0.0
2026-03-19,NO_WALL,BID,2026-03-19 15:10:50.263675904,1773933050263675904,0.0,0.0,2127.7,0.0,0.0,4,4,5.0,4-5,,,2128.2,2127.7999999999997,4.0000000000009095,2128.1,2128.2,0.0,4.0000000000009095,2.1279999999999997,1.8720000000009098,4.255999999999999,-0.25599999999908984,HIT_TARGET,12.401443274,True,12.401443274,False,,False,False,,True,8.42302635,5.0
2026-03-19,NO_WALL,ASK,2026-03-19 15:11:38.327380309,1773933098327380309,0.0,0.0,2127.1,0.0,0.0,1,1,4.0000000000009095,4-5,,,2126.9,2127.0,0.9999999999990905,2126.9,2127.0,0.0,0.9999999999990905,2.12695,-1.1269500000009094,4.2539,-3.2539000000009093,HIT_TARGET,0.012780061,True,0.012780061,False,,False,False,,False,,0.0
2026-03-19,NO_WALL,BID,2026-03-19 15:13:12.377488484,1773933192377488484,0.0,0.0,2126.3999999999996,0.0,0.0,3,3,6.000000000003638,6+,,,2126.8,2126.4999999999995,3.0000000000063665,2126.7,2126.8,0.0,3.0000000000063665,2.1266499999999997,0.8733500000063668,4.253299999999999,-1.253299999993633,HIT_TARGET,2.093074888,True,2.093074888,False,,False,False,,False,,0.0
2026-03-19,NO_WALL,ASK,2026-03-19 15:13:36.256761064,1773933216256761064,0.0,0.0,2128.2000000000003,0.0,0.0,3,3,4.0000000000009095,4-5,,,2127.8,2128.1000000000004,3.000000000001819,2127.8,2127.9,0.0,3.000000000001819,2.1279500000000002,0.8720500000018188,4.2559000000000005,-1.2558999999981815,HIT_TARGET,6.336863425,True,6.336863425,False,,False,False,,False,,2.0000000000027285
2026-03-19,NO_WALL,ASK,2026-03-19 15:14:40.609247166,1773933280609247166,0.0,0.0,2128.5,0.0,0.0,4,4,4.0000000000009095,4-5,,,2128.0,2128.4,4.0000000000009095,2128.0,2128.1,0.0,4.0000000000009095,2.1281999999999996,1.8718000000009098,4.256399999999999,-0.2563999999990898,HIT_TARGET,4.18947545,True,4.18947545,False,,False,False,,False,,0.0
2026-03-19,NO_WALL,BID,2026-03-19 15:16:00.735579218,1773933360735579218,0.0,0.0,2129.0,0.0,0.0,5,5,4.0000000000009095,4-5,,,2129.6,2129.1,5.0,2129.5,2129.6,0.0,5.0,2.1293499999999996,2.8706500000000004,4.258699999999999,0.7413000000000007,TIMEOUT,60.0,False,,False,,False,False,,True,12.800887819,55.99999999999909
2026-03-19,NO_WALL,ASK,2026-03-19 15:16:15.255672679,1773933375255672679,0.0,0.0,2130.1,0.0,0.0,1,1,4.0000000000009095,4-5,,,2129.9,2130.0,0.9999999999990905,2129.9,2130.0,0.0,0.9999999999990905,2.1299499999999996,-1.129950000000909,4.259899999999999,-3.2599000000009086,HIT_TARGET,0.060621815,True,0.060621815,False,,False,False,,False,,0.0
2026-03-19,NO_WALL,ASK,2026-03-19 15:16:34.709218824,1773933394709218824,0.0,0.0,2132.5,0.0,0.0,5,5,18.00000000000182,6+,,,2131.9,2132.4,5.0,2131.9,2132.0,0.0,5.0,2.13215,2.86785,4.2643,0.7356999999999996,HIT_TARGET,11.27404676,True,11.27404676,False,,False,False,,True,0.102340674,9.00000000000091
2026-03-19,NO_WALL,BID,2026-03-19 15:17:03.135597834,1773933423135597834,0.0,0.0,2134.2,0.0,0.0,4,4,5.0,4-5,,,2134.7,2134.2999999999997,4.0000000000009095,2134.6,2134.7,0.0,4.0000000000009095,2.1345,1.8655000000009094,4.269,-0.26899999999909063,HIT_TARGET,0.050460328,True,0.050460328,False,,False,False,,False,,0.0
2026-03-19,NO_WALL,BID,2026-03-19 15:17:42.003535223,1773933462003535223,0.0,0.0,2130.7999999999997,0.0,0.0,3,3,19.00000000000091,6+,,,2131.2,2130.8999999999996,3.000000000001819,2131.1,2131.2,0.0,3.000000000001819,2.1310499999999997,0.8689500000018193,4.262099999999999,-1.2620999999981803,HIT_TARGET,5.924525494,True,5.924525494,False,,False,False,,False,,0.9999999999990905
2026-03-19,NO_WALL,ASK,2026-03-19 15:20:04.399503627,1773933604399503627,0.0,0.0,2119.4,0.0,0.0,3,3,10.0,6+,,,2119.0,2119.3,3.000000000001819,2119.0,2119.1,0.0,3.000000000001819,2.11915,0.8808500000018191,4.2383,-1.2382999999981807,HIT_TARGET,5.735095083,True,5.735095083,False,,False,False,,False,,1.999999999998181
2026-03-19,NO_WALL,ASK,2026-03-19 15:20:10.748109495,1773933610748109495,0.0,0.0,2119.8,0.0,0.0,3,3,4.0000000000009095,4-5,,,2119.4,2119.7000000000003,3.000000000001819,2119.4,2119.5,0.0,3.000000000001819,2.11955,0.8804500000018192,4.2391,-1.2390999999981807,HIT_TARGET,10.714676409,True,10.714676409,False,,False,False,,True,2.908565992,4.0000000000009095
2026-03-19,NO_WALL,ASK,2026-03-19 15:23:02.819528930,1773933782819528930,0.0,0.0,2117.1000000000004,0.0,0.0,3,3,4.0000000000009095,4-5,,,2116.7,2117.0000000000005,3.0000000000063665,2116.7,2116.8,0.0,3.0000000000063665,2.1168500000000003,0.8831500000063661,4.233700000000001,-1.2336999999936342,HIT_TARGET,3.545156969,True,3.545156969,False,,False,False,,True,2.677963085,4.0000000000009095
2026-03-19,NO_WALL,BID,2026-03-19 15:25:30.714375331,1773933930714375331,0.0,0.0,2113.2,0.0,0.0,4,4,5.9999999999990905,4-5,,,2113.7,2113.2999999999997,4.0000000000009095,2113.6,2113.7,0.0,4.0000000000009095,2.1135,1.8865000000009093,4.227,-0.22699999999909082,HIT_TARGET,10.252581345,True,10.252581345,False,,False,False,,True,0.05086797,5.9999999999990905
2026-03-19,NO_WALL,ASK,2026-03-19 15:26:04.705520938,1773933964705520938,0.0,0.0,2116.4,0.0,0.0,4,4,4.0000000000009095,4-5,,,2115.9,2116.3,4.0000000000009095,2115.9,2116.0,0.0,4.0000000000009095,2.1161000000000003,1.8839000000009092,4.232200000000001,-0.23219999999909113,HIT_TARGET,15.554643046,True,15.554643046,False,,False,False,,True,3.519186855,4.0000000000009095
2026-03-19,NO_WALL,ASK,2026-03-19 15:26:20.775619755,1773933980775619755,0.0,0.0,2116.6,0.0,0.0,2,2,5.9999999999990905,4-5,,,2116.3,2116.5,1.999999999998181,2116.3,2116.4,0.0,1.999999999998181,2.1164,-0.11640000000181905,4.2328,-2.232800000001819,TIMEOUT,60.0,False,,False,,False,False,,True,9.651503928,33.00000000000182
2026-03-19,NO_WALL,ASK,2026-03-19 15:26:53.881236573,1773934013881236573,0.0,0.0,2114.8,0.0,0.0,3,3,5.0,4-5,,,2114.4,2114.7000000000003,3.000000000001819,2114.4,2114.5,0.0,3.000000000001819,2.1145500000000004,0.8854500000018186,4.229100000000001,-1.2290999999981818,HIT_TARGET,1.803077565,True,1.803077565,False,,False,False,,False,,0.0
2026-03-19,NO_WALL,ASK,2026-03-19 15:27:29.882657655,1773934049882657655,0.0,0.0,2114.3,0.0,0.0,3,3,5.0,4-5,,,2113.9,2114.2000000000003,3.000000000001819,2113.9,2114.0,0.0,3.000000000001819,2.1140499999999998,0.8859500000018192,4.2280999999999995,-1.2280999999981805,HIT_TARGET,12.604329302,True,12.604329302,False,,False,False,,False,,1.999999999998181
2026-03-19,NO_WALL,BID,2026-03-19 15:32:26.642304512,1773934346642304512,0.0,0.0,2113.5,0.0,0.0,2,2,8.000000000001819,6+,,,2113.8,2113.6,2.0000000000027285,2113.7,2113.8,0.0,2.0000000000027285,2.1136999999999997,-0.1136999999972712,4.227399999999999,-2.227399999997271,HIT_TARGET,36.153023032,True,36.153023032,False,,False,False,,True,0.470255374,5.0
2026-03-19,NO_WALL,ASK,2026-03-19 15:34:15.488521389,1773934455488521389,0.0,0.0,2115.1,0.0,0.0,4,4,3.999999999996362,2-3,,,2114.6,2115.0,4.0000000000009095,2114.6,2114.7,0.0,4.0000000000009095,2.1148000000000002,1.8852000000009093,4.2296000000000005,-0.22959999999909098,HIT_TARGET,0.253940553,True,0.253940553,False,,False,False,,False,,0.0
2026-03-19,NO_WALL,ASK,2026-03-19 15:34:17.936864092,1773934457936864092,0.0,0.0,2115.9,0.0,0.0,6,6,7.0000000000027285,6+,,,2115.2,2115.8,6.000000000003638,2115.2,2115.3,0.0,6.000000000003638,2.1155,3.884500000003638,4.231,1.769000000003638,TIMEOUT,60.0,False,,False,,False,False,,True,2.7568414,39.00000000000091
2026-03-19,NO_WALL,ASK,2026-03-19 15:35:06.728684354,1773934506728684354,0.0,0.0,2113.2,0.0,0.0,6,6,11.999999999998181,6+,,,2112.5,2113.1,5.9999999999990905,2112.5,2112.6,0.0,5.9999999999990905,2.1128,3.8871999999990905,4.2256,1.7743999999990905,HIT_TARGET,0.715455332,True,0.715455332,False,,False,False,,False,,0.0
2026-03-19,NO_WALL,ASK,2026-03-19 15:35:11.983562736,1773934511983562736,0.0,0.0,2114.6,0.0,0.0,5,5,9.00000000000091,6+,,,2114.0,2114.5,5.0,2114.0,2114.1,0.0,5.0,2.1142499999999997,2.8857500000000003,4.2284999999999995,0.7715000000000005,HIT_TARGET,0.868245214,True,0.868245214,False,,False,False,,False,,0.0
2026-03-19,NO_WALL,BID,2026-03-19 15:35:34.382705422,1773934534382705422,0.0,0.0,2112.2999999999997,0.0,0.0,4,4,5.0,4-5,,,2112.8,2112.3999999999996,4.000000000005457,2112.7,2112.8,0.0,4.000000000005457,2.1126,1.887400000005457,4.2252,-0.2251999999945431,HIT_TARGET,1.835341896,True,1.835341896,False,,False,False,,False,,0.0
2026-03-19,NO_WALL,ASK,2026-03-19 15:39:19.159146443,1773934759159146443,0.0,0.0,2116.4,0.0,0.0,4,4,11.999999999998181,6+,,,2115.9,2116.3,4.0000000000009095,2115.9,2116.0,0.0,4.0000000000009095,2.1161000000000003,1.8839000000009092,4.232200000000001,-0.23219999999909113,HIT_TARGET,1.535509459,True,1.535509459,False,,False,False,,False,,0.0
2026-03-19,NO_WALL,ASK,2026-03-19 15:40:52.509105994,1773934852509105994,0.0,0.0,2115.0,0.0,0.0,2,2,11.000000000003638,6+,,,2114.7,2114.9,2.0000000000027285,2114.7,2114.8,0.0,2.0000000000027285,2.1148000000000002,-0.11479999999727175,4.2296000000000005,-2.229599999997272,HIT_TARGET,0.335422851,True,0.335422851,False,,False,False,,False,,0.0
2026-03-19,NO_WALL,ASK,2026-03-19 15:42:36.667329711,1773934956667329711,0.0,0.0,2111.5,0.0,0.0,5,5,6.999999999998181,6+,,,2110.9,2111.4,5.0,2110.9,2111.0,0.0,5.0,2.11115,2.88885,4.2223,0.7777000000000003,TIMEOUT,60.0,False,,False,,False,False,,True,2.148236832,45.99999999999909
2026-03-19,NO_WALL,BID,2026-03-19 15:42:54.268173356,1773934974268173356,0.0,0.0,2106.7,0.0,0.0,3,3,11.999999999998181,6+,,,2107.1,2106.7999999999997,3.000000000001819,2107.0,2107.1,0.0,3.000000000001819,2.10695,0.8930500000018191,4.2139,-1.2138999999981808,HIT_TARGET,9.737494505,True,9.737494505,False,,False,False,,True,1.380409167,20.0
2026-03-19,NO_WALL,BID,2026-03-19 15:43:05.595797452,1773934985595797452,0.0,0.0,2105.6000000000004,0.0,0.0,7,7,6.999999999998181,6+,,,2106.4,2105.7000000000003,6.999999999998181,2106.3,2106.4,0.0,6.999999999998181,2.10605,4.893949999998181,4.2121,2.7878999999981806,TIMEOUT,60.0,False,,False,,False,False,,True,1.023121269,35.0
2026-03-19,NO_WALL,BID,2026-03-19 15:43:23.337909497,1773935003337909497,0.0,0.0,2106.5,0.0,0.0,5,5,10.0,6+,,,2107.1,2106.6,5.0,2107.0,2107.1,0.0,5.0,2.1068499999999997,2.8931500000000003,4.213699999999999,0.7863000000000007,HIT_TARGET,2.720046538,True,2.720046538,False,,False,False,,False,,1.999999999998181
2026-03-19,NO_WALL,BID,2026-03-19 15:44:38.044601375,1773935078044601375,0.0,0.0,2106.6000000000004,0.0,0.0,2,2,3.999999999996362,2-3,,,2106.9,2106.7000000000003,1.999999999998181,2106.8,2106.9,0.0,1.999999999998181,2.1068,-0.10680000000181877,4.2136,-2.2136000000018186,HIT_TARGET,12.09711917,True,12.09711917,False,,False,False,,True,4.945986299,5.9999999999990905
2026-03-19,NO_WALL,BID,2026-03-19 15:44:53.052307622,1773935093052307622,0.0,0.0,2105.6000000000004,0.0,0.0,2,2,11.999999999998181,6+,,,2105.9,2105.7000000000003,1.999999999998181,2105.8,2105.9,0.0,1.999999999998181,2.1058,-0.10580000000181888,4.2116,-2.2116000000018188,HIT_TARGET,3.214220006,True,3.214220006,False,,False,False,,True,0.969280488,5.0
2026-03-19,NO_WALL,BID,2026-03-19 15:45:20.084029661,1773935120084029661,0.0,0.0,2104.5,0.0,0.0,2,2,5.0,4-5,,,2104.8,2104.6,2.0000000000027285,2104.7,2104.8,0.0,2.0000000000027285,2.1047,-0.10469999999727131,4.2094,-2.209399999997271,HIT_TARGET,4.208022864,True,4.208022864,False,,False,False,,True,1.447759814,3.000000000001819
2026-03-19,NO_WALL,BID,2026-03-19 15:45:41.894734581,1773935141894734581,0.0,0.0,2102.1,0.0,0.0,5,5,12.000000000002728,6+,,,2102.7,2102.2,5.0,2102.6,2102.7,0.0,5.0,2.1024499999999997,2.8975500000000003,4.204899999999999,0.7951000000000006,HIT_TARGET,2.194705033,True,2.194705033,False,,False,False,,False,,0.0
2026-03-19,NO_WALL,BID,2026-03-19 15:46:48.244489542,1773935208244489542,0.0,0.0,2098.9,0.0,0.0,4,4,40.0,6+,,,2099.4,2099.0,4.0000000000009095,2099.3,2099.4,0.0,4.0000000000009095,2.0991999999999997,1.9008000000009098,4.1983999999999995,-0.19839999999908997,HIT_TARGET,0.563010431,True,0.563010431,False,,False,False,,False,,0.0
2026-03-19,NO_WALL,ASK,2026-03-19 15:48:25.009538031,1773935305009538031,0.0,0.0,2107.8,0.0,0.0,5,5,5.0,4-5,,,2107.2,2107.7000000000003,5.0000000000045475,2107.2,2107.3,0.0,5.0000000000045475,2.1074499999999996,2.892550000004548,4.214899999999999,0.7851000000045483,HIT_TARGET,1.633220711,True,1.633220711,False,,False,False,,False,,0.0
2026-03-19,NO_WALL,ASK,2026-03-19 15:48:44.495208832,1773935324495208832,0.0,0.0,2112.3999999999996,0.0,0.0,2,2,5.9999999999990905,4-5,,,2112.1,2112.2999999999997,1.999999999998181,2112.1,2112.2,0.0,1.999999999998181,2.1121999999999996,-0.11220000000181862,4.224399999999999,-2.2244000000018183,HIT_TARGET,0.202136333,True,0.202136333,False,,False,False,,False,,0.0
2026-03-19,NO_WALL,ASK,2026-03-19 15:50:26.799459673,1773935426799459673,0.0,0.0,2115.3,0.0,0.0,3,3,4.0000000000009095,4-5,,,2114.9,2115.2000000000003,3.000000000001819,2114.9,2115.0,0.0,3.000000000001819,2.11505,0.8849500000018189,4.2301,-1.2300999999981812,HIT_TARGET,1.328918193,True,1.328918193,False,,False,False,,False,,0.0
2026-03-19,NO_WALL,ASK,2026-03-19 15:52:32.228283552,1773935552228283552,0.0,0.0,2117.4,0.0,0.0,4,4,5.9999999999990905,4-5,,,2116.9,2117.3,4.0000000000009095,2116.9,2117.0,0.0,4.0000000000009095,2.1171,1.8829000000009093,4.2342,-0.2341999999990909,HIT_TARGET,1.941282427,True,1.941282427,False,,False,False,,False,,0.0
2026-03-19,NO_WALL,ASK,2026-03-19 15:52:44.472238023,1773935564472238023,0.0,0.0,2119.4,0.0,0.0,6,6,7.0000000000027285,6+,,,2118.7,2119.3,6.000000000003638,2118.7,2118.8,0.0,6.000000000003638,2.1189999999999998,3.881000000003638,4.2379999999999995,1.7620000000036384,HIT_TARGET,5.461761811,True,5.461761811,False,,False,False,,True,3.215981765,4.0000000000009095
2026-03-19,NO_WALL,ASK,2026-03-19 15:55:28.118481891,1773935728118481891,0.0,0.0,2121.5,0.0,0.0,4,4,11.999999999998181,6+,,,2121.0,2121.4,4.0000000000009095,2121.0,2121.1,0.0,4.0000000000009095,2.1211999999999995,1.87880000000091,4.242399999999999,-0.24239999999908957,HIT_TARGET,0.717083833,True,0.717083833,False,,False,False,,False,,0.0
2026-03-19,NO_WALL,ASK,2026-03-19 15:55:55.838458477,1773935755838458477,0.0,0.0,2121.8999999999996,0.0,0.0,2,2,7.9999999999972715,6+,,,2121.6,2121.7999999999997,1.999999999998181,2121.6,2121.7,0.0,1.999999999998181,2.1216999999999997,-0.12170000000181869,4.243399999999999,-2.2434000000018184,HIT_TARGET,0.870260831,True,0.870260831,False,,False,False,,False,,0.0
2026-03-19,NO_WALL,BID,2026-03-19 15:57:15.339737734,1773935835339737734,0.0,0.0,2121.6,0.0,0.0,5,5,4.0000000000009095,4-5,,,2122.2,2121.7,5.0,2122.1,2122.2,0.0,5.0,2.12195,2.87805,4.2439,0.7561,HIT_TARGET,34.439934429,True,34.439934429,False,,False,False,,True,8.672582107,25.99999999999909
2026-03-19,NO_WALL,BID,2026-03-19 15:57:43.396649070,1773935863396649070,0.0,0.0,2122.7000000000003,0.0,0.0,1,1,6.999999999998181,6+,,,2122.9,2122.8,0.9999999999990905,2122.8,2122.9,0.0,0.9999999999990905,2.12285,-1.1228500000009096,4.2457,-3.2457000000009097,HIT_TARGET,0.051627992,True,0.051627992,False,,False,False,,False,,0.0
2026-03-19,NO_WALL,ASK,2026-03-19 15:57:53.452186838,1773935873452186838,0.0,0.0,2122.6,0.0,0.0,1,1,11.999999999998181,6+,,,2122.4,2122.5,0.9999999999990905,2122.4,2122.5,0.0,0.9999999999990905,2.1224499999999997,-1.1224500000009092,4.2448999999999995,-3.244900000000909,HIT_TARGET,0.045839621,True,0.045839621,False,,False,False,,False,,0.0
2026-03-19,NO_WALL,BID,2026-03-19 15:57:57.780527576,1773935877780527576,0.0,0.0,2121.5,0.0,0.0,4,4,5.0,4-5,,,2122.0,2121.6,4.0000000000009095,2121.9,2122.0,0.0,4.0000000000009095,2.1218,1.8782000000009096,4.2436,-0.24359999999909032,HIT_TARGET,4.655661059,True,4.655661059,False,,False,False,,False,,0.9999999999990905
2026-03-19,NO_WALL,BID,2026-03-19 15:58:24.175867848,1773935904175867848,0.0,0.0,2119.4,0.0,0.0,4,4,5.9999999999990905,4-5,,,2119.9,2119.5,4.0000000000009095,2119.8,2119.9,0.0,4.0000000000009095,2.1197,1.8803000000009096,4.2394,-0.23939999999909034,HIT_TARGET,13.529652815,True,13.529652815,False,,False,False,,True,5.77044708,3.999999999996362
2026-03-19,NO_WALL,BID,2026-03-19 15:58:38.875897417,1773935918875897417,0.0,0.0,2118.9,0.0,0.0,4,4,3.999999999996362,2-3,,,2119.4,2119.0,4.0000000000009095,2119.3,2119.4,0.0,4.0000000000009095,2.1191999999999998,1.8808000000009097,4.2383999999999995,-0.23839999999909,TIMEOUT,60.0,False,,False,,False,False,,True,2.300486315,12.999999999997272
2026-03-19,NO_WALL,BID,2026-03-19 15:59:00.925034664,1773935940925034664,0.0,0.0,2119.3,0.0,0.0,5,5,7.9999999999972715,6+,,,2119.9,2119.4,5.0,2119.8,2119.9,0.0,5.0,2.11965,2.88035,4.2393,0.7606999999999999,HIT_TARGET,36.441396364,True,36.441396364,False,,False,False,,True,1.22764908,7.9999999999972715
2026-03-19,NO_WALL,BID,2026-03-19 15:59:19.346983305,1773935959346983305,0.0,0.0,2119.1,0.0,0.0,4,4,5.9999999999990905,4-5,,,2119.6,2119.2,4.0000000000009095,2119.5,2119.6,0.0,4.0000000000009095,2.1193999999999993,1.8806000000009102,4.238799999999999,-0.23879999999908907,HIT_TARGET,18.019447723,True,18.019447723,False,,False,False,,True,3.475314478,8.000000000001819
2026-03-19,NO_WALL,ASK,2026-03-19 16:00:28.034892318,1773936028034892318,0.0,0.0,2117.8999999999996,0.0,0.0,2,2,3.999999999996362,2-3,,,2117.6,2117.7999999999997,1.999999999998181,2117.6,2117.7,0.0,1.999999999998181,2.1176999999999997,-0.11770000000181868,4.235399999999999,-2.2354000000018184,HIT_TARGET,0.204907244,True,0.204907244,False,,False,False,,False,,0.0
2026-03-19,NO_WALL,BID,2026-03-19 16:01:35.898711131,1773936095898711131,0.0,0.0,2117.0,0.0,0.0,5,5,4.0000000000009095,4-5,,,2117.6,2117.1,5.0,2117.5,2117.6,0.0,5.0,2.1173499999999996,2.8826500000000004,4.234699999999999,0.7653000000000008,HIT_TARGET,40.624231851,True,40.624231851,False,,False,False,,True,1.939951756,10.0
2026-03-19,NO_WALL,BID,2026-03-19 16:02:45.142206910,1773936165142206910,0.0,0.0,2116.8,0.0,0.0,5,5,18.999999999996362,6+,,,2117.4,2116.9,5.0,2117.3,2117.4,0.0,5.0,2.11715,2.88285,4.2343,0.7656999999999998,TIMEOUT,60.0,False,,False,,False,False,,True,2.968488472,45.99999999999909
2026-03-19,NO_WALL,BID,2026-03-19 16:04:10.882310652,1773936250882310652,0.0,0.0,2116.8,0.0,0.0,5,5,12.999999999997272,6+,,,2117.4,2116.9,5.0,2117.3,2117.4,0.0,5.0,2.11715,2.88285,4.2343,0.7656999999999998,HIT_TARGET,11.490882488,True,11.490882488,False,,False,False,,False,,1.999999999998181
2026-03-19,NO_WALL,ASK,2026-03-19 16:05:37.897311283,1773936337897311283,0.0,0.0,2115.8,0.0,0.0,4,4,4.0000000000009095,4-5,,,2115.3,2115.7000000000003,4.0000000000009095,2115.3,2115.4,0.0,4.0000000000009095,2.1155,1.8845000000009096,4.231,-0.23099999999909038,HIT_TARGET,4.137151715,True,4.137151715,False,,False,False,,True,0.208246766,7.0000000000027285
2026-03-19,NO_WALL,ASK,2026-03-19 16:08:55.017268327,1773936535017268327,0.0,0.0,2118.6,0.0,0.0,5,5,5.0,4-5,,,2118.0,2118.5,5.0,2118.0,2118.1,0.0,5.0,2.11825,2.88175,4.2365,0.7634999999999996,HIT_TARGET,1.947409436,True,1.947409436,False,,False,False,,False,,0.0
2026-03-19,NO_WALL,ASK,2026-03-19 16:09:56.209835396,1773936596209835396,0.0,0.0,2118.7,0.0,0.0,2,2,8.000000000001819,6+,,,2118.4,2118.6,1.999999999998181,2118.4,2118.5,0.0,1.999999999998181,2.1185,-0.11850000000181904,4.237,-2.237000000001819,HIT_TARGET,4.302415829,True,4.302415829,False,,False,False,,True,2.007818844,5.0
2026-03-19,NO_WALL,BID,2026-03-19 16:10:31.332277466,1773936631332277466,0.0,0.0,2116.4,0.0,0.0,1,1,5.0,4-5,,,2116.6,2116.5,0.9999999999990905,2116.5,2116.6,0.0,0.9999999999990905,2.11655,-1.1165500000009096,4.2331,-3.23310000000091,HIT_TARGET,0.042309043,True,0.042309043,False,,False,False,,False,,0.0
2026-03-19,NO_WALL,ASK,2026-03-19 16:11:02.347889662,1773936662347889662,0.0,0.0,2117.1000000000004,0.0,0.0,3,3,5.0,4-5,,,2116.7,2117.0000000000005,3.0000000000063665,2116.7,2116.8,0.0,3.0000000000063665,2.1168500000000003,0.8831500000063661,4.233700000000001,-1.2336999999936342,HIT_TARGET,12.963761067,True,12.963761067,False,,False,False,,True,6.638131986,6.000000000003638
2026-03-19,NO_WALL,ASK,2026-03-19 16:12:53.657141091,1773936773657141091,0.0,0.0,2115.1,0.0,0.0,2,2,13.000000000001819,6+,,,2114.8,2115.0,1.999999999998181,2114.8,2114.9,0.0,1.999999999998181,2.1149,-0.11490000000181899,4.2298,-2.229800000001819,HIT_TARGET,0.138026278,True,0.138026278,False,,False,False,,False,,0.0
2026-03-19,NO_WALL,ASK,2026-03-19 16:13:22.063231836,1773936802063231836,0.0,0.0,2115.0,0.0,0.0,3,3,5.9999999999990905,4-5,,,2114.6,2114.9,3.000000000001819,2114.6,2114.7,0.0,3.000000000001819,2.11475,0.8852500000018191,4.2295,-1.2294999999981808,HIT_TARGET,32.826517242,True,32.826517242,False,,False,False,,True,5.057272899,10.0
2026-03-19,NO_WALL,ASK,2026-03-19 16:13:38.142921041,1773936818142921041,0.0,0.0,2114.5,0.0,0.0,2,2,5.0,4-5,,,2114.2,2114.4,2.0000000000027285,2114.2,2114.3,0.0,2.0000000000027285,2.1143,-0.11429999999727158,4.2286,-2.2285999999972717,HIT_TARGET,9.804813749,True,9.804813749,False,,False,False,,True,1.406881799,6.000000000003638
2026-03-19,NO_WALL,ASK,2026-03-19 16:14:17.136775091,1773936857136775091,0.0,0.0,2116.4,0.0,0.0,4,4,5.9999999999990905,4-5,,,2115.9,2116.3,4.0000000000009095,2115.9,2116.0,0.0,4.0000000000009095,2.1161000000000003,1.8839000000009092,4.232200000000001,-0.23219999999909113,HIT_TARGET,0.721578629,True,0.721578629,False,,False,False,,False,,0.0
2026-03-19,NO_WALL,BID,2026-03-19 16:14:30.158613965,1773936870158613965,0.0,0.0,2116.2000000000003,0.0,0.0,1,1,5.0,4-5,,,2116.5,2116.3,1.999999999998181,2116.3,2116.5,0.0,1.999999999998181,2.1164,-0.11640000000181905,4.2328,-2.232800000001819,HIT_TARGET,0.047504239,True,0.047504239,False,,False,False,,False,,0.0
2026-03-19,NO_WALL,ASK,2026-03-19 16:16:47.739058785,1773937007739058785,0.0,0.0,2111.6000000000004,0.0,0.0,3,3,12.000000000002728,6+,,,2111.2,2111.5000000000005,3.0000000000063665,2111.2,2111.3,0.0,3.0000000000063665,2.1113500000000003,0.8886500000063662,4.222700000000001,-1.222699999993634,TIMEOUT,60.0,False,,False,,False,False,,True,2.551672555,35.0
2026-03-19,NO_WALL,ASK,2026-03-19 16:16:48.753526003,1773937008753526003,0.0,0.0,2111.7000000000003,0.0,0.0,4,4,7.0000000000027285,6+,,,2111.2,2111.6000000000004,4.000000000005457,2111.2,2111.3,0.0,4.000000000005457,2.1114,1.8886000000054568,4.2228,-0.22279999999454336,TIMEOUT,60.0,False,,False,,False,False,,True,1.537205337,35.0
2026-03-19,NO_WALL,ASK,2026-03-19 16:19:22.505142217,1773937162505142217,0.0,0.0,2108.3,0.0,0.0,3,3,5.0,4-5,,,2107.9,2108.2000000000003,3.000000000001819,2107.9,2108.0,0.0,3.000000000001819,2.10805,0.891950000001819,4.2161,-1.216099999998181,HIT_TARGET,4.699473524,True,4.699473524,False,,False,False,,False,,0.0
2026-03-19,NO_WALL,ASK,2026-03-19 16:20:56.303419294,1773937256303419294,0.0,0.0,2111.7,0.0,0.0,2,2,4.0000000000009095,4-5,,,2111.4,2111.6,1.999999999998181,2111.4,2111.5,0.0,1.999999999998181,2.1115,-0.11150000000181892,4.223,-2.223000000001819,HIT_TARGET,6.480226764,True,6.480226764,False,,False,False,,False,,1.999999999998181
2026-03-19,NO_WALL,ASK,2026-03-19 16:21:04.756485301,1773937264756485301,0.0,0.0,2113.7,0.0,0.0,5,5,18.999999999996362,6+,,,2113.1,2113.6,5.0,2113.1,2113.2,0.0,5.0,2.1133499999999996,2.8866500000000004,4.226699999999999,0.7733000000000008,HIT_TARGET,0.118064498,True,0.118064498,False,,False,False,,False,,0.0
2026-03-19,NO_WALL,ASK,2026-03-19 16:22:23.805167998,1773937343805167998,0.0,0.0,2109.5,0.0,0.0,1,1,4.0000000000009095,4-5,,,2109.3,2109.4,0.9999999999990905,2109.3,2109.4,0.0,0.9999999999990905,2.10935,-1.1093500000009096,4.2187,-3.2187000000009096,HIT_TARGET,0.042540633,True,0.042540633,False,,False,False,,False,,0.0
2026-03-19,NO_WALL,BID,2026-03-19 16:22:52.028784718,1773937372028784718,0.0,0.0,2107.1,0.0,0.0,4,4,5.9999999999990905,4-5,,,2107.6,2107.2,4.0000000000009095,2107.5,2107.6,0.0,4.0000000000009095,2.1073999999999993,1.8926000000009102,4.2147999999999985,-0.21479999999908905,HIT_TARGET,2.653699809,True,2.653699809,False,,False,False,,True,0.560602446,5.9999999999990905
2026-03-19,NO_WALL,ASK,2026-03-19 16:23:58.019696280,1773937438019696280,0.0,0.0,2108.7999999999997,0.0,0.0,6,6,5.0,4-5,,,2108.1,2108.7,5.9999999999990905,2108.1,2108.2,0.0,5.9999999999990905,2.1083999999999996,3.891599999999091,4.216799999999999,1.7831999999990913,HIT_TARGET,38.948613612,True,38.948613612,False,,False,False,,True,0.765742475,6.999999999998181
2026-03-19,NO_WALL,BID,2026-03-19 16:25:13.961312952,1773937513961312952,0.0,0.0,2111.4,0.0,0.0,7,7,7.0000000000027285,6+,,,2112.2,2111.5,6.999999999998181,2112.1,2112.2,0.0,6.999999999998181,2.1118499999999996,4.8881499999981814,4.223699999999999,2.776299999998182,TIMEOUT,60.0,False,,False,,False,False,,True,6.582279372,32.00000000000273
2026-03-19,NO_WALL,ASK,2026-03-19 16:25:44.371001770,1773937544371001770,0.0,0.0,2114.5,0.0,0.0,5,5,6.999999999998181,6+,,,2113.9,2114.4,5.0,2113.9,2114.0,0.0,5.0,2.11415,2.88585,4.2283,0.7717,HIT_TARGET,0.304796329,True,0.304796329,False,,False,False,,False,,0.0
2026-03-19,NO_WALL,BID,2026-03-19 16:27:47.929044947,1773937667929044947,0.0,0.0,2111.2999999999997,0.0,0.0,4,4,5.0,4-5,,,2111.8,2111.3999999999996,4.000000000005457,2111.7,2111.8,0.0,4.000000000005457,2.1115999999999997,1.8884000000054573,4.223199999999999,-0.22319999999454243,HIT_TARGET,6.074561647,True,6.074561647,False,,False,False,,False,,2.0000000000027285
2026-03-19,NO_WALL,BID,2026-03-19 16:30:46.939073530,1773937846939073530,0.0,0.0,2113.4,0.0,0.0,2,2,5.0,4-5,,,2113.7,2113.5,1.999999999998181,2113.6,2113.7,0.0,1.999999999998181,2.1136,-0.11360000000181891,4.2272,-2.227200000001819,HIT_TARGET,0.156844082,True,0.156844082,False,,False,False,,False,,0.0
2026-03-19,NO_WALL,BID,2026-03-19 16:31:43.277364642,1773937903277364642,0.0,0.0,2111.0,0.0,0.0,3,3,8.999999999996362,6+,,,2111.4,2111.1,3.000000000001819,2111.3,2111.4,0.0,3.000000000001819,2.11125,0.8887500000018189,4.2225,-1.2224999999981812,HIT_TARGET,2.147102821,True,2.147102821,False,,False,False,,False,,0.0
2026-03-19,NO_WALL,BID,2026-03-19 16:32:44.418369646,1773937964418369646,0.0,0.0,2109.2000000000003,0.0,0.0,2,2,5.0,4-5,,,2109.5,2109.3,1.999999999998181,2109.4,2109.5,0.0,1.999999999998181,2.1094,-0.10940000000181893,4.2188,-2.218800000001819,HIT_TARGET,10.100483161,True,10.100483161,False,,False,False,,False,,0.9999999999990905
2026-03-19,NO_WALL,BID,2026-03-19 16:32:56.846123309,1773937976846123309,0.0,0.0,2107.7999999999997,0.0,0.0,4,4,12.000000000002728,6+,,,2108.3,2107.8999999999996,4.000000000005457,2108.2,2108.3,0.0,4.000000000005457,2.1081,1.891900000005457,4.2162,-0.21619999999454276,HIT_TARGET,0.581546374,True,0.581546374,False,,False,False,,False,,0.0
2026-03-19,NO_WALL,ASK,2026-03-19 16:33:26.235525643,1773938006235525643,0.0,0.0,2110.7999999999997,0.0,0.0,2,2,11.999999999998181,6+,,,2110.5,2110.7,1.999999999998181,2110.5,2110.6,0.0,1.999999999998181,2.1106,-0.1106000000018188,4.2212,-2.2212000000018186,HIT_TARGET,0.488182455,True,0.488182455,False,,False,False,,False,,0.0
2026-03-19,NO_WALL,BID,2026-03-19 16:33:36.266283303,1773938016266283303,0.0,0.0,2110.1,0.0,0.0,1,1,5.0,4-5,,,2110.3,2110.2,1.000000000003638,2110.2,2110.3,0.0,1.000000000003638,2.1102499999999997,-1.1102499999963618,4.2204999999999995,-3.2204999999963615,HIT_TARGET,0.052539487,True,0.052539487,False,,False,False,,False,,0.0
2026-03-19,NO_WALL,BID,2026-03-19 16:34:13.156907577,1773938053156907577,0.0,0.0,2110.9,0.0,0.0,4,4,7.9999999999972715,6+,,,2111.4,2111.0,4.0000000000009095,2111.3,2111.4,0.0,4.0000000000009095,2.1111999999999997,1.8888000000009098,4.2223999999999995,-0.22239999999909,HIT_TARGET,3.075752398,True,3.075752398,False,,False,False,,False,,0.0
2026-03-19,NO_WALL,BID,2026-03-19 16:35:46.390025299,1773938146390025299,0.0,0.0,2106.7,0.0,0.0,3,3,5.0,4-5,,,2107.1,2106.7999999999997,3.000000000001819,2107.0,2107.1,0.0,3.000000000001819,2.10695,0.8930500000018191,4.2139,-1.2138999999981808,TIMEOUT,60.0,False,,False,,False,False,,True,2.714574328,29.00000000000091
2026-03-19,NO_WALL,ASK,2026-03-19 16:35:50.635844079,1773938150635844079,0.0,0.0,2107.7999999999997,0.0,0.0,2,2,5.9999999999990905,4-5,,,2107.5,2107.7,1.999999999998181,2107.5,2107.6,0.0,1.999999999998181,2.1075999999999997,-0.10760000000181869,4.215199999999999,-2.2152000000018184,HIT_TARGET,1.784708139,True,1.784708139,False,,False,False,,False,,0.0
2026-03-19,NO_WALL,ASK,2026-03-19 16:40:21.173134468,1773938421173134468,0.0,0.0,2118.0,0.0,0.0,2,2,5.0,4-5,,,2117.7,2117.9,2.0000000000027285,2117.7,2117.8,0.0,2.0000000000027285,2.1178,-0.11779999999727142,4.2356,-2.2355999999972713,HIT_TARGET,0.217068357,True,0.217068357,False,,False,False,,False,,0.0
2026-03-19,NO_WALL,ASK,2026-03-19 16:40:49.556883700,1773938449556883700,0.0,0.0,2118.5,0.0,0.0,4,4,4.0000000000009095,4-5,,,2118.0,2118.4,4.0000000000009095,2118.0,2118.1,0.0,4.0000000000009095,2.1182,1.8818000000009096,4.2364,-0.23639999999909023,HIT_TARGET,0.514819436,True,0.514819436,False,,False,False,,False,,0.0
2026-03-19,NO_WALL,ASK,2026-03-19 16:40:50.581665727,1773938450581665727,0.0,0.0,2120.5,0.0,0.0,2,2,26.000000000003638,6+,,,2120.2,2120.4,2.0000000000027285,2120.2,2120.3,0.0,2.0000000000027285,2.1203000000000003,-0.12029999999727181,4.240600000000001,-2.240599999997272,HIT_TARGET,0.713512651,True,0.713512651,False,,False,False,,False,,0.0
2026-03-19,NO_WALL,ASK,2026-03-19 16:45:22.762585549,1773938722762585549,0.0,0.0,2117.4,0.0,0.0,4,4,4.0000000000009095,4-5,,,2116.9,2117.3,4.0000000000009095,2116.9,2117.0,0.0,4.0000000000009095,2.1171,1.8829000000009093,4.2342,-0.2341999999990909,TIMEOUT,60.0,False,,False,,False,False,,True,3.168479297,26.99999999999818
2026-03-19,NO_WALL,BID,2026-03-19 16:46:12.417018361,1773938772417018361,0.0,0.0,2114.0,0.0,0.0,4,4,4.0000000000009095,4-5,,,2114.5,2114.1,4.0000000000009095,2114.4,2114.5,0.0,4.0000000000009095,2.1143,1.8857000000009094,4.2286,-0.22859999999909064,TIMEOUT,60.0,False,,False,,False,False,,True,5.561449291,31.99999999999818
2026-03-19,NO_WALL,ASK,2026-03-19 16:46:39.616998013,1773938799616998013,0.0,0.0,2117.3,0.0,0.0,3,3,5.0,4-5,,,2116.9,2117.2000000000003,3.000000000001819,2116.9,2117.0,0.0,3.000000000001819,2.1170500000000003,0.8829500000018187,4.234100000000001,-1.2340999999981817,HIT_TARGET,0.257187746,True,0.257187746,False,,False,False,,False,,0.0
2026-03-19,NO_WALL,ASK,2026-03-19 16:48:00.244537199,1773938880244537199,0.0,0.0,2115.7000000000003,0.0,0.0,3,3,5.0,4-5,,,2115.3,2115.6000000000004,3.000000000001819,2115.3,2115.4,0.0,3.000000000001819,2.11545,0.8845500000018189,4.2309,-1.2308999999981811,TIMEOUT,60.0,False,,False,,False,False,,True,12.811731179,27.00000000000273
2026-03-19,NO_WALL,BID,2026-03-19 16:48:36.060853572,1773938916060853572,0.0,0.0,2113.0,0.0,0.0,7,7,10.0,6+,,,2113.8,2113.1,7.0000000000027285,2113.7,2113.8,0.0,7.0000000000027285,2.11345,4.886550000002728,4.2269,2.773100000002729,HIT_TARGET,7.465717226,True,7.465717226,False,,False,False,,True,1.187713335,3.000000000001819
2026-03-19,NO_WALL,ASK,2026-03-19 16:48:55.184327247,1773938935184327247,0.0,0.0,2114.5,0.0,0.0,4,4,7.9999999999972715,6+,,,2114.0,2114.4,4.0000000000009095,2114.0,2114.1,0.0,4.0000000000009095,2.1141999999999994,1.88580000000091,4.228399999999999,-0.22839999999908933,HIT_TARGET,6.407318867,True,6.407318867,False,,False,False,,False,,1.999999999998181
2026-03-19,NO_WALL,BID,2026-03-19 16:51:36.697408752,1773939096697408752,0.0,0.0,2110.2000000000003,0.0,0.0,1,1,5.0,4-5,,,2110.4,2110.3,0.9999999999990905,2110.3,2110.4,0.0,0.9999999999990905,2.11035,-1.1103500000009094,4.2207,-3.2207000000009094,HIT_TARGET,0.065262161,True,0.065262161,False,,False,False,,False,,0.0
2026-03-19,NO_WALL,BID,2026-03-19 16:51:43.036758098,1773939103036758098,0.0,0.0,2109.4,0.0,0.0,4,4,3.999999999996362,2-3,,,2109.9,2109.5,4.0000000000009095,2109.8,2109.9,0.0,4.0000000000009095,2.1096999999999997,1.8903000000009098,4.219399999999999,-0.21939999999908988,HIT_TARGET,21.293350072,True,21.293350072,False,,False,False,,False,,1.999999999998181
2026-03-19,NO_WALL,BID,2026-03-19 16:58:02.238086705,1773939482238086705,0.0,0.0,2113.6,0.0,0.0,5,5,12.000000000002728,6+,,,2114.2,2113.7,5.0,2114.1,2114.2,0.0,5.0,2.1139499999999996,2.8860500000000004,4.227899999999999,0.7721000000000009,HIT_TARGET,6.301164709,True,6.301164709,False,,False,False,,False,,0.0
2026-03-19,NO_WALL,ASK,2026-03-19 17:03:37.316066857,1773939817316066857,0.0,0.0,2111.2999999999997,0.0,0.0,1,1,3.999999999996362,2-3,,,2111.1,2111.2,0.9999999999990905,2111.1,2111.2,0.0,0.9999999999990905,2.1111499999999994,-1.111150000000909,4.222299999999999,-3.2223000000009083,HIT_TARGET,0.059900312,True,0.059900312,False,,False,False,,False,,0.0
2026-03-19,NO_WALL,BID,2026-03-19 17:04:46.066792340,1773939886066792340,0.0,0.0,2111.0,0.0,0.0,4,4,10.0,6+,,,2111.5,2111.1,4.0000000000009095,2111.4,2111.5,0.0,4.0000000000009095,2.1113,1.8887000000009095,4.2226,-0.22259999999909041,HIT_TARGET,39.772366438,True,39.772366438,False,,False,False,,True,15.985961032,7.9999999999972715
2026-03-19,NO_WALL,ASK,2026-03-19 17:05:55.542516466,1773939955542516466,0.0,0.0,2111.3,0.0,0.0,4,4,4.0000000000009095,4-5,,,2110.8,2111.2000000000003,4.0000000000009095,2110.8,2110.9,0.0,4.0000000000009095,2.1109999999999998,1.8890000000009097,4.2219999999999995,-0.22199999999909004,TIMEOUT,60.0,False,,False,,False,False,,True,0.463963152,17.00000000000273
2026-03-19,NO_WALL,ASK,2026-03-19 17:06:03.906619301,1773939963906619301,0.0,0.0,2110.5,0.0,0.0,5,5,5.9999999999990905,4-5,,,2109.9,2110.4,5.0,2109.9,2110.0,0.0,5.0,2.11015,2.88985,4.2203,0.7797000000000001,HIT_TARGET,30.690320862,True,30.690320862,False,,False,False,,True,6.491638265,8.000000000001819
2026-03-19,NO_WALL,ASK,2026-03-19 17:07:12.532799451,1773940032532799451,0.0,0.0,2112.2999999999997,0.0,0.0,7,7,7.9999999999972715,6+,,,2111.5,2112.2,6.999999999998181,2111.5,2111.6,0.0,6.999999999998181,2.1118499999999996,4.8881499999981814,4.223699999999999,2.776299999998182,TIMEOUT,60.0,False,,False,,False,False,,True,2.603696748,21.99999999999818
2026-03-19,NO_WALL,ASK,2026-03-19 17:09:46.917074121,1773940186917074121,0.0,0.0,2105.7999999999997,0.0,0.0,2,2,4.0000000000009095,4-5,,,2105.5,2105.7,1.999999999998181,2105.5,2105.6,0.0,1.999999999998181,2.1056,-0.1056000000018189,4.2112,-2.211200000001819,HIT_TARGET,1.740686423,True,1.740686423,False,,False,False,,False,,0.0
2026-03-19,NO_WALL,ASK,2026-03-19 17:10:37.596988446,1773940237596988446,0.0,0.0,2108.3,0.0,0.0,3,3,5.9999999999990905,4-5,,,2107.9,2108.2000000000003,3.000000000001819,2107.9,2108.0,0.0,3.000000000001819,2.10805,0.891950000001819,4.2161,-1.216099999998181,HIT_TARGET,4.75365464,True,4.75365464,False,,False,False,,False,,0.0
2026-03-19,NO_WALL,ASK,2026-03-19 17:10:43.008558956,1773940243008558956,0.0,0.0,2109.0,0.0,0.0,3,3,6.999999999998181,6+,,,2108.6,2108.9,3.000000000001819,2108.6,2108.7,0.0,3.000000000001819,2.10875,0.8912500000018189,4.2175,-1.2174999999981813,HIT_TARGET,1.689351694,True,1.689351694,False,,False,False,,False,,0.0
2026-03-19,NO_WALL,ASK,2026-03-19 17:11:27.439011342,1773940287439011342,0.0,0.0,2109.7000000000003,0.0,0.0,3,3,4.0000000000009095,4-5,,,2109.3,2109.6000000000004,3.000000000001819,2109.3,2109.4,0.0,3.000000000001819,2.1094500000000003,0.8905500000018187,4.2189000000000005,-1.2188999999981815,HIT_TARGET,0.894540996,True,0.894540996,False,,False,False,,False,,0.0
2026-03-19,NO_WALL,BID,2026-03-19 17:15:23.312420824,1773940523312420824,0.0,0.0,2108.0,0.0,0.0,5,5,6.999999999998181,6+,,,2108.6,2108.1,5.0,2108.5,2108.6,0.0,5.0,2.1083499999999997,2.8916500000000003,4.2166999999999994,0.7833000000000006,HIT_TARGET,4.651329265,True,4.651329265,False,,False,False,,False,,0.0
2026-03-19,NO_WALL,ASK,2026-03-19 17:17:51.452214304,1773940671452214304,0.0,0.0,2113.7,0.0,0.0,2,2,8.000000000001819,6+,,,2113.4,2113.6,1.999999999998181,2113.4,2113.5,0.0,1.999999999998181,2.1135,-0.11350000000181915,4.227,-2.2270000000018193,HIT_TARGET,0.210276396,True,0.210276396,False,,False,False,,False,,0.0
2026-03-19,NO_WALL,ASK,2026-03-19 17:19:00.192376341,1773940740192376341,0.0,0.0,2116.2,0.0,0.0,2,2,4.0000000000009095,4-5,,,2115.9,2116.1,1.999999999998181,2115.9,2116.0,0.0,1.999999999998181,2.116,-0.11600000000181909,4.232,-2.232000000001819,HIT_TARGET,4.891628092,True,4.891628092,False,,False,False,,True,1.58336507,3.000000000001819
2026-03-19,NO_WALL,ASK,2026-03-19 17:20:51.540871666,1773940851540871666,0.0,0.0,2116.7000000000003,0.0,0.0,3,3,5.0,4-5,,,2116.3,2116.6000000000004,3.000000000001819,2116.3,2116.4,0.0,3.000000000001819,2.11645,0.883550000001819,4.2329,-1.232899999998181,HIT_TARGET,21.746441234,True,21.746441234,False,,False,False,,True,3.678263626,5.0
2026-03-19,NO_WALL,BID,2026-03-19 17:20:57.259323854,1773940857259323854,0.0,0.0,2115.6000000000004,0.0,0.0,2,2,3.999999999996362,2-3,,,2115.9,2115.7000000000003,1.999999999998181,2115.8,2115.9,0.0,1.999999999998181,2.1158,-0.11580000000181911,4.2316,-2.2316000000018192,TIMEOUT,60.0,False,,False,,False,False,,True,7.96425294,35.0
2026-03-19,NO_WALL,ASK,2026-03-19 17:22:45.447508411,1773940965447508411,0.0,0.0,2121.2,0.0,0.0,2,2,5.0,4-5,,,2120.9,2121.1,1.999999999998181,2120.9,2121.0,0.0,1.999999999998181,2.121,-0.12100000000181899,4.242,-2.242000000001819,HIT_TARGET,0.510514492,True,0.510514492,False,,False,False,,False,,0.0
2026-03-19,NO_WALL,BID,2026-03-19 17:23:45.447891482,1773941025447891482,0.0,0.0,2124.6,0.0,0.0,1,1,5.0,4-5,,,2124.8,2124.7,1.000000000003638,2124.7,2124.8,0.0,1.000000000003638,2.1247499999999997,-1.1247499999963617,4.249499999999999,-3.2494999999963614,HIT_TARGET,0.057953372,True,0.057953372,False,,False,False,,False,,0.0
2026-03-19,NO_WALL,ASK,2026-03-19 17:25:08.128070018,1773941108128070018,0.0,0.0,2126.1,0.0,0.0,1,1,6.999999999998181,6+,,,2125.9,2126.0,0.9999999999990905,2125.9,2126.0,0.0,0.9999999999990905,2.1259499999999996,-1.125950000000909,4.251899999999999,-3.2519000000009086,HIT_TARGET,0.055291146,True,0.055291146,False,,False,False,,False,,0.0
2026-03-19,NO_WALL,ASK,2026-03-19 17:25:48.038427692,1773941148038427692,0.0,0.0,2127.1,0.0,0.0,6,6,6.999999999998181,6+,,,2126.4,2127.0,5.9999999999990905,2126.4,2126.5,0.0,5.9999999999990905,2.1266999999999996,3.873299999999091,4.253399999999999,1.7465999999990913,TIMEOUT,60.0,False,,False,,False,False,,True,2.095571114,20.0
2026-03-19,NO_WALL,BID,2026-03-19 17:30:43.119254320,1773941443119254320,0.0,0.0,2127.3999999999996,0.0,0.0,3,3,4.0000000000009095,4-5,,,2127.8,2127.4999999999995,3.0000000000063665,2127.7,2127.8,0.0,3.0000000000063665,2.1276499999999996,0.8723500000063669,4.255299999999999,-1.2552999999936327,HIT_TARGET,0.875353787,True,0.875353787,False,,False,False,,False,,0.0
2026-03-19,NO_WALL,BID,2026-03-19 17:30:56.193643063,1773941456193643063,0.0,0.0,2126.2000000000003,0.0,0.0,2,2,5.9999999999990905,4-5,,,2126.5,2126.3,1.999999999998181,2126.4,2126.5,0.0,1.999999999998181,2.1264,-0.12640000000181884,4.2528,-2.2528000000018187,HIT_TARGET,9.140937094,True,9.140937094,False,,False,False,,False,,0.9999999999990905
2026-03-19,NO_WALL,BID,2026-03-19 17:33:10.221711918,1773941590221711918,0.0,0.0,2120.8999999999996,0.0,0.0,3,3,10.0,6+,,,2121.3,2120.9999999999995,3.0000000000063665,2121.2,2121.3,0.0,3.0000000000063665,2.1211499999999996,0.8788500000063668,4.242299999999999,-1.2422999999936328,HIT_TARGET,17.045435125,True,17.045435125,False,,False,False,,True,3.215810472,7.0000000000027285
2026-03-19,NO_WALL,BID,2026-03-19 17:33:28.735458313,1773941608735458313,0.0,0.0,2120.5,0.0,0.0,4,4,5.9999999999990905,4-5,,,2121.0,2120.6,4.0000000000009095,2120.9,2121.0,0.0,4.0000000000009095,2.1208,1.8792000000009095,4.2416,-0.24159999999909054,HIT_TARGET,5.474849985,True,5.474849985,False,,False,False,,False,,0.0
2026-03-19,NO_WALL,ASK,2026-03-19 17:34:10.943781192,1773941650943781192,0.0,0.0,2121.9,0.0,0.0,4,4,4.0000000000009095,4-5,,,2121.4,2121.8,4.0000000000009095,2121.4,2121.5,0.0,4.0000000000009095,2.1216000000000004,1.8784000000009091,4.243200000000001,-0.24319999999909125,HIT_TARGET,4.055966801,True,4.055966801,False,,False,False,,False,,0.0
2026-03-19,NO_WALL,ASK,2026-03-19 17:39:47.291040061,1773941987291040061,0.0,0.0,2118.4,0.0,0.0,4,4,6.999999999998181,6+,,,2117.9,2118.3,4.0000000000009095,2117.9,2118.0,0.0,4.0000000000009095,2.1181,1.8819000000009094,4.2362,-0.2361999999990907,HIT_TARGET,3.470659562,True,3.470659562,False,,False,False,,False,,0.0
2026-03-19,NO_WALL,ASK,2026-03-19 17:46:53.352361802,1773942413352361802,0.0,0.0,2120.7000000000003,0.0,0.0,4,4,4.0000000000009095,4-5,,,2120.2,2120.6000000000004,4.000000000005457,2120.2,2120.3,0.0,4.000000000005457,2.1204,1.879600000005457,4.2408,-0.24079999999454316,TIMEOUT,60.0,False,,False,,False,False,,True,12.0932675,24.00000000000091
2026-03-19,NO_WALL,ASK,2026-03-19 17:50:19.917747821,1773942619917747821,0.0,0.0,2124.2,0.0,0.0,7,7,8.000000000001819,6+,,,2123.4,2124.1,6.999999999998181,2123.4,2123.5,0.0,6.999999999998181,2.12375,4.876249999998182,4.2475,2.7524999999981814,HIT_TARGET,30.425485145,True,30.425485145,False,,False,False,,True,5.41646555,10.0
2026-03-19,NO_WALL,ASK,2026-03-19 17:50:42.437537790,1773942642437537790,0.0,0.0,2123.7000000000003,0.0,0.0,4,4,4.0000000000009095,4-5,,,2123.2,2123.6000000000004,4.000000000005457,2123.2,2123.3,0.0,4.000000000005457,2.1233999999999997,1.8766000000054572,4.2467999999999995,-0.2467999999945425,HIT_TARGET,6.070624122,True,6.070624122,False,,False,False,,False,,0.0
2026-03-19,NO_WALL,ASK,2026-03-19 17:53:00.026402307,1773942780026402307,0.0,0.0,2132.2,0.0,0.0,5,5,8.999999999996362,6+,,,2131.6,2132.1,5.0,2131.6,2131.7,0.0,5.0,2.1318499999999996,2.8681500000000004,4.263699999999999,0.7363000000000008,TIMEOUT,60.0,False,,False,,False,False,,True,1.171656902,40.0
2026-03-19,NO_WALL,ASK,2026-03-19 17:53:08.294407245,1773942788294407245,0.0,0.0,2131.1000000000004,0.0,0.0,3,3,5.0,4-5,,,2130.7,2131.0000000000005,3.0000000000063665,2130.7,2130.8,0.0,3.0000000000063665,2.13085,0.8691500000063663,4.2617,-1.2616999999936338,HIT_TARGET,12.24609755,True,12.24609755,False,,False,False,,True,8.36660732,6.000000000003638
2026-03-19,NO_WALL,BID,2026-03-19 17:55:53.197082278,1773942953197082278,0.0,0.0,2127.1000000000004,0.0,0.0,2,2,5.9999999999990905,4-5,,,2127.4,2127.2000000000003,1.999999999998181,2127.3,2127.4,0.0,1.999999999998181,2.1273,-0.12730000000181896,4.2546,-2.254600000001819,HIT_TARGET,13.797560383,True,13.797560383,False,,False,False,,True,9.203492162,5.0
2026-03-19,NO_WALL,BID,2026-03-19 17:55:54.267623096,1773942954267623096,0.0,0.0,2127.0,0.0,0.0,3,3,3.999999999996362,2-3,,,2127.4,2127.1,3.000000000001819,2127.3,2127.4,0.0,3.000000000001819,2.1272499999999996,0.8727500000018193,4.254499999999999,-1.2544999999981803,HIT_TARGET,22.522994938,True,22.522994938,False,,False,False,,True,8.132951344,5.0
2026-03-19,NO_WALL,ASK,2026-03-19 17:56:59.864683893,1773943019864683893,0.0,0.0,2128.5,0.0,0.0,3,3,3.999999999996362,2-3,,,2128.1,2128.4,3.000000000001819,2128.1,2128.2,0.0,3.000000000001819,2.1282499999999995,0.8717500000018195,4.256499999999999,-1.25649999999818,HIT_TARGET,19.04277116,True,19.04277116,False,,False,False,,True,4.1907711,5.9999999999990905
2026-03-19,NO_WALL,BID,2026-03-19 17:58:07.337855208,1773943087337855208,0.0,0.0,2127.1000000000004,0.0,0.0,7,7,3.999999999996362,2-3,,,2127.9,2127.2000000000003,6.999999999998181,2127.8,2127.9,0.0,6.999999999998181,2.1275500000000003,4.872449999998181,4.2551000000000005,2.7448999999981805,HIT_TARGET,29.404533487,True,29.404533487,False,,False,False,,False,,1.999999999998181
2026-03-19,NO_WALL,ASK,2026-03-19 18:07:26.205680517,1773943646205680517,0.0,0.0,2123.7000000000003,0.0,0.0,3,3,4.0000000000009095,4-5,,,2123.3,2123.6000000000004,3.000000000001819,2123.3,2123.4,0.0,3.000000000001819,2.12345,0.8765500000018189,4.2469,-1.2468999999981811,HIT_TARGET,1.549193762,True,1.549193762,False,,False,False,,False,,0.0
2026-03-19,NO_WALL,ASK,2026-03-19 18:10:08.269053773,1773943808269053773,0.0,0.0,2126.5,0.0,0.0,3,3,13.999999999996362,6+,,,2126.1,2126.4,3.000000000001819,2126.1,2126.2,0.0,3.000000000001819,2.1262499999999998,0.8737500000018192,4.2524999999999995,-1.2524999999981805,HIT_TARGET,51.986622379,True,51.986622379,False,,False,False,,True,2.593651815,12.999999999997272
2026-03-19,NO_WALL,BID,2026-03-19 18:10:13.751654621,1773943813751654621,0.0,0.0,2124.7,0.0,0.0,4,4,10.0,6+,,,2125.2,2124.7999999999997,4.0000000000009095,2125.1,2125.2,0.0,4.0000000000009095,2.125,1.8750000000009095,4.25,-0.2499999999990905,HIT_TARGET,10.530720545,True,10.530720545,False,,False,False,,False,,0.0
2026-03-19,NO_WALL,ASK,2026-03-19 18:10:45.216251326,1773943845216251326,0.0,0.0,2126.1,0.0,0.0,2,2,5.0,4-5,,,2125.8,2126.0,1.999999999998181,2125.8,2125.9,0.0,1.999999999998181,2.1258999999999997,-0.12590000000181867,4.251799999999999,-2.2518000000018183,HIT_TARGET,0.439288538,True,0.439288538,False,,False,False,,False,,0.0
2026-03-19,NO_WALL,ASK,2026-03-19 18:11:00.356972225,1773943860356972225,0.0,0.0,2127.0,0.0,0.0,2,2,8.000000000001819,6+,,,2126.7,2126.9,2.0000000000027285,2126.7,2126.8,0.0,2.0000000000027285,2.1268,-0.12679999999727132,4.2536,-2.253599999997271,TIMEOUT,60.0,False,,False,,False,False,,True,0.458583529,29.00000000000091
2026-03-19,NO_WALL,ASK,2026-03-19 18:12:45.289348165,1773943965289348165,0.0,0.0,2126.9,0.0,0.0,1,1,12.000000000002728,6+,,,2126.7,2126.8,1.000000000003638,2126.7,2126.8,0.0,1.000000000003638,2.12675,-1.126749999996362,4.2535,-3.253499999996362,HIT_TARGET,0.050078448,True,0.050078448,False,,False,False,,False,,0.0
2026-03-19,NO_WALL,ASK,2026-03-19 18:13:48.894382191,1773944028894382191,0.0,0.0,2130.0,0.0,0.0,4,4,10.99999999999909,6+,,,2129.5,2129.9,4.0000000000009095,2129.5,2129.6,0.0,4.0000000000009095,2.1296999999999997,1.8703000000009098,4.259399999999999,-0.2593999999990899,TIMEOUT,60.0,False,,False,,False,False,,True,1.024253041,39.00000000000091
2026-03-19,NO_WALL,BID,2026-03-19 18:14:35.681919001,1773944075681919001,0.0,0.0,2125.8,0.0,0.0,2,2,8.000000000001819,6+,,,2126.1,2125.9,1.999999999998181,2126.0,2126.1,0.0,1.999999999998181,2.126,-0.12600000000181888,4.252,-2.2520000000018188,HIT_TARGET,3.503688642,True,3.503688642,False,,False,False,,False,,0.0
2026-03-19,NO_WALL,ASK,2026-03-19 18:20:00.357633453,1773944400357633453,0.0,0.0,2124.2999999999997,0.0,0.0,2,2,5.0,4-5,,,2124.0,2124.2,1.999999999998181,2124.0,2124.1,0.0,1.999999999998181,2.1241,-0.12410000000181887,4.2482,-2.2482000000018187,HIT_TARGET,0.150691661,True,0.150691661,False,,False,False,,False,,0.0
2026-03-19,NO_WALL,BID,2026-03-19 18:20:09.069635292,1773944409069635292,0.0,0.0,2123.7,0.0,0.0,4,4,5.9999999999990905,4-5,,,2124.2,2123.7999999999997,4.0000000000009095,2124.1,2124.2,0.0,4.0000000000009095,2.124,1.8760000000009094,4.248,-0.24799999999909073,HIT_TARGET,48.801448818,True,48.801448818,False,,False,False,,True,0.837351725,12.000000000002728
2026-03-19,NO_WALL,BID,2026-03-19 18:23:43.917870148,1773944623917870148,0.0,0.0,2122.7999999999997,0.0,0.0,3,3,4.0000000000009095,4-5,,,2123.2,2122.8999999999996,3.000000000001819,2123.1,2123.2,0.0,3.000000000001819,2.1230499999999997,0.8769500000018193,4.246099999999999,-1.2460999999981803,HIT_TARGET,4.39022426,True,4.39022426,False,,False,False,,False,,0.0
2026-03-19,NO_WALL,BID,2026-03-19 18:24:45.324308245,1773944685324308245,0.0,0.0,2121.3,0.0,0.0,5,5,3.999999999996362,2-3,,,2121.9,2121.4,5.0,2121.8,2121.9,0.0,5.0,2.1216500000000003,2.8783499999999997,4.2433000000000005,0.7566999999999995,HIT_TARGET,18.432595894,True,18.432595894,False,,False,False,,False,,1.999999999998181
2026-03-19,NO_WALL,ASK,2026-03-19 18:30:51.258852952,1773945051258852952,0.0,0.0,2118.2,0.0,0.0,1,1,4.0000000000009095,4-5,,,2118.0,2118.1,0.9999999999990905,2118.0,2118.1,0.0,0.9999999999990905,2.11805,-1.1180500000009097,4.2361,-3.23610000000091,HIT_TARGET,0.044566831,True,0.044566831,False,,False,False,,False,,0.0
2026-03-19,NO_WALL,BID,2026-03-19 18:32:41.967678993,1773945161967678993,0.0,0.0,2117.6,0.0,0.0,4,4,6.999999999998181,6+,,,2118.1,2117.7,4.0000000000009095,2118.0,2118.1,0.0,4.0000000000009095,2.1178999999999992,1.8821000000009103,4.2357999999999985,-0.23579999999908896,HIT_TARGET,4.901971154,True,4.901971154,False,,False,False,,False,,0.0
2026-03-19,NO_WALL,BID,2026-03-19 18:34:10.935289309,1773945250935289309,0.0,0.0,2114.5,0.0,0.0,7,7,8.000000000001819,6+,,,2115.3,2114.6,7.0000000000027285,2115.2,2115.3,0.0,7.0000000000027285,2.11495,4.885050000002728,4.2299,2.7701000000027287,TIMEOUT,60.0,False,,False,,False,False,,True,1.585233575,20.0
2026-03-19,NO_WALL,BID,2026-03-19 18:34:37.260047219,1773945277260047219,0.0,0.0,2116.4,0.0,0.0,4,4,3.999999999996362,2-3,,,2116.9,2116.5,4.0000000000009095,2116.8,2116.9,0.0,4.0000000000009095,2.1166999999999994,1.8833000000009101,4.233399999999999,-0.23339999999908922,HIT_TARGET,8.700930035,True,8.700930035,False,,False,False,,False,,0.0
2026-03-19,NO_WALL,ASK,2026-03-19 18:36:41.930353711,1773945401930353711,0.0,0.0,2117.2,0.0,0.0,2,2,5.0,4-5,,,2116.9,2117.1,1.999999999998181,2116.9,2117.0,0.0,1.999999999998181,2.117,-0.11700000000181898,4.234,-2.234000000001819,TIMEOUT,60.0,False,,False,,False,False,,True,1.027323286,19.00000000000091
2026-03-19,NO_WALL,ASK,2026-03-19 18:37:28.505181182,1773945448505181182,0.0,0.0,2116.6,0.0,0.0,4,4,5.0,4-5,,,2116.1,2116.5,4.0000000000009095,2116.1,2116.2,0.0,4.0000000000009095,2.1163,1.8837000000009096,4.2326,-0.2325999999990902,HIT_TARGET,33.93677258,True,33.93677258,False,,False,False,,False,,1.999999999998181
2026-03-19,NO_WALL,BID,2026-03-19 18:39:50.907258792,1773945590907258792,0.0,0.0,2116.7999999999997,0.0,0.0,3,3,7.0000000000027285,6+,,,2117.2,2116.8999999999996,3.000000000001819,2117.1,2117.2,0.0,3.000000000001819,2.1170499999999994,0.8829500000018196,4.234099999999999,-1.2340999999981799,HIT_TARGET,10.676954595,True,10.676954595,False,,False,False,,False,,0.0
2026-03-19,NO_WALL,BID,2026-03-19 18:40:50.438402910,1773945650438402910,0.0,0.0,2115.7999999999997,0.0,0.0,4,4,4.0000000000009095,4-5,,,2116.3,2115.8999999999996,4.000000000005457,2116.2,2116.3,0.0,4.000000000005457,2.1161,1.883900000005457,4.2322,-0.23219999999454277,HIT_TARGET,1.84017428,True,1.84017428,False,,False,False,,False,,0.0
2026-03-19,NO_WALL,BID,2026-03-19 18:43:36.917575666,1773945816917575666,0.0,0.0,2115.1,0.0,0.0,1,1,6.000000000003638,6+,,,2115.3,2115.2,1.000000000003638,2115.2,2115.3,0.0,1.000000000003638,2.1152499999999996,-1.1152499999963617,4.230499999999999,-3.2304999999963613,HIT_TARGET,0.11483187,True,0.11483187,False,,False,False,,False,,0.0
2026-03-19,NO_WALL,ASK,2026-03-19 18:46:50.178138088,1773946010178138088,0.0,0.0,2116.4,0.0,0.0,1,1,4.0000000000009095,4-5,,,2116.2,2116.3,1.000000000003638,2116.2,2116.3,0.0,1.000000000003638,2.11625,-1.116249999996362,4.2325,-3.232499999996362,HIT_TARGET,0.057396914,True,0.057396914,False,,False,False,,False,,0.0
2026-03-19,NO_WALL,ASK,2026-03-19 18:50:00.677324535,1773946200677324535,0.0,0.0,2116.0,0.0,0.0,2,2,4.0000000000009095,4-5,,,2115.7,2115.9,2.0000000000027285,2115.7,2115.8,0.0,2.0000000000027285,2.1158,-0.11579999999727164,4.2316,-2.2315999999972718,TIMEOUT,60.0,False,,False,,False,False,,True,4.501301702,9.00000000000091
2026-03-19,NO_WALL,ASK,2026-03-19 18:52:26.899097309,1773946346899097309,0.0,0.0,2118.2,0.0,0.0,2,2,4.0000000000009095,4-5,,,2117.9,2118.1,1.999999999998181,2117.9,2118.0,0.0,1.999999999998181,2.118,-0.11800000000181887,4.236,-2.2360000000018188,HIT_TARGET,8.254906341,True,8.254906341,False,,False,False,,False,,0.0
2026-03-19,NO_WALL,ASK,2026-03-19 18:54:23.883575187,1773946463883575187,0.0,0.0,2119.7999999999997,0.0,0.0,1,1,5.0,4-5,,,2119.6,2119.7,0.9999999999990905,2119.6,2119.7,0.0,0.9999999999990905,2.1196499999999996,-1.119650000000909,4.239299999999999,-3.2393000000009087,HIT_TARGET,0.015213827,True,0.015213827,False,,False,False,,False,,0.0
2026-03-19,NO_WALL,BID,2026-03-19 18:55:02.873842327,1773946502873842327,0.0,0.0,2119.2000000000003,0.0,0.0,1,1,5.0,4-5,,,2119.4,2119.3,0.9999999999990905,2119.3,2119.4,0.0,0.9999999999990905,2.1193500000000003,-1.1193500000009098,4.238700000000001,-3.23870000000091,HIT_TARGET,0.055338699,True,0.055338699,False,,False,False,,False,,0.0
2026-03-19,NO_WALL,ASK,2026-03-19 18:58:08.838500335,1773946688838500335,0.0,0.0,2125.0,0.0,0.0,4,4,4.0000000000009095,4-5,,,2124.5,2124.9,4.0000000000009095,2124.5,2124.6,0.0,4.0000000000009095,2.1247,1.8753000000009097,4.2494,-0.24939999999909013,HIT_TARGET,37.227072054,True,37.227072054,False,,False,False,,True,3.342767891,15.0
2026-03-19,NO_WALL,ASK,2026-03-19 19:01:54.718548733,1773946914718548733,0.0,0.0,2131.7,0.0,0.0,2,2,8.000000000001819,6+,,,2131.4,2131.6,1.999999999998181,2131.4,2131.5,0.0,1.999999999998181,2.1315,-0.13150000000181894,4.263,-2.263000000001819,HIT_TARGET,0.097102031,True,0.097102031,False,,False,False,,False,,0.0
2026-03-19,NO_WALL,ASK,2026-03-19 19:02:02.060317112,1773946922060317112,0.0,0.0,2134.2000000000003,0.0,0.0,4,4,8.000000000001819,6+,,,2133.7,2134.1000000000004,4.000000000005457,2133.7,2133.8,0.0,4.000000000005457,2.1338999999999997,1.8661000000054573,4.267799999999999,-0.2677999999945424,HIT_TARGET,12.042108585,True,12.042108585,False,,False,False,,True,3.215998564,7.0000000000027285
2026-03-19,NO_WALL,ASK,2026-03-19 19:02:19.592789033,1773946939592789033,0.0,0.0,2134.7,0.0,0.0,1,1,5.0,4-5,,,2134.5,2134.6,0.9999999999990905,2134.5,2134.6,0.0,0.9999999999990905,2.13455,-1.1345500000009094,4.2691,-3.2691000000009094,HIT_TARGET,0.073791774,True,0.073791774,False,,False,False,,False,,0.0
2026-03-19,NO_WALL,ASK,2026-03-19 19:03:41.766268209,1773947021766268209,0.0,0.0,2135.4,0.0,0.0,4,4,11.999999999998181,6+,,,2134.9,2135.3,4.0000000000009095,2134.9,2135.0,0.0,4.0000000000009095,2.1351,1.8649000000009095,4.2702,-0.2701999999990905,HIT_TARGET,0.969329099,True,0.969329099,False,,False,False,,False,,0.0
2026-03-19,NO_WALL,ASK,2026-03-19 19:04:40.136458206,1773947080136458206,0.0,0.0,2135.1,0.0,0.0,1,1,5.0,4-5,,,2134.9,2135.0,0.9999999999990905,2134.9,2135.0,0.0,0.9999999999990905,2.13495,-1.1349500000009094,4.2699,-3.2699000000009093,HIT_TARGET,0.043081277,True,0.043081277,False,,False,False,,False,,0.0
2026-03-19,NO_WALL,BID,2026-03-19 19:04:48.642487050,1773947088642487050,0.0,0.0,2134.5,0.0,0.0,7,7,6.000000000003638,6+,,,2135.3,2134.6,7.0000000000027285,2135.2,2135.3,0.0,7.0000000000027285,2.13495,4.865050000002729,4.2699,2.7301000000027287,TIMEOUT,60.0,False,,False,,False,False,,True,0.473051546,69.00000000000091
2026-03-19,NO_WALL,ASK,2026-03-19 19:05:16.107205367,1773947116107205367,0.0,0.0,2138.5,0.0,0.0,1,1,4.0000000000009095,4-5,,,2138.3,2138.4,0.9999999999990905,2138.3,2138.4,0.0,0.9999999999990905,2.13835,-1.1383500000009095,4.2767,-3.2767000000009094,HIT_TARGET,0.016211671,True,0.016211671,False,,False,False,,False,,0.0
2026-03-19,NO_WALL,ASK,2026-03-19 19:05:17.129439798,1773947117129439798,0.0,0.0,2141.5,0.0,0.0,6,6,27.00000000000273,6+,,,2140.8,2141.4,5.9999999999990905,2140.8,2140.9,0.0,5.9999999999990905,2.1411000000000002,3.8588999999990903,4.2822000000000005,1.71779999999909,HIT_TARGET,6.324315668,True,6.324315668,False,,False,False,,True,0.611794286,8.000000000001819
2026-03-19,NO_WALL,ASK,2026-03-19 19:05:22.225997963,1773947122225997963,0.0,0.0,2141.4,0.0,0.0,5,5,8.000000000001819,6+,,,2140.8,2141.3,5.0,2140.8,2140.9,0.0,5.0,2.14105,2.85895,4.2821,0.7179000000000002,HIT_TARGET,1.227757503,True,1.227757503,False,,False,False,,False,,0.0
2026-03-19,NO_WALL,BID,2026-03-19 19:05:54.320530895,1773947154320530895,0.0,0.0,2140.5,0.0,0.0,4,4,9.00000000000091,6+,,,2141.0,2140.6,4.0000000000009095,2140.9,2141.0,0.0,4.0000000000009095,2.1408,1.8592000000009095,4.2816,-0.2815999999990906,HIT_TARGET,11.631565524,True,11.631565524,False,,False,False,,True,0.102877037,11.999999999998181
2026-03-19,NO_WALL,BID,2026-03-19 19:06:00.486681126,1773947160486681126,0.0,0.0,2140.9,0.0,0.0,2,2,8.000000000001819,6+,,,2141.2,2141.0,1.999999999998181,2141.1,2141.2,0.0,1.999999999998181,2.1411,-0.14110000000181877,4.2822,-2.2822000000018186,HIT_TARGET,4.341629999,True,4.341629999,False,,False,False,,True,2.047421553,4.0000000000009095
2026-03-19,NO_WALL,ASK,2026-03-19 19:07:02.592532705,1773947222592532705,0.0,0.0,2146.2000000000003,0.0,0.0,4,4,6.000000000003638,6+,,,2145.7,2146.1000000000004,4.000000000005457,2145.7,2145.8,0.0,4.000000000005457,2.1458999999999997,1.8541000000054573,4.291799999999999,-0.2917999999945424,HIT_TARGET,1.634220217,True,1.634220217,False,,False,False,,False,,2.0000000000027285
2026-03-19,NO_WALL,BID,2026-03-19 19:07:36.513177977,1773947256513177977,0.0,0.0,2142.2,0.0,0.0,5,5,7.0000000000027285,6+,,,2142.8,2142.2999999999997,5.0000000000045475,2142.7,2142.8,0.0,5.0000000000045475,2.14255,2.8574500000045475,4.2851,0.7149000000045476,HIT_TARGET,3.881409166,True,3.881409166,False,,False,False,,False,,0.0
2026-03-19,NO_WALL,BID,2026-03-19 19:08:01.407587916,1773947281407587916,0.0,0.0,2138.8,0.0,0.0,2,2,4.0000000000009095,4-5,,,2139.1,2138.9,1.999999999998181,2139.0,2139.1,0.0,1.999999999998181,2.139,-0.13900000000181878,4.278,-2.2780000000018186,HIT_TARGET,0.413052641,True,0.413052641,False,,False,False,,False,,0.0
2026-03-19,NO_WALL,ASK,2026-03-19 19:08:05.543663891,1773947285543663891,0.0,0.0,2140.3,0.0,0.0,4,4,5.9999999999990905,4-5,,,2139.8,2140.2000000000003,4.0000000000009095,2139.8,2139.9,0.0,4.0000000000009095,2.1399999999999997,1.8600000000009098,4.279999999999999,-0.27999999999908987,HIT_TARGET,11.729979325,True,11.729979325,False,,False,False,,True,1.937918313,20.0
2026-03-19,NO_WALL,ASK,2026-03-19 19:09:17.572830568,1773947357572830568,0.0,0.0,2141.0,0.0,0.0,1,1,5.0,4-5,,,2140.8,2140.9,0.9999999999990905,2140.8,2140.9,0.0,0.9999999999990905,2.14085,-1.1408500000009094,4.2817,-3.2817000000009093,HIT_TARGET,0.054382487,True,0.054382487,False,,False,False,,False,,0.0
2026-03-19,NO_WALL,ASK,2026-03-19 19:11:04.537108972,1773947464537108972,0.0,0.0,2149.5,0.0,0.0,3,3,5.0,4-5,,,2149.1,2149.4,3.000000000001819,2149.1,2149.2,0.0,3.000000000001819,2.14925,0.8507500000018191,4.2985,-1.2984999999981808,HIT_TARGET,0.192549595,True,0.192549595,False,,False,False,,False,,0.0
2026-03-19,NO_WALL,BID,2026-03-19 19:13:20.855108414,1773947600855108414,0.0,0.0,2140.2,0.0,0.0,5,5,13.000000000001819,6+,,,2140.8,2140.2999999999997,5.0000000000045475,2140.7,2140.8,0.0,5.0000000000045475,2.14055,2.8594500000045473,4.2811,0.7189000000045471,HIT_TARGET,1.220311817,True,1.220311817,False,,False,False,,False,,0.0
2026-03-19,NO_WALL,ASK,2026-03-19 19:16:26.314112490,1773947786314112490,0.0,0.0,2141.2999999999997,0.0,0.0,2,2,7.9999999999972715,6+,,,2141.0,2141.2,1.999999999998181,2141.0,2141.1,0.0,1.999999999998181,2.1411,-0.14110000000181877,4.2822,-2.2822000000018186,HIT_TARGET,0.772031159,True,0.772031159,False,,False,False,,False,,0.0
2026-03-19,NO_WALL,BID,2026-03-19 19:18:11.347137693,1773947891347137693,0.0,0.0,2144.9,0.0,0.0,6,6,5.0,4-5,,,2145.6,2145.0,5.9999999999990905,2145.5,2145.6,0.0,5.9999999999990905,2.1453,3.8546999999990903,4.2906,1.70939999999909,TIMEOUT,60.0,False,,False,,False,False,,True,1.530082375,50.0
2026-03-19,NO_WALL,BID,2026-03-19 19:19:45.902134049,1773947985902134049,0.0,0.0,2152.3,0.0,0.0,6,6,5.9999999999990905,4-5,,,2153.0,2152.4,5.9999999999990905,2152.9,2153.0,0.0,5.9999999999990905,2.1527,3.8472999999990907,4.3054,1.6945999999990908,HIT_TARGET,21.101600827,True,21.101600827,False,,False,False,,True,7.498411463,27.99999999999727
2026-03-19,NO_WALL,ASK,2026-03-19 19:19:52.377026255,1773947992377026255,0.0,0.0,2153.2999999999997,0.0,0.0,2,2,4.0000000000009095,4-5,,,2153.0,2153.2,1.999999999998181,2153.0,2153.1,0.0,1.999999999998181,2.1531,-0.15310000000181878,4.3062,-2.3062000000018186,HIT_TARGET,1.023519257,True,1.023519257,False,,False,False,,False,,0.0
2026-03-19,NO_WALL,ASK,2026-03-19 19:19:58.552434246,1773947998552434246,0.0,0.0,2155.5,0.0,0.0,2,2,13.000000000001819,6+,,,2155.2,2155.4,2.0000000000027285,2155.2,2155.3,0.0,2.0000000000027285,2.1553,-0.1552999999972715,4.3106,-2.3105999999972715,TIMEOUT,60.0,False,,False,,False,False,,True,0.152900868,60.0
2026-03-19,NO_WALL,ASK,2026-03-19 19:21:44.782162838,1773948104782162838,0.0,0.0,2154.9,0.0,0.0,5,5,5.0,4-5,,,2154.3,2154.8,5.0,2154.3,2154.4,0.0,5.0,2.15455,2.84545,4.3091,0.6909000000000001,HIT_TARGET,1.02025062,True,1.02025062,False,,False,False,,False,,0.9999999999990905
2026-03-19,NO_WALL,ASK,2026-03-19 19:22:33.558071145,1773948153558071145,0.0,0.0,2156.4,0.0,0.0,4,4,5.0,4-5,,,2155.9,2156.3,4.0000000000009095,2155.9,2156.0,0.0,4.0000000000009095,2.1561,1.8439000000009096,4.3122,-0.3121999999990903,HIT_TARGET,1.024068178,True,1.024068178,False,,False,False,,False,,0.0
2026-03-19,NO_WALL,ASK,2026-03-19 19:22:50.542653716,1773948170542653716,0.0,0.0,2157.7,0.0,0.0,5,5,11.999999999998181,6+,,,2157.1,2157.6,5.0,2157.1,2157.2,0.0,5.0,2.1573499999999997,2.8426500000000003,4.314699999999999,0.6853000000000007,TIMEOUT,60.0,False,,False,,False,False,,True,5.623859591,56.99999999999818
2026-03-19,NO_WALL,ASK,2026-03-19 19:24:08.986502494,1773948248986502494,0.0,0.0,2154.2,0.0,0.0,2,2,8.000000000001819,6+,,,2153.9,2154.1,1.999999999998181,2153.9,2154.0,0.0,1.999999999998181,2.154,-0.1540000000018189,4.308,-2.308000000001819,HIT_TARGET,19.143855121,True,19.143855121,False,,False,False,,True,1.37515573,18.00000000000182
2026-03-19,NO_WALL,BID,2026-03-19 19:25:19.663532891,1773948319663532891,0.0,0.0,2149.7,0.0,0.0,3,3,11.999999999998181,6+,,,2150.1,2149.7999999999997,3.000000000001819,2150.0,2150.1,0.0,3.000000000001819,2.1499499999999996,0.8500500000018194,4.299899999999999,-1.2998999999981802,HIT_TARGET,0.267113373,True,0.267113373,False,,False,False,,False,,0.0
2026-03-19,NO_WALL,BID,2026-03-19 19:26:00.184490138,1773948360184490138,0.0,0.0,2146.0,0.0,0.0,4,4,5.0,4-5,,,2146.5,2146.1,4.0000000000009095,2146.4,2146.5,0.0,4.0000000000009095,2.1463,1.8537000000009094,4.2926,-0.2925999999990907,HIT_TARGET,5.972803645,True,5.972803645,False,,False,False,,True,0.05365953,9.00000000000091
2026-03-19,NO_WALL,ASK,2026-03-19 19:26:21.866390862,1773948381866390862,0.0,0.0,2145.3,0.0,0.0,4,4,8.000000000001819,6+,,,2144.8,2145.2000000000003,4.0000000000009095,2144.8,2144.9,0.0,4.0000000000009095,2.145,1.8550000000009095,4.29,-0.28999999999909054,HIT_TARGET,1.59134542,True,1.59134542,False,,False,False,,False,,0.0
2026-03-19,NO_WALL,BID,2026-03-19 19:26:29.362474231,1773948389362474231,0.0,0.0,2144.4,0.0,0.0,1,1,8.000000000001819,6+,,,2144.6,2144.5,0.9999999999990905,2144.5,2144.6,0.0,0.9999999999990905,2.1445499999999997,-1.1445500000009092,4.2890999999999995,-3.289100000000909,HIT_TARGET,0.059825181,True,0.059825181,False,,False,False,,False,,0.0
2026-03-19,NO_WALL,BID,2026-03-19 19:26:44.097332580,1773948404097332580,0.0,0.0,2143.2,0.0,0.0,4,4,5.9999999999990905,4-5,,,2143.7,2143.2999999999997,4.0000000000009095,2143.6,2143.7,0.0,4.0000000000009095,2.1435,1.8565000000009095,4.287,-0.2869999999990904,HIT_TARGET,16.149327287,True,16.149327287,False,,False,False,,True,0.632432961,3.000000000001819
2026-03-19,NO_WALL,ASK,2026-03-19 19:27:07.592678966,1773948427592678966,0.0,0.0,2141.6,0.0,0.0,1,1,4.0000000000009095,4-5,,,2141.4,2141.5,0.9999999999990905,2141.4,2141.5,0.0,0.9999999999990905,2.1414499999999994,-1.141450000000909,4.282899999999999,-3.2829000000009083,HIT_TARGET,0.050952985,True,0.050952985,False,,False,False,,False,,0.0
2026-03-19,NO_WALL,ASK,2026-03-19 19:27:16.295007248,1773948436295007248,0.0,0.0,2142.3,0.0,0.0,5,5,13.000000000001819,6+,,,2141.7,2142.2000000000003,5.0000000000045475,2141.7,2141.8,0.0,5.0000000000045475,2.1419499999999996,2.858050000004548,4.283899999999999,0.7161000000045483,HIT_TARGET,1.092139836,True,1.092139836,False,,False,False,,False,,0.0
2026-03-19,NO_WALL,ASK,2026-03-19 19:27:32.785030103,1773948452785030103,0.0,0.0,2143.3,0.0,0.0,3,3,5.9999999999990905,4-5,,,2142.9,2143.2000000000003,3.000000000001819,2142.9,2143.0,0.0,3.000000000001819,2.14305,0.8569500000018189,4.2861,-1.2860999999981813,HIT_TARGET,33.34756911,True,33.34756911,False,,False,False,,True,7.723293923,13.000000000001819
2026-03-19,NO_WALL,ASK,2026-03-19 19:28:03.035522749,1773948483035522749,0.0,0.0,2143.4,0.0,0.0,6,6,11.000000000003638,6+,,,2142.7,2143.3,6.000000000003638,2142.7,2142.8,0.0,6.000000000003638,2.143,3.857000000003638,4.286,1.7140000000036384,HIT_TARGET,3.097076464,True,3.097076464,False,,False,False,,True,0.381097276,6.000000000003638
2026-03-19,NO_WALL,ASK,2026-03-19 19:28:18.123141624,1773948498123141624,0.0,0.0,2143.7000000000003,0.0,0.0,4,4,4.0000000000009095,4-5,,,2143.2,2143.6000000000004,4.000000000005457,2143.2,2143.3,0.0,4.000000000005457,2.1433999999999997,1.8566000000054572,4.2867999999999995,-0.28679999999454253,HIT_TARGET,7.145519093,True,7.145519093,False,,False,False,,False,,1.000000000003638
2026-03-19,NO_WALL,BID,2026-03-19 19:30:03.452727158,1773948603452727158,0.0,0.0,2143.9,0.0,0.0,4,4,10.99999999999909,6+,,,2144.4,2144.0,4.0000000000009095,2144.3,2144.4,0.0,4.0000000000009095,2.1441999999999997,1.8558000000009098,4.288399999999999,-0.28839999999908983,HIT_TARGET,6.070236019,True,6.070236019,False,,False,False,,True,1.427495061,7.9999999999972715
2026-03-19,NO_WALL,BID,2026-03-19 19:30:14.371819571,1773948614371819571,0.0,0.0,2142.7,0.0,0.0,4,4,5.0,4-5,,,2143.2,2142.7999999999997,4.0000000000009095,2143.1,2143.2,0.0,4.0000000000009095,2.143,1.8570000000009097,4.286,-0.2859999999990901,HIT_TARGET,6.73976395,True,6.73976395,False,,False,False,,True,5.205698552,3.000000000001819
2026-03-19,NO_WALL,BID,2026-03-19 19:31:20.998400939,1773948680998400939,0.0,0.0,2142.1,0.0,0.0,4,4,4.0000000000009095,4-5,,,2142.6,2142.2,4.0000000000009095,2142.5,2142.6,0.0,4.0000000000009095,2.1423999999999994,1.85760000000091,4.284799999999999,-0.28479999999908934,HIT_TARGET,5.273347832,True,5.273347832,False,,False,False,,True,0.269585837,9.00000000000091
2026-03-19,NO_WALL,BID,2026-03-19 19:31:26.358556811,1773948686358556811,0.0,0.0,2141.3,0.0,0.0,6,6,15.0,6+,,,2142.0,2141.4,5.9999999999990905,2141.9,2142.0,0.0,5.9999999999990905,2.1416999999999997,3.858299999999091,4.283399999999999,1.716599999999091,HIT_TARGET,14.859803801,True,14.859803801,False,,False,False,,True,2.716075195,9.00000000000091
2026-03-19,NO_WALL,BID,2026-03-19 19:31:38.861723338,1773948698861723338,0.0,0.0,2141.2,0.0,0.0,4,4,9.00000000000091,6+,,,2141.7,2141.2999999999997,4.0000000000009095,2141.6,2141.7,0.0,4.0000000000009095,2.1414999999999997,1.8585000000009098,4.2829999999999995,-0.28299999999909,HIT_TARGET,2.356637274,True,2.356637274,False,,False,False,,False,,0.0
2026-03-19,NO_WALL,ASK,2026-03-19 19:31:48.247054394,1773948708247054394,0.0,0.0,2142.3999999999996,0.0,0.0,2,2,15.0,6+,,,2142.1,2142.2999999999997,1.999999999998181,2142.1,2142.2,0.0,1.999999999998181,2.1422,-0.14220000000181887,4.2844,-2.2844000000018188,HIT_TARGET,2.721441323,True,2.721441323,False,,False,False,,False,,0.0
2026-03-19,NO_WALL,ASK,2026-03-19 19:33:06.907189273,1773948786907189273,0.0,0.0,2143.8,0.0,0.0,3,3,4.0000000000009095,4-5,,,2143.4,2143.7000000000003,3.000000000001819,2143.4,2143.5,0.0,3.000000000001819,2.14355,0.8564500000018191,4.2871,-1.2870999999981807,HIT_TARGET,1.377691242,True,1.377691242,False,,False,False,,False,,0.0
2026-03-19,NO_WALL,ASK,2026-03-19 19:35:54.142811671,1773948954142811671,0.0,0.0,2139.9,0.0,0.0,6,6,9.00000000000091,6+,,,2139.2,2139.8,6.000000000003638,2139.2,2139.3,0.0,6.000000000003638,2.1395,3.860500000003638,4.279,1.721000000003638,HIT_TARGET,8.778839672,True,8.778839672,False,,False,False,,False,,0.0
2026-03-19,NO_WALL,ASK,2026-03-19 19:37:21.357345346,1773949041357345346,0.0,0.0,2140.5,0.0,0.0,4,4,4.0000000000009095,4-5,,,2140.0,2140.4,4.0000000000009095,2140.0,2140.1,0.0,4.0000000000009095,2.1401999999999997,1.8598000000009098,4.280399999999999,-0.2803999999990898,HIT_TARGET,15.983256781,True,15.983256781,False,,False,False,,False,,0.9999999999990905
2026-03-19,NO_WALL,ASK,2026-03-19 19:38:25.920091849,1773949105920091849,0.0,0.0,2144.8999999999996,0.0,0.0,2,2,12.999999999997272,6+,,,2144.6,2144.7999999999997,1.999999999998181,2144.6,2144.7,0.0,1.999999999998181,2.1447,-0.14470000000181882,4.2894,-2.2894000000018186,HIT_TARGET,51.692569898,True,51.692569898,False,,False,False,,True,1.174312855,11.999999999998181
2026-03-19,NO_WALL,ASK,2026-03-19 19:38:33.677868699,1773949113677868699,0.0,0.0,2144.7000000000003,0.0,0.0,3,3,4.0000000000009095,4-5,,,2144.3,2144.6000000000004,3.000000000001819,2144.3,2144.4,0.0,3.000000000001819,2.14445,0.855550000001819,4.2889,-1.288899999998181,HIT_TARGET,43.883817067,True,43.883817067,False,,False,False,,True,0.4599365,7.0000000000027285
2026-03-19,NO_WALL,ASK,2026-03-19 19:39:25.047670304,1773949165047670304,0.0,0.0,2146.2,0.0,0.0,5,5,3.999999999996362,2-3,,,2145.6,2146.1,5.0,2145.6,2145.7,0.0,5.0,2.14585,2.85415,4.2917,0.7083000000000004,TIMEOUT,60.0,False,,False,,False,False,,True,10.781619743,11.999999999998181
2026-03-19,NO_WALL,ASK,2026-03-19 19:39:45.005812396,1773949185005812396,0.0,0.0,2145.7999999999997,0.0,0.0,6,6,3.999999999996362,2-3,,,2145.1,2145.7,5.9999999999990905,2145.1,2145.2,0.0,5.9999999999990905,2.1453999999999995,3.854599999999091,4.290799999999999,1.7091999999990914,HIT_TARGET,11.845543284,True,11.845543284,False,,False,False,,True,2.152482957,3.999999999996362
2026-03-19,NO_WALL,ASK,2026-03-19 19:40:45.839338251,1773949245839338251,0.0,0.0,2147.0,0.0,0.0,6,6,8.000000000001819,6+,,,2146.3,2146.9,5.9999999999990905,2146.3,2146.4,0.0,5.9999999999990905,2.1466000000000003,3.85339999999909,4.293200000000001,1.70679999999909,HIT_TARGET,9.382553251,True,9.382553251,False,,False,False,,False,,2.0000000000027285
2026-03-19,NO_WALL,BID,2026-03-19 19:42:12.332246561,1773949332332246561,0.0,0.0,2146.2999999999997,0.0,0.0,4,4,11.000000000003638,6+,,,2146.8,2146.3999999999996,4.000000000005457,2146.7,2146.8,0.0,4.000000000005457,2.1466,1.8534000000054571,4.2932,-0.2931999999945427,HIT_TARGET,7.703482062,True,7.703482062,False,,False,False,,False,,0.0
2026-03-19,NO_WALL,ASK,2026-03-19 19:42:49.342029975,1773949369342029975,0.0,0.0,2146.8999999999996,0.0,0.0,2,2,5.0,4-5,,,2146.6,2146.7999999999997,1.999999999998181,2146.6,2146.7,0.0,1.999999999998181,2.1466999999999996,-0.1467000000018186,4.293399999999999,-2.293400000001818,HIT_TARGET,1.942535849,True,1.942535849,False,,False,False,,False,,0.0
2026-03-19,NO_WALL,ASK,2026-03-19 19:43:07.763084887,1773949387763084887,0.0,0.0,2147.9,0.0,0.0,3,3,14.00000000000091,6+,,,2147.5,2147.8,3.000000000001819,2147.5,2147.6,0.0,3.000000000001819,2.14765,0.8523500000018189,4.2953,-1.2952999999981811,HIT_TARGET,29.365036753,True,29.365036753,False,,False,False,,True,10.773790131,6.999999999998181
2026-03-19,NO_WALL,BID,2026-03-19 19:43:49.947974691,1773949429947974691,0.0,0.0,2146.2,0.0,0.0,4,4,4.0000000000009095,4-5,,,2146.7,2146.2999999999997,4.0000000000009095,2146.6,2146.7,0.0,4.0000000000009095,2.1465,1.8535000000009094,4.293,-0.29299999999909065,HIT_TARGET,26.693029607,True,26.693029607,False,,False,False,,False,,0.0
2026-03-19,NO_WALL,ASK,2026-03-19 19:47:37.351928784,1773949657351928784,0.0,0.0,2146.2999999999997,0.0,0.0,1,1,3.999999999996362,2-3,,,2146.1,2146.2,0.9999999999990905,2146.1,2146.2,0.0,0.9999999999990905,2.1461499999999996,-1.146150000000909,4.292299999999999,-3.2923000000009086,HIT_TARGET,0.050634795,True,0.050634795,False,,False,False,,False,,0.0
2026-03-19,NO_WALL,BID,2026-03-19 19:47:55.526152997,1773949675526152997,0.0,0.0,2147.4,0.0,0.0,2,2,5.0,4-5,,,2147.7,2147.5,1.999999999998181,2147.6,2147.7,0.0,1.999999999998181,2.1475999999999997,-0.14760000000181872,4.2951999999999995,-2.2952000000018185,HIT_TARGET,0.12101896,True,0.12101896,False,,False,False,,False,,0.0
2026-03-19,NO_WALL,BID,2026-03-19 19:50:25.278327290,1773949825278327290,0.0,0.0,2141.2,0.0,0.0,4,4,5.0,4-5,,,2141.7,2141.2999999999997,4.0000000000009095,2141.6,2141.7,0.0,4.0000000000009095,2.1414999999999997,1.8585000000009098,4.2829999999999995,-0.28299999999909,HIT_TARGET,9.852993686,True,9.852993686,False,,False,False,,True,3.00984918,9.00000000000091
2026-03-19,NO_WALL,ASK,2026-03-19 19:51:10.464845551,1773949870464845551,0.0,0.0,2143.6,0.0,0.0,5,5,10.0,6+,,,2143.0,2143.5,5.0,2143.0,2143.1,0.0,5.0,2.1432499999999997,2.8567500000000003,4.286499999999999,0.7135000000000007,TIMEOUT,60.0,False,,False,,False,False,,True,0.278861444,20.0
2026-03-19,NO_WALL,ASK,2026-03-19 19:52:42.993500688,1773949962993500688,0.0,0.0,2143.5,0.0,0.0,3,3,10.99999999999909,6+,,,2143.1,2143.4,3.000000000001819,2143.1,2143.2,0.0,3.000000000001819,2.1432499999999997,0.8567500000018193,4.286499999999999,-1.2864999999981803,HIT_TARGET,0.168791884,True,0.168791884,False,,False,False,,False,,0.0
2026-03-19,NO_WALL,ASK,2026-03-19 19:58:48.459538843,1773950328459538843,0.0,0.0,2141.7999999999997,0.0,0.0,2,2,5.0,4-5,,,2141.5,2141.7,1.999999999998181,2141.5,2141.6,0.0,1.999999999998181,2.1416,-0.14160000000181894,4.2832,-2.283200000001819,HIT_TARGET,0.05103205,True,0.05103205,False,,False,False,,False,,0.0
2026-03-19,NO_WALL,ASK,2026-03-19 19:59:06.677963742,1773950346677963742,0.0,0.0,2142.4,0.0,0.0,1,1,5.0,4-5,,,2142.2,2142.3,1.000000000003638,2142.2,2142.3,0.0,1.000000000003638,2.1422499999999998,-1.1422499999963618,4.2844999999999995,-3.2844999999963616,HIT_TARGET,0.03735382,True,0.03735382,False,,False,False,,False,,0.0
2026-03-19,NO_WALL,ASK,2026-03-19 19:59:12.041046613,1773950352041046613,0.0,0.0,2144.2,0.0,0.0,5,5,7.9999999999972715,6+,,,2143.6,2144.1,5.0,2143.6,2143.7,0.0,5.0,2.1438499999999996,2.8561500000000004,4.287699999999999,0.7123000000000008,HIT_TARGET,1.067645963,True,1.067645963,False,,False,False,,False,,0.0
2026-03-19,NO_WALL,ASK,2026-03-19 19:59:14.228217734,1773950354228217734,0.0,0.0,2144.7,0.0,0.0,5,5,5.0,4-5,,,2144.1,2144.6,5.0,2144.1,2144.2,0.0,5.0,2.1443499999999998,2.8556500000000002,4.2886999999999995,0.7113000000000005,TIMEOUT,60.0,False,,False,,False,False,,True,6.432159247,41.99999999999818
2026-03-19,NO_WALL,ASK,2026-03-19 20:02:08.286959075,1773950528286959075,0.0,0.0,2140.7999999999997,0.0,0.0,2,2,5.9999999999990905,4-5,,,2140.5,2140.7,1.999999999998181,2140.5,2140.6,0.0,1.999999999998181,2.1406,-0.14060000000181905,4.2812,-2.281200000001819,HIT_TARGET,29.473869725,True,29.473869725,False,,False,False,,True,3.849305489,5.9999999999990905
2026-03-19,NO_WALL,ASK,2026-03-19 20:03:42.161624973,1773950622161624973,0.0,0.0,2143.8,0.0,0.0,5,5,4.0000000000009095,4-5,,,2143.2,2143.7000000000003,5.0000000000045475,2143.2,2143.3,0.0,5.0000000000045475,2.1434499999999996,2.856550000004548,4.286899999999999,0.7131000000045482,TIMEOUT,60.0,False,,False,,False,False,,True,6.64658242,16.000000000003638
2026-03-19,NO_WALL,ASK,2026-03-19 20:07:00.270217364,1773950820270217364,0.0,0.0,2141.1,0.0,0.0,2,2,4.0000000000009095,4-5,,,2140.8,2141.0,1.999999999998181,2140.8,2140.9,0.0,1.999999999998181,2.1409,-0.1409000000018188,4.2818,-2.2818000000018186,HIT_TARGET,5.768336826,True,5.768336826,False,,False,False,,False,,0.0
2026-03-19,NO_WALL,BID,2026-03-19 20:10:26.537792093,1773951026537792093,0.0,0.0,2142.2,0.0,0.0,4,4,5.0,4-5,,,2142.7,2142.2999999999997,4.0000000000009095,2142.6,2142.7,0.0,4.0000000000009095,2.1424999999999996,1.8575000000009099,4.284999999999999,-0.28499999999908976,HIT_TARGET,8.37879628,True,8.37879628,False,,False,False,,False,,0.0
2026-03-19,NO_WALL,BID,2026-03-19 20:12:53.288705237,1773951173288705237,0.0,0.0,2141.2,0.0,0.0,4,4,4.0000000000009095,4-5,,,2141.7,2141.2999999999997,4.0000000000009095,2141.6,2141.7,0.0,4.0000000000009095,2.1414999999999997,1.8585000000009098,4.2829999999999995,-0.28299999999909,TIMEOUT,60.0,False,,False,,False,False,,True,50.958935474,10.0
2026-03-19,NO_WALL,ASK,2026-03-19 20:15:00.646341345,1773951300646341345,0.0,0.0,2145.4,0.0,0.0,5,5,5.9999999999990905,4-5,,,2144.8,2145.3,5.0,2144.8,2144.9,0.0,5.0,2.1450500000000003,2.8549499999999997,4.290100000000001,0.7098999999999993,HIT_TARGET,3.544222154,True,3.544222154,False,,False,False,,False,,0.0
2026-03-19,NO_WALL,ASK,2026-03-19 20:17:34.578137567,1773951454578137567,0.0,0.0,2145.8,0.0,0.0,3,3,4.0000000000009095,4-5,,,2145.4,2145.7000000000003,3.000000000001819,2145.4,2145.5,0.0,3.000000000001819,2.14555,0.8544500000018189,4.2911,-1.2910999999981811,HIT_TARGET,3.182495857,True,3.182495857,False,,False,False,,False,,0.0
2026-03-19,NO_WALL,ASK,2026-03-19 20:18:35.967522619,1773951515967522619,0.0,0.0,2143.9,0.0,0.0,1,1,5.0,4-5,,,2143.7,2143.8,1.000000000003638,2143.7,2143.8,0.0,1.000000000003638,2.14375,-1.1437499999963618,4.2875,-3.2874999999963617,HIT_TARGET,0.279098475,True,0.279098475,False,,False,False,,False,,0.0
2026-03-19,NO_WALL,ASK,2026-03-19 20:23:56.879057105,1773951836879057105,0.0,0.0,2147.6000000000004,0.0,0.0,3,3,6.000000000003638,6+,,,2147.2,2147.5000000000005,3.0000000000063665,2147.2,2147.3,0.0,3.0000000000063665,2.1473500000000003,0.8526500000063661,4.294700000000001,-1.2946999999936342,TIMEOUT,60.0,False,,False,,False,False,,True,4.910476308,48.00000000000182
2026-03-19,NO_WALL,BID,2026-03-19 20:29:02.835761249,1773952142835761249,0.0,0.0,2140.6,0.0,0.0,4,4,5.9999999999990905,4-5,,,2141.1,2140.7,4.0000000000009095,2141.0,2141.1,0.0,4.0000000000009095,2.1409,1.8591000000009097,4.2818,-0.2817999999990901,HIT_TARGET,2.536324844,True,2.536324844,False,,False,False,,False,,0.0
2026-03-19,NO_WALL,ASK,2026-03-19 20:39:26.574782917,1773952766574782917,0.0,0.0,2147.8,0.0,0.0,4,4,4.0000000000009095,4-5,,,2147.3,2147.7000000000003,4.0000000000009095,2147.3,2147.4,0.0,4.0000000000009095,2.1475,1.8525000000009095,4.295,-0.29499999999909043,HIT_TARGET,3.312337098,True,3.312337098,False,,False,False,,False,,0.0
2026-03-19,NO_WALL,ASK,2026-03-19 20:40:01.992661811,1773952801992661811,0.0,0.0,2151.3,0.0,0.0,3,3,14.00000000000091,6+,,,2150.9,2151.2000000000003,3.000000000001819,2150.9,2151.0,0.0,3.000000000001819,2.15105,0.8489500000018189,4.3021,-1.3020999999981813,HIT_TARGET,8.4197139,True,8.4197139,False,,False,False,,False,,0.0
2026-03-19,NO_WALL,BID,2026-03-19 20:42:23.383588811,1773952943383588811,0.0,0.0,2146.5,0.0,0.0,4,4,9.00000000000091,6+,,,2147.0,2146.6,4.0000000000009095,2146.9,2147.0,0.0,4.0000000000009095,2.1468,1.8532000000009097,4.2936,-0.29359999999909014,HIT_TARGET,5.481982111,True,5.481982111,False,,False,False,,False,,0.0
2026-03-19,NO_WALL,BID,2026-03-19 20:42:24.447374917,1773952944447374917,0.0,0.0,2146.5,0.0,0.0,4,4,9.00000000000091,6+,,,2147.0,2146.6,4.0000000000009095,2146.9,2147.0,0.0,4.0000000000009095,2.1468,1.8532000000009097,4.2936,-0.29359999999909014,HIT_TARGET,4.418196005,True,4.418196005,False,,False,False,,False,,0.0
2026-03-19,NO_WALL,ASK,2026-03-19 20:45:37.013060436,1773953137013060436,0.0,0.0,2147.5,0.0,0.0,5,5,4.0000000000009095,4-5,,,2146.9,2147.4,5.0,2146.9,2147.0,0.0,5.0,2.14715,2.85285,4.2943,0.7057000000000002,HIT_TARGET,13.019222544,True,13.019222544,False,,False,False,,False,,0.0
2026-03-19,NO_WALL,ASK,2026-03-19 20:45:38.203461273,1773953138203461273,0.0,0.0,2147.4,0.0,0.0,4,4,4.0000000000009095,4-5,,,2146.9,2147.3,4.0000000000009095,2146.9,2147.0,0.0,4.0000000000009095,2.1471000000000005,1.852900000000909,4.294200000000001,-0.2941999999990914,HIT_TARGET,11.620852906,True,11.620852906,False,,False,False,,False,,0.0
2026-03-19,NO_WALL,ASK,2026-03-19 20:45:50.935696236,1773953150935696236,0.0,0.0,2147.9,0.0,0.0,1,1,6.000000000003638,6+,,,2147.7,2147.8,1.000000000003638,2147.7,2147.8,0.0,1.000000000003638,2.14775,-1.1477499999963618,4.2955,-3.2954999999963617,HIT_TARGET,0.041592131,True,0.041592131,False,,False,False,,False,,0.0
2026-03-19,NO_WALL,ASK,2026-03-19 20:48:25.548561959,1773953305548561959,0.0,0.0,2145.2,0.0,0.0,6,6,7.9999999999972715,6+,,,2144.5,2145.1,5.9999999999990905,2144.5,2144.6,0.0,5.9999999999990905,2.1448,3.8551999999990905,4.2896,1.7103999999990904,TIMEOUT,60.0,False,,False,,False,False,,True,21.042137522,5.9999999999990905
2026-03-19,NO_WALL,ASK,2026-03-19 20:52:53.635362635,1773953573635362635,0.0,0.0,2145.4,0.0,0.0,3,3,5.9999999999990905,4-5,,,2145.0,2145.3,3.000000000001819,2145.0,2145.1,0.0,3.000000000001819,2.14515,0.8548500000018189,4.2903,-1.2902999999981812,HIT_TARGET,44.032274252,True,44.032274252,False,,False,False,,False,,0.0
2026-03-19,NO_WALL,ASK,2026-03-19 20:53:39.393555166,1773953619393555166,0.0,0.0,2146.1,0.0,0.0,5,5,4.0000000000009095,4-5,,,2145.5,2146.0,5.0,2145.5,2145.6,0.0,5.0,2.1457499999999996,2.8542500000000004,4.291499999999999,0.7085000000000008,HIT_TARGET,6.443365717,True,6.443365717,False,,False,False,,False,,0.0
2026-03-19,NO_WALL,ASK,2026-03-19 21:05:00.335488503,1773954300335488503,0.0,0.0,2148.4,0.0,0.0,5,5,4.0000000000009095,4-5,,,2147.8,2148.3,5.0,2147.8,2147.9,0.0,5.0,2.14805,2.85195,4.2961,0.7039,TIMEOUT,60.0,False,,False,,False,False,,True,19.810642165,10.0
2026-03-19,NO_WALL,ASK,2026-03-19 21:08:16.553857533,1773954496553857533,0.0,0.0,2149.8,0.0,0.0,5,5,4.0000000000009095,4-5,,,2149.2,2149.7000000000003,5.0000000000045475,2149.2,2149.3,0.0,5.0000000000045475,2.1494499999999994,2.850550000004548,4.298899999999999,0.7011000000045486,HIT_TARGET,14.19773053,True,14.19773053,False,,False,False,,False,,0.0
2026-03-19,NO_WALL,ASK,2026-03-19 21:10:53.865688278,1773954653865688278,0.0,0.0,2154.6,0.0,0.0,4,4,8.999999999996362,6+,,,2154.1,2154.5,4.0000000000009095,2154.1,2154.2,0.0,4.0000000000009095,2.1543,1.8457000000009094,4.3086,-0.3085999999990907,HIT_TARGET,21.508545147,True,21.508545147,False,,False,False,,False,,0.0
2026-03-19,NO_WALL,ASK,2026-03-19 21:12:10.102467994,1773954730102467994,0.0,0.0,2155.2,0.0,0.0,2,2,5.0,4-5,,,2154.9,2155.1,1.999999999998181,2154.9,2155.0,0.0,1.999999999998181,2.155,-0.1550000000018188,4.31,-2.3100000000018186,HIT_TARGET,50.123167045,True,50.123167045,False,,False,False,,True,6.894098259,19.00000000000091
2026-03-19,NO_WALL,ASK,2026-03-19 21:13:00.566768645,1773954780566768645,0.0,0.0,2155.5,0.0,0.0,1,1,4.0000000000009095,4-5,,,2155.3,2155.4,0.9999999999990905,2155.3,2155.4,0.0,0.9999999999990905,2.1553500000000003,-1.1553500000009098,4.310700000000001,-3.31070000000091,HIT_TARGET,0.110241261,True,0.110241261,False,,False,False,,False,,0.0
2026-03-19,NO_WALL,BID,2026-03-19 21:13:23.897484815,1773954803897484815,0.0,0.0,2153.6,0.0,0.0,4,4,4.0000000000009095,4-5,,,2154.1,2153.7,4.0000000000009095,2154.0,2154.1,0.0,4.0000000000009095,2.1538999999999997,1.8461000000009098,4.307799999999999,-0.3077999999990899,HIT_TARGET,0.16202292,True,0.16202292,False,,False,False,,False,,0.0
2026-03-19,NO_WALL,ASK,2026-03-19 21:14:23.185150944,1773954863185150944,0.0,0.0,2154.2999999999997,0.0,0.0,2,2,4.0000000000009095,4-5,,,2154.0,2154.2,1.999999999998181,2154.0,2154.1,0.0,1.999999999998181,2.1540999999999997,-0.15410000000181867,4.308199999999999,-2.3082000000018184,HIT_TARGET,22.701265556,True,22.701265556,False,,False,False,,True,9.583165461,5.0
2026-03-19,NO_WALL,BID,2026-03-19 21:17:44.036362978,1773955064036362978,0.0,0.0,2152.0,0.0,0.0,5,5,8.000000000001819,6+,,,2152.6,2152.1,5.0,2152.5,2152.6,0.0,5.0,2.1523499999999998,2.8476500000000002,4.3046999999999995,0.6953000000000005,HIT_TARGET,2.957125068,True,2.957125068,False,,False,False,,False,,0.0
2026-03-19,NO_WALL,ASK,2026-03-19 21:23:39.764366340,1773955419764366340,0.0,0.0,2147.4,0.0,0.0,3,3,4.0000000000009095,4-5,,,2147.0,2147.3,3.000000000001819,2147.0,2147.1,0.0,3.000000000001819,2.14715,0.8528500000018191,4.2943,-1.2942999999981808,HIT_TARGET,18.405009103,True,18.405009103,False,,False,False,,False,,0.0
2026-03-19,NO_WALL,ASK,2026-03-19 21:25:27.871807987,1773955527871807987,0.0,0.0,2148.7000000000003,0.0,0.0,4,4,4.0000000000009095,4-5,,,2148.2,2148.6000000000004,4.000000000005457,2148.2,2148.3,0.0,4.000000000005457,2.1484,1.8516000000054569,4.2968,-0.2967999999945432,HIT_TARGET,8.459468472,True,8.459468472,False,,False,False,,False,,0.0
2026-03-19,NO_WALL,ASK,2026-03-19 21:28:26.596743757,1773955706596743757,0.0,0.0,2147.8999999999996,0.0,0.0,2,2,3.999999999996362,2-3,,,2147.6,2147.7999999999997,1.999999999998181,2147.6,2147.7,0.0,1.999999999998181,2.1477,-0.14770000000181893,4.2954,-2.295400000001819,HIT_TARGET,21.842484422,True,21.842484422,False,,False,False,,False,,0.0
2026-03-19,NO_WALL,ASK,2026-03-19 21:34:18.509342253,1773956058509342253,0.0,0.0,2148.0,0.0,0.0,4,4,4.0000000000009095,4-5,,,2147.5,2147.9,4.0000000000009095,2147.5,2147.6,0.0,4.0000000000009095,2.1477,1.8523000000009096,4.2954,-0.2953999999990904,HIT_TARGET,8.0660122,True,8.0660122,False,,False,False,,False,,0.0
2026-03-19,NO_WALL,ASK,2026-03-19 21:35:16.278777483,1773956116278777483,0.0,0.0,2148.6,0.0,0.0,1,1,4.0000000000009095,4-5,,,2148.4,2148.5,0.9999999999990905,2148.4,2148.5,0.0,0.9999999999990905,2.1484499999999995,-1.148450000000909,4.296899999999999,-3.2969000000009085,HIT_TARGET,0.060843567,True,0.060843567,False,,False,False,,False,,0.0
2026-03-19,NO_WALL,ASK,2026-03-19 21:35:30.891468527,1773956130891468527,0.0,0.0,2150.2,0.0,0.0,5,5,5.0,4-5,,,2149.6,2150.1,5.0,2149.6,2149.7,0.0,5.0,2.14985,2.85015,4.2997,0.7003000000000004,HIT_TARGET,41.184711328,True,41.184711328,False,,False,False,,False,,0.0
2026-03-19,NO_WALL,BID,2026-03-19 21:52:41.294372423,1773957161294372423,0.0,0.0,2147.0,0.0,0.0,3,3,3.999999999996362,2-3,,,2147.4,2147.1,3.000000000001819,2147.3,2147.4,0.0,3.000000000001819,2.1472499999999997,0.8527500000018193,4.294499999999999,-1.2944999999981803,HIT_TARGET,1.378218838,True,1.378218838,False,,False,False,,False,,0.0
2026-03-19,NO_WALL,BID,2026-03-19 21:52:42.621451871,1773957162621451871,0.0,0.0,2146.9,0.0,0.0,4,4,3.999999999996362,2-3,,,2147.4,2147.0,4.0000000000009095,2147.3,2147.4,0.0,4.0000000000009095,2.1471999999999998,1.8528000000009097,4.2943999999999996,-0.29439999999909006,HIT_TARGET,0.05113939,True,0.05113939,False,,False,False,,False,,0.0
2026-03-19,NO_WALL,BID,2026-03-19 21:58:04.799129372,1773957484799129372,0.0,0.0,2150.9,0.0,0.0,4,4,7.9999999999972715,6+,,,2151.4,2151.0,4.0000000000009095,2151.3,2151.4,0.0,4.0000000000009095,2.1512,1.8488000000009097,4.3024,-0.30239999999909006,TIMEOUT,60.0,False,,False,,False,False,,True,2.480541596,17.99999999999727
2026-03-19,NO_WALL,ASK,2026-03-19 21:58:07.572182635,1773957487572182635,0.0,0.0,2152.3,0.0,0.0,5,5,4.0000000000009095,4-5,,,2151.7,2152.2000000000003,5.0000000000045475,2151.7,2151.8,0.0,5.0000000000045475,2.1519499999999994,2.848050000004548,4.303899999999999,0.6961000000045487,HIT_TARGET,4.048847205,True,4.048847205,False,,False,False,,False,,0.0
2026-03-19,NO_WALL,ASK,2026-03-19 21:58:14.066415154,1773957494066415154,0.0,0.0,2153.0,0.0,0.0,4,4,5.9999999999990905,4-5,,,2152.5,2152.9,4.0000000000009095,2152.5,2152.6,0.0,4.0000000000009095,2.1527,1.8473000000009097,4.3054,-0.3053999999990902,HIT_TARGET,6.133244839,True,6.133244839,False,,False,False,,False,,0.0
2026-03-19,NO_WALL,BID,2026-03-19 21:59:35.838953536,1773957575838953536,0.0,0.0,2150.4,0.0,0.0,4,4,3.999999999996362,2-3,,,2150.9,2150.5,4.0000000000009095,2150.8,2150.9,0.0,4.0000000000009095,2.1506999999999996,1.8493000000009099,4.301399999999999,-0.30139999999908973,HIT_TARGET,2.214607332,True,2.214607332,False,,False,False,,False,,0.0
2026-03-19,NO_WALL,BID,2026-03-19 22:00:12.768371085,1773957612768371085,0.0,0.0,2149.9,0.0,0.0,4,4,5.0,4-5,,,2150.4,2150.0,4.0000000000009095,2150.3,2150.4,0.0,4.0000000000009095,2.1502,1.8498000000009096,4.3004,-0.3003999999990903,HIT_TARGET,9.033212829,True,9.033212829,False,,False,False,,False,,0.0
2026-03-19,NO_WALL,ASK,2026-03-19 22:01:40.273379635,1773957700273379635,0.0,0.0,2150.4,0.0,0.0,4,4,4.0000000000009095,4-5,,,2149.9,2150.3,4.0000000000009095,2149.9,2150.0,0.0,4.0000000000009095,2.1501,1.8499000000009094,4.3002,-0.30019999999909075,HIT_TARGET,54.381347499,True,54.381347499,False,,False,False,,True,8.343093727,8.000000000001819
2026-03-19,NO_WALL,ASK,2026-03-19 22:01:41.552315604,1773957701552315604,0.0,0.0,2150.2,0.0,0.0,2,2,4.0000000000009095,4-5,,,2149.9,2150.1,1.999999999998181,2149.9,2150.0,0.0,1.999999999998181,2.15,-0.1500000000018189,4.3,-2.300000000001819,HIT_TARGET,44.068054764,True,44.068054764,False,,False,False,,True,7.064157758,8.000000000001819
2026-03-19,NO_WALL,BID,2026-03-19 22:03:30.778302122,1773957810778302122,0.0,0.0,2147.7,0.0,0.0,4,4,5.0,4-5,,,2148.2,2147.7999999999997,4.0000000000009095,2148.1,2148.2,0.0,4.0000000000009095,2.1479999999999997,1.8520000000009098,4.295999999999999,-0.2959999999990899,HIT_TARGET,17.211318279,True,17.211318279,False,,False,False,,True,7.107366701,3.000000000001819
2026-03-19,NO_WALL,ASK,2026-03-19 22:07:23.066633187,1773958043066633187,0.0,0.0,2146.6,0.0,0.0,5,5,7.9999999999972715,6+,,,2146.0,2146.5,5.0,2146.0,2146.1,0.0,5.0,2.1462499999999998,2.8537500000000002,4.2924999999999995,0.7075000000000005,HIT_TARGET,2.035022619,True,2.035022619,False,,False,False,,False,,0.0
2026-03-19,NO_WALL,ASK,2026-03-19 22:07:28.823581340,1773958048823581340,0.0,0.0,2147.7,0.0,0.0,2,2,5.9999999999990905,4-5,,,2147.4,2147.6,1.999999999998181,2147.4,2147.5,0.0,1.999999999998181,2.1475,-0.14750000000181895,4.295,-2.295000000001819,HIT_TARGET,0.255469442,True,0.255469442,False,,False,False,,False,,0.0
2026-03-19,NO_WALL,ASK,2026-03-19 22:15:22.889772515,1773958522889772515,0.0,0.0,2151.2,0.0,0.0,2,2,5.0,4-5,,,2150.9,2151.1,1.999999999998181,2150.9,2151.0,0.0,1.999999999998181,2.151,-0.1510000000018188,4.302,-2.3020000000018186,HIT_TARGET,8.900916133,True,8.900916133,False,,False,False,,False,,0.0
2026-03-19,NO_WALL,ASK,2026-03-19 22:20:07.507332025,1773958807507332025,0.0,0.0,2152.9,0.0,0.0,4,4,4.0000000000009095,4-5,,,2152.4,2152.8,4.0000000000009095,2152.4,2152.5,0.0,4.0000000000009095,2.1526,1.8474000000009094,4.3052,-0.30519999999909064,TIMEOUT,60.0,False,,False,,False,False,,True,18.448393844,13.000000000001819
2026-03-19,NO_WALL,BID,2026-03-19 22:23:13.756114085,1773958993756114085,0.0,0.0,2148.3999999999996,0.0,0.0,3,3,9.00000000000091,6+,,,2148.8,2148.4999999999995,3.0000000000063665,2148.7,2148.8,0.0,3.0000000000063665,2.1486499999999995,0.851350000006367,4.297299999999999,-1.2972999999936325,HIT_TARGET,26.751481299,True,26.751481299,False,,False,False,,False,,0.0
2026-03-19,NO_WALL,BID,2026-03-19 22:27:05.586599075,1773959225586599075,0.0,0.0,2150.5,0.0,0.0,4,4,5.0,4-5,,,2151.0,2150.6,4.0000000000009095,2150.9,2151.0,0.0,4.0000000000009095,2.1508000000000003,1.8492000000009092,4.3016000000000005,-0.30159999999909104,HIT_TARGET,1.277025329,True,1.277025329,False,,False,False,,False,,0.0
2026-03-19,NO_WALL,ASK,2026-03-19 22:28:18.818249986,1773959298818249986,0.0,0.0,2151.6,0.0,0.0,2,2,5.0,4-5,,,2151.3,2151.5,1.999999999998181,2151.3,2151.4,0.0,1.999999999998181,2.1513999999999998,-0.15140000000181875,4.3027999999999995,-2.3028000000018185,HIT_TARGET,7.220497242,True,7.220497242,False,,False,False,,False,,0.0
2026-03-19,NO_WALL,ASK,2026-03-19 22:32:18.235122874,1773959538235122874,0.0,0.0,2150.9,0.0,0.0,3,3,4.0000000000009095,4-5,,,2150.5,2150.8,3.000000000001819,2150.5,2150.6,0.0,3.000000000001819,2.1506499999999997,0.8493500000018193,4.3012999999999995,-1.3012999999981805,HIT_TARGET,5.799442952,True,5.799442952,False,,False,False,,False,,1.999999999998181
2026-03-19,NO_WALL,ASK,2026-03-19 22:32:35.636128741,1773959555636128741,0.0,0.0,2150.6,0.0,0.0,2,2,4.0000000000009095,4-5,,,2150.3,2150.5,1.999999999998181,2150.3,2150.4,0.0,1.999999999998181,2.1504,-0.15040000000181886,4.3008,-2.3008000000018187,HIT_TARGET,10.341743473,True,10.341743473,False,,False,False,,False,,2.0000000000027285
2026-03-19,NO_WALL,BID,2026-03-19 22:33:16.544971818,1773959596544971818,0.0,0.0,2140.6,0.0,0.0,3,3,6.999999999998181,6+,,,2141.0,2140.7,3.000000000001819,2140.9,2141.0,0.0,3.000000000001819,2.14085,0.8591500000018191,4.2817,-1.2816999999981809,HIT_TARGET,0.051731577,True,0.051731577,False,,False,False,,False,,0.0
2026-03-19,NO_WALL,ASK,2026-03-19 22:39:39.339712248,1773959979339712248,0.0,0.0,2137.7999999999997,0.0,0.0,1,1,3.999999999996362,2-3,,,2137.6,2137.7,0.9999999999990905,2137.6,2137.7,0.0,0.9999999999990905,2.1376499999999994,-1.1376500000009089,4.275299999999999,-3.2753000000009083,HIT_TARGET,0.107019915,True,0.107019915,False,,False,False,,False,,0.0
2026-03-19,NO_WALL,BID,2026-03-19 22:42:06.126397876,1773960126126397876,0.0,0.0,2136.1,0.0,0.0,4,4,5.9999999999990905,4-5,,,2136.6,2136.2,4.0000000000009095,2136.5,2136.6,0.0,4.0000000000009095,2.1363999999999996,1.8636000000009099,4.272799999999999,-0.27279999999908977,TIMEOUT,60.0,False,,False,,False,False,,True,47.577992824,4.0000000000009095
2026-03-19,NO_WALL,BID,2026-03-19 22:45:02.348811773,1773960302348811773,0.0,0.0,2138.5,0.0,0.0,1,1,4.0000000000009095,4-5,,,2138.7,2138.6,0.9999999999990905,2138.6,2138.7,0.0,0.9999999999990905,2.1386499999999997,-1.1386500000009092,4.277299999999999,-3.277300000000909,HIT_TARGET,0.123620569,True,0.123620569,False,,False,False,,False,,0.0
2026-03-19,NO_WALL,ASK,2026-03-19 22:48:01.811919713,1773960481811919713,0.0,0.0,2136.4,0.0,0.0,4,4,4.0000000000009095,4-5,,,2135.9,2136.3,4.0000000000009095,2135.9,2136.0,0.0,4.0000000000009095,2.1361000000000003,1.8639000000009092,4.272200000000001,-0.27219999999909117,HIT_TARGET,5.165802621,True,5.165802621,False,,False,False,,False,,0.0
2026-03-19,NO_WALL,ASK,2026-03-19 22:48:14.930105338,1773960494930105338,0.0,0.0,2137.2999999999997,0.0,0.0,2,2,4.0000000000009095,4-5,,,2137.0,2137.2,1.999999999998181,2137.0,2137.1,0.0,1.999999999998181,2.1370999999999998,-0.13710000000181877,4.2741999999999996,-2.2742000000018185,HIT_TARGET,24.447439028,True,24.447439028,False,,False,False,,True,8.017170412,2.9999999999972715
2026-03-19,NO_WALL,ASK,2026-03-19 23:00:02.549013661,1773961202549013661,0.0,0.0,2141.8999999999996,0.0,0.0,7,7,10.0,6+,,,2141.1,2141.7999999999997,6.999999999998181,2141.1,2141.2,0.0,6.999999999998181,2.1414499999999994,4.858549999998182,4.282899999999999,2.717099999998182,HIT_TARGET,2.509658731,True,2.509658731,False,,False,False,,False,,0.0
2026-03-19,NO_WALL,BID,2026-03-19 23:01:32.467528348,1773961292467528348,0.0,0.0,2141.5,0.0,0.0,3,3,3.999999999996362,2-3,,,2141.9,2141.6,3.000000000001819,2141.8,2141.9,0.0,3.000000000001819,2.14175,0.858250000001819,4.2835,-1.283499999998181,HIT_TARGET,5.182241487,True,5.182241487,False,,False,False,,False,,0.0
2026-03-19,NO_WALL,ASK,2026-03-19 23:02:46.250975102,1773961366250975102,0.0,0.0,2145.1000000000004,0.0,0.0,3,3,5.0,4-5,,,2144.7,2145.0000000000005,3.0000000000063665,2144.7,2144.8,0.0,3.0000000000063665,2.1448500000000004,0.8551500000063661,4.289700000000001,-1.2896999999936343,HIT_TARGET,13.484260036,True,13.484260036,False,,False,False,,False,,2.0000000000027285
2026-03-19,NO_WALL,ASK,2026-03-19 23:03:39.094187783,1773961419094187783,0.0,0.0,2146.5,0.0,0.0,7,7,6.000000000003638,6+,,,2145.7,2146.4,7.0000000000027285,2145.7,2145.8,0.0,7.0000000000027285,2.1460500000000002,4.853950000002728,4.2921000000000005,2.707900000002728,HIT_TARGET,8.72930936,True,8.72930936,False,,False,False,,False,,0.0
2026-03-19,NO_WALL,BID,2026-03-19 23:05:52.943214900,1773961552943214900,0.0,0.0,2146.5,0.0,0.0,3,3,3.999999999996362,2-3,,,2146.9,2146.6,3.000000000001819,2146.8,2146.9,0.0,3.000000000001819,2.14675,0.853250000001819,4.2935,-1.2934999999981809,HIT_TARGET,0.661374516,True,0.661374516,False,,False,False,,False,,0.0
2026-03-19,NO_WALL,ASK,2026-03-19 23:07:43.155216838,1773961663155216838,0.0,0.0,2147.7000000000003,0.0,0.0,4,4,5.0,4-5,,,2147.2,2147.6000000000004,4.000000000005457,2147.2,2147.3,0.0,4.000000000005457,2.1474,1.8526000000054568,4.2948,-0.2947999999945434,HIT_TARGET,6.740566341,True,6.740566341,False,,False,False,,False,,0.0
2026-03-19,NO_WALL,BID,2026-03-19 23:09:40.180514651,1773961780180514651,0.0,0.0,2146.7000000000003,0.0,0.0,1,1,5.0,4-5,,,2146.9,2146.8,0.9999999999990905,2146.8,2146.9,0.0,0.9999999999990905,2.14685,-1.1468500000009096,4.2937,-3.29370000000091,HIT_TARGET,0.05664565,True,0.05664565,False,,False,False,,False,,0.0
2026-03-19,NO_WALL,ASK,2026-03-19 23:10:14.048775031,1773961814048775031,0.0,0.0,2147.2000000000003,0.0,0.0,4,4,4.0000000000009095,4-5,,,2146.7,2147.1000000000004,4.000000000005457,2146.7,2146.8,0.0,4.000000000005457,2.1469,1.853100000005457,4.2938,-0.2937999999945431,TIMEOUT,60.0,False,,False,,False,False,,True,3.460151326,20.0
2026-03-19,NO_WALL,ASK,2026-03-19 23:12:54.509244660,1773961974509244660,0.0,0.0,2147.1000000000004,0.0,0.0,3,3,4.0000000000009095,4-5,,,2146.7,2147.0000000000005,3.0000000000063665,2146.7,2146.8,0.0,3.0000000000063665,2.14685,0.8531500000063663,4.2937,-1.2936999999936338,HIT_TARGET,4.331954471,True,4.331954471,False,,False,False,,False,,0.0
2026-03-19,NO_WALL,BID,2026-03-19 23:15:18.427644856,1773962118427644856,0.0,0.0,2143.6,0.0,0.0,4,4,4.0000000000009095,4-5,,,2144.1,2143.7,4.0000000000009095,2144.0,2144.1,0.0,4.0000000000009095,2.1438999999999995,1.85610000000091,4.287799999999999,-0.28779999999908945,HIT_TARGET,0.959059356,True,0.959059356,False,,False,False,,False,,0.0
2026-03-19,NO_WALL,ASK,2026-03-19 23:15:53.034109400,1773962153034109400,0.0,0.0,2143.1,0.0,0.0,1,1,5.0,4-5,,,2142.9,2143.0,0.9999999999990905,2142.9,2143.0,0.0,0.9999999999990905,2.14295,-1.1429500000009094,4.2859,-3.2859000000009093,HIT_TARGET,0.020102564,True,0.020102564,False,,False,False,,False,,0.0
2026-03-19,NO_WALL,ASK,2026-03-19 23:19:21.008808637,1773962361008808637,0.0,0.0,2141.3,0.0,0.0,4,4,8.000000000001819,6+,,,2140.8,2141.2000000000003,4.0000000000009095,2140.8,2140.9,0.0,4.0000000000009095,2.141,1.8590000000009095,4.282,-0.28199999999909053,HIT_TARGET,3.360367266,True,3.360367266,False,,False,False,,False,,0.0
2026-03-19,NO_WALL,BID,2026-03-19 23:20:41.641711249,1773962441641711249,0.0,0.0,2140.2000000000003,0.0,0.0,2,2,5.0,4-5,,,2140.5,2140.3,1.999999999998181,2140.4,2140.5,0.0,1.999999999998181,2.1404,-0.14040000000181907,4.2808,-2.280800000001819,HIT_TARGET,4.180928142,True,4.180928142,False,,False,False,,False,,0.0
2026-03-19,NO_WALL,BID,2026-03-19 23:26:35.846745008,1773962795846745008,0.0,0.0,2139.1,0.0,0.0,4,4,5.9999999999990905,4-5,,,2139.6,2139.2,4.0000000000009095,2139.5,2139.6,0.0,4.0000000000009095,2.1393999999999993,1.8606000000009102,4.278799999999999,-0.2787999999990891,HIT_TARGET,6.907256388,True,6.907256388,False,,False,False,,False,,0.0
2026-03-19,NO_WALL,ASK,2026-03-19 23:27:56.931822195,1773962876931822195,0.0,0.0,2141.1000000000004,0.0,0.0,3,3,4.0000000000009095,4-5,,,2140.7,2141.0000000000005,3.0000000000063665,2140.7,2140.8,0.0,3.0000000000063665,2.14085,0.8591500000063665,4.2817,-1.2816999999936334,HIT_TARGET,3.979816693,True,3.979816693,False,,False,False,,False,,0.0
2026-03-19,NO_WALL,ASK,2026-03-19 23:28:38.282446012,1773962918282446012,0.0,0.0,2143.6,0.0,0.0,5,5,5.9999999999990905,4-5,,,2143.0,2143.5,5.0,2143.0,2143.1,0.0,5.0,2.1432499999999997,2.8567500000000003,4.286499999999999,0.7135000000000007,TIMEOUT,60.0,False,,False,,False,False,,True,55.123237906,4.0000000000009095
2026-03-19,NO_WALL,BID,2026-03-19 23:31:07.272419664,1773963067272419664,0.0,0.0,2141.7000000000003,0.0,0.0,1,1,3.999999999996362,2-3,,,2141.9,2141.8,0.9999999999990905,2141.8,2141.9,0.0,0.9999999999990905,2.1418500000000003,-1.1418500000009097,4.2837000000000005,-3.28370000000091,HIT_TARGET,0.104476407,True,0.104476407,False,,False,False,,False,,0.0
2026-03-19,NO_WALL,ASK,2026-03-19 23:39:02.860197669,1773963542860197669,0.0,0.0,2136.9,0.0,0.0,5,5,5.0,4-5,,,2136.3,2136.8,5.0,2136.3,2136.4,0.0,5.0,2.13655,2.86345,4.2731,0.7268999999999997,HIT_TARGET,3.777103988,True,3.777103988,False,,False,False,,False,,0.0
2026-03-19,NO_WALL,BID,2026-03-19 23:49:57.838527180,1773964197838527180,0.0,0.0,2136.3,0.0,0.0,2,2,4.0000000000009095,4-5,,,2136.6,2136.4,1.999999999998181,2136.5,2136.6,0.0,1.999999999998181,2.1365,-0.13650000000181883,4.273,-2.2730000000018187,HIT_TARGET,1.639105697,True,1.639105697,False,,False,False,,False,,0.0
2026-03-19,NO_WALL,ASK,2026-03-19 23:51:53.134279046,1773964313134279046,0.0,0.0,2135.9,0.0,0.0,3,3,4.0000000000009095,4-5,,,2135.5,2135.8,3.000000000001819,2135.5,2135.6,0.0,3.000000000001819,2.13565,0.8643500000018189,4.2713,-1.271299999998181,HIT_TARGET,8.806277056,True,8.806277056,False,,False,False,,False,,0.0
2026-03-19,NO_WALL,ASK,2026-03-19 23:52:03.412342094,1773964323412342094,0.0,0.0,2136.8,0.0,0.0,3,3,8.000000000001819,6+,,,2136.4,2136.7000000000003,3.000000000001819,2136.4,2136.5,0.0,3.000000000001819,2.13655,0.8634500000018188,4.2731,-1.2730999999981814,HIT_TARGET,17.09967675,True,17.09967675,False,,False,False,,False,,0.0
2026-03-20,NO_WALL,ASK,2026-03-20 00:01:04.135562687,1773964864135562687,0.0,0.0,2140.0,0.0,0.0,4,4,7.9999999999972715,6+,,,2139.5,2139.9,4.0000000000009095,2139.5,2139.6,0.0,4.0000000000009095,2.1397,1.8603000000009096,4.2794,-0.2793999999990904,HIT_TARGET,52.413584685,True,52.413584685,False,,False,False,,True,1.367594907,15.0
2026-03-20,NO_WALL,ASK,2026-03-20 00:02:22.537634156,1773964942537634156,0.0,0.0,2139.9,0.0,0.0,1,1,4.0000000000009095,4-5,,,2139.7,2139.8,1.000000000003638,2139.7,2139.8,0.0,1.000000000003638,2.13975,-1.1397499999963618,4.2795,-3.2794999999963617,HIT_TARGET,0.140480605,True,0.140480605,False,,False,False,,False,,0.0
2026-03-20,NO_WALL,BID,2026-03-20 00:02:41.139730884,1773964961139730884,0.0,0.0,2137.7999999999997,0.0,0.0,4,4,5.0,4-5,,,2138.3,2137.8999999999996,4.000000000005457,2138.2,2138.3,0.0,4.000000000005457,2.1380999999999997,1.8619000000054573,4.276199999999999,-0.27619999999454237,HIT_TARGET,2.929992444,True,2.929992444,False,,False,False,,False,,0.0
2026-03-20,NO_WALL,BID,2026-03-20 00:03:21.277183473,1773965001277183473,0.0,0.0,2136.2999999999997,0.0,0.0,3,3,5.9999999999990905,4-5,,,2136.7,2136.3999999999996,3.000000000001819,2136.6,2136.7,0.0,3.000000000001819,2.1365499999999997,0.8634500000018193,4.2730999999999995,-1.2730999999981805,HIT_TARGET,28.233176464,True,28.233176464,False,,False,False,,True,5.317464404,5.9999999999990905
2026-03-20,NO_WALL,ASK,2026-03-20 00:04:07.172353104,1773965047172353104,0.0,0.0,2136.3,0.0,0.0,4,4,7.0000000000027285,6+,,,2135.8,2136.2000000000003,4.0000000000009095,2135.8,2135.9,0.0,4.0000000000009095,2.136,1.8640000000009094,4.272,-0.27199999999909075,HIT_TARGET,5.864837772,True,5.864837772,False,,False,False,,False,,0.0
2026-03-20,NO_WALL,ASK,2026-03-20 00:05:46.227392009,1773965146227392009,0.0,0.0,2138.1,0.0,0.0,2,2,5.0,4-5,,,2137.8,2138.0,1.999999999998181,2137.8,2137.9,0.0,1.999999999998181,2.1379,-0.13790000000181912,4.2758,-2.2758000000018193,HIT_TARGET,29.107542736,True,29.107542736,False,,False,False,,True,2.657363153,5.0
2026-03-20,NO_WALL,ASK,2026-03-20 00:07:11.792649285,1773965231792649285,0.0,0.0,2139.8999999999996,0.0,0.0,2,2,3.999999999996362,2-3,,,2139.6,2139.7999999999997,1.999999999998181,2139.6,2139.7,0.0,1.999999999998181,2.1397,-0.13970000000181892,4.2794,-2.279400000001819,HIT_TARGET,18.228460838,True,18.228460838,False,,False,False,,True,0.20881915,2.9999999999972715
2026-03-20,NO_WALL,BID,2026-03-20 00:08:01.135602131,1773965281135602131,0.0,0.0,2139.2,0.0,0.0,4,4,7.0000000000027285,6+,,,2139.7,2139.2999999999997,4.0000000000009095,2139.6,2139.7,0.0,4.0000000000009095,2.1395,1.8605000000009095,4.279,-0.2789999999990904,TIMEOUT,60.0,False,,False,,False,False,,True,0.361777397,39.00000000000091
2026-03-20,NO_WALL,ASK,2026-03-20 00:08:02.199293305,1773965282199293305,0.0,0.0,2140.6,0.0,0.0,2,2,4.0000000000009095,4-5,,,2140.3,2140.5,1.999999999998181,2140.3,2140.4,0.0,1.999999999998181,2.1404,-0.14040000000181907,4.2808,-2.280800000001819,HIT_TARGET,13.693954807,True,13.693954807,False,,False,False,,True,4.250826471,5.0
2026-03-20,NO_WALL,ASK,2026-03-20 00:08:36.163342441,1773965316163342441,0.0,0.0,2142.7999999999997,0.0,0.0,2,2,5.9999999999990905,4-5,,,2142.5,2142.7,1.999999999998181,2142.5,2142.6,0.0,1.999999999998181,2.1426,-0.14260000000181883,4.2852,-2.2852000000018187,HIT_TARGET,0.2518494,True,0.2518494,False,,False,False,,False,,0.0
2026-03-20,NO_WALL,BID,2026-03-20 00:11:15.971842396,1773965475971842396,0.0,0.0,2144.2,0.0,0.0,4,4,5.0,4-5,,,2144.7,2144.2999999999997,4.0000000000009095,2144.6,2144.7,0.0,4.0000000000009095,2.1445,1.8555000000009096,4.289,-0.2889999999990902,HIT_TARGET,0.869165695,True,0.869165695,False,,False,False,,False,,0.0
2026-03-20,NO_WALL,ASK,2026-03-20 00:15:51.388265007,1773965751388265007,0.0,0.0,2145.2000000000003,0.0,0.0,4,4,5.0,4-5,,,2144.7,2145.1000000000004,4.000000000005457,2144.7,2144.8,0.0,4.000000000005457,2.1449,1.8551000000054572,4.2898,-0.28979999999454265,TIMEOUT,60.0,False,,False,,False,False,,True,7.152343553,8.000000000001819
2026-03-20,NO_WALL,ASK,2026-03-20 00:21:44.735249371,1773966104735249371,0.0,0.0,2145.8,0.0,0.0,4,4,5.0,4-5,,,2145.3,2145.7000000000003,4.0000000000009095,2145.3,2145.4,0.0,4.0000000000009095,2.1454999999999997,1.8545000000009098,4.2909999999999995,-0.29099999999909,HIT_TARGET,54.08792274,True,54.08792274,False,,False,False,,True,11.267677247,5.0
2026-03-20,NO_WALL,BID,2026-03-20 00:23:53.732474545,1773966233732474545,0.0,0.0,2140.7,0.0,0.0,3,3,5.0,4-5,,,2141.1,2140.7999999999997,3.000000000001819,2141.0,2141.1,0.0,3.000000000001819,2.1409499999999997,0.8590500000018193,4.281899999999999,-1.2818999999981804,HIT_TARGET,1.297875484,True,1.297875484,False,,False,False,,False,,0.0
2026-03-20,NO_WALL,BID,2026-03-20 00:31:07.136279253,1773966667136279253,0.0,0.0,2142.8999999999996,0.0,0.0,3,3,7.0000000000027285,6+,,,2143.3,2142.9999999999995,3.0000000000063665,2143.2,2143.3,0.0,3.0000000000063665,2.1431499999999994,0.856850000006367,4.286299999999999,-1.2862999999936324,HIT_TARGET,15.273368262,True,15.273368262,False,,False,False,,False,,0.0
2026-03-20,NO_WALL,ASK,2026-03-20 00:31:41.135455223,1773966701135455223,0.0,0.0,2143.8,0.0,0.0,5,5,5.0,4-5,,,2143.2,2143.7000000000003,5.0000000000045475,2143.2,2143.3,0.0,5.0000000000045475,2.1434499999999996,2.856550000004548,4.286899999999999,0.7131000000045482,TIMEOUT,60.0,False,,False,,False,False,,True,8.726704116,13.000000000001819
2026-03-20,NO_WALL,ASK,2026-03-20 00:33:55.968746463,1773966835968746463,0.0,0.0,2145.4,0.0,0.0,4,4,5.0,4-5,,,2144.9,2145.3,4.0000000000009095,2144.9,2145.0,0.0,4.0000000000009095,2.1451000000000002,1.8549000000009093,4.2902000000000005,-0.29019999999909096,HIT_TARGET,11.385791838,True,11.385791838,False,,False,False,,False,,0.0
2026-03-20,NO_WALL,ASK,2026-03-20 00:35:12.041854524,1773966912041854524,0.0,0.0,2146.5,0.0,0.0,3,3,6.999999999998181,6+,,,2146.1,2146.4,3.000000000001819,2146.1,2146.2,0.0,3.000000000001819,2.1462499999999998,0.8537500000018192,4.2924999999999995,-1.2924999999981805,HIT_TARGET,43.487815404,True,43.487815404,False,,False,False,,True,8.311861251,8.999999999996362
2026-03-20,NO_WALL,BID,2026-03-20 00:36:46.319391258,1773967006319391258,0.0,0.0,2142.8,0.0,0.0,2,2,5.0,4-5,,,2143.1,2142.9,1.999999999998181,2143.0,2143.1,0.0,1.999999999998181,2.143,-0.14300000000181878,4.286,-2.2860000000018186,HIT_TARGET,4.622638245,True,4.622638245,False,,False,False,,False,,0.0
2026-03-20,NO_WALL,ASK,2026-03-20 00:52:32.358789486,1773967952358789486,0.0,0.0,2146.7999999999997,0.0,0.0,2,2,4.0000000000009095,4-5,,,2146.5,2146.7,1.999999999998181,2146.5,2146.6,0.0,1.999999999998181,2.1466,-0.14660000000181883,4.2932,-2.2932000000018187,TIMEOUT,60.0,False,,False,,False,False,,True,4.498412412,30.99999999999909
2026-03-20,NO_WALL,BID,2026-03-20 00:52:46.405076972,1773967966405076972,0.0,0.0,2145.3,0.0,0.0,1,1,5.9999999999990905,4-5,,,2145.5,2145.4,0.9999999999990905,2145.4,2145.5,0.0,0.9999999999990905,2.14545,-1.1454500000009094,4.2909,-3.290900000000909,HIT_TARGET,0.048433759,True,0.048433759,False,,False,False,,False,,0.0
2026-03-20,NO_WALL,BID,2026-03-20 00:53:28.388802065,1773968008388802065,0.0,0.0,2143.3,0.0,0.0,1,1,4.0000000000009095,4-5,,,2143.5,2143.4,0.9999999999990905,2143.4,2143.5,0.0,0.9999999999990905,2.1434499999999996,-1.1434500000009091,4.286899999999999,-3.2869000000009088,HIT_TARGET,0.047093901,True,0.047093901,False,,False,False,,False,,0.0
2026-03-20,NO_WALL,ASK,2026-03-20 00:56:10.735251168,1773968170735251168,0.0,0.0,2144.6,0.0,0.0,4,4,3.999999999996362,2-3,,,2144.1,2144.5,4.0000000000009095,2144.1,2144.2,0.0,4.0000000000009095,2.1443,1.8557000000009096,4.2886,-0.28859999999909025,TIMEOUT,60.0,False,,False,,False,False,,True,21.947290918,3.999999999996362
2026-03-20,NO_WALL,ASK,2026-03-20 01:00:51.728365121,1773968451728365121,0.0,0.0,2149.0,0.0,0.0,2,2,16.000000000003638,6+,,,2148.7,2148.9,2.0000000000027285,2148.7,2148.8,0.0,2.0000000000027285,2.1488,-0.14879999999727156,4.2976,-2.2975999999972716,HIT_TARGET,1.327257288,True,1.327257288,False,,False,False,,False,,0.0
2026-03-20,NO_WALL,BID,2026-03-20 01:08:40.957554578,1773968920957554578,0.0,0.0,2149.8,0.0,0.0,5,5,5.0,4-5,,,2150.4,2149.9,5.0,2150.3,2150.4,0.0,5.0,2.15015,2.84985,4.3003,0.6997,TIMEOUT,60.0,False,,False,,False,False,,True,3.315685558,16.99999999999818
2026-03-20,NO_WALL,ASK,2026-03-20 01:10:21.069279609,1773969021069279609,0.0,0.0,2153.0,0.0,0.0,2,2,8.000000000001819,6+,,,2152.7,2152.9,2.0000000000027285,2152.7,2152.8,0.0,2.0000000000027285,2.1528,-0.15279999999727156,4.3056,-2.3055999999972716,TIMEOUT,60.0,False,,False,,False,False,,True,8.23492869,17.00000000000273
2026-03-20,NO_WALL,ASK,2026-03-20 01:14:11.390469014,1773969251390469014,0.0,0.0,2153.6,0.0,0.0,2,2,5.0,4-5,,,2153.3,2153.5,1.999999999998181,2153.3,2153.4,0.0,1.999999999998181,2.1534,-0.15340000000181897,4.3068,-2.306800000001819,TIMEOUT,60.0,False,,False,,False,False,,True,3.713178786,12.000000000002728
2026-03-20,NO_WALL,BID,2026-03-20 01:18:13.759558207,1773969493759558207,0.0,0.0,2150.0,0.0,0.0,1,1,4.0000000000009095,4-5,,,2150.2,2150.1,0.9999999999990905,2150.1,2150.2,0.0,0.9999999999990905,2.1501499999999996,-1.150150000000909,4.300299999999999,-3.3003000000009086,HIT_TARGET,0.057704893,True,0.057704893,False,,False,False,,False,,0.0
2026-03-20,NO_WALL,ASK,2026-03-20 01:23:09.763770850,1773969789763770850,0.0,0.0,2150.4,0.0,0.0,4,4,4.0000000000009095,4-5,,,2149.9,2150.3,4.0000000000009095,2149.9,2150.0,0.0,4.0000000000009095,2.1501,1.8499000000009094,4.3002,-0.30019999999909075,TIMEOUT,60.0,False,,False,,False,False,,True,6.643485294,10.0
2026-03-20,NO_WALL,ASK,2026-03-20 01:28:10.253780874,1773970090253780874,0.0,0.0,2152.0,0.0,0.0,4,4,4.0000000000009095,4-5,,,2151.5,2151.9,4.0000000000009095,2151.5,2151.6,0.0,4.0000000000009095,2.1516999999999995,1.84830000000091,4.303399999999999,-0.3033999999990895,HIT_TARGET,58.050742004,True,58.050742004,False,,False,False,,True,44.116352005,5.0
2026-03-20,NO_WALL,ASK,2026-03-20 01:31:17.435666605,1773970277435666605,0.0,0.0,2154.3,0.0,0.0,3,3,4.0000000000009095,4-5,,,2153.9,2154.2000000000003,3.000000000001819,2153.9,2154.0,0.0,3.000000000001819,2.15405,0.8459500000018192,4.3081,-1.3080999999981806,TIMEOUT,60.0,False,,False,,False,False,,True,20.22781563,15.99999999999909
2026-03-20,NO_WALL,ASK,2026-03-20 01:31:44.939762695,1773970304939762695,0.0,0.0,2153.6000000000004,0.0,0.0,3,3,4.0000000000009095,4-5,,,2153.2,2153.5000000000005,3.0000000000063665,2153.2,2153.3,0.0,3.0000000000063665,2.15335,0.8466500000063664,4.3067,-1.3066999999936337,HIT_TARGET,10.545465527,True,10.545465527,False,,False,False,,False,,0.0
2026-03-20,NO_WALL,ASK,2026-03-20 01:33:26.135568592,1773970406135568592,0.0,0.0,2155.2000000000003,0.0,0.0,3,3,10.0,6+,,,2154.8,2155.1000000000004,3.000000000001819,2154.8,2154.9,0.0,3.000000000001819,2.15495,0.8450500000018191,4.3099,-1.3098999999981809,HIT_TARGET,1.272532534,True,1.272532534,False,,False,False,,False,,0.0
2026-03-20,NO_WALL,BID,2026-03-20 01:34:38.889957995,1773970478889957995,0.0,0.0,2151.9,0.0,0.0,6,6,4.0000000000009095,4-5,,,2152.6,2152.0,5.9999999999990905,2152.5,2152.6,0.0,5.9999999999990905,2.1523,3.8476999999990906,4.3046,1.6953999999990907,HIT_TARGET,4.263700689,True,4.263700689,False,,False,False,,False,,0.0
2026-03-20,NO_WALL,BID,2026-03-20 01:34:39.958347446,1773970479958347446,0.0,0.0,2151.9,0.0,0.0,2,2,7.0000000000027285,6+,,,2152.2,2152.0,1.999999999998181,2152.1,2152.2,0.0,1.999999999998181,2.1521,-0.1521000000018189,4.3042,-2.304200000001819,HIT_TARGET,3.195311238,True,3.195311238,False,,False,False,,False,,0.0
2026-03-20,NO_WALL,BID,2026-03-20 01:40:00.537607334,1773970800537607334,0.0,0.0,2158.7,0.0,0.0,5,5,7.0000000000027285,6+,,,2159.3,2158.7999999999997,5.0000000000045475,2159.2,2159.3,0.0,5.0000000000045475,2.15905,2.8409500000045473,4.3181,0.6819000000045472,HIT_TARGET,19.473963985,True,19.473963985,False,,False,False,,False,,0.0
2026-03-20,NO_WALL,BID,2026-03-20 01:40:01.590505276,1773970801590505276,0.0,0.0,2158.7,0.0,0.0,5,5,7.0000000000027285,6+,,,2159.3,2158.7999999999997,5.0000000000045475,2159.2,2159.3,0.0,5.0000000000045475,2.15905,2.8409500000045473,4.3181,0.6819000000045472,HIT_TARGET,18.421066043,True,18.421066043,False,,False,False,,False,,0.0
2026-03-20,NO_WALL,ASK,2026-03-20 01:40:43.633388727,1773970843633388727,0.0,0.0,2159.4,0.0,0.0,4,4,5.0,4-5,,,2158.9,2159.3,4.0000000000009095,2158.9,2159.0,0.0,4.0000000000009095,2.1591000000000005,1.840900000000909,4.318200000000001,-0.31819999999909143,HIT_TARGET,8.062664922,True,8.062664922,False,,False,False,,False,,1.999999999998181
2026-03-20,NO_WALL,ASK,2026-03-20 01:42:04.517400557,1773970924517400557,0.0,0.0,2160.4,0.0,0.0,4,4,5.0,4-5,,,2159.9,2160.3,4.0000000000009095,2159.9,2160.0,0.0,4.0000000000009095,2.1601000000000004,1.8399000000009091,4.320200000000001,-0.3201999999990912,TIMEOUT,60.0,False,,False,,False,False,,True,8.059074429,15.99999999999909
2026-03-20,NO_WALL,BID,2026-03-20 01:46:17.366307087,1773971177366307087,0.0,0.0,2159.6000000000004,0.0,0.0,2,2,5.9999999999990905,4-5,,,2159.9,2159.7000000000003,1.999999999998181,2159.8,2159.9,0.0,1.999999999998181,2.1597999999999997,-0.1598000000018187,4.319599999999999,-2.3196000000018184,HIT_TARGET,0.050591485,True,0.050591485,False,,False,False,,False,,0.0
2026-03-20,NO_WALL,BID,2026-03-20 01:46:59.939986086,1773971219939986086,0.0,0.0,2158.6,0.0,0.0,4,4,5.9999999999990905,4-5,,,2159.1,2158.7,4.0000000000009095,2159.0,2159.1,0.0,4.0000000000009095,2.1588999999999996,1.84110000000091,4.317799999999999,-0.3177999999990897,HIT_TARGET,3.781150413,True,3.781150413,False,,False,False,,False,,0.0
2026-03-20,NO_WALL,ASK,2026-03-20 01:47:53.038851419,1773971273038851419,0.0,0.0,2157.5,0.0,0.0,1,1,7.0000000000027285,6+,,,2157.3,2157.4,0.9999999999990905,2157.3,2157.4,0.0,0.9999999999990905,2.15735,-1.1573500000009096,4.3147,-3.3147000000009097,HIT_TARGET,0.053655038,True,0.053655038,False,,False,False,,False,,0.0
2026-03-20,NO_WALL,ASK,2026-03-20 02:02:00.488171843,1773972120488171843,0.0,0.0,2148.6,0.0,0.0,7,7,5.9999999999990905,4-5,,,2147.8,2148.5,6.999999999998181,2147.8,2147.9,0.0,6.999999999998181,2.14815,4.851849999998182,4.2963,2.7036999999981814,HIT_TARGET,36.057376615,True,36.057376615,False,,False,False,,True,5.930496352,3.000000000001819
2026-03-20,NO_WALL,BID,2026-03-20 02:02:21.219990290,1773972141219990290,0.0,0.0,2147.2999999999997,0.0,0.0,4,4,6.000000000003638,6+,,,2147.8,2147.3999999999996,4.000000000005457,2147.7,2147.8,0.0,4.000000000005457,2.1475999999999997,1.8524000000054572,4.2951999999999995,-0.2951999999945425,TIMEOUT,60.0,False,,False,,False,False,,True,9.503748878,15.0
2026-03-20,NO_WALL,ASK,2026-03-20 02:04:15.558571918,1773972255558571918,0.0,0.0,2149.5,0.0,0.0,4,4,4.0000000000009095,4-5,,,2149.0,2149.4,4.0000000000009095,2149.0,2149.1,0.0,4.0000000000009095,2.1491999999999996,1.85080000000091,4.298399999999999,-0.2983999999990896,HIT_TARGET,14.751189031,True,14.751189031,False,,False,False,,False,,0.0
2026-03-20,NO_WALL,ASK,2026-03-20 02:04:32.444844524,1773972272444844524,0.0,0.0,2150.1,0.0,0.0,4,4,5.9999999999990905,4-5,,,2149.6,2150.0,4.0000000000009095,2149.6,2149.7,0.0,4.0000000000009095,2.1498,1.8502000000009096,4.2996,-0.29959999999909037,TIMEOUT,60.0,False,,False,,False,False,,True,0.570111237,12.999999999997272
2026-03-20,NO_WALL,BID,2026-03-20 02:06:23.536496738,1773972383536496738,0.0,0.0,2149.9,0.0,0.0,5,5,5.0,4-5,,,2150.5,2150.0,5.0,2150.4,2150.5,0.0,5.0,2.1502499999999998,2.8497500000000002,4.3004999999999995,0.6995000000000005,HIT_TARGET,1.933352045,True,1.933352045,False,,False,False,,False,,0.0
2026-03-20,NO_WALL,BID,2026-03-20 02:16:51.785346250,1773973011785346250,0.0,0.0,2142.2,0.0,0.0,3,3,5.9999999999990905,4-5,,,2142.6,2142.2999999999997,3.000000000001819,2142.5,2142.6,0.0,3.000000000001819,2.1424499999999997,0.8575500000018192,4.2848999999999995,-1.2848999999981805,HIT_TARGET,0.255997757,True,0.255997757,False,,False,False,,False,,0.0
2026-03-20,NO_WALL,BID,2026-03-20 02:19:30.925989497,1773973170925989497,0.0,0.0,2141.3,0.0,0.0,5,5,3.999999999996362,2-3,,,2141.9,2141.4,5.0,2141.8,2141.9,0.0,5.0,2.1416500000000003,2.8583499999999997,4.2833000000000006,0.7166999999999994,TIMEOUT,60.0,False,,False,,False,False,,True,8.960393595,2.9999999999972715
2026-03-20,NO_WALL,BID,2026-03-20 02:21:50.141022677,1773973310141022677,0.0,0.0,2141.7999999999997,0.0,0.0,3,3,4.0000000000009095,4-5,,,2142.2,2141.8999999999996,3.000000000001819,2142.1,2142.2,0.0,3.000000000001819,2.14205,0.8579500000018192,4.2841,-1.2840999999981806,HIT_TARGET,14.792989175,True,14.792989175,False,,False,False,,False,,0.9999999999990905
2026-03-20,NO_WALL,ASK,2026-03-20 02:26:39.346879850,1773973599346879850,0.0,0.0,2138.4,0.0,0.0,4,4,4.0000000000009095,4-5,,,2137.9,2138.3,4.0000000000009095,2137.9,2138.0,0.0,4.0000000000009095,2.1381,1.8619000000009094,4.2762,-0.27619999999909073,TIMEOUT,60.0,False,,False,,False,False,,True,21.65177323,4.0000000000009095
2026-03-20,NO_WALL,ASK,2026-03-20 02:28:10.267466025,1773973690267466025,0.0,0.0,2140.0,0.0,0.0,4,4,5.0,4-5,,,2139.5,2139.9,4.0000000000009095,2139.5,2139.6,0.0,4.0000000000009095,2.1397,1.8603000000009096,4.2794,-0.2793999999990904,HIT_TARGET,1.951203509,True,1.951203509,False,,False,False,,False,,0.0
2026-03-20,NO_WALL,ASK,2026-03-20 02:30:05.046350761,1773973805046350761,0.0,0.0,2139.8999999999996,0.0,0.0,2,2,3.999999999996362,2-3,,,2139.6,2139.7999999999997,1.999999999998181,2139.6,2139.7,0.0,1.999999999998181,2.1397,-0.13970000000181892,4.2794,-2.279400000001819,HIT_TARGET,8.543089909,True,8.543089909,False,,False,False,,False,,0.0
2026-03-20,NO_WALL,ASK,2026-03-20 02:31:05.794961270,1773973865794961270,0.0,0.0,2138.4,0.0,0.0,5,5,5.0,4-5,,,2137.8,2138.3,5.0,2137.8,2137.9,0.0,5.0,2.1380500000000002,2.8619499999999998,4.2761000000000005,0.7238999999999995,TIMEOUT,60.0,False,,False,,False,False,,True,0.257295122,5.9999999999990905
2026-03-20,NO_WALL,ASK,2026-03-20 02:38:32.736300008,1773974312736300008,0.0,0.0,2137.6,0.0,0.0,1,1,5.9999999999990905,4-5,,,2137.4,2137.5,0.9999999999990905,2137.4,2137.5,0.0,0.9999999999990905,2.13745,-1.1374500000009093,4.2749,-3.274900000000909,HIT_TARGET,0.030087213,True,0.030087213,False,,False,False,,False,,0.0
2026-03-20,NO_WALL,BID,2026-03-20 02:39:13.443015779,1773974353443015779,0.0,0.0,2136.6,0.0,0.0,3,3,5.0,4-5,,,2137.0,2136.7,3.000000000001819,2136.9,2137.0,0.0,3.000000000001819,2.13685,0.8631500000018191,4.2737,-1.2736999999981808,HIT_TARGET,1.820163402,True,1.820163402,False,,False,False,,False,,0.0
2026-03-20,NO_WALL,BID,2026-03-20 02:43:32.364727275,1773974612364727275,0.0,0.0,2142.5,0.0,0.0,6,6,4.0000000000009095,4-5,,,2143.2,2142.6,5.9999999999990905,2143.1,2143.2,0.0,5.9999999999990905,2.1428999999999996,3.857099999999091,4.285799999999999,1.7141999999990913,TIMEOUT,60.0,False,,False,,False,False,,True,2.245013148,8.000000000001819
2026-03-20,NO_WALL,ASK,2026-03-20 02:49:53.135986398,1773974993135986398,0.0,0.0,2145.0,0.0,0.0,5,5,4.0000000000009095,4-5,,,2144.4,2144.9,5.0,2144.4,2144.5,0.0,5.0,2.14465,2.85535,4.2893,0.7107000000000001,HIT_TARGET,4.815496606,True,4.815496606,False,,False,False,,False,,0.0
2026-03-20,NO_WALL,ASK,2026-03-20 02:50:52.834114557,1773975052834114557,0.0,0.0,2145.0,0.0,0.0,4,4,4.0000000000009095,4-5,,,2144.5,2144.9,4.0000000000009095,2144.5,2144.6,0.0,4.0000000000009095,2.1447,1.8553000000009097,4.2894,-0.28939999999909016,HIT_TARGET,1.829077388,True,1.829077388,False,,False,False,,False,,0.0
2026-03-20,NO_WALL,ASK,2026-03-20 02:58:44.844681085,1773975524844681085,0.0,0.0,2145.6,0.0,0.0,1,1,4.0000000000009095,4-5,,,2145.4,2145.5,0.9999999999990905,2145.4,2145.5,0.0,0.9999999999990905,2.14545,-1.1454500000009094,4.2909,-3.290900000000909,HIT_TARGET,0.094029825,True,0.094029825,False,,False,False,,False,,0.0
2026-03-20,NO_WALL,ASK,2026-03-20 03:02:52.965612463,1773975772965612463,0.0,0.0,2147.2,0.0,0.0,5,5,3.999999999996362,2-3,,,2146.6,2147.1,5.0,2146.6,2146.7,0.0,5.0,2.1468499999999997,2.8531500000000003,4.293699999999999,0.7063000000000006,HIT_TARGET,17.57067992,True,17.57067992,False,,False,False,,False,,0.0
2026-03-20,NO_WALL,BID,2026-03-20 03:04:46.760931031,1773975886760931031,0.0,0.0,2144.3,0.0,0.0,2,2,4.0000000000009095,4-5,,,2144.6,2144.4,1.999999999998181,2144.5,2144.6,0.0,1.999999999998181,2.1445,-0.14450000000181884,4.289,-2.2890000000018187,HIT_TARGET,19.559851089,True,19.559851089,False,,False,False,,False,,0.0
2026-03-20,NO_WALL,BID,2026-03-20 03:19:42.698399013,1773976782698399013,0.0,0.0,2149.3,0.0,0.0,1,1,4.0000000000009095,4-5,,,2149.5,2149.4,0.9999999999990905,2149.4,2149.5,0.0,0.9999999999990905,2.1494499999999994,-1.149450000000909,4.298899999999999,-3.2989000000009083,HIT_TARGET,0.041979401,True,0.041979401,False,,False,False,,False,,0.0
2026-03-20,NO_WALL,ASK,2026-03-20 03:20:51.637924585,1773976851637924585,0.0,0.0,2151.6,0.0,0.0,4,4,3.999999999996362,2-3,,,2151.1,2151.5,4.0000000000009095,2151.1,2151.2,0.0,4.0000000000009095,2.1513,1.8487000000009095,4.3026,-0.3025999999990905,HIT_TARGET,3.177566869,True,3.177566869,False,,False,False,,False,,0.0
2026-03-20,NO_WALL,ASK,2026-03-20 03:30:05.428428283,1773977405428428283,0.0,0.0,2156.2999999999997,0.0,0.0,2,2,30.0,6+,,,2156.0,2156.2,1.999999999998181,2156.0,2156.1,0.0,1.999999999998181,2.1561,-0.1561000000018189,4.3122,-2.312200000001819,HIT_TARGET,0.867212952,True,0.867212952,False,,False,False,,False,,0.0
2026-03-20,NO_WALL,BID,2026-03-20 03:31:19.436317636,1773977479436317636,0.0,0.0,2154.4,0.0,0.0,5,5,4.0000000000009095,4-5,,,2155.0,2154.5,5.0,2154.9,2155.0,0.0,5.0,2.15475,2.84525,4.3095,0.6905000000000001,HIT_TARGET,4.03481086,True,4.03481086,False,,False,False,,False,,0.0
2026-03-20,NO_WALL,BID,2026-03-20 03:37:48.297625174,1773977868297625174,0.0,0.0,2148.5,0.0,0.0,5,5,4.0000000000009095,4-5,,,2149.1,2148.6,5.0,2149.0,2149.1,0.0,5.0,2.14885,2.85115,4.2977,0.7023000000000001,TIMEOUT,60.0,False,,False,,False,False,,True,0.100725819,8.000000000001819
2026-03-20,NO_WALL,BID,2026-03-20 03:42:42.517011005,1773978162517011005,0.0,0.0,2150.2,0.0,0.0,3,3,4.0000000000009095,4-5,,,2150.6,2150.2999999999997,3.000000000001819,2150.5,2150.6,0.0,3.000000000001819,2.1504499999999998,0.8495500000018192,4.3008999999999995,-1.3008999999981805,HIT_TARGET,8.05953541,True,8.05953541,False,,False,False,,False,,0.0
2026-03-20,NO_WALL,BID,2026-03-20 03:45:17.046141997,1773978317046141997,0.0,0.0,2148.2000000000003,0.0,0.0,1,1,5.0,4-5,,,2148.4,2148.3,0.9999999999990905,2148.3,2148.4,0.0,0.9999999999990905,2.14835,-1.1483500000009097,4.2967,-3.29670000000091,HIT_TARGET,0.051346061,True,0.051346061,False,,False,False,,False,,0.0
2026-03-20,NO_WALL,ASK,2026-03-20 03:46:11.691208923,1773978371691208923,0.0,0.0,2149.1,0.0,0.0,1,1,5.0,4-5,,,2148.9,2149.0,0.9999999999990905,2148.9,2149.0,0.0,0.9999999999990905,2.1489499999999997,-1.1489500000009092,4.297899999999999,-3.297900000000909,HIT_TARGET,0.043976382,True,0.043976382,False,,False,False,,False,,0.0
2026-03-20,NO_WALL,ASK,2026-03-20 03:50:53.548229996,1773978653548229996,0.0,0.0,2153.6,0.0,0.0,5,5,4.0000000000009095,4-5,,,2153.0,2153.5,5.0,2153.0,2153.1,0.0,5.0,2.15325,2.84675,4.3065,0.6935000000000002,TIMEOUT,60.0,False,,False,,False,False,,True,6.718535617,7.9999999999972715
2026-03-20,NO_WALL,ASK,2026-03-20 03:56:02.143868546,1773978962143868546,0.0,0.0,2153.2,0.0,0.0,1,1,5.0,4-5,,,2153.0,2153.1,0.9999999999990905,2153.0,2153.1,0.0,0.9999999999990905,2.15305,-1.1530500000009094,4.3061,-3.3061000000009093,HIT_TARGET,0.031914741,True,0.031914741,False,,False,False,,False,,0.0
2026-03-20,NO_WALL,ASK,2026-03-20 04:01:43.751145760,1773979303751145760,0.0,0.0,2151.3,0.0,0.0,5,5,4.0000000000009095,4-5,,,2150.7,2151.2000000000003,5.0000000000045475,2150.7,2150.8,0.0,5.0000000000045475,2.1509499999999995,2.849050000004548,4.301899999999999,0.6981000000045485,HIT_TARGET,2.576915008,True,2.576915008,False,,False,False,,False,,0.0
2026-03-20,NO_WALL,ASK,2026-03-20 04:01:46.422335137,1773979306422335137,0.0,0.0,2151.7000000000003,0.0,0.0,3,3,8.000000000001819,6+,,,2151.3,2151.6000000000004,3.000000000001819,2151.3,2151.4,0.0,3.000000000001819,2.15145,0.8485500000018189,4.3029,-1.3028999999981812,HIT_TARGET,10.105295616,True,10.105295616,False,,False,False,,False,,0.0
2026-03-20,NO_WALL,ASK,2026-03-20 04:02:15.339392372,1773979335339392372,0.0,0.0,2152.8,0.0,0.0,4,4,4.0000000000009095,4-5,,,2152.3,2152.7000000000003,4.0000000000009095,2152.3,2152.4,0.0,4.0000000000009095,2.1525,1.8475000000009096,4.305,-0.3049999999990902,HIT_TARGET,2.687558808,True,2.687558808,False,,False,False,,False,,0.0
2026-03-20,NO_WALL,BID,2026-03-20 04:04:50.957044097,1773979490957044097,0.0,0.0,2151.7,0.0,0.0,4,4,5.9999999999990905,4-5,,,2152.2,2151.7999999999997,4.0000000000009095,2152.1,2152.2,0.0,4.0000000000009095,2.1519999999999997,1.8480000000009098,4.303999999999999,-0.3039999999990899,TIMEOUT,60.0,False,,False,,False,False,,True,2.296577434,15.99999999999909
2026-03-20,NO_WALL,BID,2026-03-20 04:05:05.536900470,1773979505536900470,0.0,0.0,2152.6,0.0,0.0,1,1,4.0000000000009095,4-5,,,2152.8,2152.7,1.000000000003638,2152.7,2152.8,0.0,1.000000000003638,2.1527499999999997,-1.1527499999963617,4.305499999999999,-3.3054999999963615,HIT_TARGET,0.062987035,True,0.062987035,False,,False,False,,False,,0.0
2026-03-20,NO_WALL,BID,2026-03-20 04:09:03.558950769,1773979743558950769,0.0,0.0,2158.4,0.0,0.0,2,2,4.0000000000009095,4-5,,,2158.7,2158.5,1.999999999998181,2158.6,2158.7,0.0,1.999999999998181,2.1586,-0.15860000000181884,4.3172,-2.3172000000018187,HIT_TARGET,2.898575913,True,2.898575913,False,,False,False,,False,,0.0
2026-03-20,NO_WALL,ASK,2026-03-20 04:17:13.631848275,1773980233631848275,0.0,0.0,2156.4,0.0,0.0,3,3,4.0000000000009095,4-5,,,2156.0,2156.3,3.000000000001819,2156.0,2156.1,0.0,3.000000000001819,2.15615,0.8438500000018192,4.3123,-1.3122999999981806,TIMEOUT,60.0,False,,False,,False,False,,True,10.521167598,16.99999999999818
2026-03-20,NO_WALL,ASK,2026-03-20 04:20:12.254539090,1773980412254539090,0.0,0.0,2156.0,0.0,0.0,4,4,10.99999999999909,6+,,,2155.5,2155.9,4.0000000000009095,2155.5,2155.6,0.0,4.0000000000009095,2.1556999999999995,1.84430000000091,4.311399999999999,-0.3113999999990895,HIT_TARGET,7.620348233,True,7.620348233,False,,False,False,,False,,0.0
2026-03-20,NO_WALL,ASK,2026-03-20 04:22:51.755890605,1773980571755890605,0.0,0.0,2154.2000000000003,0.0,0.0,3,3,4.0000000000009095,4-5,,,2153.8,2154.1000000000004,3.000000000001819,2153.8,2153.9,0.0,3.000000000001819,2.15395,0.846050000001819,4.3079,-1.307899999998181,TIMEOUT,60.0,False,,False,,False,False,,True,8.68834905,5.0
2026-03-20,NO_WALL,ASK,2026-03-20 04:28:04.694571181,1773980884694571181,0.0,0.0,2155.0,0.0,0.0,3,3,5.0,4-5,,,2154.6,2154.9,3.000000000001819,2154.6,2154.7,0.0,3.000000000001819,2.15475,0.845250000001819,4.3095,-1.309499999998181,HIT_TARGET,0.102943986,True,0.102943986,False,,False,False,,False,,0.0
2026-03-20,NO_WALL,BID,2026-03-20 04:28:21.448958907,1773980901448958907,0.0,0.0,2154.3,0.0,0.0,2,2,4.0000000000009095,4-5,,,2154.6,2154.4,1.999999999998181,2154.5,2154.6,0.0,1.999999999998181,2.1545,-0.15450000000181907,4.309,-2.309000000001819,HIT_TARGET,0.972808596,True,0.972808596,False,,False,False,,False,,0.0
2026-03-20,NO_WALL,BID,2026-03-20 04:36:59.037484538,1773981419037484538,0.0,0.0,2143.2999999999997,0.0,0.0,4,4,7.0000000000027285,6+,,,2143.8,2143.3999999999996,4.000000000005457,2143.7,2143.8,0.0,4.000000000005457,2.1435999999999997,1.8564000000054572,4.2871999999999995,-0.2871999999945425,HIT_TARGET,51.670055348,True,51.670055348,False,,False,False,,True,3.122083555,11.000000000003638
2026-03-20,NO_WALL,ASK,2026-03-20 04:38:27.401988974,1773981507401988974,0.0,0.0,2143.5,0.0,0.0,3,3,8.999999999996362,6+,,,2143.1,2143.4,3.000000000001819,2143.1,2143.2,0.0,3.000000000001819,2.1432499999999997,0.8567500000018193,4.286499999999999,-1.2864999999981803,TIMEOUT,60.0,False,,False,,False,False,,True,1.739106214,8.999999999996362
2026-03-20,NO_WALL,BID,2026-03-20 04:39:53.242201726,1773981593242201726,0.0,0.0,2141.1000000000004,0.0,0.0,2,2,5.9999999999990905,4-5,,,2141.4,2141.2000000000003,1.999999999998181,2141.3,2141.4,0.0,1.999999999998181,2.1413,-0.1413000000018192,4.2826,-2.2826000000018194,HIT_TARGET,12.462510673,True,12.462510673,False,,False,False,,False,,0.0
2026-03-20,NO_WALL,ASK,2026-03-20 04:49:03.179472307,1773982143179472307,0.0,0.0,2143.6,0.0,0.0,7,7,4.0000000000009095,4-5,,,2142.8,2143.5,6.999999999998181,2142.8,2142.9,0.0,6.999999999998181,2.14315,4.856849999998181,4.2863,2.7136999999981812,HIT_TARGET,8.426291145,True,8.426291145,False,,False,False,,False,,0.0
2026-03-20,NO_WALL,ASK,2026-03-20 05:03:07.140105505,1773982987140105505,0.0,0.0,2146.9,0.0,0.0,1,1,4.0000000000009095,4-5,,,2146.7,2146.8,1.000000000003638,2146.7,2146.8,0.0,1.000000000003638,2.14675,-1.146749999996362,4.2935,-3.293499999996362,HIT_TARGET,0.008470665,True,0.008470665,False,,False,False,,False,,0.0
2026-03-20,NO_WALL,BID,2026-03-20 05:03:40.535591408,1773983020535591408,0.0,0.0,2148.8,0.0,0.0,2,2,4.0000000000009095,4-5,,,2149.1,2148.9,1.999999999998181,2149.0,2149.1,0.0,1.999999999998181,2.149,-0.149000000001819,4.298,-2.298000000001819,HIT_TARGET,1.059876483,True,1.059876483,False,,False,False,,False,,0.0
2026-03-20,NO_WALL,BID,2026-03-20 05:04:29.837771706,1773983069837771706,0.0,0.0,2147.7000000000003,0.0,0.0,6,6,5.9999999999990905,4-5,,,2148.4,2147.8,5.9999999999990905,2148.3,2148.4,0.0,5.9999999999990905,2.1481000000000003,3.85189999999909,4.296200000000001,1.7037999999990898,HIT_TARGET,13.503496031,True,13.503496031,False,,False,False,,False,,0.0
2026-03-20,NO_WALL,ASK,2026-03-20 05:09:30.772897931,1773983370772897931,0.0,0.0,2150.2,0.0,0.0,7,7,4.0000000000009095,4-5,,,2149.4,2150.1,6.999999999998181,2149.4,2149.5,0.0,6.999999999998181,2.14975,4.850249999998181,4.2995,2.700499999998181,HIT_TARGET,17.4990841,True,17.4990841,False,,False,False,,False,,0.0
2026-03-20,NO_WALL,BID,2026-03-20 05:20:51.067555861,1773984051067555861,0.0,0.0,2149.0,0.0,0.0,4,4,5.0,4-5,,,2149.5,2149.1,4.0000000000009095,2149.4,2149.5,0.0,4.0000000000009095,2.1492999999999998,1.8507000000009097,4.2985999999999995,-0.29859999999909004,HIT_TARGET,14.629407189,True,14.629407189,False,,False,False,,False,,0.0
2026-03-20,NO_WALL,ASK,2026-03-20 05:23:45.500191623,1773984225500191623,0.0,0.0,2148.9,0.0,0.0,5,5,4.0000000000009095,4-5,,,2148.3,2148.8,5.0,2148.3,2148.4,0.0,5.0,2.14855,2.85145,4.2971,0.7028999999999996,TIMEOUT,60.0,False,,False,,False,False,,True,16.441592855,5.9999999999990905
2026-03-20,NO_WALL,ASK,2026-03-20 05:23:46.637534256,1773984226637534256,0.0,0.0,2148.8,0.0,0.0,4,4,4.0000000000009095,4-5,,,2148.3,2148.7000000000003,4.0000000000009095,2148.3,2148.4,0.0,4.0000000000009095,2.1485,1.8515000000009096,4.297,-0.2969999999990902,TIMEOUT,60.0,False,,False,,False,False,,True,15.304250222,5.9999999999990905
2026-03-20,NO_WALL,BID,2026-03-20 05:34:19.536402800,1773984859536402800,0.0,0.0,2138.7,0.0,0.0,3,3,9.00000000000091,6+,,,2139.1,2138.7999999999997,3.000000000001819,2139.0,2139.1,0.0,3.000000000001819,2.1389499999999995,0.8610500000018195,4.277899999999999,-1.27789999999818,HIT_TARGET,15.630401498,True,15.630401498,False,,False,False,,False,,0.0
2026-03-20,NO_WALL,ASK,2026-03-20 05:39:45.157561140,1773985185157561140,0.0,0.0,2142.8999999999996,0.0,0.0,2,2,5.0,4-5,,,2142.6,2142.7999999999997,1.999999999998181,2142.6,2142.7,0.0,1.999999999998181,2.1426999999999996,-0.1427000000018186,4.285399999999999,-2.285400000001818,HIT_TARGET,8.790119377,True,8.790119377,False,,False,False,,False,,0.0
2026-03-20,NO_WALL,BID,2026-03-20 05:46:24.881874485,1773985584881874485,0.0,0.0,2143.2999999999997,0.0,0.0,4,4,4.0000000000009095,4-5,,,2143.8,2143.3999999999996,4.000000000005457,2143.7,2143.8,0.0,4.000000000005457,2.1435999999999997,1.8564000000054572,4.2871999999999995,-0.2871999999945425,TIMEOUT,60.0,False,,False,,False,False,,True,52.76060106,6.000000000003638
2026-03-20,NO_WALL,BID,2026-03-20 05:51:30.883539819,1773985890883539819,0.0,0.0,2142.6,0.0,0.0,1,1,5.0,4-5,,,2142.8,2142.7,1.000000000003638,2142.7,2142.8,0.0,1.000000000003638,2.14275,-1.142749999996362,4.2855,-3.285499999996362,HIT_TARGET,0.057979195,True,0.057979195,False,,False,False,,False,,0.0
2026-03-20,NO_WALL,BID,2026-03-20 05:53:25.935300232,1773986005935300232,0.0,0.0,2140.1,0.0,0.0,1,1,4.0000000000009095,4-5,,,2140.3,2140.2,1.000000000003638,2140.2,2140.3,0.0,1.000000000003638,2.14025,-1.140249999996362,4.2805,-3.280499999996362,HIT_TARGET,0.08724929,True,0.08724929,False,,False,False,,False,,0.0
2026-03-20,NO_WALL,BID,2026-03-20 05:55:22.092988064,1773986122092988064,0.0,0.0,2139.7,0.0,0.0,4,4,4.0000000000009095,4-5,,,2140.2,2139.7999999999997,4.0000000000009095,2140.1,2140.2,0.0,4.0000000000009095,2.1399999999999997,1.8600000000009098,4.279999999999999,-0.27999999999908987,TIMEOUT,60.0,False,,False,,False,False,,True,21.284955695,7.0000000000027285
2026-03-20,NO_WALL,ASK,2026-03-20 06:02:07.800737646,1773986527800737646,0.0,0.0,2139.5,0.0,0.0,4,4,5.0,4-5,,,2139.0,2139.4,4.0000000000009095,2139.0,2139.1,0.0,4.0000000000009095,2.1391999999999998,1.8608000000009097,4.2783999999999995,-0.27839999999909004,HIT_TARGET,3.378424629,True,3.378424629,False,,False,False,,False,,0.0
2026-03-20,NO_WALL,ASK,2026-03-20 06:05:17.639172394,1773986717639172394,0.0,0.0,2140.6000000000004,0.0,0.0,3,3,4.0000000000009095,4-5,,,2140.2,2140.5000000000005,3.0000000000063665,2140.2,2140.3,0.0,3.0000000000063665,2.14035,0.8596500000063663,4.2807,-1.280699999993634,HIT_TARGET,22.048770172,True,22.048770172,False,,False,False,,True,7.001431715,4.0000000000009095
2026-03-20,NO_WALL,BID,2026-03-20 06:07:30.166826838,1773986850166826838,0.0,0.0,2138.3,0.0,0.0,2,2,4.0000000000009095,4-5,,,2138.6,2138.4,1.999999999998181,2138.5,2138.6,0.0,1.999999999998181,2.1385,-0.13850000000181906,4.277,-2.277000000001819,HIT_TARGET,1.029864101,True,1.029864101,False,,False,False,,False,,0.0
2026-03-20,NO_WALL,BID,2026-03-20 06:17:53.436578311,1773987473436578311,0.0,0.0,2136.1000000000004,0.0,0.0,2,2,8.999999999996362,6+,,,2136.4,2136.2000000000003,1.999999999998181,2136.3,2136.4,0.0,1.999999999998181,2.1363,-0.13630000000181886,4.2726,-2.2726000000018187,HIT_TARGET,0.560148648,True,0.560148648,False,,False,False,,False,,0.0
2026-03-20,NO_WALL,BID,2026-03-20 06:17:54.457098639,1773987474457098639,0.0,0.0,2136.0,0.0,0.0,2,2,10.0,6+,,,2136.3,2136.1,2.0000000000027285,2136.2,2136.3,0.0,2.0000000000027285,2.1361999999999997,-0.13619999999727117,4.272399999999999,-2.272399999997271,HIT_TARGET,51.240924646,True,51.240924646,False,,False,False,,True,24.801908144,9.00000000000091
2026-03-20,NO_WALL,ASK,2026-03-20 06:19:04.436952088,1773987544436952088,0.0,0.0,2136.4,0.0,0.0,4,4,4.0000000000009095,4-5,,,2135.9,2136.3,4.0000000000009095,2135.9,2136.0,0.0,4.0000000000009095,2.1361000000000003,1.8639000000009092,4.272200000000001,-0.27219999999909117,TIMEOUT,60.0,False,,False,,False,False,,True,42.263769743,21.99999999999818
2026-03-20,NO_WALL,BID,2026-03-20 06:20:18.952951469,1773987618952951469,0.0,0.0,2134.1000000000004,0.0,0.0,2,2,3.999999999996362,2-3,,,2134.4,2134.2000000000003,1.999999999998181,2134.3,2134.4,0.0,1.999999999998181,2.1343,-0.13430000000181908,4.2686,-2.268600000001819,TIMEOUT,60.0,False,,False,,False,False,,True,3.977778832,13.999999999996362
2026-03-20,NO_WALL,ASK,2026-03-20 06:20:46.608300083,1773987646608300083,0.0,0.0,2135.8,0.0,0.0,4,4,5.0,4-5,,,2135.3,2135.7000000000003,4.0000000000009095,2135.3,2135.4,0.0,4.0000000000009095,2.1355,1.8645000000009095,4.271,-0.2709999999990904,HIT_TARGET,3.835332626,True,3.835332626,False,,False,False,,False,,0.0
2026-03-20,NO_WALL,ASK,2026-03-20 06:23:20.774408005,1773987800774408005,0.0,0.0,2136.9,0.0,0.0,4,4,4.0000000000009095,4-5,,,2136.4,2136.8,4.0000000000009095,2136.4,2136.5,0.0,4.0000000000009095,2.1366000000000005,1.863400000000909,4.273200000000001,-0.2731999999990915,TIMEOUT,60.0,False,,False,,False,False,,True,25.272997364,6.999999999998181
2026-03-20,NO_WALL,ASK,2026-03-20 06:24:40.299342196,1773987880299342196,0.0,0.0,2138.2,0.0,0.0,5,5,7.9999999999972715,6+,,,2137.6,2138.1,5.0,2137.6,2137.7,0.0,5.0,2.13785,2.86215,4.2757,0.7243000000000004,TIMEOUT,60.0,False,,False,,False,False,,True,9.339897451,15.0
2026-03-20,NO_WALL,BID,2026-03-20 06:24:51.888549220,1773987891888549220,0.0,0.0,2136.4,0.0,0.0,2,2,13.000000000001819,6+,,,2136.7,2136.5,1.999999999998181,2136.6,2136.7,0.0,1.999999999998181,2.1365999999999996,-0.1366000000018186,4.273199999999999,-2.273200000001818,HIT_TARGET,0.193409703,True,0.193409703,False,,False,False,,False,,0.0
2026-03-20,NO_WALL,ASK,2026-03-20 06:30:03.266650921,1773988203266650921,0.0,0.0,2140.0,0.0,0.0,7,7,12.000000000002728,6+,,,2139.2,2139.9,7.0000000000027285,2139.2,2139.3,0.0,7.0000000000027285,2.13955,4.860450000002729,4.2791,2.720900000002729,HIT_TARGET,33.379854247,True,33.379854247,False,,False,False,,True,0.203462074,4.0000000000009095
2026-03-20,NO_WALL,BID,2026-03-20 06:31:06.027680712,1773988266027680712,0.0,0.0,2138.3,0.0,0.0,2,2,13.000000000001819,6+,,,2138.6,2138.4,1.999999999998181,2138.5,2138.6,0.0,1.999999999998181,2.1385,-0.13850000000181906,4.277,-2.277000000001819,HIT_TARGET,0.366198909,True,0.366198909,False,,False,False,,False,,0.0
2026-03-20,NO_WALL,ASK,2026-03-20 06:34:57.978327629,1773988497978327629,0.0,0.0,2139.8,0.0,0.0,5,5,5.0,4-5,,,2139.2,2139.7000000000003,5.0000000000045475,2139.2,2139.3,0.0,5.0000000000045475,2.1394499999999996,2.860550000004548,4.278899999999999,0.7211000000045482,TIMEOUT,60.0,False,,False,,False,False,,True,10.609161697,8.000000000001819
2026-03-20,NO_WALL,BID,2026-03-20 06:40:33.235558254,1773988833235558254,0.0,0.0,2132.6,0.0,0.0,3,3,11.999999999998181,6+,,,2133.0,2132.7,3.000000000001819,2132.9,2133.0,0.0,3.000000000001819,2.13285,0.8671500000018191,4.2657,-1.2656999999981808,HIT_TARGET,14.409128318,True,14.409128318,False,,False,False,,True,2.462072022,6.999999999998181
2026-03-20,NO_WALL,ASK,2026-03-20 06:41:18.004221242,1773988878004221242,0.0,0.0,2135.2,0.0,0.0,5,5,3.999999999996362,2-3,,,2134.6,2135.1,5.0,2134.6,2134.7,0.0,5.0,2.1348499999999997,2.8651500000000003,4.269699999999999,0.7303000000000006,HIT_TARGET,13.176501609,True,13.176501609,False,,False,False,,False,,0.0
2026-03-20,NO_WALL,BID,2026-03-20 06:41:41.736380747,1773988901736380747,0.0,0.0,2133.7999999999997,0.0,0.0,4,4,8.000000000001819,6+,,,2134.3,2133.8999999999996,4.000000000005457,2134.2,2134.3,0.0,4.000000000005457,2.1340999999999997,1.8659000000054573,4.268199999999999,-0.26819999999454236,TIMEOUT,60.0,False,,False,,False,False,,True,4.957758004,31.000000000003638
2026-03-20,NO_WALL,BID,2026-03-20 06:43:23.617965182,1773989003617965182,0.0,0.0,2135.3999999999996,0.0,0.0,3,3,4.0000000000009095,4-5,,,2135.8,2135.4999999999995,3.0000000000063665,2135.7,2135.8,0.0,3.0000000000063665,2.1356499999999996,0.8643500000063669,4.271299999999999,-1.2712999999936327,HIT_TARGET,13.161779865,True,13.161779865,False,,False,False,,False,,0.0
2026-03-20,NO_WALL,ASK,2026-03-20 06:47:07.155965388,1773989227155965388,0.0,0.0,2138.6,0.0,0.0,4,4,5.9999999999990905,4-5,,,2138.1,2138.5,4.0000000000009095,2138.1,2138.2,0.0,4.0000000000009095,2.1383,1.8617000000009094,4.2766,-0.2765999999990907,HIT_TARGET,19.595846232,True,19.595846232,False,,False,False,,True,3.210879203,5.9999999999990905
2026-03-20,NO_WALL,BID,2026-03-20 06:49:00.635581065,1773989340635581065,0.0,0.0,2136.1,0.0,0.0,4,4,5.0,4-5,,,2136.6,2136.2,4.0000000000009095,2136.5,2136.6,0.0,4.0000000000009095,2.1363999999999996,1.8636000000009099,4.272799999999999,-0.27279999999908977,TIMEOUT,60.0,False,,False,,False,False,,True,14.751242311,10.99999999999909
2026-03-20,NO_WALL,ASK,2026-03-20 06:49:16.236328431,1773989356236328431,0.0,0.0,2137.2999999999997,0.0,0.0,2,2,5.0,4-5,,,2137.0,2137.2,1.999999999998181,2137.0,2137.1,0.0,1.999999999998181,2.1370999999999998,-0.13710000000181877,4.2741999999999996,-2.2742000000018185,HIT_TARGET,44.05731177,True,44.05731177,False,,False,False,,True,21.710835439,4.0000000000009095
2026-03-20,NO_WALL,ASK,2026-03-20 06:51:07.637112597,1773989467637112597,0.0,0.0,2139.3,0.0,0.0,4,4,9.00000000000091,6+,,,2138.8,2139.2000000000003,4.0000000000009095,2138.8,2138.9,0.0,4.0000000000009095,2.139,1.8610000000009097,4.278,-0.2779999999990901,TIMEOUT,60.0,False,,False,,False,False,,True,7.936375855,13.000000000001819
2026-03-20,NO_WALL,ASK,2026-03-20 06:53:06.748494307,1773989586748494307,0.0,0.0,2139.2,0.0,0.0,5,5,5.0,4-5,,,2138.6,2139.1,5.0,2138.6,2138.7,0.0,5.0,2.1388499999999997,2.8611500000000003,4.277699999999999,0.7223000000000006,TIMEOUT,60.0,False,,False,,False,False,,True,39.192318567,10.0
2026-03-20,NO_WALL,BID,2026-03-20 06:57:37.561116477,1773989857561116477,0.0,0.0,2135.3,0.0,0.0,7,7,6.999999999998181,6+,,,2136.1,2135.4,6.999999999998181,2136.0,2136.1,0.0,6.999999999998181,2.13575,4.864249999998181,4.2715,2.7284999999981814,TIMEOUT,60.0,False,,False,,False,False,,True,47.879541097,4.0000000000009095
2026-03-20,NO_WALL,BID,2026-03-20 07:00:01.561331002,1773990001561331002,0.0,0.0,2136.0,0.0,0.0,2,2,5.0,4-5,,,2136.3,2136.1,2.0000000000027285,2136.2,2136.3,0.0,2.0000000000027285,2.1361999999999997,-0.13619999999727117,4.272399999999999,-2.272399999997271,HIT_TARGET,0.480099379,True,0.480099379,False,,False,False,,False,,0.0
2026-03-20,NO_WALL,BID,2026-03-20 07:00:20.029672684,1773990020029672684,0.0,0.0,2133.3999999999996,0.0,0.0,3,3,9.00000000000091,6+,,,2133.8,2133.4999999999995,3.0000000000063665,2133.7,2133.8,0.0,3.0000000000063665,2.1336499999999994,0.8663500000063671,4.267299999999999,-1.2672999999936323,HIT_TARGET,1.503936092,True,1.503936092,False,,False,False,,False,,0.0
2026-03-20,NO_WALL,BID,2026-03-20 07:00:52.860460760,1773990052860460760,0.0,0.0,2131.2000000000003,0.0,0.0,1,1,5.9999999999990905,4-5,,,2131.4,2131.3,0.9999999999990905,2131.3,2131.4,0.0,0.9999999999990905,2.1313500000000003,-1.1313500000009098,4.262700000000001,-3.26270000000091,HIT_TARGET,0.040661947,True,0.040661947,False,,False,False,,False,,0.0
2026-03-20,NO_WALL,BID,2026-03-20 07:01:09.767679682,1773990069767679682,0.0,0.0,2127.8,0.0,0.0,1,1,5.0,4-5,,,2128.0,2127.9,0.9999999999990905,2127.9,2128.0,0.0,0.9999999999990905,2.12795,-1.1279500000009093,4.2559,-3.255900000000909,HIT_TARGET,0.050960883,True,0.050960883,False,,False,False,,False,,0.0
2026-03-20,NO_WALL,BID,2026-03-20 07:01:10.790968960,1773990070790968960,0.0,0.0,2127.1,0.0,0.0,4,4,4.0000000000009095,4-5,,,2127.6,2127.2,4.0000000000009095,2127.5,2127.6,0.0,4.0000000000009095,2.1273999999999993,1.8726000000009102,4.254799999999999,-0.2547999999990891,HIT_TARGET,0.817730189,True,0.817730189,False,,False,False,,False,,0.0
2026-03-20,NO_WALL,ASK,2026-03-20 07:01:43.295144688,1773990103295144688,0.0,0.0,2123.9,0.0,0.0,5,5,9.00000000000091,6+,,,2123.3,2123.8,5.0,2123.3,2123.4,0.0,5.0,2.12355,2.87645,4.2471,0.7529000000000003,HIT_TARGET,18.590148628,True,18.590148628,False,,False,False,,True,1.901459438,10.99999999999909
2026-03-20,NO_WALL,ASK,2026-03-20 07:03:08.446103440,1773990188446103440,0.0,0.0,2123.7,0.0,0.0,2,2,4.0000000000009095,4-5,,,2123.4,2123.6,1.999999999998181,2123.4,2123.5,0.0,1.999999999998181,2.1235,-0.12350000000181893,4.247,-2.247000000001819,HIT_TARGET,0.968113031,True,0.968113031,False,,False,False,,False,,0.0
2026-03-20,NO_WALL,ASK,2026-03-20 07:03:52.945205036,1773990232945205036,0.0,0.0,2125.1,0.0,0.0,4,4,3.999999999996362,2-3,,,2124.6,2125.0,4.0000000000009095,2124.6,2124.7,0.0,4.0000000000009095,2.1248,1.8752000000009095,4.2496,-0.24959999999909055,HIT_TARGET,0.703875137,True,0.703875137,False,,False,False,,False,,0.0
2026-03-20,NO_WALL,ASK,2026-03-20 07:04:38.321054046,1773990278321054046,0.0,0.0,2126.7000000000003,0.0,0.0,3,3,5.0,4-5,,,2126.3,2126.6000000000004,3.000000000001819,2126.3,2126.4,0.0,3.000000000001819,2.12645,0.8735500000018188,4.2529,-1.2528999999981814,HIT_TARGET,4.593478197,True,4.593478197,False,,False,False,,False,,0.0
2026-03-20,NO_WALL,BID,2026-03-20 07:09:16.869384576,1773990556869384576,0.0,0.0,2131.4,0.0,0.0,4,4,5.0,4-5,,,2131.9,2131.5,4.0000000000009095,2131.8,2131.9,0.0,4.0000000000009095,2.1316999999999995,1.86830000000091,4.263399999999999,-0.2633999999990895,HIT_TARGET,0.954757831,True,0.954757831,False,,False,False,,False,,0.0
2026-03-20,NO_WALL,BID,2026-03-20 07:09:53.735790480,1773990593735790480,0.0,0.0,2131.2000000000003,0.0,0.0,1,1,5.0,4-5,,,2131.4,2131.3,0.9999999999990905,2131.3,2131.4,0.0,0.9999999999990905,2.1313500000000003,-1.1313500000009098,4.262700000000001,-3.26270000000091,HIT_TARGET,0.102186086,True,0.102186086,False,,False,False,,False,,0.0
2026-03-20,NO_WALL,BID,2026-03-20 07:11:19.122902364,1773990679122902364,0.0,0.0,2128.7,0.0,0.0,4,4,4.0000000000009095,4-5,,,2129.2,2128.7999999999997,4.0000000000009095,2129.1,2129.2,0.0,4.0000000000009095,2.129,1.8710000000009095,4.258,-0.2579999999990905,HIT_TARGET,42.331151895,True,42.331151895,False,,False,False,,True,14.85642434,15.99999999999909
2026-03-20,NO_WALL,BID,2026-03-20 07:15:03.726980565,1773990903726980565,0.0,0.0,2127.7,0.0,0.0,4,4,4.0000000000009095,4-5,,,2128.2,2127.7999999999997,4.0000000000009095,2128.1,2128.2,0.0,4.0000000000009095,2.1279999999999997,1.8720000000009098,4.255999999999999,-0.25599999999908984,TIMEOUT,60.0,False,,False,,False,False,,True,0.206576454,30.99999999999909
2026-03-20,NO_WALL,ASK,2026-03-20 07:21:51.112033519,1773991311112033519,0.0,0.0,2134.8999999999996,0.0,0.0,2,2,8.999999999996362,6+,,,2134.6,2134.7999999999997,1.999999999998181,2134.6,2134.7,0.0,1.999999999998181,2.1346999999999996,-0.1347000000018186,4.269399999999999,-2.269400000001818,HIT_TARGET,3.638618909,True,3.638618909,False,,False,False,,False,,0.0
2026-03-20,NO_WALL,ASK,2026-03-20 07:23:22.282582496,1773991402282582496,0.0,0.0,2140.0,0.0,0.0,2,2,7.0000000000027285,6+,,,2139.7,2139.9,2.0000000000027285,2139.7,2139.8,0.0,2.0000000000027285,2.1398,-0.13979999999727166,4.2796,-2.279599999997272,HIT_TARGET,0.255158352,True,0.255158352,False,,False,False,,False,,0.0
2026-03-20,NO_WALL,ASK,2026-03-20 07:23:41.572609866,1773991421572609866,0.0,0.0,2143.0,0.0,0.0,5,5,9.00000000000091,6+,,,2142.4,2142.9,5.0,2142.4,2142.5,0.0,5.0,2.14265,2.85735,4.2853,0.7146999999999997,TIMEOUT,60.0,False,,False,,False,False,,True,3.271802167,28.00000000000182
2026-03-20,NO_WALL,BID,2026-03-20 07:23:53.471173526,1773991433471173526,0.0,0.0,2140.7,0.0,0.0,5,5,4.0000000000009095,4-5,,,2141.3,2140.7999999999997,5.0000000000045475,2141.2,2141.3,0.0,5.0000000000045475,2.14105,2.8589500000045476,4.2821,0.7179000000045477,HIT_TARGET,7.809256785,True,7.809256785,False,,False,False,,False,,2.0000000000027285
2026-03-20,NO_WALL,ASK,2026-03-20 07:27:23.500566976,1773991643500566976,0.0,0.0,2141.0,0.0,0.0,2,2,4.0000000000009095,4-5,,,2140.7,2140.9,2.0000000000027285,2140.7,2140.8,0.0,2.0000000000027285,2.1408,-0.14079999999727155,4.2816,-2.2815999999972716,TIMEOUT,60.0,False,,False,,False,False,,True,9.036243607,20.0
2026-03-20,NO_WALL,ASK,2026-03-20 07:32:00.335535683,1773991920335535683,0.0,0.0,2139.0,0.0,0.0,1,1,5.0,4-5,,,2138.8,2138.9,0.9999999999990905,2138.8,2138.9,0.0,0.9999999999990905,2.13885,-1.1388500000009096,4.2777,-3.2777000000009098,HIT_TARGET,0.036451824,True,0.036451824,False,,False,False,,False,,0.0
2026-03-20,NO_WALL,ASK,2026-03-20 07:34:53.802356364,1773992093802356364,0.0,0.0,2146.5,0.0,0.0,2,2,5.0,4-5,,,2146.2,2146.4,2.0000000000027285,2146.2,2146.3,0.0,2.0000000000027285,2.1463,-0.1462999999972716,4.2926,-2.2925999999972717,HIT_TARGET,0.201480243,True,0.201480243,False,,False,False,,False,,0.0
2026-03-20,NO_WALL,BID,2026-03-20 07:35:31.318497065,1773992131318497065,0.0,0.0,2146.2999999999997,0.0,0.0,4,4,6.000000000003638,6+,,,2146.8,2146.3999999999996,4.000000000005457,2146.7,2146.8,0.0,4.000000000005457,2.1466,1.8534000000054571,4.2932,-0.2931999999945427,TIMEOUT,60.0,False,,False,,False,False,,True,9.393053338,22.00000000000273
2026-03-20,NO_WALL,ASK,2026-03-20 07:36:01.189691531,1773992161189691531,0.0,0.0,2148.8,0.0,0.0,4,4,8.000000000001819,6+,,,2148.3,2148.7000000000003,4.0000000000009095,2148.3,2148.4,0.0,4.0000000000009095,2.1485,1.8515000000009096,4.297,-0.2969999999990902,HIT_TARGET,0.254466825,True,0.254466825,False,,False,False,,False,,0.0
2026-03-20,NO_WALL,ASK,2026-03-20 07:37:52.657708906,1773992272657708906,0.0,0.0,2148.4,0.0,0.0,3,3,4.0000000000009095,4-5,,,2148.0,2148.3,3.000000000001819,2148.0,2148.1,0.0,3.000000000001819,2.14815,0.8518500000018192,4.2963,-1.2962999999981806,HIT_TARGET,7.966590727,True,7.966590727,False,,False,False,,False,,0.0
2026-03-20,NO_WALL,ASK,2026-03-20 07:44:50.735596200,1773992690735596200,0.0,0.0,2153.7999999999997,0.0,0.0,6,6,11.999999999998181,6+,,,2153.1,2153.7,5.9999999999990905,2153.1,2153.2,0.0,5.9999999999990905,2.1533999999999995,3.846599999999091,4.306799999999999,1.6931999999990914,TIMEOUT,60.0,False,,False,,False,False,,True,3.461242506,23.999999999996362
2026-03-20,NO_WALL,BID,2026-03-20 07:46:39.777618595,1773992799777618595,0.0,0.0,2152.7999999999997,0.0,0.0,4,4,4.0000000000009095,4-5,,,2153.3,2152.8999999999996,4.000000000005457,2153.2,2153.3,0.0,4.000000000005457,2.1531,1.8469000000054572,4.3062,-0.3061999999945426,HIT_TARGET,5.542032629,True,5.542032629,False,,False,False,,False,,0.0
2026-03-20,NO_WALL,BID,2026-03-20 07:47:09.244178311,1773992829244178311,0.0,0.0,2149.2000000000003,0.0,0.0,1,1,8.999999999996362,6+,,,2149.4,2149.3,0.9999999999990905,2149.3,2149.4,0.0,0.9999999999990905,2.14935,-1.1493500000009096,4.2987,-3.2987000000009097,HIT_TARGET,0.059674748,True,0.059674748,False,,False,False,,False,,0.0
2026-03-20,NO_WALL,BID,2026-03-20 08:02:52.765874001,1773993772765874001,0.0,0.0,2148.1,0.0,0.0,1,1,8.000000000001819,6+,,,2148.3,2148.2,1.000000000003638,2148.2,2148.3,0.0,1.000000000003638,2.1482499999999995,-1.1482499999963616,4.296499999999999,-3.296499999996361,HIT_TARGET,0.063168777,True,0.063168777,False,,False,False,,False,,0.0
2026-03-20,NO_WALL,ASK,2026-03-20 08:03:44.082824841,1773993824082824841,0.0,0.0,2148.3999999999996,0.0,0.0,2,2,3.999999999996362,2-3,,,2148.1,2148.2999999999997,1.999999999998181,2148.1,2148.2,0.0,1.999999999998181,2.1481999999999997,-0.14820000000181865,4.296399999999999,-2.2964000000018183,TIMEOUT,60.0,False,,False,,False,False,,True,9.031766308,10.99999999999909
2026-03-20,NO_WALL,ASK,2026-03-20 08:06:34.715639392,1773993994715639392,0.0,0.0,2152.6,0.0,0.0,2,2,5.0,4-5,,,2152.3,2152.5,1.999999999998181,2152.3,2152.4,0.0,1.999999999998181,2.1524,-0.15240000000181908,4.3048,-2.304800000001819,HIT_TARGET,31.961355766,True,31.961355766,False,,False,False,,True,0.873660555,15.0
2026-03-20,NO_WALL,ASK,2026-03-20 08:07:23.828582206,1773994043828582206,0.0,0.0,2154.4,0.0,0.0,1,1,4.0000000000009095,4-5,,,2154.2,2154.3,1.000000000003638,2154.2,2154.3,0.0,1.000000000003638,2.1542499999999998,-1.1542499999963618,4.3084999999999996,-3.3084999999963616,HIT_TARGET,0.046221178,True,0.046221178,False,,False,False,,False,,0.0
2026-03-20,NO_WALL,ASK,2026-03-20 08:14:04.531353830,1773994444531353830,0.0,0.0,2169.9,0.0,0.0,4,4,10.0,6+,,,2169.4,2169.8,4.0000000000009095,2169.4,2169.5,0.0,4.0000000000009095,2.1696000000000004,1.830400000000909,4.339200000000001,-0.33919999999909134,HIT_TARGET,17.299995425,True,17.299995425,False,,False,False,,False,,0.0
2026-03-20,NO_WALL,BID,2026-03-20 08:18:10.188447788,1773994690188447788,0.0,0.0,2168.3999999999996,0.0,0.0,3,3,5.0,4-5,,,2168.8,2168.4999999999995,3.0000000000063665,2168.7,2168.8,0.0,3.0000000000063665,2.1686499999999995,0.8313500000063669,4.337299999999999,-1.3372999999936326,HIT_TARGET,15.013255855,True,15.013255855,False,,False,False,,False,,2.0000000000027285
2026-03-20,NO_WALL,BID,2026-03-20 08:18:45.536496367,1773994725536496367,0.0,0.0,2168.3999999999996,0.0,0.0,3,3,4.0000000000009095,4-5,,,2168.8,2168.4999999999995,3.0000000000063665,2168.7,2168.8,0.0,3.0000000000063665,2.1686499999999995,0.8313500000063669,4.337299999999999,-1.3372999999936326,HIT_TARGET,6.399374272,True,6.399374272,False,,False,False,,False,,0.0
2026-03-20,NO_WALL,BID,2026-03-20 08:22:20.844686605,1773994940844686605,0.0,0.0,2163.6000000000004,0.0,0.0,2,2,3.999999999996362,2-3,,,2163.9,2163.7000000000003,1.999999999998181,2163.8,2163.9,0.0,1.999999999998181,2.1638,-0.16380000000181916,4.3276,-2.3276000000018193,HIT_TARGET,9.079383335,True,9.079383335,False,,False,False,,True,6.582355069,2.9999999999972715
2026-03-20,NO_WALL,ASK,2026-03-20 08:23:57.676477207,1773995037676477207,0.0,0.0,2167.0,0.0,0.0,5,5,5.9999999999990905,4-5,,,2166.4,2166.9,5.0,2166.4,2166.5,0.0,5.0,2.1666499999999997,2.8333500000000003,4.3332999999999995,0.6667000000000005,HIT_TARGET,3.161825638,True,3.161825638,False,,False,False,,False,,0.0
2026-03-20,NO_WALL,BID,2026-03-20 08:25:17.954216943,1773995117954216943,0.0,0.0,2167.3,0.0,0.0,1,1,4.0000000000009095,4-5,,,2167.5,2167.4,0.9999999999990905,2167.4,2167.5,0.0,0.9999999999990905,2.1674499999999997,-1.1674500000009091,4.334899999999999,-3.334900000000909,HIT_TARGET,0.008334305,True,0.008334305,False,,False,False,,False,,0.0
2026-03-20,NO_WALL,BID,2026-03-20 08:30:10.310960569,1773995410310960569,0.0,0.0,2161.9,0.0,0.0,4,4,6.999999999998181,6+,,,2162.4,2162.0,4.0000000000009095,2162.3,2162.4,0.0,4.0000000000009095,2.1622,1.8378000000009096,4.3244,-0.3243999999990903,HIT_TARGET,2.519973581,True,2.519973581,False,,False,False,,False,,0.0
2026-03-20,NO_WALL,BID,2026-03-20 08:30:44.417900173,1773995444417900173,0.0,0.0,2162.0,0.0,0.0,4,4,6.999999999998181,6+,,,2162.5,2162.1,4.0000000000009095,2162.4,2162.5,0.0,4.0000000000009095,2.1623,1.8377000000009094,4.3246,-0.3245999999990907,HIT_TARGET,47.510769169,True,47.510769169,False,,False,False,,True,3.726692378,19.00000000000091
2026-03-20,NO_WALL,ASK,2026-03-20 08:32:34.843588132,1773995554843588132,0.0,0.0,2163.2,0.0,0.0,2,2,5.0,4-5,,,2162.9,2163.1,1.999999999998181,2162.9,2163.0,0.0,1.999999999998181,2.163,-0.1630000000018188,4.326,-2.3260000000018186,HIT_TARGET,2.206597374,True,2.206597374,False,,False,False,,False,,0.0
2026-03-20,NO_WALL,ASK,2026-03-20 08:34:39.894172168,1773995679894172168,0.0,0.0,2167.9,0.0,0.0,4,4,8.000000000001819,6+,,,2167.4,2167.8,4.0000000000009095,2167.4,2167.5,0.0,4.0000000000009095,2.1676,1.8324000000009093,4.3352,-0.3351999999990909,TIMEOUT,60.0,False,,False,,False,False,,True,1.022321502,30.99999999999909
2026-03-20,NO_WALL,BID,2026-03-20 08:35:23.144232018,1773995723144232018,0.0,0.0,2163.9,0.0,0.0,5,5,5.9999999999990905,4-5,,,2164.5,2164.0,5.0,2164.4,2164.5,0.0,5.0,2.16425,2.83575,4.3285,0.6715,HIT_TARGET,43.778800958,True,43.778800958,False,,False,False,,True,9.884344413,10.99999999999909
2026-03-20,NO_WALL,ASK,2026-03-20 08:36:14.069669819,1773995774069669819,0.0,0.0,2164.7,0.0,0.0,2,2,5.0,4-5,,,2164.4,2164.6,1.999999999998181,2164.4,2164.5,0.0,1.999999999998181,2.1645,-0.16450000000181886,4.329,-2.3290000000018187,HIT_TARGET,2.401026893,True,2.401026893,False,,False,False,,False,,0.0
2026-03-20,NO_WALL,BID,2026-03-20 08:45:06.914483302,1773996306914483302,0.0,0.0,2163.3,0.0,0.0,1,1,5.9999999999990905,4-5,,,2163.5,2163.4,0.9999999999990905,2163.4,2163.5,0.0,0.9999999999990905,2.1634499999999997,-1.1634500000009091,4.326899999999999,-3.326900000000909,HIT_TARGET,0.050828162,True,0.050828162,False,,False,False,,False,,0.0
2026-03-20,NO_WALL,BID,2026-03-20 08:47:22.591573132,1773996442591573132,0.0,0.0,2160.3,0.0,0.0,6,6,5.9999999999990905,4-5,,,2161.0,2160.4,5.9999999999990905,2160.9,2161.0,0.0,5.9999999999990905,2.1607,3.8392999999990907,4.3214,1.6785999999990908,TIMEOUT,60.0,False,,False,,False,False,,False,,1.999999999998181
2026-03-20,NO_WALL,ASK,2026-03-20 08:49:23.062729368,1773996563062729368,0.0,0.0,2162.2,0.0,0.0,6,6,5.9999999999990905,4-5,,,2161.5,2162.1,5.9999999999990905,2161.5,2161.6,0.0,5.9999999999990905,2.1618,3.8381999999990906,4.3236,1.6763999999990906,HIT_TARGET,6.389100804,True,6.389100804,False,,False,False,,False,,0.0
2026-03-20,NO_WALL,ASK,2026-03-20 08:50:09.697001116,1773996609697001116,0.0,0.0,2166.2000000000003,0.0,0.0,4,4,12.000000000002728,6+,,,2165.7,2166.1000000000004,4.000000000005457,2165.7,2165.8,0.0,4.000000000005457,2.1658999999999997,1.8341000000054573,4.331799999999999,-0.33179999999454246,TIMEOUT,60.0,False,,False,,False,False,,True,1.508576287,15.0
2026-03-20,NO_WALL,ASK,2026-03-20 08:50:54.037786794,1773996654037786794,0.0,0.0,2165.3,0.0,0.0,4,4,5.9999999999990905,4-5,,,2164.8,2165.2000000000003,4.0000000000009095,2164.8,2164.9,0.0,4.0000000000009095,2.165,1.8350000000009095,4.33,-0.3299999999990906,HIT_TARGET,3.426854072,True,3.426854072,False,,False,False,,False,,0.0
2026-03-20,NO_WALL,ASK,2026-03-20 08:53:08.535546607,1773996788535546607,0.0,0.0,2165.2,0.0,0.0,2,2,5.9999999999990905,4-5,,,2164.9,2165.1,1.999999999998181,2164.9,2165.0,0.0,1.999999999998181,2.165,-0.16500000000181902,4.33,-2.330000000001819,HIT_TARGET,0.237119704,True,0.237119704,False,,False,False,,False,,0.0
2026-03-20,NO_WALL,BID,2026-03-20 08:53:55.714255758,1773996835714255758,0.0,0.0,2162.6,0.0,0.0,4,4,4.0000000000009095,4-5,,,2163.1,2162.7,4.0000000000009095,2163.0,2163.1,0.0,4.0000000000009095,2.1628999999999996,1.83710000000091,4.325799999999999,-0.3257999999990897,TIMEOUT,60.0,False,,False,,False,False,,True,5.273115565,4.0000000000009095
2026-03-20,NO_WALL,ASK,2026-03-20 08:54:03.693776567,1773996843693776567,0.0,0.0,2164.0,0.0,0.0,5,5,4.0000000000009095,4-5,,,2163.4,2163.9,5.0,2163.4,2163.5,0.0,5.0,2.16365,2.83635,4.3273,0.6726999999999999,TIMEOUT,60.0,False,,False,,False,False,,True,7.915935919,5.9999999999990905
2026-03-20,NO_WALL,ASK,2026-03-20 08:58:02.438251800,1773997082438251800,0.0,0.0,2165.7999999999997,0.0,0.0,6,6,6.999999999998181,6+,,,2165.1,2165.7,5.9999999999990905,2165.1,2165.2,0.0,5.9999999999990905,2.1653999999999995,3.834599999999091,4.330799999999999,1.6691999999990914,TIMEOUT,60.0,False,,False,,False,False,,True,9.704370292,20.99999999999909
2026-03-20,NO_WALL,ASK,2026-03-20 09:04:49.036047787,1773997489036047787,0.0,0.0,2158.6,0.0,0.0,1,1,4.0000000000009095,4-5,,,2158.4,2158.5,0.9999999999990905,2158.4,2158.5,0.0,0.9999999999990905,2.1584499999999998,-1.1584500000009093,4.3168999999999995,-3.316900000000909,HIT_TARGET,0.132584349,True,0.132584349,False,,False,False,,False,,0.0
2026-03-20,NO_WALL,ASK,2026-03-20 09:04:52.376146537,1773997492376146537,0.0,0.0,2159.6,0.0,0.0,2,2,9.00000000000091,6+,,,2159.3,2159.5,1.999999999998181,2159.3,2159.4,0.0,1.999999999998181,2.1594,-0.1594000000018192,4.3188,-2.3188000000018194,HIT_TARGET,2.520925686,True,2.520925686,False,,False,False,,False,,0.0
2026-03-20,NO_WALL,BID,2026-03-20 09:06:28.000760852,1773997588000760852,0.0,0.0,2155.0,0.0,0.0,1,1,4.0000000000009095,4-5,,,2155.2,2155.1,0.9999999999990905,2155.1,2155.2,0.0,0.9999999999990905,2.1551499999999995,-1.155150000000909,4.310299999999999,-3.3103000000009084,HIT_TARGET,0.052197808,True,0.052197808,False,,False,False,,False,,0.0
2026-03-20,NO_WALL,BID,2026-03-20 09:07:05.453330082,1773997625453330082,0.0,0.0,2154.6,0.0,0.0,3,3,10.0,6+,,,2155.0,2154.7,3.000000000001819,2154.9,2155.0,0.0,3.000000000001819,2.1548499999999997,0.8451500000018193,4.309699999999999,-1.3096999999981804,TIMEOUT,60.0,False,,False,,False,False,,True,8.583212091,29.00000000000091
2026-03-20,NO_WALL,BID,2026-03-20 09:13:33.237396071,1773998013237396071,0.0,0.0,2158.1000000000004,0.0,0.0,2,2,3.999999999996362,2-3,,,2158.4,2158.2000000000003,1.999999999998181,2158.3,2158.4,0.0,1.999999999998181,2.1583,-0.1583000000018191,4.3166,-2.316600000001819,HIT_TARGET,0.152138551,True,0.152138551,False,,False,False,,False,,0.0
2026-03-20,NO_WALL,BID,2026-03-20 09:15:59.496011562,1773998159496011562,0.0,0.0,2152.4,0.0,0.0,4,4,5.9999999999990905,4-5,,,2152.9,2152.5,4.0000000000009095,2152.8,2152.9,0.0,4.0000000000009095,2.1527,1.8473000000009097,4.3054,-0.3053999999990902,HIT_TARGET,35.02543908,True,35.02543908,False,,False,False,,True,1.633938427,8.999999999996362
2026-03-20,NO_WALL,BID,2026-03-20 09:19:06.652495828,1773998346652495828,0.0,0.0,2149.1,0.0,0.0,4,4,8.000000000001819,6+,,,2149.6,2149.2,4.0000000000009095,2149.5,2149.6,0.0,4.0000000000009095,2.1493999999999995,1.85060000000091,4.298799999999999,-0.29879999999908957,HIT_TARGET,30.148037739,True,30.148037739,False,,False,False,,True,6.943501593,15.0
2026-03-20,NO_WALL,BID,2026-03-20 09:20:36.015183375,1773998436015183375,0.0,0.0,2145.4,0.0,0.0,1,1,5.0,4-5,,,2145.6,2145.5,0.9999999999990905,2145.5,2145.6,0.0,0.9999999999990905,2.14555,-1.1455500000009096,4.2911,-3.2911000000009096,HIT_TARGET,0.04355662,True,0.04355662,False,,False,False,,False,,0.0
2026-03-20,NO_WALL,ASK,2026-03-20 09:20:40.063916010,1773998440063916010,0.0,0.0,2146.2999999999997,0.0,0.0,2,2,5.0,4-5,,,2146.0,2146.2,1.999999999998181,2146.0,2146.1,0.0,1.999999999998181,2.1460999999999997,-0.14610000000181866,4.292199999999999,-2.2922000000018183,HIT_TARGET,0.593333923,True,0.593333923,False,,False,False,,False,,0.0
2026-03-20,NO_WALL,BID,2026-03-20 09:20:44.434553695,1773998444434553695,0.0,0.0,2144.8,0.0,0.0,2,2,4.0000000000009095,4-5,,,2145.1,2144.9,1.999999999998181,2145.0,2145.1,0.0,1.999999999998181,2.145,-0.145000000001819,4.29,-2.290000000001819,HIT_TARGET,25.513755728,True,25.513755728,False,,False,False,,True,0.204062797,8.000000000001819
2026-03-20,NO_WALL,BID,2026-03-20 09:22:21.928618005,1773998541928618005,0.0,0.0,2146.6,0.0,0.0,4,4,6.999999999998181,6+,,,2147.1,2146.7,4.0000000000009095,2147.0,2147.1,0.0,4.0000000000009095,2.1468999999999996,1.85310000000091,4.293799999999999,-0.2937999999990897,HIT_TARGET,10.870123862,True,10.870123862,False,,False,False,,False,,0.0
2026-03-20,NO_WALL,BID,2026-03-20 09:23:43.135319992,1773998623135319992,0.0,0.0,2145.6000000000004,0.0,0.0,2,2,3.999999999996362,2-3,,,2145.9,2145.7000000000003,1.999999999998181,2145.8,2145.9,0.0,1.999999999998181,2.1458,-0.14580000000181892,4.2916,-2.291600000001819,HIT_TARGET,20.37902775,True,20.37902775,False,,False,False,,True,15.429797871,2.9999999999972715
2026-03-20,NO_WALL,BID,2026-03-20 09:24:52.924883230,1773998692924883230,0.0,0.0,2141.2,0.0,0.0,3,3,5.9999999999990905,4-5,,,2141.6,2141.2999999999997,3.000000000001819,2141.5,2141.6,0.0,3.000000000001819,2.1414499999999994,0.8585500000018196,4.282899999999999,-1.2828999999981798,HIT_TARGET,1.020676278,True,1.020676278,False,,False,False,,False,,0.0
2026-03-20,NO_WALL,ASK,2026-03-20 09:25:25.368908324,1773998725368908324,0.0,0.0,2141.7000000000003,0.0,0.0,4,4,5.0,4-5,,,2141.2,2141.6000000000004,4.000000000005457,2141.2,2141.3,0.0,4.000000000005457,2.1414,1.858600000005457,4.2828,-0.28279999999454297,HIT_TARGET,9.622711097,True,9.622711097,False,,False,False,,True,0.79073311,4.0000000000009095
2026-03-20,NO_WALL,BID,2026-03-20 09:25:28.810333605,1773998728810333605,0.0,0.0,2140.6000000000004,0.0,0.0,2,2,3.999999999996362,2-3,,,2140.9,2140.7000000000003,1.999999999998181,2140.8,2140.9,0.0,1.999999999998181,2.1408,-0.14080000000181903,4.2816,-2.281600000001819,HIT_TARGET,45.338853958,True,45.338853958,False,,False,False,,True,6.076860171,12.999999999997272
2026-03-20,NO_WALL,ASK,2026-03-20 09:27:07.573731826,1773998827573731826,0.0,0.0,2143.3,0.0,0.0,4,4,5.9999999999990905,4-5,,,2142.8,2143.2000000000003,4.0000000000009095,2142.8,2142.9,0.0,4.0000000000009095,2.143,1.8570000000009097,4.286,-0.2859999999990901,HIT_TARGET,7.168383558,True,7.168383558,False,,False,False,,False,,0.0
2026-03-20,NO_WALL,ASK,2026-03-20 09:27:55.306281845,1773998875306281845,0.0,0.0,2144.2999999999997,0.0,0.0,6,6,6.999999999998181,6+,,,2143.6,2144.2,5.9999999999990905,2143.6,2143.7,0.0,5.9999999999990905,2.1438999999999995,3.856099999999091,4.287799999999999,1.7121999999990916,HIT_TARGET,1.803081106,True,1.803081106,False,,False,False,,False,,0.0
2026-03-20,NO_WALL,BID,2026-03-20 09:39:12.580860862,1773999552580860862,0.0,0.0,2145.8999999999996,0.0,0.0,3,3,6.000000000003638,6+,,,2146.3,2145.9999999999995,3.0000000000063665,2146.2,2146.3,0.0,3.0000000000063665,2.1461499999999996,0.8538500000063669,4.292299999999999,-1.2922999999936327,HIT_TARGET,15.47370256,True,15.47370256,False,,False,False,,True,1.326634999,3.000000000001819
2026-03-20,NO_WALL,ASK,2026-03-20 09:39:36.562952498,1773999576562952498,0.0,0.0,2146.4,0.0,0.0,3,3,4.0000000000009095,4-5,,,2146.0,2146.3,3.000000000001819,2146.0,2146.1,0.0,3.000000000001819,2.14615,0.853850000001819,4.2923,-1.292299999998181,TIMEOUT,60.0,False,,False,,False,False,,True,21.511969913,5.0
2026-03-20,NO_WALL,BID,2026-03-20 09:44:48.396854412,1773999888396854412,0.0,0.0,2143.9,0.0,0.0,5,5,17.99999999999727,6+,,,2144.5,2144.0,5.0,2144.4,2144.5,0.0,5.0,2.14425,2.85575,4.2885,0.7115,TIMEOUT,60.0,False,,False,,False,False,,True,3.876361147,14.00000000000091
2026-03-20,NO_WALL,ASK,2026-03-20 09:46:00.714605521,1773999960714605521,0.0,0.0,2145.3,0.0,0.0,5,5,4.0000000000009095,4-5,,,2144.7,2145.2000000000003,5.0000000000045475,2144.7,2144.8,0.0,5.0000000000045475,2.1449499999999997,2.855050000004548,4.289899999999999,0.7101000000045481,TIMEOUT,60.0,False,,False,,False,False,,True,0.406167922,31.000000000003638
2026-03-20,NO_WALL,BID,2026-03-20 09:46:24.197642618,1773999984197642618,0.0,0.0,2142.6,0.0,0.0,3,3,4.0000000000009095,4-5,,,2143.0,2142.7,3.000000000001819,2142.9,2143.0,0.0,3.000000000001819,2.1428499999999997,0.8571500000018193,4.285699999999999,-1.2856999999981804,HIT_TARGET,0.101869194,True,0.101869194,False,,False,False,,False,,0.0
2026-03-20,NO_WALL,ASK,2026-03-20 09:46:53.538737669,1774000013538737669,0.0,0.0,2142.7000000000003,0.0,0.0,3,3,7.0000000000027285,6+,,,2142.3,2142.6000000000004,3.000000000001819,2142.3,2142.4,0.0,3.000000000001819,2.14245,0.8575500000018188,4.2849,-1.2848999999981814,HIT_TARGET,6.750992563,True,6.750992563,False,,False,False,,False,,0.0
2026-03-20,NO_WALL,ASK,2026-03-20 09:47:07.320913813,1774000027320913813,0.0,0.0,2143.7999999999997,0.0,0.0,1,1,3.999999999996362,2-3,,,2143.6,2143.7,0.9999999999990905,2143.6,2143.7,0.0,0.9999999999990905,2.1436499999999996,-1.143650000000909,4.287299999999999,-3.2873000000009087,HIT_TARGET,0.060659507,True,0.060659507,False,,False,False,,False,,0.0
2026-03-20,NO_WALL,BID,2026-03-20 09:47:34.077193709,1774000054077193709,0.0,0.0,2142.4,0.0,0.0,1,1,5.9999999999990905,4-5,,,2142.6,2142.5,0.9999999999990905,2142.5,2142.6,0.0,0.9999999999990905,2.14255,-1.1425500000009094,4.2851,-3.2851000000009094,HIT_TARGET,0.05150543,True,0.05150543,False,,False,False,,False,,0.0
2026-03-20,NO_WALL,BID,2026-03-20 09:48:04.822448689,1774000084822448689,0.0,0.0,2141.1,0.0,0.0,6,6,6.000000000003638,6+,,,2141.8,2141.2,6.000000000003638,2141.7,2141.8,0.0,6.000000000003638,2.1414999999999997,3.8585000000036382,4.2829999999999995,1.7170000000036385,HIT_TARGET,50.640154566,True,50.640154566,False,,False,False,,True,10.82820694,13.000000000001819
2026-03-20,NO_WALL,ASK,2026-03-20 09:50:11.135433463,1774000211135433463,0.0,0.0,2142.5,0.0,0.0,1,1,12.000000000002728,6+,,,2142.3,2142.4,0.9999999999990905,2142.3,2142.4,0.0,0.9999999999990905,2.1423500000000004,-1.14235000000091,4.284700000000001,-3.2847000000009103,HIT_TARGET,0.032516332,True,0.032516332,False,,False,False,,False,,0.0
2026-03-20,NO_WALL,ASK,2026-03-20 09:53:17.773263923,1774000397773263923,0.0,0.0,2140.0,0.0,0.0,5,5,4.0000000000009095,4-5,,,2139.4,2139.9,5.0,2139.4,2139.5,0.0,5.0,2.13965,2.86035,4.2793,0.7206999999999999,TIMEOUT,60.0,False,,False,,False,False,,True,13.6315268,44.00000000000091
2026-03-20,NO_WALL,BID,2026-03-20 09:54:02.184998293,1774000442184998293,0.0,0.0,2136.9,0.0,0.0,5,5,5.9999999999990905,4-5,,,2137.5,2137.0,5.0,2137.4,2137.5,0.0,5.0,2.13725,2.86275,4.2745,0.7255000000000003,HIT_TARGET,1.750204461,True,1.750204461,False,,False,False,,False,,0.9999999999990905
2026-03-20,NO_WALL,ASK,2026-03-20 09:55:01.809660307,1774000501809660307,0.0,0.0,2138.0,0.0,0.0,5,5,10.0,6+,,,2137.4,2137.9,5.0,2137.4,2137.5,0.0,5.0,2.13765,2.86235,4.2753,0.7247000000000003,HIT_TARGET,6.991114916,True,6.991114916,False,,False,False,,True,0.357305101,6.999999999998181
2026-03-20,NO_WALL,ASK,2026-03-20 09:55:11.145860756,1774000511145860756,0.0,0.0,2138.5,0.0,0.0,2,2,12.000000000002728,6+,,,2138.2,2138.4,2.0000000000027285,2138.2,2138.3,0.0,2.0000000000027285,2.1383,-0.1382999999972716,4.2766,-2.2765999999972717,HIT_TARGET,20.525296213,True,20.525296213,False,,False,False,,True,2.757749965,7.0000000000027285
2026-03-20,NO_WALL,BID,2026-03-20 09:57:09.136498063,1774000629136498063,0.0,0.0,2139.6,0.0,0.0,1,1,4.0000000000009095,4-5,,,2139.8,2139.7,1.000000000003638,2139.7,2139.8,0.0,1.000000000003638,2.13975,-1.1397499999963618,4.2795,-3.2794999999963617,HIT_TARGET,0.086641408,True,0.086641408,False,,False,False,,False,,0.0
2026-03-20,NO_WALL,ASK,2026-03-20 10:03:51.652585954,1774001031652585954,0.0,0.0,2136.8999999999996,0.0,0.0,2,2,3.999999999996362,2-3,,,2136.6,2136.7999999999997,1.999999999998181,2136.6,2136.7,0.0,1.999999999998181,2.1366999999999994,-0.13670000000181837,4.273399999999999,-2.2734000000018177,HIT_TARGET,0.151812233,True,0.151812233,False,,False,False,,False,,0.0
2026-03-20,NO_WALL,BID,2026-03-20 10:04:27.318178546,1774001067318178546,0.0,0.0,2136.7000000000003,0.0,0.0,2,2,5.0,4-5,,,2137.0,2136.8,1.999999999998181,2136.9,2137.0,0.0,1.999999999998181,2.1369000000000002,-0.13690000000181923,4.2738000000000005,-2.2738000000018195,HIT_TARGET,23.856715739,True,23.856715739,False,,False,False,,True,0.729187682,4.0000000000009095
2026-03-20,NO_WALL,BID,2026-03-20 10:05:08.518350556,1774001108518350556,0.0,0.0,2136.0,0.0,0.0,3,3,3.999999999996362,2-3,,,2136.4,2136.1,3.000000000001819,2136.3,2136.4,0.0,3.000000000001819,2.13625,0.863750000001819,4.2725,-1.272499999998181,TIMEOUT,60.0,False,,False,,False,False,,True,3.93503813,25.0
2026-03-20,NO_WALL,BID,2026-03-20 10:05:38.690656823,1774001138690656823,0.0,0.0,2137.6,0.0,0.0,4,4,4.0000000000009095,4-5,,,2138.1,2137.7,4.0000000000009095,2138.0,2138.1,0.0,4.0000000000009095,2.1378999999999992,1.8621000000009102,4.2757999999999985,-0.275799999999089,HIT_TARGET,2.959960763,True,2.959960763,False,,False,False,,False,,0.0
2026-03-20,NO_WALL,BID,2026-03-20 10:06:07.532625374,1774001167532625374,0.0,0.0,2137.7999999999997,0.0,0.0,3,3,4.0000000000009095,4-5,,,2138.2,2137.8999999999996,3.000000000001819,2138.1,2138.2,0.0,3.000000000001819,2.1380499999999993,0.8619500000018196,4.276099999999999,-1.2760999999981797,TIMEOUT,60.0,False,,False,,False,False,,True,0.712850637,12.000000000002728
2026-03-20,NO_WALL,ASK,2026-03-20 10:08:11.608364174,1774001291608364174,0.0,0.0,2136.1,0.0,0.0,5,5,4.0000000000009095,4-5,,,2135.5,2136.0,5.0,2135.5,2135.6,0.0,5.0,2.13575,2.86425,4.2715,0.7285000000000004,TIMEOUT,60.0,False,,False,,False,False,,True,12.053619237,20.99999999999909
2026-03-20,NO_WALL,ASK,2026-03-20 10:10:08.867636231,1774001408867636231,0.0,0.0,2135.3999999999996,0.0,0.0,2,2,3.999999999996362,2-3,,,2135.1,2135.2999999999997,1.999999999998181,2135.1,2135.2,0.0,1.999999999998181,2.1351999999999998,-0.13520000000181875,4.2703999999999995,-2.2704000000018185,HIT_TARGET,0.81459364,True,0.81459364,False,,False,False,,False,,0.0
2026-03-20,NO_WALL,ASK,2026-03-20 10:16:35.903694334,1774001795903694334,0.0,0.0,2134.0,0.0,0.0,1,1,13.000000000001819,6+,,,2133.8,2133.9,0.9999999999990905,2133.8,2133.9,0.0,0.9999999999990905,2.1338500000000002,-1.1338500000009097,4.2677000000000005,-3.26770000000091,HIT_TARGET,0.07818727,True,0.07818727,False,,False,False,,False,,0.0
2026-03-20,NO_WALL,BID,2026-03-20 10:16:57.692254632,1774001817692254632,0.0,0.0,2135.0,0.0,0.0,7,7,6.000000000003638,6+,,,2135.8,2135.1,7.0000000000027285,2135.7,2135.8,0.0,7.0000000000027285,2.1354499999999996,4.864550000002729,4.270899999999999,2.7291000000027292,TIMEOUT,60.0,False,,False,,False,False,,True,3.52242952,26.000000000003638
2026-03-20,NO_WALL,BID,2026-03-20 10:17:12.898991832,1774001832898991832,0.0,0.0,2136.7999999999997,0.0,0.0,4,4,7.0000000000027285,6+,,,2137.3,2136.8999999999996,4.000000000005457,2137.2,2137.3,0.0,4.000000000005457,2.1370999999999998,1.8629000000054572,4.2741999999999996,-0.2741999999945426,HIT_TARGET,3.92855037,True,3.92855037,False,,False,False,,False,,0.0
2026-03-20,NO_WALL,ASK,2026-03-20 10:21:16.741655041,1774002076741655041,0.0,0.0,2134.0,0.0,0.0,1,1,4.0000000000009095,4-5,,,2133.8,2133.9,0.9999999999990905,2133.8,2133.9,0.0,0.9999999999990905,2.1338500000000002,-1.1338500000009097,4.2677000000000005,-3.26770000000091,HIT_TARGET,0.049716075,True,0.049716075,False,,False,False,,False,,0.0
2026-03-20,NO_WALL,ASK,2026-03-20 10:21:35.248499489,1774002095248499489,0.0,0.0,2132.6000000000004,0.0,0.0,3,3,4.0000000000009095,4-5,,,2132.2,2132.5000000000005,3.0000000000063665,2132.2,2132.3,0.0,3.0000000000063665,2.13235,0.8676500000063663,4.2647,-1.264699999993634,HIT_TARGET,11.917114823,True,11.917114823,False,,False,False,,True,7.019083688,5.0
2026-03-20,NO_WALL,ASK,2026-03-20 10:23:42.159064845,1774002222159064845,0.0,0.0,2134.3999999999996,0.0,0.0,2,2,5.0,4-5,,,2134.1,2134.2999999999997,1.999999999998181,2134.1,2134.2,0.0,1.999999999998181,2.1341999999999994,-0.13420000000181842,4.268399999999999,-2.268400000001818,HIT_TARGET,7.098194438,True,7.098194438,False,,False,False,,False,,0.0
2026-03-20,NO_WALL,BID,2026-03-20 10:25:08.671566909,1774002308671566909,0.0,0.0,2135.0,0.0,0.0,1,1,4.0000000000009095,4-5,,,2135.2,2135.1,0.9999999999990905,2135.1,2135.2,0.0,0.9999999999990905,2.1351499999999994,-1.135150000000909,4.270299999999999,-3.2703000000009084,HIT_TARGET,0.058417217,True,0.058417217,False,,False,False,,False,,0.0
2026-03-20,NO_WALL,ASK,2026-03-20 10:34:00.721119063,1774002840721119063,0.0,0.0,2141.0,0.0,0.0,2,2,4.0000000000009095,4-5,,,2140.7,2140.9,2.0000000000027285,2140.7,2140.8,0.0,2.0000000000027285,2.1408,-0.14079999999727155,4.2816,-2.2815999999972716,HIT_TARGET,27.161697084,True,27.161697084,False,,False,False,,True,6.841650092,8.000000000001819
2026-03-20,NO_WALL,ASK,2026-03-20 10:35:43.577437591,1774002943577437591,0.0,0.0,2139.7,0.0,0.0,2,2,4.0000000000009095,4-5,,,2139.4,2139.6,1.999999999998181,2139.4,2139.5,0.0,1.999999999998181,2.1395,-0.13950000000181895,4.279,-2.279000000001819,HIT_TARGET,5.207015667,True,5.207015667,False,,False,False,,False,,0.0
2026-03-20,NO_WALL,ASK,2026-03-20 10:37:24.941826383,1774003044941826383,0.0,0.0,2141.6000000000004,0.0,0.0,3,3,4.0000000000009095,4-5,,,2141.2,2141.5000000000005,3.0000000000063665,2141.2,2141.3,0.0,3.0000000000063665,2.1413500000000005,0.8586500000063659,4.282700000000001,-1.2826999999936346,HIT_TARGET,25.754185186,True,25.754185186,False,,False,False,,False,,2.0000000000027285
2026-03-20,NO_WALL,ASK,2026-03-20 10:37:52.908310847,1774003072908310847,0.0,0.0,2142.2000000000003,0.0,0.0,3,3,8.000000000001819,6+,,,2141.8,2142.1000000000004,3.000000000001819,2141.8,2141.9,0.0,3.000000000001819,2.14195,0.858050000001819,4.2839,-1.283899999998181,HIT_TARGET,14.527334407,True,14.527334407,False,,False,False,,False,,2.0000000000027285
2026-03-20,NO_WALL,ASK,2026-03-20 10:38:14.242436000,1774003094242436000,0.0,0.0,2143.5,0.0,0.0,2,2,6.000000000003638,6+,,,2143.2,2143.4,2.0000000000027285,2143.2,2143.3,0.0,2.0000000000027285,2.1433,-0.1432999999972715,4.2866,-2.2865999999972715,TIMEOUT,60.0,False,,False,,False,False,,True,3.858690748,12.000000000002728
2026-03-20,NO_WALL,ASK,2026-03-20 10:40:55.819645151,1774003255819645151,0.0,0.0,2150.0,0.0,0.0,1,1,5.9999999999990905,4-5,,,2149.8,2149.9,0.9999999999990905,2149.8,2149.9,0.0,0.9999999999990905,2.1498500000000003,-1.1498500000009098,4.2997000000000005,-3.29970000000091,HIT_TARGET,0.050367062,True,0.050367062,False,,False,False,,False,,0.0
2026-03-20,NO_WALL,BID,2026-03-20 10:41:47.497969026,1774003307497969026,0.0,0.0,2146.9,0.0,0.0,1,1,10.0,6+,,,2147.1,2147.0,0.9999999999990905,2147.0,2147.1,0.0,0.9999999999990905,2.14705,-1.1470500000009096,4.2941,-3.2941000000009097,HIT_TARGET,0.064904333,True,0.064904333,False,,False,False,,False,,0.0
2026-03-20,NO_WALL,ASK,2026-03-20 10:45:55.842499463,1774003555842499463,0.0,0.0,2150.1,0.0,0.0,5,5,5.0,4-5,,,2149.5,2150.0,5.0,2149.5,2149.6,0.0,5.0,2.14975,2.85025,4.2995,0.7004999999999999,TIMEOUT,60.0,False,,False,,False,False,,True,13.676012659,12.999999999997272
2026-03-20,NO_WALL,ASK,2026-03-20 10:48:05.135443411,1774003685135443411,0.0,0.0,2150.8,0.0,0.0,4,4,8.000000000001819,6+,,,2150.3,2150.7000000000003,4.0000000000009095,2150.3,2150.4,0.0,4.0000000000009095,2.1504999999999996,1.8495000000009099,4.300999999999999,-0.3009999999990898,TIMEOUT,60.0,False,,False,,False,False,,True,1.083443314,28.00000000000182
2026-03-20,NO_WALL,BID,2026-03-20 10:50:35.200862568,1774003835200862568,0.0,0.0,2147.5,0.0,0.0,5,5,4.0000000000009095,4-5,,,2148.1,2147.6,5.0,2148.0,2148.1,0.0,5.0,2.14785,2.85215,4.2957,0.7042999999999999,HIT_TARGET,51.109231194,True,51.109231194,False,,False,False,,True,9.059699296,5.9999999999990905
2026-03-20,NO_WALL,ASK,2026-03-20 10:50:46.489065746,1774003846489065746,0.0,0.0,2149.2,0.0,0.0,6,6,5.0,4-5,,,2148.5,2149.1,5.9999999999990905,2148.5,2148.6,0.0,5.9999999999990905,2.1488,3.8511999999990905,4.2976,1.7023999999990904,TIMEOUT,60.0,False,,False,,False,False,,True,19.817996369,14.00000000000091
2026-03-20,NO_WALL,ASK,2026-03-20 11:00:06.173616022,1774004406173616022,0.0,0.0,2148.1,0.0,0.0,4,4,5.9999999999990905,4-5,,,2147.6,2148.0,4.0000000000009095,2147.6,2147.7,0.0,4.0000000000009095,2.1478,1.8522000000009093,4.2956,-0.2955999999990908,HIT_TARGET,0.816121302,True,0.816121302,False,,False,False,,False,,0.0
2026-03-20,NO_WALL,ASK,2026-03-20 11:01:10.124699512,1774004470124699512,0.0,0.0,2147.8,0.0,0.0,4,4,4.0000000000009095,4-5,,,2147.3,2147.7000000000003,4.0000000000009095,2147.3,2147.4,0.0,4.0000000000009095,2.1475,1.8525000000009095,4.295,-0.29499999999909043,HIT_TARGET,0.408156096,True,0.408156096,False,,False,False,,False,,0.0
2026-03-20,NO_WALL,ASK,2026-03-20 11:02:44.547929950,1774004564547929950,0.0,0.0,2148.3999999999996,0.0,0.0,2,2,5.0,4-5,,,2148.1,2148.2999999999997,1.999999999998181,2148.1,2148.2,0.0,1.999999999998181,2.1481999999999997,-0.14820000000181865,4.296399999999999,-2.2964000000018183,HIT_TARGET,1.739075067,True,1.739075067,False,,False,False,,False,,0.0
2026-03-20,NO_WALL,ASK,2026-03-20 11:03:19.513182353,1774004599513182353,0.0,0.0,2150.8999999999996,0.0,0.0,2,2,5.0,4-5,,,2150.6,2150.7999999999997,1.999999999998181,2150.6,2150.7,0.0,1.999999999998181,2.1506999999999996,-0.1507000000018186,4.301399999999999,-2.301400000001818,TIMEOUT,60.0,False,,False,,False,False,,True,0.767683767,22.99999999999727
2026-03-20,NO_WALL,BID,2026-03-20 11:04:06.253357970,1774004646253357970,0.0,0.0,2148.9,0.0,0.0,1,1,4.0000000000009095,4-5,,,2149.1,2149.0,0.9999999999990905,2149.0,2149.1,0.0,0.9999999999990905,2.14905,-1.1490500000009094,4.2981,-3.2981000000009093,HIT_TARGET,0.074654845,True,0.074654845,False,,False,False,,False,,0.0
2026-03-20,NO_WALL,BID,2026-03-20 11:07:35.401376140,1774004855401376140,0.0,0.0,2151.8,0.0,0.0,1,1,5.0,4-5,,,2152.0,2151.9,0.9999999999990905,2151.9,2152.0,0.0,0.9999999999990905,2.1519499999999994,-1.1519500000009089,4.303899999999999,-3.303900000000908,HIT_TARGET,0.048863728,True,0.048863728,False,,False,False,,False,,0.0
2026-03-20,NO_WALL,BID,2026-03-20 11:08:33.393128277,1774004913393128277,0.0,0.0,2149.7999999999997,0.0,0.0,4,4,6.000000000003638,6+,,,2150.3,2149.8999999999996,4.000000000005457,2150.2,2150.3,0.0,4.000000000005457,2.1500999999999997,1.8499000000054573,4.300199999999999,-0.3001999999945424,TIMEOUT,60.0,False,,False,,False,False,,True,3.319846727,21.000000000003638
2026-03-20,NO_WALL,BID,2026-03-20 11:09:27.452764724,1774004967452764724,0.0,0.0,2150.8999999999996,0.0,0.0,3,3,5.0,4-5,,,2151.3,2150.9999999999995,3.0000000000063665,2151.2,2151.3,0.0,3.0000000000063665,2.1511499999999995,0.848850000006367,4.302299999999999,-1.3022999999936324,HIT_TARGET,52.170575137,True,52.170575137,False,,False,False,,False,,1.000000000003638
2026-03-20,NO_WALL,ASK,2026-03-20 11:11:08.769796734,1774005068769796734,0.0,0.0,2153.2000000000003,0.0,0.0,4,4,4.0000000000009095,4-5,,,2152.7,2153.1000000000004,4.000000000005457,2152.7,2152.8,0.0,4.000000000005457,2.1529,1.8471000000054572,4.3058,-0.30579999999454266,TIMEOUT,60.0,False,,False,,False,False,,True,12.364270286,6.000000000003638
2026-03-20,NO_WALL,ASK,2026-03-20 11:13:39.204215760,1774005219204215760,0.0,0.0,2151.2,0.0,0.0,5,5,5.0,4-5,,,2150.6,2151.1,5.0,2150.6,2150.7,0.0,5.0,2.1508499999999997,2.8491500000000003,4.301699999999999,0.6983000000000006,HIT_TARGET,14.863997606,True,14.863997606,False,,False,False,,True,5.623958348,5.0
2026-03-20,NO_WALL,ASK,2026-03-20 11:14:13.894114310,1774005253894114310,0.0,0.0,2155.9,0.0,0.0,4,4,4.0000000000009095,4-5,,,2155.4,2155.8,4.0000000000009095,2155.4,2155.5,0.0,4.0000000000009095,2.1556,1.8444000000009093,4.3112,-0.31119999999909087,HIT_TARGET,1.567592143,True,1.567592143,False,,False,False,,False,,0.0
2026-03-20,NO_WALL,ASK,2026-03-20 11:14:54.247427802,1774005294247427802,0.0,0.0,2158.7,0.0,0.0,6,6,16.99999999999818,6+,,,2158.0,2158.6,5.9999999999990905,2158.0,2158.1,0.0,5.9999999999990905,2.1583,3.8416999999990904,4.3166,1.6833999999990903,TIMEOUT,60.0,False,,False,,False,False,,True,6.228503429,40.0
2026-03-20,NO_WALL,BID,2026-03-20 11:18:41.236143460,1774005521236143460,0.0,0.0,2151.3999999999996,0.0,0.0,3,3,4.0000000000009095,4-5,,,2151.8,2151.4999999999995,3.0000000000063665,2151.7,2151.8,0.0,3.0000000000063665,2.1516499999999996,0.8483500000063668,4.303299999999999,-1.3032999999936328,TIMEOUT,60.0,False,,False,,False,False,,True,19.417954249,11.000000000003638
2026-03-20,NO_WALL,BID,2026-03-20 11:22:49.778228460,1774005769778228460,0.0,0.0,2151.3999999999996,0.0,0.0,3,3,5.0,4-5,,,2151.8,2151.4999999999995,3.0000000000063665,2151.7,2151.8,0.0,3.0000000000063665,2.1516499999999996,0.8483500000063668,4.303299999999999,-1.3032999999936328,HIT_TARGET,18.897442807,True,18.897442807,False,,False,False,,False,,2.0000000000027285
2026-03-20,NO_WALL,BID,2026-03-20 11:23:20.035616955,1774005800035616955,0.0,0.0,2149.7999999999997,0.0,0.0,4,4,4.0000000000009095,4-5,,,2150.3,2149.8999999999996,4.000000000005457,2150.2,2150.3,0.0,4.000000000005457,2.1500999999999997,1.8499000000054573,4.300199999999999,-0.3001999999945424,HIT_TARGET,2.517036302,True,2.517036302,False,,False,False,,False,,0.0
2026-03-20,NO_WALL,BID,2026-03-20 11:23:58.839163429,1774005838839163429,0.0,0.0,2149.0,0.0,0.0,2,2,4.0000000000009095,4-5,,,2149.3,2149.1,2.0000000000027285,2149.2,2149.3,0.0,2.0000000000027285,2.1491999999999996,-0.14919999999727107,4.298399999999999,-2.2983999999972706,TIMEOUT,60.0,False,,False,,False,False,,True,2.452523993,17.00000000000273
2026-03-20,NO_WALL,BID,2026-03-20 11:31:34.152678502,1774006294152678502,0.0,0.0,2149.4,0.0,0.0,2,2,4.0000000000009095,4-5,,,2149.7,2149.5,1.999999999998181,2149.6,2149.7,0.0,1.999999999998181,2.1495999999999995,-0.1496000000018185,4.299199999999999,-2.299200000001818,HIT_TARGET,10.269008967,True,10.269008967,False,,False,False,,False,,0.0
2026-03-20,NO_WALL,BID,2026-03-20 11:33:57.589209638,1774006437589209638,0.0,0.0,2146.7999999999997,0.0,0.0,3,3,5.0,4-5,,,2147.2,2146.8999999999996,3.000000000001819,2147.1,2147.2,0.0,3.000000000001819,2.1470499999999997,0.8529500000018193,4.294099999999999,-1.2940999999981804,TIMEOUT,60.0,False,,False,,False,False,,True,4.90451778,7.0000000000027285
2026-03-20,NO_WALL,BID,2026-03-20 11:34:16.179160799,1774006456179160799,0.0,0.0,2147.0,0.0,0.0,4,4,4.0000000000009095,4-5,,,2147.5,2147.1,4.0000000000009095,2147.4,2147.5,0.0,4.0000000000009095,2.1473,1.8527000000009095,4.2946,-0.2945999999990905,HIT_TARGET,52.690503781,True,52.690503781,False,,False,False,,True,12.505379026,4.0000000000009095
2026-03-20,NO_WALL,ASK,2026-03-20 11:36:25.322296773,1774006585322296773,0.0,0.0,2146.5,0.0,0.0,2,2,4.0000000000009095,4-5,,,2146.2,2146.4,2.0000000000027285,2146.2,2146.3,0.0,2.0000000000027285,2.1463,-0.1462999999972716,4.2926,-2.2925999999972717,HIT_TARGET,4.34961716,True,4.34961716,False,,False,False,,False,,0.0
2026-03-20,NO_WALL,BID,2026-03-20 11:36:59.966008350,1774006619966008350,0.0,0.0,2143.2999999999997,0.0,0.0,3,3,10.0,6+,,,2143.7,2143.3999999999996,3.000000000001819,2143.6,2143.7,0.0,3.000000000001819,2.1435499999999994,0.8564500000018196,4.287099999999999,-1.2870999999981798,HIT_TARGET,0.585741709,True,0.585741709,False,,False,False,,False,,0.0
2026-03-20,NO_WALL,BID,2026-03-20 11:38:38.802944251,1774006718802944251,0.0,0.0,2138.7,0.0,0.0,5,5,15.0,6+,,,2139.3,2138.7999999999997,5.0000000000045475,2139.2,2139.3,0.0,5.0000000000045475,2.13905,2.8609500000045474,4.2781,0.7219000000045472,HIT_TARGET,6.386345778,True,6.386345778,False,,False,False,,False,,0.0
2026-03-20,NO_WALL,BID,2026-03-20 11:38:50.288014306,1774006730288014306,0.0,0.0,2135.7000000000003,0.0,0.0,6,6,5.9999999999990905,4-5,,,2136.4,2135.8,5.9999999999990905,2136.3,2136.4,0.0,5.9999999999990905,2.1361000000000003,3.86389999999909,4.272200000000001,1.7277999999990898,HIT_TARGET,10.155686665,True,10.155686665,False,,False,False,,True,0.410308916,8.999999999996362
2026-03-20,NO_WALL,BID,2026-03-20 11:41:37.358430325,1774006897358430325,0.0,0.0,2137.7000000000003,0.0,0.0,2,2,5.0,4-5,,,2138.0,2137.8,1.999999999998181,2137.9,2138.0,0.0,1.999999999998181,2.1379,-0.13790000000181912,4.2758,-2.2758000000018193,HIT_TARGET,22.157229654,True,22.157229654,False,,False,False,,False,,1.999999999998181
2026-03-20,NO_WALL,ASK,2026-03-20 11:42:17.067977867,1774006937067977867,0.0,0.0,2138.7999999999997,0.0,0.0,1,1,6.999999999998181,6+,,,2138.6,2138.7,0.9999999999990905,2138.6,2138.7,0.0,0.9999999999990905,2.1386499999999997,-1.1386500000009092,4.277299999999999,-3.277300000000909,HIT_TARGET,0.053906776,True,0.053906776,False,,False,False,,False,,0.0
2026-03-20,NO_WALL,BID,2026-03-20 11:45:32.315736475,1774007132315736475,0.0,0.0,2137.6,0.0,0.0,3,3,4.0000000000009095,4-5,,,2138.0,2137.7,3.000000000001819,2137.9,2138.0,0.0,3.000000000001819,2.13785,0.8621500000018192,4.2757,-1.2756999999981806,HIT_TARGET,2.962775216,True,2.962775216,False,,False,False,,False,,0.0
2026-03-20,NO_WALL,ASK,2026-03-20 11:51:53.809179941,1774007513809179941,0.0,0.0,2137.7999999999997,0.0,0.0,1,1,3.999999999996362,2-3,,,2137.6,2137.7,0.9999999999990905,2137.6,2137.7,0.0,0.9999999999990905,2.1376499999999994,-1.1376500000009089,4.275299999999999,-3.2753000000009083,HIT_TARGET,0.058871451,True,0.058871451,False,,False,False,,False,,0.0
2026-03-20,NO_WALL,ASK,2026-03-20 11:56:13.036889285,1774007773036889285,0.0,0.0,2140.4,0.0,0.0,4,4,5.9999999999990905,4-5,,,2139.9,2140.3,4.0000000000009095,2139.9,2140.0,0.0,4.0000000000009095,2.1401000000000003,1.8599000000009092,4.280200000000001,-0.2801999999990912,HIT_TARGET,9.529308205,True,9.529308205,False,,False,False,,False,,0.0
2026-03-20,NO_WALL,ASK,2026-03-20 12:04:35.745397073,1774008275745397073,0.0,0.0,2145.0,0.0,0.0,5,5,9.00000000000091,6+,,,2144.4,2144.9,5.0,2144.4,2144.5,0.0,5.0,2.14465,2.85535,4.2893,0.7107000000000001,HIT_TARGET,4.33793767,True,4.33793767,False,,False,False,,False,,0.0
2026-03-20,NO_WALL,BID,2026-03-20 12:04:52.992375089,1774008292992375089,0.0,0.0,2141.0,0.0,0.0,4,4,9.00000000000091,6+,,,2141.5,2141.1,4.0000000000009095,2141.4,2141.5,0.0,4.0000000000009095,2.1413,1.8587000000009093,4.2826,-0.2825999999990909,TIMEOUT,60.0,False,,False,,False,False,,True,1.117113034,34.00000000000091
2026-03-20,NO_WALL,ASK,2026-03-20 12:06:01.651026515,1774008361651026515,0.0,0.0,2145.0,0.0,0.0,5,5,4.0000000000009095,4-5,,,2144.4,2144.9,5.0,2144.4,2144.5,0.0,5.0,2.14465,2.85535,4.2893,0.7107000000000001,HIT_TARGET,26.182533654,True,26.182533654,False,,False,False,,False,,1.999999999998181
2026-03-20,NO_WALL,ASK,2026-03-20 12:06:29.307891011,1774008389307891011,0.0,0.0,2145.2,0.0,0.0,2,2,4.0000000000009095,4-5,,,2144.9,2145.1,1.999999999998181,2144.9,2145.0,0.0,1.999999999998181,2.145,-0.145000000001819,4.29,-2.290000000001819,HIT_TARGET,0.565740724,True,0.565740724,False,,False,False,,False,,0.0
2026-03-20,NO_WALL,ASK,2026-03-20 12:07:05.300034847,1774008425300034847,0.0,0.0,2149.3,0.0,0.0,4,4,25.0,6+,,,2148.8,2149.2000000000003,4.0000000000009095,2148.8,2148.9,0.0,4.0000000000009095,2.149,1.8510000000009095,4.298,-0.29799999999909055,HIT_TARGET,1.641643538,True,1.641643538,False,,False,False,,False,,0.0
2026-03-20,NO_WALL,ASK,2026-03-20 12:07:30.418822957,1774008450418822957,0.0,0.0,2151.4,0.0,0.0,4,4,5.9999999999990905,4-5,,,2150.9,2151.3,4.0000000000009095,2150.9,2151.0,0.0,4.0000000000009095,2.1511,1.8489000000009095,4.3022,-0.30219999999909053,HIT_TARGET,0.160897205,True,0.160897205,False,,False,False,,False,,0.0
2026-03-20,NO_WALL,ASK,2026-03-20 12:09:43.036007228,1774008583036007228,0.0,0.0,2150.2000000000003,0.0,0.0,3,3,5.0,4-5,,,2149.8,2150.1000000000004,3.000000000001819,2149.8,2149.9,0.0,3.000000000001819,2.14995,0.850050000001819,4.2999,-1.299899999998181,HIT_TARGET,1.53374247,True,1.53374247,False,,False,False,,False,,0.0
2026-03-20,NO_WALL,BID,2026-03-20 12:10:46.576286899,1774008646576286899,0.0,0.0,2149.7000000000003,0.0,0.0,1,1,3.999999999996362,2-3,,,2149.9,2149.8,0.9999999999990905,2149.8,2149.9,0.0,0.9999999999990905,2.1498500000000003,-1.1498500000009098,4.2997000000000005,-3.29970000000091,HIT_TARGET,0.060718561,True,0.060718561,False,,False,False,,False,,0.0
2026-03-20,NO_WALL,ASK,2026-03-20 12:11:43.542501643,1774008703542501643,0.0,0.0,2150.4,0.0,0.0,4,4,5.0,4-5,,,2149.9,2150.3,4.0000000000009095,2149.9,2150.0,0.0,4.0000000000009095,2.1501,1.8499000000009094,4.3002,-0.30019999999909075,HIT_TARGET,5.328636515,True,5.328636515,False,,False,False,,False,,0.0
2026-03-20,NO_WALL,ASK,2026-03-20 12:15:32.613758302,1774008932613758302,0.0,0.0,2146.5,0.0,0.0,2,2,4.0000000000009095,4-5,,,2146.2,2146.4,2.0000000000027285,2146.2,2146.3,0.0,2.0000000000027285,2.1463,-0.1462999999972716,4.2926,-2.2925999999972717,HIT_TARGET,20.670841491,True,20.670841491,False,,False,False,,True,5.613774235,6.000000000003638
2026-03-20,NO_WALL,BID,2026-03-20 12:16:06.663096233,1774008966663096233,0.0,0.0,2145.6,0.0,0.0,3,3,4.0000000000009095,4-5,,,2146.0,2145.7,3.000000000001819,2145.9,2146.0,0.0,3.000000000001819,2.14585,0.8541500000018192,4.2917,-1.2916999999981806,HIT_TARGET,0.043975372,True,0.043975372,False,,False,False,,False,,0.0
2026-03-20,NO_WALL,BID,2026-03-20 12:16:43.536615061,1774009003536615061,0.0,0.0,2143.6,0.0,0.0,5,5,5.0,4-5,,,2144.2,2143.7,5.0,2144.1,2144.2,0.0,5.0,2.14395,2.85605,4.2879,0.7121000000000004,TIMEOUT,60.0,False,,False,,False,False,,True,16.773644239,8.000000000001819
2026-03-20,NO_WALL,BID,2026-03-20 12:20:50.057836407,1774009250057836407,0.0,0.0,2145.4,0.0,0.0,1,1,4.0000000000009095,4-5,,,2145.6,2145.5,0.9999999999990905,2145.5,2145.6,0.0,0.9999999999990905,2.14555,-1.1455500000009096,4.2911,-3.2911000000009096,HIT_TARGET,0.064818263,True,0.064818263,False,,False,False,,False,,0.0
2026-03-20,NO_WALL,BID,2026-03-20 12:25:21.155197815,1774009521155197815,0.0,0.0,2145.7000000000003,0.0,0.0,1,1,3.999999999996362,2-3,,,2145.9,2145.8,0.9999999999990905,2145.8,2145.9,0.0,0.9999999999990905,2.1458500000000003,-1.1458500000009098,4.2917000000000005,-3.29170000000091,HIT_TARGET,0.050859466,True,0.050859466,False,,False,False,,False,,0.0
2026-03-20,NO_WALL,BID,2026-03-20 12:26:03.342398422,1774009563342398422,0.0,0.0,2143.1,0.0,0.0,4,4,4.0000000000009095,4-5,,,2143.6,2143.2,4.0000000000009095,2143.5,2143.6,0.0,4.0000000000009095,2.1433999999999997,1.8566000000009097,4.2867999999999995,-0.28679999999909,HIT_TARGET,0.454709397,True,0.454709397,False,,False,False,,False,,0.0
2026-03-20,NO_WALL,ASK,2026-03-20 12:26:36.459441248,1774009596459441248,0.0,0.0,2142.6,0.0,0.0,2,2,5.0,4-5,,,2142.3,2142.5,1.999999999998181,2142.3,2142.4,0.0,1.999999999998181,2.1424,-0.14240000000181885,4.2848,-2.2848000000018187,TIMEOUT,60.0,False,,False,,False,False,,True,17.816229349,22.00000000000273
2026-03-20,NO_WALL,ASK,2026-03-20 12:30:20.409289248,1774009820409289248,0.0,0.0,2142.2999999999997,0.0,0.0,7,7,10.0,6+,,,2141.5,2142.2,6.999999999998181,2141.5,2141.6,0.0,6.999999999998181,2.14185,4.858149999998181,4.2837,2.7162999999981814,HIT_TARGET,8.730797091,True,8.730797091,False,,False,False,,True,2.760118326,4.0000000000009095
2026-03-20,NO_WALL,BID,2026-03-20 12:31:03.844126006,1774009863844126006,0.0,0.0,2139.6,0.0,0.0,3,3,15.0,6+,,,2140.0,2139.7,3.000000000001819,2139.9,2140.0,0.0,3.000000000001819,2.1398499999999996,0.8601500000018194,4.279699999999999,-1.2796999999981802,HIT_TARGET,2.109482316,True,2.109482316,False,,False,False,,False,,0.0
2026-03-20,NO_WALL,BID,2026-03-20 12:31:05.051929536,1774009865051929536,0.0,0.0,2139.4,0.0,0.0,5,5,15.99999999999909,6+,,,2140.0,2139.5,5.0,2139.9,2140.0,0.0,5.0,2.13975,2.86025,4.2795,0.7205000000000004,HIT_TARGET,1.973638797,True,1.973638797,False,,False,False,,False,,0.0
2026-03-20,NO_WALL,BID,2026-03-20 12:31:24.877779996,1774009884877779996,0.0,0.0,2137.9,0.0,0.0,4,4,11.999999999998181,6+,,,2138.4,2138.0,4.0000000000009095,2138.3,2138.4,0.0,4.0000000000009095,2.1382,1.8618000000009096,4.2764,-0.27639999999909026,HIT_TARGET,29.809968817,True,29.809968817,False,,False,False,,True,0.211778529,12.999999999997272
2026-03-20,NO_WALL,ASK,2026-03-20 12:33:56.103344775,1774010036103344775,0.0,0.0,2138.3999999999996,0.0,0.0,2,2,5.0,4-5,,,2138.1,2138.2999999999997,1.999999999998181,2138.1,2138.2,0.0,1.999999999998181,2.1382,-0.13820000000181887,4.2764,-2.2764000000018187,HIT_TARGET,0.3072,True,0.3072,False,,False,False,,False,,0.0
2026-03-20,NO_WALL,ASK,2026-03-20 12:36:09.787590616,1774010169787590616,0.0,0.0,2139.1,0.0,0.0,2,2,4.0000000000009095,4-5,,,2138.8,2139.0,1.999999999998181,2138.8,2138.9,0.0,1.999999999998181,2.1389,-0.138900000001819,4.2778,-2.277800000001819,HIT_TARGET,8.072060999,True,8.072060999,False,,False,False,,False,,0.9999999999990905
2026-03-20,NO_WALL,ASK,2026-03-20 12:36:20.154503117,1774010180154503117,0.0,0.0,2139.6,0.0,0.0,4,4,3.999999999996362,2-3,,,2139.1,2139.5,4.0000000000009095,2139.1,2139.2,0.0,4.0000000000009095,2.1393,1.8607000000009095,4.2786,-0.27859999999909046,HIT_TARGET,7.50337217,True,7.50337217,False,,False,False,,False,,0.0
2026-03-20,NO_WALL,ASK,2026-03-20 12:40:04.574073231,1774010404574073231,0.0,0.0,2139.7999999999997,0.0,0.0,1,1,3.999999999996362,2-3,,,2139.6,2139.7,0.9999999999990905,2139.6,2139.7,0.0,0.9999999999990905,2.1396499999999996,-1.139650000000909,4.279299999999999,-3.2793000000009087,HIT_TARGET,0.062762772,True,0.062762772,False,,False,False,,False,,0.0
2026-03-20,NO_WALL,BID,2026-03-20 12:41:26.597338320,1774010486597338320,0.0,0.0,2134.7,0.0,0.0,4,4,5.0,4-5,,,2135.2,2134.7999999999997,4.0000000000009095,2135.1,2135.2,0.0,4.0000000000009095,2.135,1.8650000000009097,4.27,-0.2699999999990901,TIMEOUT,60.0,False,,False,,False,False,,True,9.524487764,14.00000000000091
2026-03-20,NO_WALL,BID,2026-03-20 12:41:27.641281089,1774010487641281089,0.0,0.0,2134.6,0.0,0.0,4,4,5.0,4-5,,,2135.1,2134.7,4.0000000000009095,2135.0,2135.1,0.0,4.0000000000009095,2.1348999999999996,1.86510000000091,4.269799999999999,-0.26979999999908966,TIMEOUT,60.0,False,,False,,False,False,,True,8.429267324,15.0
2026-03-20,NO_WALL,BID,2026-03-20 12:41:46.122677520,1774010506122677520,0.0,0.0,2135.4,0.0,0.0,2,2,5.9999999999990905,4-5,,,2135.7,2135.5,1.999999999998181,2135.6,2135.7,0.0,1.999999999998181,2.1355999999999997,-0.1356000000018187,4.271199999999999,-2.2712000000018184,HIT_TARGET,0.513906596,True,0.513906596,False,,False,False,,False,,0.0
2026-03-20,NO_WALL,ASK,2026-03-20 12:44:33.097443271,1774010673097443271,0.0,0.0,2138.2,0.0,0.0,5,5,5.0,4-5,,,2137.6,2138.1,5.0,2137.6,2137.7,0.0,5.0,2.13785,2.86215,4.2757,0.7243000000000004,HIT_TARGET,16.130233598,True,16.130233598,False,,False,False,,False,,0.0
2026-03-20,NO_WALL,BID,2026-03-20 12:51:10.682540901,1774011070682540901,0.0,0.0,2139.0,0.0,0.0,1,1,5.0,4-5,,,2139.2,2139.1,0.9999999999990905,2139.1,2139.2,0.0,0.9999999999990905,2.1391499999999994,-1.139150000000909,4.278299999999999,-3.2783000000009084,HIT_TARGET,0.097697117,True,0.097697117,False,,False,False,,False,,0.0
2026-03-20,NO_WALL,ASK,2026-03-20 12:53:37.236346379,1774011217236346379,0.0,0.0,2141.5,0.0,0.0,4,4,4.0000000000009095,4-5,,,2141.0,2141.4,4.0000000000009095,2141.0,2141.1,0.0,4.0000000000009095,2.1411999999999995,1.85880000000091,4.282399999999999,-0.2823999999990896,TIMEOUT,60.0,False,,False,,False,False,,True,3.386238316,9.00000000000091
2026-03-20,NO_WALL,BID,2026-03-20 13:05:01.456211461,1774011901456211461,0.0,0.0,2140.2,0.0,0.0,4,4,5.0,4-5,,,2140.7,2140.2999999999997,4.0000000000009095,2140.6,2140.7,0.0,4.0000000000009095,2.1405,1.8595000000009096,4.281,-0.2809999999990902,TIMEOUT,60.0,False,,False,,False,False,,True,0.204313019,23.00000000000182
2026-03-20,NO_WALL,ASK,2026-03-20 13:05:03.482968828,1774011903482968828,0.0,0.0,2141.3999999999996,0.0,0.0,2,2,5.0,4-5,,,2141.1,2141.2999999999997,1.999999999998181,2141.1,2141.2,0.0,1.999999999998181,2.1411999999999995,-0.14120000000181854,4.282399999999999,-2.282400000001818,HIT_TARGET,11.648445674,True,11.648445674,False,,False,False,,False,,1.999999999998181
2026-03-20,NO_WALL,ASK,2026-03-20 13:05:28.917450942,1774011928917450942,0.0,0.0,2143.1,0.0,0.0,4,4,5.0,4-5,,,2142.6,2143.0,4.0000000000009095,2142.6,2142.7,0.0,4.0000000000009095,2.1428000000000003,1.8572000000009092,4.2856000000000005,-0.285599999999091,HIT_TARGET,0.508852168,True,0.508852168,False,,False,False,,False,,0.0
2026-03-20,NO_WALL,ASK,2026-03-20 13:07:16.936294018,1774012036936294018,0.0,0.0,2142.4,0.0,0.0,3,3,5.9999999999990905,4-5,,,2142.0,2142.3,3.000000000001819,2142.0,2142.1,0.0,3.000000000001819,2.14215,0.857850000001819,4.2843,-1.284299999998181,HIT_TARGET,5.619649805,True,5.619649805,False,,False,False,,False,,0.0
2026-03-20,NO_WALL,ASK,2026-03-20 13:09:15.773123504,1774012155773123504,0.0,0.0,2145.1000000000004,0.0,0.0,3,3,6.000000000003638,6+,,,2144.7,2145.0000000000005,3.0000000000063665,2144.7,2144.8,0.0,3.0000000000063665,2.1448500000000004,0.8551500000063661,4.289700000000001,-1.2896999999936343,HIT_TARGET,2.940488092,True,2.940488092,False,,False,False,,False,,0.0
2026-03-20,NO_WALL,ASK,2026-03-20 13:11:10.409185913,1774012270409185913,0.0,0.0,2137.8,0.0,0.0,3,3,4.0000000000009095,4-5,,,2137.4,2137.7000000000003,3.000000000001819,2137.4,2137.5,0.0,3.000000000001819,2.13755,0.8624500000018189,4.2751,-1.2750999999981811,HIT_TARGET,3.219415349,True,3.219415349,False,,False,False,,False,,0.0
2026-03-20,NO_WALL,ASK,2026-03-20 13:15:31.509480477,1774012531509480477,0.0,0.0,2139.3,0.0,0.0,4,4,5.9999999999990905,4-5,,,2138.8,2139.2000000000003,4.0000000000009095,2138.8,2138.9,0.0,4.0000000000009095,2.139,1.8610000000009097,4.278,-0.2779999999990901,HIT_TARGET,20.181381226,True,20.181381226,False,,False,False,,True,0.379679026,10.99999999999909
2026-03-20,NO_WALL,BID,2026-03-20 13:16:36.623111975,1774012596623111975,0.0,0.0,2140.2,0.0,0.0,4,4,5.9999999999990905,4-5,,,2140.7,2140.2999999999997,4.0000000000009095,2140.6,2140.7,0.0,4.0000000000009095,2.1405,1.8595000000009096,4.281,-0.2809999999990902,HIT_TARGET,17.612569882,True,17.612569882,False,,False,False,,True,3.114579559,4.0000000000009095
2026-03-20,NO_WALL,BID,2026-03-20 13:22:14.813078573,1774012934813078573,0.0,0.0,2144.0,0.0,0.0,1,1,5.0,4-5,,,2144.2,2144.1,0.9999999999990905,2144.1,2144.2,0.0,0.9999999999990905,2.1441499999999993,-1.1441500000009088,4.288299999999999,-3.288300000000908,HIT_TARGET,0.025386868,True,0.025386868,False,,False,False,,False,,0.0
2026-03-20,NO_WALL,BID,2026-03-20 13:25:35.475121226,1774013135475121226,0.0,0.0,2151.4,0.0,0.0,2,2,5.0,4-5,,,2151.7,2151.5,1.999999999998181,2151.6,2151.7,0.0,1.999999999998181,2.1515999999999997,-0.15160000000181872,4.3031999999999995,-2.3032000000018185,HIT_TARGET,1.329348863,True,1.329348863,False,,False,False,,False,,0.0
2026-03-20,NO_WALL,BID,2026-03-20 13:26:32.434112271,1774013192434112271,0.0,0.0,2149.7999999999997,0.0,0.0,4,4,5.0,4-5,,,2150.3,2149.8999999999996,4.000000000005457,2150.2,2150.3,0.0,4.000000000005457,2.1500999999999997,1.8499000000054573,4.300199999999999,-0.3001999999945424,HIT_TARGET,1.077632328,True,1.077632328,False,,False,False,,False,,0.0
2026-03-20,NO_WALL,BID,2026-03-20 13:30:33.487910587,1774013433487910587,0.0,0.0,2142.7,0.0,0.0,5,5,7.0000000000027285,6+,,,2143.3,2142.7999999999997,5.0000000000045475,2143.2,2143.3,0.0,5.0000000000045475,2.14305,2.8569500000045474,4.2861,0.7139000000045472,HIT_TARGET,2.450530615,True,2.450530615,False,,False,False,,False,,0.0
2026-03-20,NO_WALL,ASK,2026-03-20 13:31:05.583365548,1774013465583365548,0.0,0.0,2143.0,0.0,0.0,4,4,5.0,4-5,,,2142.5,2142.9,4.0000000000009095,2142.5,2142.6,0.0,4.0000000000009095,2.1426999999999996,1.85730000000091,4.285399999999999,-0.2853999999990897,HIT_TARGET,5.969166815,True,5.969166815,False,,False,False,,False,,1.999999999998181
2026-03-20,NO_WALL,ASK,2026-03-20 13:31:40.737601685,1774013500737601685,0.0,0.0,2135.8999999999996,0.0,0.0,7,7,13.999999999996362,6+,,,2135.1,2135.7999999999997,6.999999999998181,2135.1,2135.2,0.0,6.999999999998181,2.1354499999999996,4.864549999998181,4.270899999999999,2.7290999999981818,TIMEOUT,60.0,False,,False,,False,False,,True,1.989057249,75.0
2026-03-20,NO_WALL,ASK,2026-03-20 13:33:00.627844118,1774013580627844118,0.0,0.0,2133.7999999999997,0.0,0.0,6,6,6.999999999998181,6+,,,2133.1,2133.7,5.9999999999990905,2133.1,2133.2,0.0,5.9999999999990905,2.1333999999999995,3.866599999999091,4.266799999999999,1.7331999999990915,HIT_TARGET,2.453620158,True,2.453620158,False,,False,False,,True,1.229482043,3.999999999996362
2026-03-20,NO_WALL,ASK,2026-03-20 13:34:00.998595659,1774013640998595659,0.0,0.0,2132.8,0.0,0.0,3,3,25.0,6+,,,2132.3,2132.7000000000003,4.0000000000009095,2132.3,2132.5,0.0,4.0000000000009095,2.1325,1.8675000000009097,4.265,-0.2649999999990902,HIT_TARGET,0.153112685,True,0.153112685,False,,False,False,,False,,0.9999999999990905
2026-03-20,NO_WALL,BID,2026-03-20 13:34:44.630755759,1774013684630755759,0.0,0.0,2133.1,0.0,0.0,6,6,4.0000000000009095,4-5,,,2133.9,2133.2,7.0000000000027285,2133.7,2133.9,0.0,7.0000000000027285,2.13355,4.866450000002729,4.2671,2.7329000000027284,HIT_TARGET,0.10302624,True,0.10302624,False,,False,False,,False,,0.0
2026-03-20,NO_WALL,BID,2026-03-20 13:35:20.143252468,1774013720143252468,0.0,0.0,2123.9,0.0,0.0,4,4,5.9999999999990905,4-5,,,2124.4,2124.0,4.0000000000009095,2124.3,2124.4,0.0,4.0000000000009095,2.1241999999999996,1.8758000000009099,4.248399999999999,-0.2483999999990898,HIT_TARGET,1.991308675,True,1.991308675,False,,False,False,,True,0.460355746,3.999999999996362
2026-03-20,NO_WALL,ASK,2026-03-20 13:35:57.962028696,1774013757962028696,0.0,0.0,2127.0,0.0,0.0,5,5,5.0,4-5,,,2126.4,2126.9,5.0,2126.4,2126.5,0.0,5.0,2.12665,2.87335,4.2533,0.7466999999999997,HIT_TARGET,2.804001221,True,2.804001221,False,,False,False,,False,,1.999999999998181
2026-03-20,NO_WALL,ASK,2026-03-20 13:37:06.384181622,1774013826384181622,0.0,0.0,2132.7999999999997,0.0,0.0,6,6,10.0,6+,,,2132.1,2132.7,5.9999999999990905,2132.1,2132.2,0.0,5.9999999999990905,2.1323999999999996,3.867599999999091,4.264799999999999,1.7351999999990912,HIT_TARGET,2.70521107,True,2.70521107,False,,False,False,,False,,0.0
2026-03-20,NO_WALL,ASK,2026-03-20 13:37:27.407434317,1774013847407434317,0.0,0.0,2136.6,0.0,0.0,6,6,11.999999999998181,6+,,,2135.9,2136.5,5.9999999999990905,2135.9,2136.0,0.0,5.9999999999990905,2.1361999999999997,3.863799999999091,4.272399999999999,1.7275999999990912,HIT_TARGET,2.913162552,True,2.913162552,False,,False,False,,False,,0.0
2026-03-20,NO_WALL,BID,2026-03-20 13:38:16.244504166,1774013896244504166,0.0,0.0,2134.2000000000003,0.0,0.0,2,2,5.9999999999990905,4-5,,,2134.5,2134.3,1.999999999998181,2134.4,2134.5,0.0,1.999999999998181,2.1344,-0.13440000000181884,4.2688,-2.2688000000018187,HIT_TARGET,0.356596623,True,0.356596623,False,,False,False,,False,,0.0
2026-03-20,NO_WALL,BID,2026-03-20 13:38:56.561826666,1774013936561826666,0.0,0.0,2132.3,0.0,0.0,2,2,5.0,4-5,,,2132.6,2132.4,1.999999999998181,2132.5,2132.6,0.0,1.999999999998181,2.1325,-0.13250000000181883,4.265,-2.2650000000018187,HIT_TARGET,2.60387056,True,2.60387056,False,,False,False,,False,,0.0
2026-03-20,NO_WALL,BID,2026-03-20 13:38:57.633290645,1774013937633290645,0.0,0.0,2132.1,0.0,0.0,4,4,5.0,4-5,,,2132.6,2132.2,4.0000000000009095,2132.5,2132.6,0.0,4.0000000000009095,2.1323999999999996,1.8676000000009099,4.264799999999999,-0.26479999999908976,HIT_TARGET,1.633021569,True,1.633021569,False,,False,False,,False,,0.0
2026-03-20,NO_WALL,BID,2026-03-20 13:39:48.360755540,1774013988360755540,0.0,0.0,2129.7000000000003,0.0,0.0,7,7,20.0,6+,,,2130.5,2129.8,6.999999999998181,2130.4,2130.5,0.0,6.999999999998181,2.13015,4.869849999998181,4.2603,2.739699999998181,HIT_TARGET,2.041651801,True,2.041651801,False,,False,False,,False,,0.0
2026-03-20,NO_WALL,BID,2026-03-20 13:39:55.656273198,1774013995656273198,0.0,0.0,2129.7000000000003,0.0,0.0,2,2,4.0000000000009095,4-5,,,2130.0,2129.8,1.999999999998181,2129.9,2130.0,0.0,1.999999999998181,2.1299,-0.12990000000181912,4.2598,-2.2598000000018192,HIT_TARGET,4.998065881,True,4.998065881,False,,False,False,,True,1.222483062,5.0
2026-03-20,NO_WALL,ASK,2026-03-20 13:40:09.279871588,1774014009279871588,0.0,0.0,2129.7999999999997,0.0,0.0,2,2,7.9999999999972715,6+,,,2129.5,2129.7,1.999999999998181,2129.5,2129.6,0.0,1.999999999998181,2.1295999999999995,-0.12960000000181848,4.259199999999999,-2.259200000001818,HIT_TARGET,1.58259607,True,1.58259607,False,,False,False,,False,,0.0
2026-03-20,NO_WALL,ASK,2026-03-20 13:40:10.289052077,1774014010289052077,0.0,0.0,2129.9,0.0,0.0,3,3,15.0,6+,,,2129.5,2129.8,3.000000000001819,2129.5,2129.6,0.0,3.000000000001819,2.12965,0.8703500000018192,4.2593,-1.2592999999981807,HIT_TARGET,0.573415581,True,0.573415581,False,,False,False,,False,,0.0
2026-03-20,NO_WALL,BID,2026-03-20 13:41:10.972378711,1774014070972378711,0.0,0.0,2128.5,0.0,0.0,1,1,5.9999999999990905,4-5,,,2128.7,2128.6,0.9999999999990905,2128.6,2128.7,0.0,0.9999999999990905,2.1286499999999995,-1.128650000000909,4.257299999999999,-3.2573000000009085,HIT_TARGET,0.035401763,True,0.035401763,False,,False,False,,False,,0.0
2026-03-20,NO_WALL,ASK,2026-03-20 13:41:24.498476863,1774014084498476863,0.0,0.0,2129.5,0.0,0.0,6,6,9.00000000000091,6+,,,2128.8,2129.4,5.9999999999990905,2128.8,2128.9,0.0,5.9999999999990905,2.1291,3.8708999999990903,4.2582,1.74179999999909,HIT_TARGET,3.266226199,True,3.266226199,False,,False,False,,False,,0.0
2026-03-20,NO_WALL,BID,2026-03-20 13:42:09.608547140,1774014129608547140,0.0,0.0,2130.7000000000003,0.0,0.0,6,6,10.0,6+,,,2131.4,2130.8,5.9999999999990905,2131.3,2131.4,0.0,5.9999999999990905,2.1311000000000004,3.86889999999909,4.262200000000001,1.7377999999990896,TIMEOUT,60.0,False,,False,,False,False,,True,7.090010283,67.99999999999727
2026-03-20,NO_WALL,ASK,2026-03-20 13:42:29.250291228,1774014149250291228,0.0,0.0,2135.9,0.0,0.0,5,5,7.0000000000027285,6+,,,2135.3,2135.8,5.0,2135.3,2135.4,0.0,5.0,2.1355500000000003,2.8644499999999997,4.271100000000001,0.7288999999999994,HIT_TARGET,3.675421504,True,3.675421504,False,,False,False,,True,2.450025794,3.000000000001819
2026-03-20,NO_WALL,ASK,2026-03-20 13:42:50.940078977,1774014170940078977,0.0,0.0,2138.1,0.0,0.0,4,4,3.999999999996362,2-3,,,2137.6,2138.0,4.0000000000009095,2137.6,2137.7,0.0,4.0000000000009095,2.1378,1.8622000000009096,4.2756,-0.27559999999909035,HIT_TARGET,0.714478472,True,0.714478472,False,,False,False,,False,,0.0
2026-03-20,NO_WALL,BID,2026-03-20 13:43:44.807533789,1774014224807533789,0.0,0.0,2142.1,0.0,0.0,5,5,15.99999999999909,6+,,,2142.7,2142.2,5.0,2142.6,2142.7,0.0,5.0,2.1424499999999997,2.8575500000000003,4.2848999999999995,0.7151000000000005,HIT_TARGET,0.480103258,True,0.480103258,False,,False,False,,False,,0.0
2026-03-20,NO_WALL,BID,2026-03-20 13:43:46.867343263,1774014226867343263,0.0,0.0,2141.5,0.0,0.0,4,4,10.0,6+,,,2142.0,2141.6,4.0000000000009095,2141.9,2142.0,0.0,4.0000000000009095,2.1418,1.8582000000009096,4.2836,-0.28359999999909036,HIT_TARGET,0.496259967,True,0.496259967,False,,False,False,,False,,0.0
2026-03-20,NO_WALL,BID,2026-03-20 13:45:13.107441443,1774014313107441443,0.0,0.0,2140.6,0.0,0.0,1,1,8.000000000001819,6+,,,2140.8,2140.7,1.000000000003638,2140.7,2140.8,0.0,1.000000000003638,2.1407499999999997,-1.1407499999963617,4.281499999999999,-3.2814999999963614,HIT_TARGET,0.028840827,True,0.028840827,False,,False,False,,False,,0.0
2026-03-20,NO_WALL,ASK,2026-03-20 13:45:35.807278577,1774014335807278577,0.0,0.0,2142.4,0.0,0.0,4,4,5.9999999999990905,4-5,,,2141.9,2142.3,4.0000000000009095,2141.9,2142.0,0.0,4.0000000000009095,2.1421,1.8579000000009094,4.2842,-0.28419999999909074,HIT_TARGET,15.786246553,True,15.786246553,False,,False,False,,True,9.815942944,5.9999999999990905
2026-03-20,NO_WALL,BID,2026-03-20 13:47:15.430790338,1774014435430790338,0.0,0.0,2138.0,0.0,0.0,4,4,4.0000000000009095,4-5,,,2138.5,2138.1,4.0000000000009095,2138.4,2138.5,0.0,4.0000000000009095,2.1383,1.8617000000009094,4.2766,-0.2765999999990907,HIT_TARGET,1.274940224,True,1.274940224,False,,False,False,,False,,0.0
2026-03-20,NO_WALL,ASK,2026-03-20 13:49:34.177585808,1774014574177585808,0.0,0.0,2142.1,0.0,0.0,5,5,5.9999999999990905,4-5,,,2141.5,2142.0,5.0,2141.5,2141.6,0.0,5.0,2.14175,2.85825,4.2835,0.7164999999999999,TIMEOUT,60.0,False,,False,,False,False,,True,3.182552482,60.99999999999909
2026-03-20,NO_WALL,BID,2026-03-20 13:49:54.557726063,1774014594557726063,0.0,0.0,2140.6,0.0,0.0,3,3,9.00000000000091,6+,,,2141.0,2140.7,3.000000000001819,2140.9,2141.0,0.0,3.000000000001819,2.14085,0.8591500000018191,4.2817,-1.2816999999981809,HIT_TARGET,1.481578523,True,1.481578523,False,,False,False,,False,,0.0
2026-03-20,NO_WALL,BID,2026-03-20 13:50:10.171356562,1774014610171356562,0.0,0.0,2137.7999999999997,0.0,0.0,3,3,20.99999999999909,6+,,,2138.2,2137.8999999999996,3.000000000001819,2138.1,2138.2,0.0,3.000000000001819,2.1380499999999993,0.8619500000018196,4.276099999999999,-1.2760999999981797,HIT_TARGET,3.265205144,True,3.265205144,False,,False,False,,False,,0.0
2026-03-20,NO_WALL,BID,2026-03-20 13:50:23.490981236,1774014623490981236,0.0,0.0,2135.1,0.0,0.0,4,4,15.99999999999909,6+,,,2135.6,2135.2,4.0000000000009095,2135.5,2135.6,0.0,4.0000000000009095,2.1353999999999993,1.8646000000009102,4.270799999999999,-0.2707999999990891,HIT_TARGET,11.432608828,True,11.432608828,False,,False,False,,True,1.584319149,10.99999999999909
2026-03-20,NO_WALL,BID,2026-03-20 13:50:34.821582157,1774014634821582157,0.0,0.0,2135.0,0.0,0.0,5,5,8.000000000001819,6+,,,2135.6,2135.1,5.0,2135.5,2135.6,0.0,5.0,2.13535,2.86465,4.2707,0.7293000000000003,HIT_TARGET,0.203171409,True,0.203171409,False,,False,False,,False,,0.0
2026-03-20,NO_WALL,BID,2026-03-20 13:51:03.136595268,1774014663136595268,0.0,0.0,2133.2999999999997,0.0,0.0,4,4,7.0000000000027285,6+,,,2133.8,2133.3999999999996,4.000000000005457,2133.7,2133.8,0.0,4.000000000005457,2.1336,1.866400000005457,4.2672,-0.2671999999945429,HIT_TARGET,1.891000931,True,1.891000931,False,,False,False,,False,,0.0
2026-03-20,NO_WALL,ASK,2026-03-20 13:51:49.546556166,1774014709546556166,0.0,0.0,2131.4,0.0,0.0,6,6,7.0000000000027285,6+,,,2130.7,2131.3,6.000000000003638,2130.7,2130.8,0.0,6.000000000003638,2.131,3.869000000003638,4.262,1.7380000000036384,HIT_TARGET,13.512127178,True,13.512127178,False,,False,False,,True,1.107158195,15.0
2026-03-20,NO_WALL,BID,2026-03-20 13:52:08.003552952,1774014728003552952,0.0,0.0,2129.5,0.0,0.0,5,5,9.00000000000091,6+,,,2130.1,2129.6,5.0,2130.0,2130.1,0.0,5.0,2.12985,2.87015,4.2597,0.7403000000000004,HIT_TARGET,56.352804379,True,56.352804379,False,,False,False,,True,0.196759087,18.00000000000182
2026-03-20,NO_WALL,ASK,2026-03-20 13:55:10.435026654,1774014910435026654,0.0,0.0,2133.4,0.0,0.0,5,5,5.9999999999990905,4-5,,,2132.8,2133.3,5.0,2132.8,2132.9,0.0,5.0,2.13305,2.86695,4.2661,0.7339000000000002,TIMEOUT,60.0,False,,False,,False,False,,True,11.636588249,27.00000000000273
2026-03-20,NO_WALL,ASK,2026-03-20 13:56:56.139233752,1774015016139233752,0.0,0.0,2129.0,0.0,0.0,3,3,10.99999999999909,6+,,,2128.6,2128.9,3.000000000001819,2128.6,2128.7,0.0,3.000000000001819,2.12875,0.8712500000018188,4.2575,-1.2574999999981813,HIT_TARGET,0.869241754,True,0.869241754,False,,False,False,,False,,0.0
2026-03-20,NO_WALL,BID,2026-03-20 13:57:52.232531223,1774015072232531223,0.0,0.0,2127.3,0.0,0.0,2,2,5.9999999999990905,4-5,,,2127.6,2127.4,1.999999999998181,2127.5,2127.6,0.0,1.999999999998181,2.1275,-0.12750000000181894,4.255,-2.255000000001819,HIT_TARGET,0.153109835,True,0.153109835,False,,False,False,,False,,0.0
2026-03-20,NO_WALL,ASK,2026-03-20 13:58:09.010716694,1774015089010716694,0.0,0.0,2127.1,0.0,0.0,2,2,4.0000000000009095,4-5,,,2126.8,2127.0,1.999999999998181,2126.8,2126.9,0.0,1.999999999998181,2.1269,-0.126900000001819,4.2538,-2.253800000001819,HIT_TARGET,1.02890929,True,1.02890929,False,,False,False,,False,,0.0
2026-03-20,NO_WALL,ASK,2026-03-20 13:59:02.192350123,1774015142192350123,0.0,0.0,2127.9,0.0,0.0,1,1,16.000000000003638,6+,,,2127.7,2127.8,1.000000000003638,2127.7,2127.8,0.0,1.000000000003638,2.12775,-1.1277499999963618,4.2555,-3.2554999999963616,HIT_TARGET,0.045498419,True,0.045498419,False,,False,False,,False,,0.0
2026-03-20,NO_WALL,BID,2026-03-20 14:00:13.996573676,1774015213996573676,0.0,0.0,2123.7,0.0,0.0,4,4,12.000000000002728,6+,,,2124.2,2123.7999999999997,4.0000000000009095,2124.1,2124.2,0.0,4.0000000000009095,2.124,1.8760000000009094,4.248,-0.24799999999909073,HIT_TARGET,10.475256692,True,10.475256692,False,,False,False,,True,4.556028964,10.0
2026-03-20,NO_WALL,ASK,2026-03-20 14:02:01.780111258,1774015321780111258,0.0,0.0,2120.7,0.0,0.0,5,5,3.999999999996362,2-3,,,2120.1,2120.6,5.0,2120.1,2120.2,0.0,5.0,2.1203499999999997,2.8796500000000003,4.2406999999999995,0.7593000000000005,HIT_TARGET,0.511039997,True,0.511039997,False,,False,False,,False,,0.9999999999990905
2026-03-20,NO_WALL,BID,2026-03-20 14:02:36.882494616,1774015356882494616,0.0,0.0,2121.6,0.0,0.0,1,1,5.0,4-5,,,2121.8,2121.7,1.000000000003638,2121.7,2121.8,0.0,1.000000000003638,2.12175,-1.121749999996362,4.2435,-3.243499999996362,HIT_TARGET,0.05933708,True,0.05933708,False,,False,False,,False,,0.0
2026-03-20,NO_WALL,ASK,2026-03-20 14:03:58.654258141,1774015438654258141,0.0,0.0,2127.5,0.0,0.0,4,4,7.9999999999972715,6+,,,2127.0,2127.4,4.0000000000009095,2127.0,2127.1,0.0,4.0000000000009095,2.1271999999999998,1.8728000000009097,4.2543999999999995,-0.25439999999909,HIT_TARGET,1.764425354,True,1.764425354,False,,False,False,,False,,0.9999999999990905
2026-03-20,NO_WALL,BID,2026-03-20 14:05:19.150345822,1774015519150345822,0.0,0.0,2130.1,0.0,0.0,5,5,4.0000000000009095,4-5,,,2130.7,2130.2,5.0,2130.6,2130.7,0.0,5.0,2.1304499999999997,2.8695500000000003,4.2608999999999995,0.7391000000000005,TIMEOUT,60.0,False,,False,,False,False,,True,0.611573959,22.00000000000273
2026-03-20,NO_WALL,ASK,2026-03-20 14:05:35.576062077,1774015535576062077,0.0,0.0,2132.6,0.0,0.0,4,4,5.0,4-5,,,2132.1,2132.5,4.0000000000009095,2132.1,2132.2,0.0,4.0000000000009095,2.1323000000000003,1.8677000000009092,4.264600000000001,-0.2645999999990911,HIT_TARGET,0.815518894,True,0.815518894,False,,False,False,,False,,0.9999999999990905
2026-03-20,NO_WALL,ASK,2026-03-20 14:05:38.687699150,1774015538687699150,0.0,0.0,2133.3,0.0,0.0,4,4,8.000000000001819,6+,,,2132.8,2133.2000000000003,4.0000000000009095,2132.8,2132.9,0.0,4.0000000000009095,2.1329999999999996,1.86700000000091,4.265999999999999,-0.26599999999908963,HIT_TARGET,40.734856277,True,40.734856277,False,,False,False,,True,0.359005169,22.00000000000273
2026-03-20,NO_WALL,BID,2026-03-20 14:05:41.848618132,1774015541848618132,0.0,0.0,2132.0,0.0,0.0,1,1,5.9999999999990905,4-5,,,2132.2,2132.1,0.9999999999990905,2132.1,2132.2,0.0,0.9999999999990905,2.1321499999999993,-1.1321500000009088,4.264299999999999,-3.264300000000908,HIT_TARGET,0.045949656,True,0.045949656,False,,False,False,,False,,0.0
2026-03-20,NO_WALL,BID,2026-03-20 14:05:52.467248144,1774015552467248144,0.0,0.0,2131.3999999999996,0.0,0.0,3,3,5.0,4-5,,,2131.8,2131.4999999999995,3.0000000000063665,2131.7,2131.8,0.0,3.0000000000063665,2.1316499999999996,0.8683500000063669,4.263299999999999,-1.2632999999936327,HIT_TARGET,3.935707336,True,3.935707336,False,,False,False,,False,,2.0000000000027285
2026-03-20,NO_WALL,BID,2026-03-20 14:05:56.840064618,1774015556840064618,0.0,0.0,2131.0,0.0,0.0,5,5,4.0000000000009095,4-5,,,2131.6,2131.1,5.0,2131.5,2131.6,0.0,5.0,2.13135,2.86865,4.2627,0.7373000000000003,HIT_TARGET,6.658540265,True,6.658540265,False,,False,False,,False,,0.0
2026-03-20,NO_WALL,BID,2026-03-20 14:07:32.179677328,1774015652179677328,0.0,0.0,2132.6,0.0,0.0,5,5,5.0,4-5,,,2133.2,2132.7,5.0,2133.1,2133.2,0.0,5.0,2.1329499999999997,2.8670500000000003,4.265899999999999,0.7341000000000006,HIT_TARGET,1.526866456,True,1.526866456,False,,False,False,,False,,0.0
2026-03-20,NO_WALL,BID,2026-03-20 14:08:19.383642210,1774015699383642210,0.0,0.0,2127.3,0.0,0.0,2,2,5.0,4-5,,,2127.6,2127.4,1.999999999998181,2127.5,2127.6,0.0,1.999999999998181,2.1275,-0.12750000000181894,4.255,-2.255000000001819,HIT_TARGET,4.136981814,True,4.136981814,False,,False,False,,True,0.71796137,5.9999999999990905
2026-03-20,NO_WALL,BID,2026-03-20 14:08:23.672816555,1774015703672816555,0.0,0.0,2127.2000000000003,0.0,0.0,1,1,5.9999999999990905,4-5,,,2127.4,2127.3,0.9999999999990905,2127.3,2127.4,0.0,0.9999999999990905,2.1273500000000003,-1.1273500000009098,4.254700000000001,-3.25470000000091,HIT_TARGET,0.014486571,True,0.014486571,False,,False,False,,False,,0.0
2026-03-20,NO_WALL,ASK,2026-03-20 14:09:47.966240181,1774015787966240181,0.0,0.0,2128.0,0.0,0.0,4,4,5.0,4-5,,,2127.5,2127.9,4.0000000000009095,2127.5,2127.6,0.0,4.0000000000009095,2.1277,1.8723000000009096,4.2554,-0.25539999999909035,HIT_TARGET,15.976167234,True,15.976167234,False,,False,False,,True,1.433330596,6.999999999998181
2026-03-20,NO_WALL,ASK,2026-03-20 14:11:16.792617674,1774015876792617674,0.0,0.0,2133.6,0.0,0.0,4,4,3.999999999996362,2-3,,,2133.1,2133.5,4.0000000000009095,2133.1,2133.2,0.0,4.0000000000009095,2.1333,1.8667000000009093,4.2666,-0.2665999999990909,HIT_TARGET,4.961941932,True,4.961941932,False,,False,False,,True,2.150010245,3.999999999996362
2026-03-20,NO_WALL,ASK,2026-03-20 14:11:53.180505345,1774015913180505345,0.0,0.0,2127.6000000000004,0.0,0.0,3,3,7.0000000000027285,6+,,,2127.2,2127.5000000000005,3.0000000000063665,2127.2,2127.3,0.0,3.0000000000063665,2.1273500000000003,0.8726500000063662,4.254700000000001,-1.2546999999936341,HIT_TARGET,0.460973226,True,0.460973226,False,,False,False,,False,,0.0
2026-03-20,NO_WALL,ASK,2026-03-20 14:16:26.183561327,1774016186183561327,0.0,0.0,2123.7,0.0,0.0,2,2,10.99999999999909,6+,,,2123.4,2123.6,1.999999999998181,2123.4,2123.5,0.0,1.999999999998181,2.1235,-0.12350000000181893,4.247,-2.247000000001819,HIT_TARGET,1.016619579,True,1.016619579,False,,False,False,,False,,0.0
2026-03-20,NO_WALL,BID,2026-03-20 14:17:30.221094881,1774016250221094881,0.0,0.0,2125.4,0.0,0.0,4,4,3.999999999996362,2-3,,,2125.9,2125.5,4.0000000000009095,2125.8,2125.9,0.0,4.0000000000009095,2.1256999999999997,1.8743000000009098,4.251399999999999,-0.2513999999990899,HIT_TARGET,11.222738017,True,11.222738017,False,,False,False,,True,0.102151769,5.9999999999990905
2026-03-20,NO_WALL,BID,2026-03-20 14:20:06.858074894,1774016406858074894,0.0,0.0,2119.5,0.0,0.0,5,5,10.0,6+,,,2120.1,2119.6,5.0,2120.0,2120.1,0.0,5.0,2.1198499999999996,2.8801500000000004,4.239699999999999,0.7603000000000009,HIT_TARGET,11.027490608,True,11.027490608,False,,False,False,,True,0.772313412,14.00000000000091
2026-03-20,NO_WALL,BID,2026-03-20 14:20:15.180663867,1774016415180663867,0.0,0.0,2119.7000000000003,0.0,0.0,2,2,4.0000000000009095,4-5,,,2120.0,2119.8,1.999999999998181,2119.9,2120.0,0.0,1.999999999998181,2.1199,-0.11990000000181888,4.2398,-2.239800000001819,HIT_TARGET,1.93831456,True,1.93831456,False,,False,False,,False,,1.999999999998181
2026-03-20,NO_WALL,ASK,2026-03-20 14:20:30.130606735,1774016430130606735,0.0,0.0,2121.5,0.0,0.0,3,3,7.9999999999972715,6+,,,2121.1,2121.4,3.000000000001819,2121.1,2121.2,0.0,3.000000000001819,2.12125,0.8787500000018191,4.2425,-1.2424999999981807,HIT_TARGET,0.051040526,True,0.051040526,False,,False,False,,False,,0.0
2026-03-20,NO_WALL,ASK,2026-03-20 14:23:47.635708611,1774016627635708611,0.0,0.0,2127.4,0.0,0.0,4,4,5.0,4-5,,,2126.9,2127.3,4.0000000000009095,2126.9,2127.0,0.0,4.0000000000009095,2.1271000000000004,1.872900000000909,4.254200000000001,-0.2541999999990914,HIT_TARGET,15.206984918,True,15.206984918,False,,False,False,,True,3.113761056,20.0
2026-03-20,NO_WALL,ASK,2026-03-20 14:24:28.199785438,1774016668199785438,0.0,0.0,2131.3,0.0,0.0,4,4,14.00000000000091,6+,,,2130.8,2131.2000000000003,4.0000000000009095,2130.8,2130.9,0.0,4.0000000000009095,2.131,1.8690000000009097,4.262,-0.26199999999909007,HIT_TARGET,1.325626273,True,1.325626273,False,,False,False,,False,,0.0
2026-03-20,NO_WALL,ASK,2026-03-20 14:25:54.791434447,1774016754791434447,0.0,0.0,2130.2000000000003,0.0,0.0,4,4,5.0,4-5,,,2129.7,2130.1000000000004,4.000000000005457,2129.7,2129.8,0.0,4.000000000005457,2.1299,1.8701000000054568,4.2598,-0.2597999999945433,HIT_TARGET,2.603875386,True,2.603875386,False,,False,False,,False,,0.0
2026-03-20,NO_WALL,ASK,2026-03-20 14:25:58.977822192,1774016758977822192,0.0,0.0,2131.1,0.0,0.0,5,5,7.9999999999972715,6+,,,2130.5,2131.0,5.0,2130.5,2130.6,0.0,5.0,2.13075,2.86925,4.2615,0.7385000000000002,HIT_TARGET,2.089440107,True,2.089440107,False,,False,False,,False,,0.9999999999990905
2026-03-20,NO_WALL,ASK,2026-03-20 14:26:12.446822769,1774016772446822769,0.0,0.0,2133.0,0.0,0.0,2,2,5.0,4-5,,,2132.7,2132.9,2.0000000000027285,2132.7,2132.8,0.0,2.0000000000027285,2.1328,-0.13279999999727155,4.2656,-2.2655999999972716,HIT_TARGET,0.051730078,True,0.051730078,False,,False,False,,False,,0.0
2026-03-20,NO_WALL,ASK,2026-03-20 14:31:11.043036577,1774017071043036577,0.0,0.0,2140.2000000000003,0.0,0.0,3,3,7.0000000000027285,6+,,,2139.8,2140.1000000000004,3.000000000001819,2139.8,2139.9,0.0,3.000000000001819,2.1399500000000002,0.8600500000018187,4.2799000000000005,-1.2798999999981815,HIT_TARGET,1.997467911,True,1.997467911,False,,False,False,,False,,0.0
2026-03-20,NO_WALL,ASK,2026-03-20 14:31:43.374461415,1774017103374461415,0.0,0.0,2140.0,0.0,0.0,3,3,3.999999999996362,2-3,,,2139.6,2139.9,3.000000000001819,2139.6,2139.7,0.0,3.000000000001819,2.13975,0.8602500000018192,4.2795,-1.2794999999981806,HIT_TARGET,0.429733631,True,0.429733631,False,,False,False,,False,,0.0
2026-03-20,NO_WALL,ASK,2026-03-20 14:32:17.535202243,1774017137535202243,0.0,0.0,2140.9,0.0,0.0,5,5,5.9999999999990905,4-5,,,2140.3,2140.8,5.0,2140.3,2140.4,0.0,5.0,2.14055,2.85945,4.2811,0.7188999999999997,HIT_TARGET,0.10235431,True,0.10235431,False,,False,False,,False,,0.0
2026-03-20,NO_WALL,ASK,2026-03-20 14:34:57.467354766,1774017297467354766,0.0,0.0,2145.1000000000004,0.0,0.0,3,3,4.0000000000009095,4-5,,,2144.7,2145.0000000000005,3.0000000000063665,2144.7,2144.8,0.0,3.0000000000063665,2.1448500000000004,0.8551500000063661,4.289700000000001,-1.2896999999936343,HIT_TARGET,2.811022612,True,2.811022612,False,,False,False,,False,,0.0
2026-03-20,NO_WALL,ASK,2026-03-20 14:36:19.435538206,1774017379435538206,0.0,0.0,2145.8,0.0,0.0,3,3,6.999999999998181,6+,,,2145.4,2145.7000000000003,3.000000000001819,2145.4,2145.5,0.0,3.000000000001819,2.14555,0.8544500000018189,4.2911,-1.2910999999981811,HIT_TARGET,5.395753418,True,5.395753418,False,,False,False,,False,,0.9999999999990905
2026-03-20,NO_WALL,BID,2026-03-20 14:37:25.152447927,1774017445152447927,0.0,0.0,2138.8999999999996,0.0,0.0,3,3,12.000000000002728,6+,,,2139.3,2138.9999999999995,3.0000000000063665,2139.2,2139.3,0.0,3.0000000000063665,2.1391499999999994,0.860850000006367,4.278299999999999,-1.2782999999936324,HIT_TARGET,36.449642783,True,36.449642783,False,,False,False,,True,11.284034987,12.000000000002728
2026-03-20,NO_WALL,ASK,2026-03-20 14:37:46.388989612,1774017466388989612,0.0,0.0,2141.0,0.0,0.0,5,5,5.0,4-5,,,2140.4,2140.9,5.0,2140.4,2140.5,0.0,5.0,2.14065,2.85935,4.2813,0.7187000000000001,TIMEOUT,60.0,False,,False,,False,False,,True,5.052827559,34.00000000000091
2026-03-20,NO_WALL,BID,2026-03-20 14:38:00.468538383,1774017480468538383,0.0,0.0,2138.7,0.0,0.0,5,5,4.0000000000009095,4-5,,,2139.3,2138.7999999999997,5.0000000000045475,2139.2,2139.3,0.0,5.0000000000045475,2.13905,2.8609500000045474,4.2781,0.7219000000045472,HIT_TARGET,1.133552327,True,1.133552327,False,,False,False,,False,,0.0
2026-03-20,NO_WALL,BID,2026-03-20 14:38:01.487660805,1774017481487660805,0.0,0.0,2138.8999999999996,0.0,0.0,3,3,4.0000000000009095,4-5,,,2139.3,2138.9999999999995,3.0000000000063665,2139.2,2139.3,0.0,3.0000000000063665,2.1391499999999994,0.860850000006367,4.278299999999999,-1.2782999999936324,HIT_TARGET,0.114429905,True,0.114429905,False,,False,False,,False,,0.0
2026-03-20,NO_WALL,BID,2026-03-20 14:38:24.414798333,1774017504414798333,0.0,0.0,2137.6000000000004,0.0,0.0,2,2,3.999999999996362,2-3,,,2137.9,2137.7000000000003,1.999999999998181,2137.8,2137.9,0.0,1.999999999998181,2.1378,-0.1378000000018189,4.2756,-2.275600000001819,HIT_TARGET,0.101619556,True,0.101619556,False,,False,False,,False,,0.0
2026-03-20,NO_WALL,ASK,2026-03-20 14:39:14.573650951,1774017554573650951,0.0,0.0,2141.7,0.0,0.0,5,5,15.99999999999909,6+,,,2141.1,2141.6,5.0,2141.1,2141.2,0.0,5.0,2.1413499999999996,2.8586500000000004,4.282699999999999,0.7173000000000007,HIT_TARGET,0.255659374,True,0.255659374,False,,False,False,,False,,0.0
2026-03-20,NO_WALL,BID,2026-03-20 14:41:47.902260366,1774017707902260366,0.0,0.0,2140.9,0.0,0.0,4,4,3.999999999996362,2-3,,,2141.4,2141.0,4.0000000000009095,2141.3,2141.4,0.0,4.0000000000009095,2.1411999999999995,1.85880000000091,4.282399999999999,-0.2823999999990896,HIT_TARGET,5.428369772,True,5.428369772,False,,False,False,,False,,0.9999999999990905
2026-03-20,NO_WALL,ASK,2026-03-20 14:42:02.047555716,1774017722047555716,0.0,0.0,2140.5,0.0,0.0,5,5,4.0000000000009095,4-5,,,2139.9,2140.4,5.0,2139.9,2140.0,0.0,5.0,2.1401499999999998,2.8598500000000002,4.2802999999999995,0.7197000000000005,HIT_TARGET,4.033226016,True,4.033226016,False,,False,False,,True,0.816944959,5.0
2026-03-20,NO_WALL,ASK,2026-03-20 14:42:39.865505440,1774017759865505440,0.0,0.0,2140.3,0.0,0.0,5,5,7.0000000000027285,6+,,,2139.7,2140.2000000000003,5.0000000000045475,2139.7,2139.8,0.0,5.0000000000045475,2.13995,2.8600500000045477,4.2799,0.7201000000045479,TIMEOUT,60.0,False,,False,,False,False,,True,0.102698691,18.00000000000182
2026-03-20,NO_WALL,BID,2026-03-20 14:44:02.747702106,1774017842747702106,0.0,0.0,2137.5,0.0,0.0,5,5,5.0,4-5,,,2138.1,2137.6,5.0,2138.0,2138.1,0.0,5.0,2.13785,2.86215,4.2757,0.7243000000000004,HIT_TARGET,18.588591684,True,18.588591684,False,,False,False,,True,4.245960539,6.999999999998181
2026-03-20,NO_WALL,ASK,2026-03-20 14:49:07.437819926,1774018147437819926,0.0,0.0,2135.8999999999996,0.0,0.0,2,2,10.0,6+,,,2135.6,2135.7999999999997,1.999999999998181,2135.6,2135.7,0.0,1.999999999998181,2.1356999999999995,-0.13570000000181848,4.271399999999999,-2.271400000001818,HIT_TARGET,0.256696702,True,0.256696702,False,,False,False,,False,,0.0
2026-03-20,NO_WALL,BID,2026-03-20 14:50:38.407846357,1774018238407846357,0.0,0.0,2132.7,0.0,0.0,4,4,5.0,4-5,,,2133.2,2132.7999999999997,4.0000000000009095,2133.1,2133.2,0.0,4.0000000000009095,2.1329999999999996,1.86700000000091,4.265999999999999,-0.26599999999908963,HIT_TARGET,0.36803699,True,0.36803699,False,,False,False,,False,,0.0
2026-03-20,NO_WALL,BID,2026-03-20 14:50:54.435654795,1774018254435654795,0.0,0.0,2131.3,0.0,0.0,5,5,10.0,6+,,,2131.9,2131.4,5.0,2131.8,2131.9,0.0,5.0,2.13165,2.86835,4.2633,0.7366999999999999,TIMEOUT,60.0,False,,False,,False,False,,True,1.723928974,10.99999999999909
2026-03-20,NO_WALL,BID,2026-03-20 14:51:00.999813918,1774018260999813918,0.0,0.0,2131.6,0.0,0.0,3,3,6.999999999998181,6+,,,2132.0,2131.7,3.000000000001819,2131.9,2132.0,0.0,3.000000000001819,2.1318499999999996,0.8681500000018194,4.263699999999999,-1.2636999999981802,HIT_TARGET,11.604688853,True,11.604688853,False,,False,False,,True,2.418981848,5.0
2026-03-20,NO_WALL,ASK,2026-03-20 14:51:37.356675768,1774018297356675768,0.0,0.0,2132.9,0.0,0.0,1,1,5.0,4-5,,,2132.7,2132.8,1.000000000003638,2132.7,2132.8,0.0,1.000000000003638,2.1327499999999997,-1.1327499999963617,4.265499999999999,-3.2654999999963614,HIT_TARGET,0.046904541,True,0.046904541,False,,False,False,,False,,0.0
2026-03-20,NO_WALL,ASK,2026-03-20 14:52:05.552251750,1774018325552251750,0.0,0.0,2134.1,0.0,0.0,5,5,6.999999999998181,6+,,,2133.5,2134.0,5.0,2133.5,2133.6,0.0,5.0,2.13375,2.86625,4.2675,0.7324999999999999,TIMEOUT,60.0,False,,False,,False,False,,True,2.679203667,64.00000000000091
2026-03-20,NO_WALL,ASK,2026-03-20 14:52:49.235481766,1774018369235481766,0.0,0.0,2128.7999999999997,0.0,0.0,1,1,3.999999999996362,2-3,,,2128.6,2128.7,0.9999999999990905,2128.6,2128.7,0.0,0.9999999999990905,2.1286499999999995,-1.128650000000909,4.257299999999999,-3.2573000000009085,HIT_TARGET,0.102403543,True,0.102403543,False,,False,False,,False,,0.0
2026-03-20,NO_WALL,BID,2026-03-20 14:54:57.904508385,1774018497904508385,0.0,0.0,2125.7,0.0,0.0,5,5,5.0,4-5,,,2126.3,2125.7999999999997,5.0000000000045475,2126.2,2126.3,0.0,5.0000000000045475,2.12605,2.8739500000045473,4.2521,0.747900000004547,TIMEOUT,60.0,False,,False,,False,False,,True,3.110666143,54.00000000000091
2026-03-20,NO_WALL,ASK,2026-03-20 14:55:19.795405885,1774018519795405885,0.0,0.0,2127.7,0.0,0.0,5,5,3.999999999996362,2-3,,,2127.1,2127.6,5.0,2127.1,2127.2,0.0,5.0,2.12735,2.87265,4.2547,0.7453000000000003,HIT_TARGET,22.198190566,True,22.198190566,False,,False,False,,True,7.245590106,6.999999999998181
2026-03-20,NO_WALL,ASK,2026-03-20 14:55:49.640266647,1774018549640266647,0.0,0.0,2129.3999999999996,0.0,0.0,7,7,10.99999999999909,6+,,,2128.6,2129.2999999999997,6.999999999998181,2128.6,2128.7,0.0,6.999999999998181,2.1289499999999997,4.871049999998181,4.257899999999999,2.7420999999981817,HIT_TARGET,3.27029959,True,3.27029959,False,,False,False,,False,,0.0
2026-03-20,NO_WALL,ASK,2026-03-20 14:57:06.481595335,1774018626481595335,0.0,0.0,2131.1,0.0,0.0,6,6,6.999999999998181,6+,,,2130.4,2131.0,5.9999999999990905,2130.4,2130.5,0.0,5.9999999999990905,2.1306999999999996,3.869299999999091,4.261399999999999,1.7385999999990913,HIT_TARGET,9.810264627,True,9.810264627,False,,False,False,,True,4.148649084,4.0000000000009095
2026-03-20,NO_WALL,ASK,2026-03-20 15:00:44.064004937,1774018844064004937,0.0,0.0,2133.4,0.0,0.0,5,5,10.0,6+,,,2132.8,2133.3,5.0,2132.8,2132.9,0.0,5.0,2.13305,2.86695,4.2661,0.7339000000000002,HIT_TARGET,6.3903724,True,6.3903724,False,,False,False,,True,0.980398317,10.99999999999909
2026-03-20,NO_WALL,ASK,2026-03-20 15:00:54.462776964,1774018854462776964,0.0,0.0,2134.5,0.0,0.0,3,3,3.999999999996362,2-3,,,2134.1,2134.4,3.000000000001819,2134.1,2134.2,0.0,3.000000000001819,2.1342499999999998,0.8657500000018192,4.2684999999999995,-1.2684999999981805,HIT_TARGET,0.78697789,True,0.78697789,False,,False,False,,False,,0.0
2026-03-20,NO_WALL,BID,2026-03-20 15:01:07.596516303,1774018867596516303,0.0,0.0,2132.0,0.0,0.0,3,3,3.999999999996362,2-3,,,2132.4,2132.1,3.000000000001819,2132.3,2132.4,0.0,3.000000000001819,2.13225,0.867750000001819,4.2645,-1.264499999998181,HIT_TARGET,33.827277057,True,33.827277057,False,,False,False,,True,1.882150744,17.99999999999727
2026-03-20,NO_WALL,BID,2026-03-20 15:03:23.488914625,1774019003488914625,0.0,0.0,2128.1,0.0,0.0,4,4,4.0000000000009095,4-5,,,2128.6,2128.2,4.0000000000009095,2128.5,2128.6,0.0,4.0000000000009095,2.1283999999999996,1.8716000000009099,4.256799999999999,-0.25679999999908976,HIT_TARGET,8.154773072,True,8.154773072,False,,False,False,,True,2.042969867,3.000000000001819
2026-03-20,NO_WALL,BID,2026-03-20 15:08:05.010461475,1774019285010461475,0.0,0.0,2124.2999999999997,0.0,0.0,3,3,4.0000000000009095,4-5,,,2124.7,2124.3999999999996,3.000000000001819,2124.6,2124.7,0.0,3.000000000001819,2.1245499999999997,0.8754500000018193,4.249099999999999,-1.2490999999981804,HIT_TARGET,8.115961317,True,8.115961317,False,,False,False,,True,1.277110222,5.9999999999990905
2026-03-20,NO_WALL,ASK,2026-03-20 15:08:08.216742383,1774019288216742383,0.0,0.0,2125.5,0.0,0.0,2,2,6.000000000003638,6+,,,2125.2,2125.4,2.0000000000027285,2125.2,2125.3,0.0,2.0000000000027285,2.1253,-0.1252999999972717,4.2506,-2.250599999997272,TIMEOUT,60.0,False,,False,,False,False,,True,2.560628161,43.00000000000182
2026-03-20,NO_WALL,BID,2026-03-20 15:09:30.020778158,1774019370020778158,0.0,0.0,2120.0,0.0,0.0,2,2,7.0000000000027285,6+,,,2120.3,2120.1,2.0000000000027285,2120.2,2120.3,0.0,2.0000000000027285,2.1201999999999996,-0.12019999999727116,4.240399999999999,-2.240399999997271,TIMEOUT,60.0,False,,False,,False,False,,True,3.472863627,34.00000000000091
2026-03-20,NO_WALL,BID,2026-03-20 15:09:54.616785713,1774019394616785713,0.0,0.0,2121.8,0.0,0.0,1,1,5.0,4-5,,,2122.0,2121.9,0.9999999999990905,2121.9,2122.0,0.0,0.9999999999990905,2.12195,-1.1219500000009095,4.2439,-3.2439000000009095,HIT_TARGET,0.020043671,True,0.020043671,False,,False,False,,False,,0.0
2026-03-20,NO_WALL,BID,2026-03-20 15:12:06.729044911,1774019526729044911,0.0,0.0,2126.8,0.0,0.0,2,2,5.9999999999990905,4-5,,,2127.1,2126.9,1.999999999998181,2127.0,2127.1,0.0,1.999999999998181,2.127,-0.12700000000181877,4.254,-2.2540000000018185,HIT_TARGET,1.877348883,True,1.877348883,False,,False,False,,False,,0.0
2026-03-20,NO_WALL,BID,2026-03-20 15:15:07.899471223,1774019707899471223,0.0,0.0,2130.1,0.0,0.0,1,1,5.0,4-5,,,2130.3,2130.2,1.000000000003638,2130.2,2130.3,0.0,1.000000000003638,2.1302499999999998,-1.1302499999963618,4.2604999999999995,-3.2604999999963615,HIT_TARGET,0.052494952,True,0.052494952,False,,False,False,,False,,0.0
2026-03-20,NO_WALL,ASK,2026-03-20 15:15:40.037217477,1774019740037217477,0.0,0.0,2129.5,0.0,0.0,6,6,5.0,4-5,,,2128.8,2129.4,5.9999999999990905,2128.8,2128.9,0.0,5.9999999999990905,2.1291,3.8708999999990903,4.2582,1.74179999999909,HIT_TARGET,1.043583657,True,1.043583657,False,,False,False,,False,,0.0
2026-03-20,NO_WALL,ASK,2026-03-20 15:15:46.359100157,1774019746359100157,0.0,0.0,2131.6,0.0,0.0,4,4,6.999999999998181,6+,,,2131.1,2131.5,4.0000000000009095,2131.1,2131.2,0.0,4.0000000000009095,2.1313,1.8687000000009095,4.2626,-0.26259999999909045,TIMEOUT,60.0,False,,False,,False,False,,True,3.954122874,31.99999999999818
2026-03-20,NO_WALL,BID,2026-03-20 15:15:50.764933635,1774019750764933635,0.0,0.0,2130.2,0.0,0.0,5,5,4.0000000000009095,4-5,,,2130.8,2130.2999999999997,5.0000000000045475,2130.7,2130.8,0.0,5.0000000000045475,2.13055,2.8694500000045475,4.2611,0.7389000000045476,HIT_TARGET,17.766747984,True,17.766747984,False,,False,False,,True,9.194107862,3.000000000001819
2026-03-20,NO_WALL,BID,2026-03-20 15:16:51.242461797,1774019811242461797,0.0,0.0,2127.0,0.0,0.0,4,4,4.0000000000009095,4-5,,,2127.5,2127.1,4.0000000000009095,2127.4,2127.5,0.0,4.0000000000009095,2.1273,1.8727000000009095,4.2546,-0.25459999999909044,HIT_TARGET,5.359470272,True,5.359470272,False,,False,False,,False,,0.0
2026-03-20,NO_WALL,ASK,2026-03-20 15:17:22.335685467,1774019842335685467,0.0,0.0,2127.7,0.0,0.0,2,2,4.0000000000009095,4-5,,,2127.4,2127.6,1.999999999998181,2127.4,2127.5,0.0,1.999999999998181,2.1275,-0.12750000000181894,4.255,-2.255000000001819,HIT_TARGET,13.767039153,True,13.767039153,False,,False,False,,True,8.356587278,5.9999999999990905
2026-03-20,NO_WALL,BID,2026-03-20 15:19:25.011498745,1774019965011498745,0.0,0.0,2121.3999999999996,0.0,0.0,3,3,8.000000000001819,6+,,,2121.8,2121.4999999999995,3.0000000000063665,2121.7,2121.8,0.0,3.0000000000063665,2.1216499999999994,0.8783500000063671,4.243299999999999,-1.2432999999936323,TIMEOUT,60.0,False,,False,,False,False,,True,3.726118668,26.000000000003638
2026-03-20,NO_WALL,BID,2026-03-20 15:20:57.116531829,1774020057116531829,0.0,0.0,2124.1,0.0,0.0,4,4,5.9999999999990905,4-5,,,2124.6,2124.2,4.0000000000009095,2124.5,2124.6,0.0,4.0000000000009095,2.1243999999999996,1.8756000000009099,4.248799999999999,-0.24879999999908975,HIT_TARGET,3.57568011,True,3.57568011,False,,False,False,,False,,0.0
2026-03-20,NO_WALL,BID,2026-03-20 15:22:06.091814340,1774020126091814340,0.0,0.0,2123.2000000000003,0.0,0.0,1,1,3.999999999996362,2-3,,,2123.4,2123.3,0.9999999999990905,2123.3,2123.4,0.0,0.9999999999990905,2.1233500000000003,-1.1233500000009098,4.246700000000001,-3.24670000000091,HIT_TARGET,0.045230962,True,0.045230962,False,,False,False,,False,,0.0
2026-03-20,NO_WALL,ASK,2026-03-20 15:23:29.816864747,1774020209816864747,0.0,0.0,2129.7999999999997,0.0,0.0,1,1,25.0,6+,,,2129.6,2129.7,0.9999999999990905,2129.6,2129.7,0.0,0.9999999999990905,2.1296499999999994,-1.1296500000009089,4.259299999999999,-3.2593000000009082,HIT_TARGET,0.046557969,True,0.046557969,False,,False,False,,False,,0.0
2026-03-20,NO_WALL,BID,2026-03-20 15:24:25.067798803,1774020265067798803,0.0,0.0,2131.6,0.0,0.0,5,5,17.00000000000273,6+,,,2132.2,2131.7,5.0,2132.1,2132.2,0.0,5.0,2.13195,2.86805,4.2639,0.7361000000000004,HIT_TARGET,28.273882453,True,28.273882453,False,,False,False,,True,10.310826682,5.9999999999990905
2026-03-20,NO_WALL,ASK,2026-03-20 15:24:44.967009481,1774020284967009481,0.0,0.0,2133.2000000000003,0.0,0.0,4,4,8.000000000001819,6+,,,2132.7,2133.1000000000004,4.000000000005457,2132.7,2132.8,0.0,4.000000000005457,2.1329,1.8671000000054572,4.2658,-0.2657999999945426,TIMEOUT,60.0,False,,False,,False,False,,True,0.824672237,37.00000000000273
2026-03-20,NO_WALL,BID,2026-03-20 15:25:49.841046498,1774020349841046498,0.0,0.0,2129.0,0.0,0.0,5,5,4.0000000000009095,4-5,,,2129.6,2129.1,5.0,2129.5,2129.6,0.0,5.0,2.1293499999999996,2.8706500000000004,4.258699999999999,0.7413000000000007,HIT_TARGET,6.109266134,True,6.109266134,False,,False,False,,False,,0.9999999999990905
2026-03-20,NO_WALL,ASK,2026-03-20 15:27:56.672645651,1774020476672645651,0.0,0.0,2131.0,0.0,0.0,4,4,6.999999999998181,6+,,,2130.5,2130.9,4.0000000000009095,2130.5,2130.6,0.0,4.0000000000009095,2.1306999999999996,1.86930000000091,4.261399999999999,-0.2613999999990897,TIMEOUT,60.0,False,,False,,False,False,,True,11.42902131,25.0
2026-03-20,NO_WALL,BID,2026-03-20 15:32:45.436098098,1774020765436098098,0.0,0.0,2130.7,0.0,0.0,5,5,8.000000000001819,6+,,,2131.3,2130.7999999999997,5.0000000000045475,2131.2,2131.3,0.0,5.0000000000045475,2.13105,2.8689500000045474,4.2621,0.7379000000045473,HIT_TARGET,3.176451947,True,3.176451947,False,,False,False,,False,,0.0
2026-03-20,NO_WALL,ASK,2026-03-20 15:33:40.394083580,1774020820394083580,0.0,0.0,2134.7,0.0,0.0,5,5,6.999999999998181,6+,,,2134.1,2134.6,5.0,2134.1,2134.2,0.0,5.0,2.1343499999999995,2.8656500000000005,4.268699999999999,0.731300000000001,HIT_TARGET,35.772814317,True,35.772814317,False,,False,False,,True,5.8741929,12.999999999997272
2026-03-20,NO_WALL,BID,2026-03-20 15:34:49.660601535,1774020889660601535,0.0,0.0,2131.8,0.0,0.0,5,5,5.9999999999990905,4-5,,,2132.4,2131.9,5.0,2132.3,2132.4,0.0,5.0,2.13215,2.86785,4.2643,0.7356999999999996,HIT_TARGET,56.660467359,True,56.660467359,False,,False,False,,True,9.746617089,8.999999999996362
2026-03-20,NO_WALL,ASK,2026-03-20 15:37:00.476786759,1774021020476786759,0.0,0.0,2131.1,0.0,0.0,6,6,5.0,4-5,,,2130.4,2131.0,5.9999999999990905,2130.4,2130.5,0.0,5.9999999999990905,2.1306999999999996,3.869299999999091,4.261399999999999,1.7385999999990913,HIT_TARGET,15.67573216,True,15.67573216,False,,False,False,,True,0.307655518,6.999999999998181
2026-03-20,NO_WALL,BID,2026-03-20 15:37:01.497529129,1774021021497529129,0.0,0.0,2129.4,0.0,0.0,5,5,5.0,4-5,,,2130.0,2129.5,5.0,2129.9,2130.0,0.0,5.0,2.12975,2.87025,4.2595,0.7404999999999999,TIMEOUT,60.0,False,,False,,False,False,,True,5.722203708,25.0
2026-03-20,NO_WALL,BID,2026-03-20 15:37:34.425946363,1774021054425946363,0.0,0.0,2130.6000000000004,0.0,0.0,2,2,5.9999999999990905,4-5,,,2130.9,2130.7000000000003,1.999999999998181,2130.8,2130.9,0.0,1.999999999998181,2.1308000000000002,-0.13080000000181924,4.2616000000000005,-2.2616000000018195,TIMEOUT,60.0,False,,False,,False,False,,True,1.786614941,40.99999999999909
2026-03-20,NO_WALL,ASK,2026-03-20 15:38:02.135616351,1774021082135616351,0.0,0.0,2132.8,0.0,0.0,3,3,4.0000000000009095,4-5,,,2132.4,2132.7000000000003,3.000000000001819,2132.4,2132.5,0.0,3.000000000001819,2.13255,0.8674500000018188,4.2651,-1.2650999999981813,HIT_TARGET,1.071572637,True,1.071572637,False,,False,False,,False,,0.9999999999990905
2026-03-20,NO_WALL,BID,2026-03-20 15:38:55.661767762,1774021135661767762,0.0,0.0,2131.0,0.0,0.0,5,5,14.00000000000091,6+,,,2131.6,2131.1,5.0,2131.5,2131.6,0.0,5.0,2.13135,2.86865,4.2627,0.7373000000000003,TIMEOUT,60.0,False,,False,,False,False,,True,4.490981035,15.99999999999909
2026-03-20,NO_WALL,ASK,2026-03-20 15:39:46.722783235,1774021186722783235,0.0,0.0,2132.6,0.0,0.0,2,2,8.000000000001819,6+,,,2132.3,2132.5,1.999999999998181,2132.3,2132.4,0.0,1.999999999998181,2.1324,-0.13240000000181906,4.2648,-2.264800000001819,HIT_TARGET,10.072603796,True,10.072603796,False,,False,False,,False,,2.0000000000027285
2026-03-20,NO_WALL,BID,2026-03-20 15:43:22.021104559,1774021402021104559,0.0,0.0,2132.1,0.0,0.0,3,3,4.0000000000009095,4-5,,,2132.5,2132.2,3.000000000001819,2132.4,2132.5,0.0,3.000000000001819,2.1323499999999997,0.8676500000018192,4.2646999999999995,-1.2646999999981805,TIMEOUT,60.0,False,,False,,False,False,,True,0.932716655,17.99999999999727
2026-03-20,NO_WALL,ASK,2026-03-20 15:43:37.436090499,1774021417436090499,0.0,0.0,2133.0,0.0,0.0,1,1,4.0000000000009095,4-5,,,2132.8,2132.9,0.9999999999990905,2132.8,2132.9,0.0,0.9999999999990905,2.1328500000000004,-1.1328500000009099,4.265700000000001,-3.26570000000091,HIT_TARGET,0.118775133,True,0.118775133,False,,False,False,,False,,0.0
2026-03-20,NO_WALL,ASK,2026-03-20 15:43:52.519852056,1774021432519852056,0.0,0.0,2134.3999999999996,0.0,0.0,2,2,6.999999999998181,6+,,,2134.1,2134.2999999999997,1.999999999998181,2134.1,2134.2,0.0,1.999999999998181,2.1341999999999994,-0.13420000000181842,4.268399999999999,-2.268400000001818,HIT_TARGET,5.255783855,True,5.255783855,False,,False,False,,False,,1.999999999998181
2026-03-20,NO_WALL,ASK,2026-03-20 15:47:19.136218580,1774021639136218580,0.0,0.0,2131.1,0.0,0.0,1,1,5.0,4-5,,,2130.9,2131.0,0.9999999999990905,2130.9,2131.0,0.0,0.9999999999990905,2.1309499999999995,-1.130950000000909,4.261899999999999,-3.2619000000009084,HIT_TARGET,0.101738196,True,0.101738196,False,,False,False,,False,,0.0
2026-03-20,NO_WALL,BID,2026-03-20 15:48:31.945013643,1774021711945013643,0.0,0.0,2134.0,0.0,0.0,3,3,5.0,4-5,,,2134.4,2134.1,3.000000000001819,2134.3,2134.4,0.0,3.000000000001819,2.1342499999999998,0.8657500000018192,4.2684999999999995,-1.2684999999981805,HIT_TARGET,4.852895444,True,4.852895444,False,,False,False,,False,,0.0
2026-03-20,NO_WALL,BID,2026-03-20 15:51:29.942767492,1774021889942767492,0.0,0.0,2132.8,0.0,0.0,2,2,5.0,4-5,,,2133.1,2132.9,1.999999999998181,2133.0,2133.1,0.0,1.999999999998181,2.1329999999999996,-0.13300000000181855,4.265999999999999,-2.266000000001818,HIT_TARGET,0.655020391,True,0.655020391,False,,False,False,,False,,0.0
2026-03-20,NO_WALL,ASK,2026-03-20 15:53:08.082806892,1774021988082806892,0.0,0.0,2136.5,0.0,0.0,4,4,5.0,4-5,,,2136.0,2136.4,4.0000000000009095,2136.0,2136.1,0.0,4.0000000000009095,2.1361999999999997,1.8638000000009098,4.272399999999999,-0.2723999999990898,HIT_TARGET,2.298756825,True,2.298756825,False,,False,False,,False,,0.0
2026-03-20,NO_WALL,BID,2026-03-20 15:56:13.067013375,1774022173067013375,0.0,0.0,2131.3,0.0,0.0,1,1,5.0,4-5,,,2131.5,2131.4,0.9999999999990905,2131.4,2131.5,0.0,0.9999999999990905,2.1314499999999996,-1.1314500000009091,4.262899999999999,-3.2629000000009087,HIT_TARGET,0.04328449,True,0.04328449,False,,False,False,,False,,0.0
2026-03-20,NO_WALL,BID,2026-03-20 15:58:15.404450180,1774022295404450180,0.0,0.0,2132.6000000000004,0.0,0.0,2,2,5.0,4-5,,,2132.9,2132.7000000000003,1.999999999998181,2132.8,2132.9,0.0,1.999999999998181,2.1328,-0.13280000000181902,4.2656,-2.265600000001819,TIMEOUT,60.0,False,,False,,False,False,,True,40.63515596,13.999999999996362
2026-03-20,NO_WALL,BID,2026-03-20 16:05:46.807167124,1774022746807167124,0.0,0.0,2135.6,0.0,0.0,5,5,8.000000000001819,6+,,,2136.2,2135.7,5.0,2136.1,2136.2,0.0,5.0,2.13595,2.86405,4.2719,0.7281000000000004,HIT_TARGET,54.12821738,True,54.12821738,False,,False,False,,True,8.228232546,17.00000000000273
2026-03-20,NO_WALL,ASK,2026-03-20 16:05:55.943574716,1774022755943574716,0.0,0.0,2137.2000000000003,0.0,0.0,3,3,7.0000000000027285,6+,,,2136.8,2137.1000000000004,3.000000000001819,2136.8,2136.9,0.0,3.000000000001819,2.13695,0.8630500000018189,4.2739,-1.2738999999981813,HIT_TARGET,1.90101952,True,1.90101952,False,,False,False,,False,,0.0
2026-03-20,NO_WALL,BID,2026-03-20 16:08:35.837848145,1774022915837848145,0.0,0.0,2134.2999999999997,0.0,0.0,4,4,9.00000000000091,6+,,,2134.8,2134.3999999999996,4.000000000005457,2134.7,2134.8,0.0,4.000000000005457,2.1346,1.8654000000054571,4.2692,-0.2691999999945427,HIT_TARGET,5.61974773,True,5.61974773,False,,False,False,,False,,0.0
2026-03-20,NO_WALL,ASK,2026-03-20 16:10:36.177467838,1774023036177467838,0.0,0.0,2139.6,0.0,0.0,1,1,5.9999999999990905,4-5,,,2139.4,2139.5,0.9999999999990905,2139.4,2139.5,0.0,0.9999999999990905,2.1394499999999996,-1.1394500000009091,4.278899999999999,-3.2789000000009088,HIT_TARGET,0.075042848,True,0.075042848,False,,False,False,,False,,0.0
2026-03-20,NO_WALL,ASK,2026-03-20 16:17:00.740075724,1774023420740075724,0.0,0.0,2138.2,0.0,0.0,1,1,9.00000000000091,6+,,,2138.0,2138.1,0.9999999999990905,2138.0,2138.1,0.0,0.9999999999990905,2.1380500000000002,-1.1380500000009097,4.2761000000000005,-3.27610000000091,HIT_TARGET,0.036263871,True,0.036263871,False,,False,False,,False,,0.0
2026-03-20,NO_WALL,BID,2026-03-20 16:20:26.672466530,1774023626672466530,0.0,0.0,2142.5,0.0,0.0,5,5,4.0000000000009095,4-5,,,2143.1,2142.6,5.0,2143.0,2143.1,0.0,5.0,2.1428499999999997,2.8571500000000003,4.285699999999999,0.7143000000000006,HIT_TARGET,26.860567429,True,26.860567429,False,,False,False,,True,2.760172505,15.0
2026-03-20,NO_WALL,ASK,2026-03-20 16:20:32.384105379,1774023632384105379,0.0,0.0,2144.0,0.0,0.0,2,2,5.0,4-5,,,2143.7,2143.9,2.0000000000027285,2143.7,2143.8,0.0,2.0000000000027285,2.1438,-0.14379999999727167,4.2876,-2.287599999997272,HIT_TARGET,0.421677234,True,0.421677234,False,,False,False,,False,,0.0
2026-03-20,NO_WALL,BID,2026-03-20 16:20:44.752397769,1774023644752397769,0.0,0.0,2143.3,0.0,0.0,1,1,5.9999999999990905,4-5,,,2143.5,2143.4,0.9999999999990905,2143.4,2143.5,0.0,0.9999999999990905,2.1434499999999996,-1.1434500000009091,4.286899999999999,-3.2869000000009088,HIT_TARGET,0.045369381,True,0.045369381,False,,False,False,,False,,0.0
2026-03-20,NO_WALL,BID,2026-03-20 16:21:40.768523111,1774023700768523111,0.0,0.0,2142.1,0.0,0.0,4,4,10.0,6+,,,2142.6,2142.2,4.0000000000009095,2142.5,2142.6,0.0,4.0000000000009095,2.1423999999999994,1.85760000000091,4.284799999999999,-0.28479999999908934,HIT_TARGET,11.760559041,True,11.760559041,False,,False,False,,False,,0.0
2026-03-20,NO_WALL,BID,2026-03-20 16:22:02.263704062,1774023722263704062,0.0,0.0,2140.6,0.0,0.0,4,4,5.0,4-5,,,2141.1,2140.7,4.0000000000009095,2141.0,2141.1,0.0,4.0000000000009095,2.1409,1.8591000000009097,4.2818,-0.2817999999990901,HIT_TARGET,1.539859779,True,1.539859779,False,,False,False,,False,,0.0
2026-03-20,NO_WALL,BID,2026-03-20 16:22:09.872367222,1774023729872367222,0.0,0.0,2139.0,0.0,0.0,5,5,10.99999999999909,6+,,,2139.6,2139.1,5.0,2139.5,2139.6,0.0,5.0,2.13935,2.86065,4.2787,0.7213000000000003,HIT_TARGET,10.718119638,True,10.718119638,False,,False,False,,False,,0.0
2026-03-20,NO_WALL,BID,2026-03-20 16:23:20.455380623,1774023800455380623,0.0,0.0,2140.8,0.0,0.0,5,5,10.0,6+,,,2141.4,2140.9,5.0,2141.3,2141.4,0.0,5.0,2.1411499999999997,2.8588500000000003,4.282299999999999,0.7177000000000007,HIT_TARGET,16.338062801,True,16.338062801,False,,False,False,,False,,0.0
2026-03-20,NO_WALL,BID,2026-03-20 16:25:03.150566337,1774023903150566337,0.0,0.0,2138.4,0.0,0.0,1,1,4.0000000000009095,4-5,,,2138.6,2138.5,0.9999999999990905,2138.5,2138.6,0.0,0.9999999999990905,2.13855,-1.1385500000009094,4.2771,-3.2771000000009094,HIT_TARGET,0.047868295,True,0.047868295,False,,False,False,,False,,0.0
2026-03-20,NO_WALL,BID,2026-03-20 16:30:56.543942390,1774024256543942390,0.0,0.0,2138.0,0.0,0.0,3,3,5.0,4-5,,,2138.4,2138.1,3.000000000001819,2138.3,2138.4,0.0,3.000000000001819,2.1382499999999998,0.8617500000018192,4.2764999999999995,-1.2764999999981805,HIT_TARGET,2.705968482,True,2.705968482,False,,False,False,,False,,0.0
2026-03-20,NO_WALL,BID,2026-03-20 16:32:05.135883463,1774024325135883463,0.0,0.0,2130.7000000000003,0.0,0.0,1,1,5.0,4-5,,,2130.9,2130.8,0.9999999999990905,2130.8,2130.9,0.0,0.9999999999990905,2.13085,-1.1308500000009096,4.2617,-3.2617000000009098,HIT_TARGET,0.046367106,True,0.046367106,False,,False,False,,False,,0.0
2026-03-20,NO_WALL,BID,2026-03-20 16:34:36.026057516,1774024476026057516,0.0,0.0,2135.1,0.0,0.0,5,5,9.00000000000091,6+,,,2135.7,2135.2,5.0,2135.6,2135.7,0.0,5.0,2.1354499999999996,2.8645500000000004,4.270899999999999,0.7291000000000007,TIMEOUT,60.0,False,,False,,False,False,,True,12.657888901,10.99999999999909
2026-03-20,NO_WALL,BID,2026-03-20 16:37:33.881548303,1774024653881548303,0.0,0.0,2134.0,0.0,0.0,3,3,6.999999999998181,6+,,,2134.4,2134.1,3.000000000001819,2134.3,2134.4,0.0,3.000000000001819,2.1342499999999998,0.8657500000018192,4.2684999999999995,-1.2684999999981805,HIT_TARGET,8.066172829,True,8.066172829,False,,False,False,,False,,0.0
2026-03-20,NO_WALL,ASK,2026-03-20 16:37:47.210038365,1774024667210038365,0.0,0.0,2134.8,0.0,0.0,3,3,5.9999999999990905,4-5,,,2134.4,2134.7000000000003,3.000000000001819,2134.4,2134.5,0.0,3.000000000001819,2.13455,0.865450000001819,4.2691,-1.269099999998181,HIT_TARGET,2.755671358,True,2.755671358,False,,False,False,,False,,0.0
2026-03-20,NO_WALL,ASK,2026-03-20 16:39:36.443641854,1774024776443641854,0.0,0.0,2133.0,0.0,0.0,6,6,4.0000000000009095,4-5,,,2132.3,2132.9,5.9999999999990905,2132.3,2132.4,0.0,5.9999999999990905,2.1326,3.8673999999990905,4.2652,1.7347999999990904,HIT_TARGET,4.946690558,True,4.946690558,False,,False,False,,False,,0.0
2026-03-20,NO_WALL,BID,2026-03-20 16:45:17.053002736,1774025117053002736,0.0,0.0,2133.8,0.0,0.0,2,2,5.0,4-5,,,2134.1,2133.9,1.999999999998181,2134.0,2134.1,0.0,1.999999999998181,2.134,-0.1340000000018189,4.268,-2.268000000001819,HIT_TARGET,0.227443883,True,0.227443883,False,,False,False,,False,,0.0
2026-03-20,NO_WALL,BID,2026-03-20 16:47:36.935813932,1774025256935813932,0.0,0.0,2135.0,0.0,0.0,5,5,5.0,4-5,,,2135.6,2135.1,5.0,2135.5,2135.6,0.0,5.0,2.13535,2.86465,4.2707,0.7293000000000003,TIMEOUT,60.0,False,,False,,False,False,,True,11.47905314,11.999999999998181
2026-03-20,NO_WALL,ASK,2026-03-20 16:50:22.653003575,1774025422653003575,0.0,0.0,2135.6,0.0,0.0,2,2,5.0,4-5,,,2135.3,2135.5,1.999999999998181,2135.3,2135.4,0.0,1.999999999998181,2.1353999999999997,-0.13540000000181873,4.2707999999999995,-2.2708000000018185,TIMEOUT,60.0,False,,False,,False,False,,True,1.689684829,35.0
2026-03-20,NO_WALL,BID,2026-03-20 16:53:31.585809847,1774025611585809847,0.0,0.0,2134.5,0.0,0.0,2,2,7.0000000000027285,6+,,,2134.8,2134.6,2.0000000000027285,2134.7,2134.8,0.0,2.0000000000027285,2.1346999999999996,-0.1346999999972711,4.269399999999999,-2.2693999999972707,HIT_TARGET,15.156189255,True,15.156189255,False,,False,False,,False,,0.0
2026-03-20,NO_WALL,BID,2026-03-20 16:59:25.736234041,1774025965736234041,0.0,0.0,2136.9,0.0,0.0,4,4,3.999999999996362,2-3,,,2137.4,2137.0,4.0000000000009095,2137.3,2137.4,0.0,4.0000000000009095,2.1372,1.8628000000009095,4.2744,-0.2743999999990905,HIT_TARGET,3.520812036,True,3.520812036,False,,False,False,,False,,0.0
2026-03-20,NO_WALL,BID,2026-03-20 17:05:40.470589201,1774026340470589201,0.0,0.0,2134.1,0.0,0.0,4,4,18.00000000000182,6+,,,2134.6,2134.2,4.0000000000009095,2134.5,2134.6,0.0,4.0000000000009095,2.1343999999999994,1.86560000000091,4.268799999999999,-0.2687999999990893,HIT_TARGET,0.408109442,True,0.408109442,False,,False,False,,False,,0.0
2026-03-20,NO_WALL,ASK,2026-03-20 17:06:04.245023138,1774026364245023138,0.0,0.0,2134.6,0.0,0.0,5,5,4.0000000000009095,4-5,,,2134.0,2134.5,5.0,2134.0,2134.1,0.0,5.0,2.1342499999999998,2.8657500000000002,4.2684999999999995,0.7315000000000005,HIT_TARGET,0.357649015,True,0.357649015,False,,False,False,,False,,0.0
2026-03-20,NO_WALL,BID,2026-03-20 17:10:14.292431989,1774026614292431989,0.0,0.0,2136.0,0.0,0.0,4,4,5.0,4-5,,,2136.5,2136.1,4.0000000000009095,2136.4,2136.5,0.0,4.0000000000009095,2.1363,1.8637000000009096,4.2726,-0.27259999999909024,HIT_TARGET,7.660011367,True,7.660011367,False,,False,False,,False,,0.0
2026-03-20,NO_WALL,BID,2026-03-20 17:13:29.156241788,1774026809156241788,0.0,0.0,2132.6,0.0,0.0,4,4,4.0000000000009095,4-5,,,2133.1,2132.7,4.0000000000009095,2133.0,2133.1,0.0,4.0000000000009095,2.1328999999999994,1.8671000000009101,4.265799999999999,-0.2657999999990892,HIT_TARGET,1.581348945,True,1.581348945,False,,False,False,,False,,0.0
2026-03-20,NO_WALL,ASK,2026-03-20 17:17:27.381993893,1774027047381993893,0.0,0.0,2131.3999999999996,0.0,0.0,2,2,3.999999999996362,2-3,,,2131.1,2131.2999999999997,1.999999999998181,2131.1,2131.2,0.0,1.999999999998181,2.1311999999999998,-0.13120000000181875,4.2623999999999995,-2.2624000000018185,HIT_TARGET,0.051145906,True,0.051145906,False,,False,False,,False,,0.0
2026-03-20,NO_WALL,BID,2026-03-20 17:24:45.505314381,1774027485505314381,0.0,0.0,2134.0,0.0,0.0,2,2,5.0,4-5,,,2134.3,2134.1,2.0000000000027285,2134.2,2134.3,0.0,2.0000000000027285,2.1341999999999994,-0.13419999999727095,4.268399999999999,-2.2683999999972704,HIT_TARGET,5.79204284,True,5.79204284,False,,False,False,,False,,0.0
2026-03-20,NO_WALL,BID,2026-03-20 17:24:54.200580655,1774027494200580655,0.0,0.0,2132.1000000000004,0.0,0.0,7,7,13.999999999996362,6+,,,2132.9,2132.2000000000003,6.999999999998181,2132.8,2132.9,0.0,6.999999999998181,2.13255,4.867449999998181,4.2651,2.7348999999981807,HIT_TARGET,7.253138938,True,7.253138938,False,,False,False,,False,,0.0
2026-03-20,NO_WALL,ASK,2026-03-20 17:27:31.156898397,1774027651156898397,0.0,0.0,2131.9,0.0,0.0,1,1,4.0000000000009095,4-5,,,2131.7,2131.8,1.000000000003638,2131.7,2131.8,0.0,1.000000000003638,2.13175,-1.1317499999963618,4.2635,-3.2634999999963616,HIT_TARGET,0.060252327,True,0.060252327,False,,False,False,,False,,0.0
2026-03-20,NO_WALL,BID,2026-03-20 17:32:57.296121113,1774027977296121113,0.0,0.0,2126.8,0.0,0.0,2,2,5.0,4-5,,,2127.1,2126.9,1.999999999998181,2127.0,2127.1,0.0,1.999999999998181,2.127,-0.12700000000181877,4.254,-2.2540000000018185,HIT_TARGET,0.561036669,True,0.561036669,False,,False,False,,False,,0.0
2026-03-20,NO_WALL,BID,2026-03-20 17:34:50.444101833,1774028090444101833,0.0,0.0,2124.2999999999997,0.0,0.0,3,3,8.000000000001819,6+,,,2124.7,2124.3999999999996,3.000000000001819,2124.6,2124.7,0.0,3.000000000001819,2.1245499999999997,0.8754500000018193,4.249099999999999,-1.2490999999981804,TIMEOUT,60.0,False,,False,,False,False,,True,4.069257903,35.0
2026-03-20,NO_WALL,ASK,2026-03-20 17:37:51.138737774,1774028271138737774,0.0,0.0,2124.4,0.0,0.0,4,4,4.0000000000009095,4-5,,,2123.9,2124.3,4.0000000000009095,2123.9,2124.0,0.0,4.0000000000009095,2.1241000000000003,1.8759000000009092,4.248200000000001,-0.24819999999909115,HIT_TARGET,10.177403941,True,10.177403941,False,,False,False,,True,2.623305657,5.0
2026-03-20,NO_WALL,BID,2026-03-20 17:38:08.406167584,1774028288406167584,0.0,0.0,2124.2999999999997,0.0,0.0,4,4,5.0,4-5,,,2124.8,2124.3999999999996,4.000000000005457,2124.7,2124.8,0.0,4.000000000005457,2.1245999999999996,1.8754000000054574,4.249199999999999,-0.24919999999454223,TIMEOUT,60.0,False,,False,,False,False,,True,5.517459738,22.00000000000273
2026-03-20,NO_WALL,ASK,2026-03-20 17:38:32.589945642,1774028312589945642,0.0,0.0,2126.6,0.0,0.0,4,4,10.0,6+,,,2126.1,2126.5,4.0000000000009095,2126.1,2126.2,0.0,4.0000000000009095,2.1263,1.8737000000009094,4.2526,-0.25259999999909066,HIT_TARGET,0.367134324,True,0.367134324,False,,False,False,,False,,0.0
2026-03-20,NO_WALL,ASK,2026-03-20 17:40:30.637508413,1774028430637508413,0.0,0.0,2129.1,0.0,0.0,4,4,3.999999999996362,2-3,,,2128.6,2129.0,4.0000000000009095,2128.6,2128.7,0.0,4.0000000000009095,2.1288,1.8712000000009095,4.2576,-0.25759999999909056,HIT_TARGET,1.920244036,True,1.920244036,False,,False,False,,False,,0.0
2026-03-20,NO_WALL,BID,2026-03-20 17:41:43.157438405,1774028503157438405,0.0,0.0,2124.7000000000003,0.0,0.0,1,1,5.9999999999990905,4-5,,,2124.9,2124.8,0.9999999999990905,2124.8,2124.9,0.0,0.9999999999990905,2.1248500000000003,-1.1248500000009098,4.249700000000001,-3.24970000000091,HIT_TARGET,0.046590697,True,0.046590697,False,,False,False,,False,,0.0
2026-03-20,NO_WALL,ASK,2026-03-20 17:42:31.562392024,1774028551562392024,0.0,0.0,2126.0,0.0,0.0,1,1,5.9999999999990905,4-5,,,2125.8,2125.9,0.9999999999990905,2125.8,2125.9,0.0,0.9999999999990905,2.1258500000000002,-1.1258500000009097,4.2517000000000005,-3.25170000000091,HIT_TARGET,0.051194749,True,0.051194749,False,,False,False,,False,,0.0
2026-03-20,NO_WALL,BID,2026-03-20 17:43:12.291975537,1774028592291975537,0.0,0.0,2124.8,0.0,0.0,7,7,4.0000000000009095,4-5,,,2125.6,2124.9,6.999999999998181,2125.5,2125.6,0.0,6.999999999998181,2.12525,4.874749999998182,4.2505,2.7494999999981813,HIT_TARGET,10.518464781,True,10.518464781,False,,False,False,,False,,0.0
2026-03-20,NO_WALL,BID,2026-03-20 17:47:54.221857478,1774028874221857478,0.0,0.0,2124.3,0.0,0.0,1,1,9.00000000000091,6+,,,2124.5,2124.4,0.9999999999990905,2124.4,2124.5,0.0,0.9999999999990905,2.12445,-1.1244500000009094,4.2489,-3.2489000000009094,HIT_TARGET,0.032426161,True,0.032426161,False,,False,False,,False,,0.0
2026-03-20,NO_WALL,ASK,2026-03-20 17:48:21.728903091,1774028901728903091,0.0,0.0,2125.8,0.0,0.0,5,5,4.0000000000009095,4-5,,,2125.2,2125.7000000000003,5.0000000000045475,2125.2,2125.3,0.0,5.0000000000045475,2.12545,2.8745500000045476,4.2509,0.7491000000045478,HIT_TARGET,3.5316507,True,3.5316507,False,,False,False,,False,,0.0
2026-03-20,NO_WALL,BID,2026-03-20 17:49:38.809532503,1774028978809532503,0.0,0.0,2125.2,0.0,0.0,4,4,5.0,4-5,,,2125.7,2125.2999999999997,4.0000000000009095,2125.6,2125.7,0.0,4.0000000000009095,2.1254999999999997,1.8745000000009098,4.2509999999999994,-0.25099999999908995,HIT_TARGET,36.848491583,True,36.848491583,False,,False,False,,True,8.581922929,8.000000000001819
2026-03-20,NO_WALL,BID,2026-03-20 17:50:03.935293972,1774029003935293972,0.0,0.0,2124.9,0.0,0.0,5,5,5.9999999999990905,4-5,,,2125.5,2125.0,5.0,2125.4,2125.5,0.0,5.0,2.12525,2.87475,4.2505,0.7495000000000003,HIT_TARGET,11.722730114,True,11.722730114,False,,False,False,,False,,0.9999999999990905
2026-03-20,NO_WALL,BID,2026-03-20 17:50:17.241719734,1774029017241719734,0.0,0.0,2124.7000000000003,0.0,0.0,1,1,5.9999999999990905,4-5,,,2124.9,2124.8,0.9999999999990905,2124.8,2124.9,0.0,0.9999999999990905,2.1248500000000003,-1.1248500000009098,4.249700000000001,-3.24970000000091,HIT_TARGET,0.036038784,True,0.036038784,False,,False,False,,False,,0.0
2026-03-20,NO_WALL,BID,2026-03-20 17:51:44.478890426,1774029104478890426,0.0,0.0,2126.9,0.0,0.0,5,5,5.0,4-5,,,2127.5,2127.0,5.0,2127.4,2127.5,0.0,5.0,2.1272499999999996,2.8727500000000004,4.254499999999999,0.7455000000000007,TIMEOUT,60.0,False,,False,,False,False,,True,2.300331372,14.00000000000091
2026-03-20,NO_WALL,ASK,2026-03-20 17:51:49.252213035,1774029109252213035,0.0,0.0,2128.2,0.0,0.0,1,1,4.0000000000009095,4-5,,,2128.0,2128.1,0.9999999999990905,2128.0,2128.1,0.0,0.9999999999990905,2.12805,-1.1280500000009095,4.2561,-3.2561000000009095,HIT_TARGET,0.096542925,True,0.096542925,False,,False,False,,False,,0.0
2026-03-20,NO_WALL,ASK,2026-03-20 17:51:51.989361683,1774029111989361683,0.0,0.0,2129.4,0.0,0.0,6,6,7.0000000000027285,6+,,,2128.7,2129.3,6.000000000003638,2128.7,2128.8,0.0,6.000000000003638,2.129,3.871000000003638,4.258,1.742000000003638,TIMEOUT,60.0,False,,False,,False,False,,True,3.723004231,8.000000000001819
2026-03-20,NO_WALL,BID,2026-03-20 17:56:02.382364534,1774029362382364534,0.0,0.0,2130.6,0.0,0.0,4,4,10.0,6+,,,2131.1,2130.7,4.0000000000009095,2131.0,2131.1,0.0,4.0000000000009095,2.1308999999999996,1.86910000000091,4.261799999999999,-0.26179999999908965,TIMEOUT,60.0,False,,False,,False,False,,True,3.733251374,15.0
2026-03-20,NO_WALL,BID,2026-03-20 18:00:51.780860663,1774029651780860663,0.0,0.0,2135.5,0.0,0.0,4,4,4.0000000000009095,4-5,,,2136.0,2135.6,4.0000000000009095,2135.9,2136.0,0.0,4.0000000000009095,2.1358,1.8642000000009094,4.2716,-0.2715999999990908,HIT_TARGET,0.051805201,True,0.051805201,False,,False,False,,False,,0.0
2026-03-20,NO_WALL,BID,2026-03-20 18:08:54.558041510,1774030134558041510,0.0,0.0,2134.0,0.0,0.0,2,2,4.0000000000009095,4-5,,,2134.3,2134.1,2.0000000000027285,2134.2,2134.3,0.0,2.0000000000027285,2.1341999999999994,-0.13419999999727095,4.268399999999999,-2.2683999999972704,HIT_TARGET,3.546949666,True,3.546949666,False,,False,False,,False,,0.0
2026-03-20,NO_WALL,ASK,2026-03-20 18:09:26.674596762,1774030166674596762,0.0,0.0,2133.8,0.0,0.0,3,3,4.0000000000009095,4-5,,,2133.4,2133.7000000000003,3.000000000001819,2133.4,2133.5,0.0,3.000000000001819,2.13355,0.8664500000018189,4.2671,-1.2670999999981811,HIT_TARGET,4.965942785,True,4.965942785,False,,False,False,,False,,0.0
2026-03-20,NO_WALL,ASK,2026-03-20 18:11:20.270026309,1774030280270026309,0.0,0.0,2134.5,0.0,0.0,3,3,3.999999999996362,2-3,,,2134.1,2134.4,3.000000000001819,2134.1,2134.2,0.0,3.000000000001819,2.1342499999999998,0.8657500000018192,4.2684999999999995,-1.2684999999981805,HIT_TARGET,16.686520968,True,16.686520968,False,,False,False,,False,,0.0
2026-03-20,NO_WALL,ASK,2026-03-20 18:16:59.735442025,1774030619735442025,0.0,0.0,2134.8999999999996,0.0,0.0,2,2,3.999999999996362,2-3,,,2134.6,2134.7999999999997,1.999999999998181,2134.6,2134.7,0.0,1.999999999998181,2.1346999999999996,-0.1347000000018186,4.269399999999999,-2.269400000001818,HIT_TARGET,15.021985296,True,15.021985296,False,,False,False,,True,4.968314604,3.999999999996362
2026-03-20,NO_WALL,BID,2026-03-20 18:18:43.217420011,1774030723217420011,0.0,0.0,2132.2000000000003,0.0,0.0,7,7,4.0000000000009095,4-5,,,2133.0,2132.3,6.999999999998181,2132.9,2133.0,0.0,6.999999999998181,2.13265,4.867349999998181,4.2653,2.734699999998181,HIT_TARGET,15.005151701,True,15.005151701,False,,False,False,,False,,0.9999999999990905
2026-03-20,NO_WALL,ASK,2026-03-20 18:20:56.262593595,1774030856262593595,0.0,0.0,2134.2,0.0,0.0,5,5,10.99999999999909,6+,,,2133.6,2134.1,5.0,2133.6,2133.7,0.0,5.0,2.13385,2.86615,4.2677,0.7323000000000004,TIMEOUT,60.0,False,,False,,False,False,,True,1.834675852,25.0
2026-03-20,NO_WALL,ASK,2026-03-20 18:21:06.974633784,1774030866974633784,0.0,0.0,2132.2,0.0,0.0,1,1,5.0,4-5,,,2132.0,2132.1,0.9999999999990905,2132.0,2132.1,0.0,0.9999999999990905,2.13205,-1.1320500000009095,4.2641,-3.2641000000009095,HIT_TARGET,0.051542409,True,0.051542409,False,,False,False,,False,,0.0
2026-03-20,NO_WALL,ASK,2026-03-20 18:22:29.081187385,1774030949081187385,0.0,0.0,2128.8,0.0,0.0,4,4,5.0,4-5,,,2128.3,2128.7000000000003,4.0000000000009095,2128.3,2128.4,0.0,4.0000000000009095,2.1285,1.8715000000009097,4.257,-0.2569999999990902,TIMEOUT,60.0,False,,False,,False,False,,True,2.779667914,30.99999999999909
2026-03-20,NO_WALL,BID,2026-03-20 18:23:11.213183187,1774030991213183187,0.0,0.0,2125.9,0.0,0.0,5,5,4.0000000000009095,4-5,,,2126.5,2126.0,5.0,2126.4,2126.5,0.0,5.0,2.1262499999999998,2.8737500000000002,4.2524999999999995,0.7475000000000005,HIT_TARGET,12.042589946,True,12.042589946,False,,False,False,,True,2.140910066,5.0
2026-03-20,NO_WALL,BID,2026-03-20 18:23:28.239711853,1774031008239711853,0.0,0.0,2125.0,0.0,0.0,2,2,6.000000000003638,6+,,,2125.3,2125.1,2.0000000000027285,2125.2,2125.3,0.0,2.0000000000027285,2.1251999999999995,-0.12519999999727105,4.250399999999999,-2.2503999999972706,TIMEOUT,60.0,False,,False,,False,False,,True,2.008983136,22.00000000000273
2026-03-20,NO_WALL,ASK,2026-03-20 18:23:38.250167425,1774031018250167425,0.0,0.0,2126.7999999999997,0.0,0.0,1,1,3.999999999996362,2-3,,,2126.6,2126.7,0.9999999999990905,2126.6,2126.7,0.0,0.9999999999990905,2.1266499999999997,-1.1266500000009092,4.253299999999999,-3.253300000000909,HIT_TARGET,0.085805019,True,0.085805019,False,,False,False,,False,,0.0
2026-03-20,NO_WALL,BID,2026-03-20 18:25:19.942882568,1774031119942882568,0.0,0.0,2125.6,0.0,0.0,4,4,5.9999999999990905,4-5,,,2126.1,2125.7,4.0000000000009095,2126.0,2126.1,0.0,4.0000000000009095,2.1258999999999997,1.8741000000009098,4.251799999999999,-0.25179999999908986,HIT_TARGET,4.363718672,True,4.363718672,False,,False,False,,False,,0.0
2026-03-20,NO_WALL,ASK,2026-03-20 18:28:01.461954304,1774031281461954304,0.0,0.0,2129.3,0.0,0.0,3,3,13.000000000001819,6+,,,2128.9,2129.2000000000003,3.000000000001819,2128.9,2129.0,0.0,3.000000000001819,2.12905,0.8709500000018191,4.2581,-1.2580999999981808,TIMEOUT,60.0,False,,False,,False,False,,True,1.023484872,40.0
2026-03-20,NO_WALL,BID,2026-03-20 18:28:14.935251754,1774031294935251754,0.0,0.0,2127.7000000000003,0.0,0.0,2,2,4.0000000000009095,4-5,,,2128.0,2127.8,1.999999999998181,2127.9,2128.0,0.0,1.999999999998181,2.1279,-0.1279000000018189,4.2558,-2.255800000001819,HIT_TARGET,1.54046729,True,1.54046729,False,,False,False,,False,,0.0
2026-03-20,NO_WALL,BID,2026-03-20 18:32:07.492845101,1774031527492845101,0.0,0.0,2121.0,0.0,0.0,4,4,7.9999999999972715,6+,,,2121.5,2121.1,4.0000000000009095,2121.4,2121.5,0.0,4.0000000000009095,2.1213,1.8787000000009093,4.2426,-0.24259999999909088,HIT_TARGET,3.060869363,True,3.060869363,False,,False,False,,False,,0.0
2026-03-20,NO_WALL,ASK,2026-03-20 18:33:07.306499363,1774031587306499363,0.0,0.0,2122.3,0.0,0.0,3,3,5.0,4-5,,,2121.9,2122.2000000000003,3.000000000001819,2121.9,2122.0,0.0,3.000000000001819,2.1220499999999998,0.8779500000018192,4.2440999999999995,-1.2440999999981806,HIT_TARGET,44.158222637,True,44.158222637,False,,False,False,,True,4.90490102,11.999999999998181
2026-03-20,NO_WALL,BID,2026-03-20 18:35:22.153891451,1774031722153891451,0.0,0.0,2122.0,0.0,0.0,4,4,5.0,4-5,,,2122.5,2122.1,4.0000000000009095,2122.4,2122.5,0.0,4.0000000000009095,2.1223,1.8777000000009094,4.2446,-0.24459999999909066,HIT_TARGET,4.489809147,True,4.489809147,False,,False,False,,False,,0.0
2026-03-20,NO_WALL,BID,2026-03-20 18:40:47.437143147,1774032047437143147,0.0,0.0,2122.6,0.0,0.0,5,5,8.000000000001819,6+,,,2123.2,2122.7,5.0,2123.1,2123.2,0.0,5.0,2.12295,2.87705,4.2459,0.7541000000000002,TIMEOUT,60.0,False,,False,,False,False,,True,6.176763916,30.99999999999909
2026-03-20,NO_WALL,ASK,2026-03-20 18:42:14.655057242,1774032134655057242,0.0,0.0,2124.8,0.0,0.0,4,4,4.0000000000009095,4-5,,,2124.3,2124.7000000000003,4.0000000000009095,2124.3,2124.4,0.0,4.0000000000009095,2.1245,1.8755000000009097,4.249,-0.24899999999909017,TIMEOUT,60.0,False,,False,,False,False,,True,12.359469545,17.00000000000273
2026-03-20,NO_WALL,BID,2026-03-20 18:42:51.453051675,1774032171453051675,0.0,0.0,2122.6,0.0,0.0,4,4,6.999999999998181,6+,,,2123.1,2122.7,4.0000000000009095,2123.0,2123.1,0.0,4.0000000000009095,2.1228999999999996,1.87710000000091,4.245799999999999,-0.24579999999908964,HIT_TARGET,10.929301004,True,10.929301004,False,,False,False,,False,,0.9999999999990905
2026-03-20,NO_WALL,ASK,2026-03-20 18:47:09.536508700,1774032429536508700,0.0,0.0,2128.5,0.0,0.0,2,2,4.0000000000009095,4-5,,,2128.2,2128.4,2.0000000000027285,2128.2,2128.3,0.0,2.0000000000027285,2.1283,-0.12829999999727137,4.2566,-2.2565999999972712,HIT_TARGET,0.150720198,True,0.150720198,False,,False,False,,False,,0.0
2026-03-20,NO_WALL,BID,2026-03-20 18:47:41.066928758,1774032461066928758,0.0,0.0,2126.6,0.0,0.0,1,1,4.0000000000009095,4-5,,,2126.8,2126.7,1.000000000003638,2126.7,2126.8,0.0,1.000000000003638,2.12675,-1.126749999996362,4.2535,-3.253499999996362,HIT_TARGET,0.018738045,True,0.018738045,False,,False,False,,False,,0.0
2026-03-20,NO_WALL,ASK,2026-03-20 18:51:37.904419488,1774032697904419488,0.0,0.0,2126.1,0.0,0.0,1,1,5.0,4-5,,,2125.9,2126.0,0.9999999999990905,2125.9,2126.0,0.0,0.9999999999990905,2.1259499999999996,-1.125950000000909,4.251899999999999,-3.2519000000009086,HIT_TARGET,0.02416388,True,0.02416388,False,,False,False,,False,,0.0
2026-03-20,NO_WALL,ASK,2026-03-20 18:51:50.689668823,1774032710689668823,0.0,0.0,2126.6000000000004,0.0,0.0,3,3,9.00000000000091,6+,,,2126.2,2126.5000000000005,3.0000000000063665,2126.2,2126.3,0.0,3.0000000000063665,2.1263500000000004,0.8736500000063661,4.252700000000001,-1.2526999999936343,HIT_TARGET,0.125518824,True,0.125518824,False,,False,False,,False,,0.0
2026-03-20,NO_WALL,ASK,2026-03-20 18:52:36.366828791,1774032756366828791,0.0,0.0,2125.2999999999997,0.0,0.0,2,2,4.0000000000009095,4-5,,,2125.0,2125.2,1.999999999998181,2125.0,2125.1,0.0,1.999999999998181,2.1250999999999998,-0.12510000000181876,4.2501999999999995,-2.2502000000018185,HIT_TARGET,11.769366054,True,11.769366054,False,,False,False,,True,9.064302186,2.9999999999972715
2026-03-20,NO_WALL,BID,2026-03-20 18:55:02.669269414,1774032902669269414,0.0,0.0,2125.3,0.0,0.0,1,1,5.9999999999990905,4-5,,,2125.5,2125.4,0.9999999999990905,2125.4,2125.5,0.0,0.9999999999990905,2.12545,-1.1254500000009093,4.2509,-3.250900000000909,HIT_TARGET,0.031511993,True,0.031511993,False,,False,False,,False,,0.0
2026-03-20,NO_WALL,BID,2026-03-20 18:55:57.035289848,1774032957035289848,0.0,0.0,2121.9,0.0,0.0,6,6,10.0,6+,,,2122.6,2122.0,5.9999999999990905,2122.5,2122.6,0.0,5.9999999999990905,2.1223,3.8776999999990904,4.2446,1.7553999999990904,HIT_TARGET,3.945384334,True,3.945384334,False,,False,False,,False,,0.0
2026-03-20,NO_WALL,BID,2026-03-20 18:59:41.303322401,1774033181303322401,0.0,0.0,2122.7000000000003,0.0,0.0,1,1,5.9999999999990905,4-5,,,2122.9,2122.8,0.9999999999990905,2122.8,2122.9,0.0,0.9999999999990905,2.12285,-1.1228500000009096,4.2457,-3.2457000000009097,HIT_TARGET,0.059035324,True,0.059035324,False,,False,False,,False,,0.0
2026-03-20,NO_WALL,ASK,2026-03-20 19:00:03.570424044,1774033203570424044,0.0,0.0,2126.0,0.0,0.0,5,5,15.99999999999909,6+,,,2125.4,2125.9,5.0,2125.4,2125.5,0.0,5.0,2.12565,2.87435,4.2513,0.7487000000000004,HIT_TARGET,6.786619289,True,6.786619289,False,,False,False,,True,1.222572853,3.000000000001819
2026-03-20,NO_WALL,ASK,2026-03-20 19:01:48.339823882,1774033308339823882,0.0,0.0,2127.1,0.0,0.0,2,2,4.0000000000009095,4-5,,,2126.8,2127.0,1.999999999998181,2126.8,2126.9,0.0,1.999999999998181,2.1269,-0.126900000001819,4.2538,-2.253800000001819,HIT_TARGET,3.097819862,True,3.097819862,False,,False,False,,False,,0.0
2026-03-20,NO_WALL,ASK,2026-03-20 19:06:57.582944389,1774033617582944389,0.0,0.0,2122.4,0.0,0.0,1,1,4.0000000000009095,4-5,,,2122.2,2122.3,1.000000000003638,2122.2,2122.3,0.0,1.000000000003638,2.1222499999999997,-1.1222499999963618,4.2444999999999995,-3.2444999999963615,HIT_TARGET,0.052163135,True,0.052163135,False,,False,False,,False,,0.0
2026-03-20,NO_WALL,ASK,2026-03-20 19:09:44.407226757,1774033784407226757,0.0,0.0,2124.5,0.0,0.0,2,2,7.0000000000027285,6+,,,2124.2,2124.4,2.0000000000027285,2124.2,2124.3,0.0,2.0000000000027285,2.1243,-0.12429999999727137,4.2486,-2.2485999999972712,HIT_TARGET,27.459359363,True,27.459359363,False,,False,False,,True,5.568279957,13.000000000001819
2026-03-20,NO_WALL,BID,2026-03-20 19:20:11.892889338,1774034411892889338,0.0,0.0,2127.2,0.0,0.0,3,3,4.0000000000009095,4-5,,,2127.6,2127.2999999999997,3.000000000001819,2127.5,2127.6,0.0,3.000000000001819,2.1274499999999996,0.8725500000018194,4.254899999999999,-1.2548999999981802,HIT_TARGET,0.100915114,True,0.100915114,False,,False,False,,False,,0.0
2026-03-20,NO_WALL,BID,2026-03-20 19:20:14.853849840,1774034414853849840,0.0,0.0,2127.0,0.0,0.0,3,3,3.999999999996362,2-3,,,2127.4,2127.1,3.000000000001819,2127.3,2127.4,0.0,3.000000000001819,2.1272499999999996,0.8727500000018193,4.254499999999999,-1.2544999999981803,HIT_TARGET,8.264898598,True,8.264898598,False,,False,False,,False,,0.0
2026-03-20,NO_WALL,ASK,2026-03-20 19:22:01.324930826,1774034521324930826,0.0,0.0,2127.0,0.0,0.0,5,5,10.0,6+,,,2126.4,2126.9,5.0,2126.4,2126.5,0.0,5.0,2.12665,2.87335,4.2533,0.7466999999999997,HIT_TARGET,7.002298657,True,7.002298657,False,,False,False,,False,,0.9999999999990905
2026-03-20,NO_WALL,BID,2026-03-20 19:23:41.235269875,1774034621235269875,0.0,0.0,2125.4,0.0,0.0,1,1,8.000000000001819,6+,,,2125.6,2125.5,0.9999999999990905,2125.5,2125.6,0.0,0.9999999999990905,2.12555,-1.1255500000009095,4.2511,-3.2511000000009096,HIT_TARGET,0.013845472,True,0.013845472,False,,False,False,,False,,0.0
2026-03-20,NO_WALL,ASK,2026-03-20 19:24:31.622830497,1774034671622830497,0.0,0.0,2122.8999999999996,0.0,0.0,2,2,3.999999999996362,2-3,,,2122.6,2122.7999999999997,1.999999999998181,2122.6,2122.7,0.0,1.999999999998181,2.1226999999999996,-0.12270000000181858,4.245399999999999,-2.245400000001818,HIT_TARGET,2.863924412,True,2.863924412,False,,False,False,,True,1.629474192,2.9999999999972715
2026-03-20,NO_WALL,ASK,2026-03-20 19:30:41.146765062,1774035041146765062,0.0,0.0,2126.9,0.0,0.0,3,3,5.0,4-5,,,2126.5,2126.8,3.000000000001819,2126.5,2126.6,0.0,3.000000000001819,2.12665,0.8733500000018188,4.2533,-1.2532999999981813,HIT_TARGET,0.17683747,True,0.17683747,False,,False,False,,False,,0.0
2026-03-20,NO_WALL,BID,2026-03-20 19:31:10.842325625,1774035070842325625,0.0,0.0,2127.8,0.0,0.0,2,2,4.0000000000009095,4-5,,,2128.1,2127.9,1.999999999998181,2128.0,2128.1,0.0,1.999999999998181,2.1279999999999997,-0.12800000000181866,4.255999999999999,-2.2560000000018183,HIT_TARGET,0.487963459,True,0.487963459,False,,False,False,,False,,0.0
2026-03-20,NO_WALL,BID,2026-03-20 19:34:03.554670943,1774035243554670943,0.0,0.0,2122.5,0.0,0.0,4,4,9.00000000000091,6+,,,2123.0,2122.6,4.0000000000009095,2122.9,2123.0,0.0,4.0000000000009095,2.1228000000000002,1.8772000000009093,4.2456000000000005,-0.245599999999091,HIT_TARGET,16.614255799,True,16.614255799,False,,False,False,,False,,1.999999999998181
2026-03-20,NO_WALL,BID,2026-03-20 19:35:41.473627253,1774035341473627253,0.0,0.0,2120.2,0.0,0.0,4,4,4.0000000000009095,4-5,,,2120.7,2120.2999999999997,4.0000000000009095,2120.6,2120.7,0.0,4.0000000000009095,2.1205,1.8795000000009097,4.241,-0.24099999999909016,HIT_TARGET,9.798903744,True,9.798903744,False,,False,False,,False,,2.0000000000027285
2026-03-20,NO_WALL,BID,2026-03-20 19:35:53.857256127,1774035353857256127,0.0,0.0,2119.7999999999997,0.0,0.0,3,3,5.9999999999990905,4-5,,,2120.2,2119.8999999999996,3.000000000001819,2120.1,2120.2,0.0,3.000000000001819,2.1200499999999995,0.8799500000018194,4.240099999999999,-1.24009999999818,HIT_TARGET,7.673072614,True,7.673072614,False,,False,False,,False,,0.0
2026-03-20,NO_WALL,ASK,2026-03-20 19:41:15.866745329,1774035675866745329,0.0,0.0,2123.5,0.0,0.0,1,1,5.0,4-5,,,2123.3,2123.4,0.9999999999990905,2123.3,2123.4,0.0,0.9999999999990905,2.1233500000000003,-1.1233500000009098,4.246700000000001,-3.24670000000091,HIT_TARGET,0.035987268,True,0.035987268,False,,False,False,,False,,0.0
2026-03-20,NO_WALL,BID,2026-03-20 19:41:26.968371283,1774035686968371283,0.0,0.0,2122.7000000000003,0.0,0.0,1,1,5.0,4-5,,,2122.9,2122.8,0.9999999999990905,2122.8,2122.9,0.0,0.9999999999990905,2.12285,-1.1228500000009096,4.2457,-3.2457000000009097,HIT_TARGET,0.066797858,True,0.066797858,False,,False,False,,False,,0.0
2026-03-20,NO_WALL,BID,2026-03-20 19:44:12.742333823,1774035852742333823,0.0,0.0,2125.7,0.0,0.0,4,4,12.000000000002728,6+,,,2126.2,2125.7999999999997,4.0000000000009095,2126.1,2126.2,0.0,4.0000000000009095,2.126,1.8740000000009096,4.252,-0.2519999999990903,TIMEOUT,60.0,False,,False,,False,False,,True,6.091785713,35.99999999999909
2026-03-20,NO_WALL,ASK,2026-03-20 19:46:17.877639576,1774035977877639576,0.0,0.0,2129.7999999999997,0.0,0.0,7,7,6.999999999998181,6+,,,2129.0,2129.7,6.999999999998181,2129.0,2129.1,0.0,6.999999999998181,2.1293499999999996,4.870649999998181,4.258699999999999,2.7412999999981817,HIT_TARGET,7.497763463,True,7.497763463,False,,False,False,,True,2.239394357,2.9999999999972715
2026-03-20,NO_WALL,BID,2026-03-20 19:46:51.652583051,1774036011652583051,0.0,0.0,2126.6,0.0,0.0,4,4,6.999999999998181,6+,,,2127.1,2126.7,4.0000000000009095,2127.0,2127.1,0.0,4.0000000000009095,2.1268999999999996,1.87310000000091,4.253799999999999,-0.25379999999908964,TIMEOUT,60.0,False,,False,,False,False,,True,4.898072366,19.00000000000091
2026-03-20,NO_WALL,BID,2026-03-20 19:53:03.812580444,1774036383812580444,0.0,0.0,2128.7,0.0,0.0,4,4,4.0000000000009095,4-5,,,2129.2,2128.7999999999997,4.0000000000009095,2129.1,2129.2,0.0,4.0000000000009095,2.129,1.8710000000009095,4.258,-0.2579999999990905,TIMEOUT,60.0,False,,False,,False,False,,True,6.481804695,18.00000000000182
2026-03-20,NO_WALL,ASK,2026-03-20 19:56:01.442411751,1774036561442411751,0.0,0.0,2133.7999999999997,0.0,0.0,2,2,4.0000000000009095,4-5,,,2133.5,2133.7,1.999999999998181,2133.5,2133.6,0.0,1.999999999998181,2.1336,-0.13360000000181893,4.2672,-2.267200000001819,HIT_TARGET,4.388689597,True,4.388689597,False,,False,False,,False,,0.0
2026-03-20,NO_WALL,BID,2026-03-20 19:56:20.789733652,1774036580789733652,0.0,0.0,2133.1000000000004,0.0,0.0,2,2,5.0,4-5,,,2133.4,2133.2000000000003,1.999999999998181,2133.3,2133.4,0.0,1.999999999998181,2.1333,-0.13330000000181919,4.2666,-2.2666000000018194,HIT_TARGET,5.054397051,True,5.054397051,False,,False,False,,False,,0.0
2026-03-20,NO_WALL,BID,2026-03-20 19:57:41.258360097,1774036661258360097,0.0,0.0,2132.8,0.0,0.0,5,5,5.0,4-5,,,2133.4,2132.9,5.0,2133.3,2133.4,0.0,5.0,2.13315,2.86685,4.2663,0.7336999999999998,TIMEOUT,60.0,False,,False,,False,False,,True,21.534124926,5.0
2026-03-20,NO_WALL,ASK,2026-03-20 20:05:20.959102948,1774037120959102948,0.0,0.0,2133.2999999999997,0.0,0.0,1,1,5.0,4-5,,,2133.1,2133.2,0.9999999999990905,2133.1,2133.2,0.0,0.9999999999990905,2.1331499999999997,-1.1331500000009092,4.266299999999999,-3.266300000000909,HIT_TARGET,0.097297341,True,0.097297341,False,,False,False,,False,,0.0
2026-03-20,NO_WALL,BID,2026-03-20 20:08:01.282281626,1774037281282281626,0.0,0.0,2133.2,0.0,0.0,3,3,5.0,4-5,,,2133.6,2133.2999999999997,3.000000000001819,2133.5,2133.6,0.0,3.000000000001819,2.13345,0.8665500000018191,4.2669,-1.2668999999981807,TIMEOUT,60.0,False,,False,,False,False,,True,14.362938026,11.999999999998181
2026-03-20,NO_WALL,ASK,2026-03-20 20:12:22.837660826,1774037542837660826,0.0,0.0,2136.6,0.0,0.0,2,2,4.0000000000009095,4-5,,,2136.3,2136.5,1.999999999998181,2136.3,2136.4,0.0,1.999999999998181,2.1363999999999996,-0.13640000000181862,4.272799999999999,-2.2728000000018183,HIT_TARGET,1.182974654,True,1.182974654,False,,False,False,,False,,0.0
2026-03-20,NO_WALL,BID,2026-03-20 20:16:17.036212499,1774037777036212499,0.0,0.0,2131.5,0.0,0.0,5,5,5.0,4-5,,,2132.1,2131.6,5.0,2132.0,2132.1,0.0,5.0,2.1318499999999996,2.8681500000000004,4.263699999999999,0.7363000000000008,TIMEOUT,60.0,False,,False,,False,False,,True,30.770374124,18.00000000000182
2026-03-20,NO_WALL,BID,2026-03-20 20:18:18.057690423,1774037898057690423,0.0,0.0,2132.4,0.0,0.0,1,1,8.000000000001819,6+,,,2132.6,2132.5,0.9999999999990905,2132.5,2132.6,0.0,0.9999999999990905,2.13255,-1.1325500000009097,4.2651,-3.26510000000091,HIT_TARGET,0.058890672,True,0.058890672,False,,False,False,,False,,0.0
2026-03-20,NO_WALL,BID,2026-03-20 20:18:56.726783437,1774037936726783437,0.0,0.0,2130.1,0.0,0.0,3,3,10.0,6+,,,2130.5,2130.2,3.000000000001819,2130.4,2130.5,0.0,3.000000000001819,2.13035,0.869650000001819,4.2607,-1.260699999998181,HIT_TARGET,3.200942879,True,3.200942879,False,,False,False,,False,,0.0
2026-03-20,NO_WALL,BID,2026-03-20 20:21:08.167303608,1774038068167303608,0.0,0.0,2129.8,0.0,0.0,1,1,5.0,4-5,,,2130.0,2129.9,0.9999999999990905,2129.9,2130.0,0.0,0.9999999999990905,2.1299499999999996,-1.129950000000909,4.259899999999999,-3.2599000000009086,HIT_TARGET,0.049403448,True,0.049403448,False,,False,False,,False,,0.0
2026-03-20,NO_WALL,BID,2026-03-20 20:35:21.325963720,1774038921325963720,0.0,0.0,2125.1000000000004,0.0,0.0,2,2,3.999999999996362,2-3,,,2125.4,2125.2000000000003,1.999999999998181,2125.3,2125.4,0.0,1.999999999998181,2.1253,-0.12530000000181918,4.2506,-2.2506000000018194,HIT_TARGET,2.16758149,True,2.16758149,False,,False,False,,False,,0.0
2026-03-20,NO_WALL,BID,2026-03-20 20:35:24.923431871,1774038924923431871,0.0,0.0,2124.8,0.0,0.0,1,1,4.0000000000009095,4-5,,,2125.0,2124.9,0.9999999999990905,2124.9,2125.0,0.0,0.9999999999990905,2.1249499999999997,-1.1249500000009092,4.249899999999999,-3.249900000000909,HIT_TARGET,0.047056684,True,0.047056684,False,,False,False,,False,,0.0
2026-03-20,NO_WALL,BID,2026-03-20 20:36:49.337399797,1774039009337399797,0.0,0.0,2126.1,0.0,0.0,3,3,4.0000000000009095,4-5,,,2126.5,2126.2,3.000000000001819,2126.4,2126.5,0.0,3.000000000001819,2.12635,0.873650000001819,4.2527,-1.252699999998181,HIT_TARGET,5.980336507,True,5.980336507,False,,False,False,,False,,0.0
2026-03-20,NO_WALL,BID,2026-03-20 20:36:57.869268704,1774039017869268704,0.0,0.0,2125.6,0.0,0.0,4,4,4.0000000000009095,4-5,,,2126.1,2125.7,4.0000000000009095,2126.0,2126.1,0.0,4.0000000000009095,2.1258999999999997,1.8741000000009098,4.251799999999999,-0.25179999999908986,TIMEOUT,60.0,False,,False,,False,False,,True,24.910435865,28.00000000000182
2026-03-20,NO_WALL,ASK,2026-03-20 20:37:23.952462972,1774039043952462972,0.0,0.0,2128.7,0.0,0.0,5,5,20.0,6+,,,2128.0,2128.6,5.9999999999990905,2128.0,2128.2,0.0,5.9999999999990905,2.1283,3.8716999999990906,4.2566,1.7433999999990908,HIT_TARGET,2.090871433,True,2.090871433,False,,False,False,,False,,0.0
2026-03-20,NO_WALL,BID,2026-03-20 20:38:48.382825425,1774039128382825425,0.0,0.0,2129.1000000000004,0.0,0.0,2,2,5.9999999999990905,4-5,,,2129.4,2129.2000000000003,1.999999999998181,2129.3,2129.4,0.0,1.999999999998181,2.1292999999999997,-0.12930000000181874,4.2585999999999995,-2.2586000000018185,HIT_TARGET,8.112072394,True,8.112072394,False,,False,False,,False,,0.0
2026-03-20,NO_WALL,BID,2026-03-20 20:46:01.035456779,1774039561035456779,0.0,0.0,2128.3999999999996,0.0,0.0,3,3,8.000000000001819,6+,,,2128.8,2128.4999999999995,3.0000000000063665,2128.7,2128.8,0.0,3.0000000000063665,2.1286499999999995,0.871350000006367,4.257299999999999,-1.2572999999936325,HIT_TARGET,21.606296533,True,21.606296533,False,,False,False,,False,,1.000000000003638
2026-03-20,NO_WALL,ASK,2026-03-20 20:56:21.384655157,1774040181384655157,0.0,0.0,2134.2000000000003,0.0,0.0,4,4,5.0,4-5,,,2133.7,2134.1000000000004,4.000000000005457,2133.7,2133.8,0.0,4.000000000005457,2.1338999999999997,1.8661000000054573,4.267799999999999,-0.2677999999945424,HIT_TARGET,0.418517708,True,0.418517708,False,,False,False,,False,,0.0
2026-03-20,NO_WALL,ASK,2026-03-20 20:56:22.823371755,1774040182823371755,0.0,0.0,2134.5,0.0,0.0,4,4,6.999999999998181,6+,,,2134.0,2134.4,4.0000000000009095,2134.0,2134.1,0.0,4.0000000000009095,2.1341999999999994,1.86580000000091,4.268399999999999,-0.26839999999908937,TIMEOUT,60.0,False,,False,,False,False,,True,10.262790602,2.9999999999972715
2026-03-20,NO_WALL,ASK,2026-03-20 21:14:46.965143968,1774041286965143968,0.0,0.0,2135.6,0.0,0.0,6,6,4.0000000000009095,4-5,,,2134.9,2135.5,5.9999999999990905,2134.9,2135.0,0.0,5.9999999999990905,2.1351999999999998,3.8647999999990907,4.2703999999999995,1.729599999999091,HIT_TARGET,32.96697229,True,32.96697229,False,,False,False,,True,0.764352435,5.9999999999990905
2026-03-20,NO_WALL,BID,2026-03-20 21:19:26.576282763,1774041566576282763,0.0,0.0,2146.6,0.0,0.0,6,6,6.000000000003638,6+,,,2147.3,2146.7,6.000000000003638,2147.2,2147.3,0.0,6.000000000003638,2.147,3.853000000003638,4.294,1.7060000000036384,HIT_TARGET,2.489624393,True,2.489624393,False,,False,False,,False,,0.0
2026-03-20,NO_WALL,BID,2026-03-20 21:19:30.712542496,1774041570712542496,0.0,0.0,2146.2,0.0,0.0,3,3,6.999999999998181,6+,,,2146.6,2146.2999999999997,3.000000000001819,2146.5,2146.6,0.0,3.000000000001819,2.1464499999999997,0.8535500000018192,4.2928999999999995,-1.2928999999981805,HIT_TARGET,5.570038076,True,5.570038076,False,,False,False,,False,,0.0
2026-03-20,NO_WALL,ASK,2026-03-20 21:28:27.056994163,1774042107056994163,0.0,0.0,2152.9,0.0,0.0,5,5,4.0000000000009095,4-5,,,2152.3,2152.8,5.0,2152.3,2152.4,0.0,5.0,2.15255,2.84745,4.3051,0.6948999999999996,HIT_TARGET,4.234533701,True,4.234533701,False,,False,False,,True,1.322260578,4.0000000000009095
2026-03-20,NO_WALL,BID,2026-03-20 21:30:15.935946184,1774042215935946184,0.0,0.0,2150.0,0.0,0.0,6,6,4.0000000000009095,4-5,,,2150.7,2150.1,5.9999999999990905,2150.6,2150.7,0.0,5.9999999999990905,2.1503999999999994,3.849599999999091,4.300799999999999,1.6991999999990917,HIT_TARGET,8.507496137,True,8.507496137,False,,False,False,,False,,0.0
2026-03-20,NO_WALL,ASK,2026-03-20 21:31:31.954116797,1774042291954116797,0.0,0.0,2153.7,0.0,0.0,5,5,5.0,4-5,,,2153.1,2153.6,5.0,2153.1,2153.2,0.0,5.0,2.1533499999999997,2.8466500000000003,4.306699999999999,0.6933000000000007,HIT_TARGET,49.716225098,True,49.716225098,False,,False,False,,False,,0.0
2026-03-20,NO_WALL,BID,2026-03-20 21:34:55.632795588,1774042495632795588,0.0,0.0,2151.5,0.0,0.0,2,2,5.0,4-5,,,2151.8,2151.6,2.0000000000027285,2151.7,2151.8,0.0,2.0000000000027285,2.1516999999999995,-0.15169999999727102,4.303399999999999,-2.3033999999972705,HIT_TARGET,26.551353257,True,26.551353257,False,,False,False,,True,1.750430682,4.0000000000009095
2026-03-20,NO_WALL,ASK,2026-03-20 21:36:42.984290741,1774042602984290741,0.0,0.0,2153.2999999999997,0.0,0.0,2,2,5.0,4-5,,,2153.0,2153.2,1.999999999998181,2153.0,2153.1,0.0,1.999999999998181,2.1531,-0.15310000000181878,4.3062,-2.3062000000018186,HIT_TARGET,0.103270278,True,0.103270278,False,,False,False,,False,,0.0
2026-03-20,NO_WALL,ASK,2026-03-20 21:37:43.347235210,1774042663347235210,0.0,0.0,2154.2999999999997,0.0,0.0,2,2,4.0000000000009095,4-5,,,2154.0,2154.2,1.999999999998181,2154.0,2154.1,0.0,1.999999999998181,2.1540999999999997,-0.15410000000181867,4.308199999999999,-2.3082000000018184,HIT_TARGET,0.410469651,True,0.410469651,False,,False,False,,False,,0.0
2026-03-20,NO_WALL,BID,2026-03-20 21:40:19.915592917,1774042819915592917,0.0,0.0,2148.1,0.0,0.0,3,3,5.9999999999990905,4-5,,,2148.5,2148.2,3.000000000001819,2148.4,2148.5,0.0,3.000000000001819,2.1483499999999998,0.8516500000018192,4.2966999999999995,-1.2966999999981805,HIT_TARGET,1.021012747,True,1.021012747,False,,False,False,,False,,0.0
2026-03-20,NO_WALL,BID,2026-03-20 21:40:21.089431861,1774042821089431861,0.0,0.0,2147.5,0.0,0.0,4,4,5.0,4-5,,,2148.0,2147.6,4.0000000000009095,2147.9,2148.0,0.0,4.0000000000009095,2.1478,1.8522000000009093,4.2956,-0.2955999999990908,HIT_TARGET,0.152178483,True,0.152178483,False,,False,False,,False,,0.0
2026-03-20,NO_WALL,BID,2026-03-20 21:40:22.105255236,1774042822105255236,0.0,0.0,2147.2,0.0,0.0,4,4,8.000000000001819,6+,,,2147.7,2147.2999999999997,4.0000000000009095,2147.6,2147.7,0.0,4.0000000000009095,2.1475,1.8525000000009095,4.295,-0.29499999999909043,HIT_TARGET,2.556964983,True,2.556964983,False,,False,False,,False,,0.0
2026-03-20,NO_WALL,BID,2026-03-20 21:42:29.635728136,1774042949635728136,0.0,0.0,2144.4,0.0,0.0,6,6,6.999999999998181,6+,,,2145.1,2144.5,5.9999999999990905,2145.0,2145.1,0.0,5.9999999999990905,2.1448,3.8551999999990905,4.2896,1.7103999999990904,HIT_TARGET,5.932563961,True,5.932563961,False,,False,False,,False,,0.0
2026-03-20,NO_WALL,BID,2026-03-20 21:49:09.527562399,1774043349527562399,0.0,0.0,2145.7000000000003,0.0,0.0,1,1,3.999999999996362,2-3,,,2145.9,2145.8,0.9999999999990905,2145.8,2145.9,0.0,0.9999999999990905,2.1458500000000003,-1.1458500000009098,4.2917000000000005,-3.29170000000091,HIT_TARGET,0.107679396,True,0.107679396,False,,False,False,,False,,0.0
2026-03-20,NO_WALL,BID,2026-03-20 22:03:32.983093540,1774044212983093540,0.0,0.0,2158.4,0.0,0.0,1,1,13.000000000001819,6+,,,2158.6,2158.5,0.9999999999990905,2158.5,2158.6,0.0,0.9999999999990905,2.15855,-1.1585500000009095,4.3171,-3.3171000000009094,HIT_TARGET,0.003990738,True,0.003990738,False,,False,False,,False,,0.0
2026-03-20,NO_WALL,ASK,2026-03-20 22:04:51.063160633,1774044291063160633,0.0,0.0,2168.1,0.0,0.0,4,4,18.999999999996362,6+,,,2167.6,2168.0,4.0000000000009095,2167.6,2167.7,0.0,4.0000000000009095,2.1678,1.8322000000009093,4.3356,-0.33559999999909085,HIT_TARGET,0.81896771,True,0.81896771,False,,False,False,,False,,0.9999999999990905
2026-03-20,NO_WALL,BID,2026-03-20 22:06:28.060822668,1774044388060822668,0.0,0.0,2162.5,0.0,0.0,5,5,5.9999999999990905,4-5,,,2163.1,2162.6,5.0,2163.0,2163.1,0.0,5.0,2.1628499999999997,2.8371500000000003,4.325699999999999,0.6743000000000006,HIT_TARGET,22.35394902,True,22.35394902,False,,False,False,,False,,0.9999999999990905
2026-03-20,NO_WALL,BID,2026-03-20 22:09:32.097238779,1774044572097238779,0.0,0.0,2161.9,0.0,0.0,2,2,5.9999999999990905,4-5,,,2162.2,2162.0,1.999999999998181,2162.1,2162.2,0.0,1.999999999998181,2.1620999999999997,-0.16210000000181868,4.324199999999999,-2.3242000000018184,HIT_TARGET,3.370578108,True,3.370578108,False,,False,False,,False,,0.0
2026-03-20,NO_WALL,BID,2026-03-20 22:13:49.624168342,1774044829624168342,0.0,0.0,2158.5,0.0,0.0,4,4,10.0,6+,,,2159.0,2158.6,4.0000000000009095,2158.9,2159.0,0.0,4.0000000000009095,2.1588,1.8412000000009097,4.3176,-0.31759999999909017,TIMEOUT,60.0,False,,False,,False,False,,True,52.678495592,14.00000000000091
2026-03-20,NO_WALL,BID,2026-03-20 22:13:52.130734855,1774044832130734855,0.0,0.0,2158.5,0.0,0.0,4,4,5.9999999999990905,4-5,,,2159.0,2158.6,4.0000000000009095,2158.9,2159.0,0.0,4.0000000000009095,2.1588,1.8412000000009097,4.3176,-0.31759999999909017,TIMEOUT,60.0,False,,False,,False,False,,True,50.171929079,14.00000000000091
2026-03-20,NO_WALL,ASK,2026-03-20 22:16:10.250337761,1774044970250337761,0.0,0.0,2160.8999999999996,0.0,0.0,2,2,3.999999999996362,2-3,,,2160.6,2160.7999999999997,1.999999999998181,2160.6,2160.7,0.0,1.999999999998181,2.1607,-0.16070000000181883,4.3214,-2.3214000000018187,HIT_TARGET,0.33122356,True,0.33122356,False,,False,False,,False,,0.0
2026-03-20,NO_WALL,BID,2026-03-20 22:21:34.640313751,1774045294640313751,0.0,0.0,2157.2000000000003,0.0,0.0,6,6,5.0,4-5,,,2157.9,2157.3,5.9999999999990905,2157.8,2157.9,0.0,5.9999999999990905,2.1576000000000004,3.84239999999909,4.315200000000001,1.6847999999990897,HIT_TARGET,0.952632648,True,0.952632648,False,,False,False,,False,,0.0
2026-03-20,NO_WALL,ASK,2026-03-20 22:27:39.028055657,1774045659028055657,0.0,0.0,2158.3,0.0,0.0,4,4,4.0000000000009095,4-5,,,2157.8,2158.2000000000003,4.0000000000009095,2157.8,2157.9,0.0,4.0000000000009095,2.158,1.8420000000009096,4.316,-0.31599999999909034,TIMEOUT,60.0,False,,False,,False,False,,True,21.514675517,10.0
2026-03-20,NO_WALL,ASK,2026-03-20 22:31:31.670244091,1774045891670244091,0.0,0.0,2157.0,0.0,0.0,2,2,6.000000000003638,6+,,,2156.7,2156.9,2.0000000000027285,2156.7,2156.8,0.0,2.0000000000027285,2.1568,-0.15679999999727157,4.3136,-2.3135999999972716,TIMEOUT,60.0,False,,False,,False,False,,True,10.801737723,13.000000000001819
2026-03-20,NO_WALL,BID,2026-03-20 22:38:05.695154602,1774046285695154602,0.0,0.0,2153.7,0.0,0.0,4,4,7.0000000000027285,6+,,,2154.2,2153.7999999999997,4.0000000000009095,2154.1,2154.2,0.0,4.0000000000009095,2.154,1.8460000000009096,4.308,-0.30799999999909033,TIMEOUT,60.0,False,,False,,False,False,,True,11.83623255,15.0
2026-03-20,NO_WALL,BID,2026-03-20 22:44:55.159080526,1774046695159080526,0.0,0.0,2154.0,0.0,0.0,5,5,10.99999999999909,6+,,,2154.6,2154.1,5.0,2154.5,2154.6,0.0,5.0,2.1543499999999995,2.8456500000000005,4.308699999999999,0.6913000000000009,HIT_TARGET,55.866109778,True,55.866109778,False,,False,False,,False,,0.0
2026-03-20,NO_WALL,BID,2026-03-20 22:53:50.457047285,1774047230457047285,0.0,0.0,2155.7,0.0,0.0,5,5,4.0000000000009095,4-5,,,2156.3,2155.7999999999997,5.0000000000045475,2156.2,2156.3,0.0,5.0000000000045475,2.15605,2.8439500000045475,4.3121,0.6879000000045474,HIT_TARGET,43.552669425,True,43.552669425,False,,False,False,,False,,0.0
2026-03-20,NO_WALL,BID,2026-03-20 22:58:10.436053860,1774047490436053860,0.0,0.0,2156.4,0.0,0.0,1,1,4.0000000000009095,4-5,,,2156.6,2156.5,0.9999999999990905,2156.5,2156.6,0.0,0.9999999999990905,2.15655,-1.1565500000009097,4.3131,-3.31310000000091,HIT_TARGET,0.101165885,True,0.101165885,False,,False,False,,False,,0.0
2026-03-20,NO_WALL,ASK,2026-03-20 23:01:45.757521906,1774047705757521906,0.0,0.0,2154.6,0.0,0.0,4,4,5.0,4-5,,,2154.1,2154.5,4.0000000000009095,2154.1,2154.2,0.0,4.0000000000009095,2.1543,1.8457000000009094,4.3086,-0.3085999999990907,HIT_TARGET,13.95620846,True,13.95620846,False,,False,False,,False,,0.0
2026-03-20,NO_WALL,BID,2026-03-20 23:07:32.857221243,1774048052857221243,0.0,0.0,2147.6,0.0,0.0,3,3,4.0000000000009095,4-5,,,2148.0,2147.7,3.000000000001819,2147.9,2148.0,0.0,3.000000000001819,2.14785,0.852150000001819,4.2957,-1.295699999998181,DATA_GAP,41.239686911,False,,False,,False,False,,True,3.535125216,5.0
2026-03-20,NO_WALL,BID,2026-03-20 23:14:52.162415529,1774048492162415529,0.0,0.0,2145.7,0.0,0.0,4,4,5.0,4-5,,,2146.2,2145.7999999999997,4.0000000000009095,2146.1,2146.2,0.0,4.0000000000009095,2.146,1.8540000000009096,4.292,-0.2919999999990903,HIT_TARGET,5.974233487,True,5.974233487,False,,False,False,,False,,0.0
2026-03-20,NO_WALL,BID,2026-03-20 23:16:22.588905237,1774048582588905237,0.0,0.0,2145.6,0.0,0.0,5,5,5.9999999999990905,4-5,,,2146.2,2145.7,5.0,2146.1,2146.2,0.0,5.0,2.1459499999999996,2.8540500000000004,4.291899999999999,0.7081000000000008,HIT_TARGET,7.973540035,True,7.973540035,False,,False,False,,False,,0.0
2026-03-20,NO_WALL,BID,2026-03-20 23:16:34.132710480,1774048594132710480,0.0,0.0,2144.2,0.0,0.0,4,4,10.0,6+,,,2144.7,2144.2999999999997,4.0000000000009095,2144.6,2144.7,0.0,4.0000000000009095,2.1445,1.8555000000009096,4.289,-0.2889999999990902,HIT_TARGET,1.835990424,True,1.835990424,False,,False,False,,False,,0.0
2026-03-20,NO_WALL,ASK,2026-03-20 23:31:31.493768209,1774049491493768209,0.0,0.0,2147.3999999999996,0.0,0.0,2,2,5.0,4-5,,,2147.1,2147.2999999999997,1.999999999998181,2147.1,2147.2,0.0,1.999999999998181,2.1471999999999998,-0.14720000000181876,4.2943999999999996,-2.2944000000018185,TIMEOUT,60.0,False,,False,,False,False,,True,24.345322281,10.99999999999909
2026-03-20,NO_WALL,ASK,2026-03-20 23:33:03.967465201,1774049583967465201,0.0,0.0,2147.7000000000003,0.0,0.0,4,4,5.0,4-5,,,2147.2,2147.6000000000004,4.000000000005457,2147.2,2147.3,0.0,4.000000000005457,2.1474,1.8526000000054568,4.2948,-0.2947999999945434,HIT_TARGET,7.970836613,True,7.970836613,False,,False,False,,False,,0.0
2026-03-21,NO_WALL,ASK,2026-03-21 00:06:48.206745140,1774051608206745140,0.0,0.0,2149.7,0.0,0.0,1,1,5.0,4-5,,,2149.5,2149.6,0.9999999999990905,2149.5,2149.6,0.0,0.9999999999990905,2.14955,-1.1495500000009096,4.2991,-3.2991000000009096,HIT_TARGET,0.067618284,True,0.067618284,False,,False,False,,False,,0.0
2026-03-21,NO_WALL,BID,2026-03-21 00:09:05.305261382,1774051745305261382,0.0,0.0,2146.5,0.0,0.0,3,3,3.999999999996362,2-3,,,2146.9,2146.6,3.000000000001819,2146.8,2146.9,0.0,3.000000000001819,2.14675,0.853250000001819,4.2935,-1.2934999999981809,DATA_GAP,16.03296743,False,,False,,False,False,,False,,0.0
2026-03-21,NO_WALL,BID,2026-03-21 00:15:12.534800040,1774052112534800040,0.0,0.0,2146.2999999999997,0.0,0.0,3,3,4.0000000000009095,4-5,,,2146.7,2146.3999999999996,3.000000000001819,2146.6,2146.7,0.0,3.000000000001819,2.1465499999999995,0.8534500000018195,4.293099999999999,-1.29309999999818,HIT_TARGET,0.423017055,True,0.423017055,False,,False,False,,False,,0.0
2026-03-21,NO_WALL,ASK,2026-03-21 00:17:14.401548999,1774052234401548999,0.0,0.0,2151.1,0.0,0.0,2,2,4.0000000000009095,4-5,,,2150.8,2151.0,1.999999999998181,2150.8,2150.9,0.0,1.999999999998181,2.1509,-0.15090000000181902,4.3018,-2.301800000001819,TIMEOUT,60.0,False,,False,,False,False,,True,2.328969615,20.0
2026-03-21,NO_WALL,ASK,2026-03-21 00:17:22.392872114,1774052242392872114,0.0,0.0,2151.1000000000004,0.0,0.0,3,3,4.0000000000009095,4-5,,,2150.7,2151.0000000000005,3.0000000000063665,2150.7,2150.8,0.0,3.0000000000063665,2.15085,0.8491500000063663,4.3017,-1.3016999999936338,TIMEOUT,60.0,False,,False,,False,False,,True,7.293502476,19.00000000000091
2026-03-21,NO_WALL,ASK,2026-03-21 00:17:23.719382584,1774052243719382584,0.0,0.0,2151.4,0.0,0.0,6,6,4.0000000000009095,4-5,,,2150.7,2151.3,6.000000000003638,2150.7,2150.8,0.0,6.000000000003638,2.151,3.849000000003638,4.302,1.6980000000036384,TIMEOUT,60.0,False,,False,,False,False,,True,5.966992006,19.00000000000091
2026-03-21,NO_WALL,BID,2026-03-21 00:17:56.382674810,1774052276382674810,0.0,0.0,2148.9,0.0,0.0,4,4,3.999999999996362,2-3,,,2149.4,2149.0,4.0000000000009095,2149.3,2149.4,0.0,4.0000000000009095,2.1491999999999996,1.85080000000091,4.298399999999999,-0.2983999999990896,HIT_TARGET,5.697806232,True,5.697806232,False,,False,False,,False,,0.9999999999990905
2026-03-21,NO_WALL,BID,2026-03-21 00:20:23.940363956,1774052423940363956,0.0,0.0,2153.9,0.0,0.0,1,1,4.0000000000009095,4-5,,,2154.1,2154.0,0.9999999999990905,2154.0,2154.1,0.0,0.9999999999990905,2.15405,-1.1540500000009093,4.3081,-3.308100000000909,HIT_TARGET,0.00218641,True,0.00218641,False,,False,False,,False,,0.0
2026-03-21,NO_WALL,ASK,2026-03-21 00:20:38.490655538,1774052438490655538,0.0,0.0,2157.7999999999997,0.0,0.0,7,7,10.0,6+,,,2157.0,2157.7,6.999999999998181,2157.0,2157.1,0.0,6.999999999998181,2.1573499999999997,4.842649999998182,4.314699999999999,2.6852999999981817,TIMEOUT,60.0,False,,False,,False,False,,True,3.009795824,47.99999999999727
2026-03-21,NO_WALL,BID,2026-03-21 00:20:41.669056365,1774052441669056365,0.0,0.0,2156.4,0.0,0.0,2,2,4.0000000000009095,4-5,,,2156.7,2156.5,1.999999999998181,2156.6,2156.7,0.0,1.999999999998181,2.1565999999999996,-0.15660000000181862,4.313199999999999,-2.3132000000018182,HIT_TARGET,0.64739456,True,0.64739456,False,,False,False,,False,,0.0
2026-03-21,NO_WALL,ASK,2026-03-21 00:25:46.838009345,1774052746838009345,0.0,0.0,2153.6,0.0,0.0,1,1,4.0000000000009095,4-5,,,2153.4,2153.5,0.9999999999990905,2153.4,2153.5,0.0,0.9999999999990905,2.15345,-1.1534500000009094,4.3069,-3.3069000000009092,HIT_TARGET,0.145402511,True,0.145402511,False,,False,False,,False,,0.0
2026-03-21,NO_WALL,ASK,2026-03-21 00:37:05.322024388,1774053425322024388,0.0,0.0,2154.4,0.0,0.0,4,4,5.9999999999990905,4-5,,,2153.9,2154.3,4.0000000000009095,2153.9,2154.0,0.0,4.0000000000009095,2.1541,1.8459000000009094,4.3082,-0.30819999999909076,TIMEOUT,60.0,False,,False,,False,False,,True,13.917607538,9.00000000000091
2026-03-21,NO_WALL,BID,2026-03-21 00:39:19.173649479,1774053559173649479,0.0,0.0,2152.4,0.0,0.0,4,4,13.999999999996362,6+,,,2152.9,2152.5,4.0000000000009095,2152.8,2152.9,0.0,4.0000000000009095,2.1527,1.8473000000009097,4.3054,-0.3053999999990902,HIT_TARGET,43.336542725,True,43.336542725,False,,False,False,,True,10.31474569,3.999999999996362
2026-03-21,NO_WALL,ASK,2026-03-21 00:45:32.184134601,1774053932184134601,0.0,0.0,2151.2999999999997,0.0,0.0,2,2,5.0,4-5,,,2151.0,2151.2,1.999999999998181,2151.0,2151.1,0.0,1.999999999998181,2.1511,-0.151100000001819,4.3022,-2.302200000001819,HIT_TARGET,0.966543743,True,0.966543743,False,,False,False,,False,,0.0
2026-03-21,NO_WALL,BID,2026-03-21 00:47:03.138606402,1774054023138606402,0.0,0.0,2149.9,0.0,0.0,7,7,7.0000000000027285,6+,,,2150.7,2150.0,6.999999999998181,2150.6,2150.7,0.0,6.999999999998181,2.15035,4.8496499999981815,4.3007,2.699299999998181,TIMEOUT,60.0,False,,False,,False,False,,False,,2.0000000000027285
2026-03-21,NO_WALL,ASK,2026-03-21 01:00:38.035589015,1774054838035589015,0.0,0.0,2154.7000000000003,0.0,0.0,4,4,4.0000000000009095,4-5,,,2154.2,2154.6000000000004,4.000000000005457,2154.2,2154.3,0.0,4.000000000005457,2.1544,1.845600000005457,4.3088,-0.3087999999945428,HIT_TARGET,16.489973828,True,16.489973828,False,,False,False,,False,,0.0
2026-03-21,NO_WALL,BID,2026-03-21 01:09:47.430131330,1774055387430131330,0.0,0.0,2154.7999999999997,0.0,0.0,4,4,4.0000000000009095,4-5,,,2155.3,2154.8999999999996,4.000000000005457,2155.2,2155.3,0.0,4.000000000005457,2.1550999999999996,1.8449000000054574,4.310199999999999,-0.3101999999945422,TIMEOUT,60.0,False,,False,,False,False,,True,9.606565903,38.00000000000182
2026-03-21,NO_WALL,BID,2026-03-21 01:10:25.367546785,1774055425367546785,0.0,0.0,2158.3,0.0,0.0,2,2,4.0000000000009095,4-5,,,2158.6,2158.4,1.999999999998181,2158.5,2158.6,0.0,1.999999999998181,2.1584999999999996,-0.15850000000181863,4.316999999999999,-2.3170000000018183,TIMEOUT,60.0,False,,False,,False,False,,True,21.79150706,18.00000000000182
2026-03-21,NO_WALL,BID,2026-03-21 01:18:23.443633091,1774055903443633091,0.0,0.0,2151.9,0.0,0.0,4,4,6.999999999998181,6+,,,2152.4,2152.0,4.0000000000009095,2152.3,2152.4,0.0,4.0000000000009095,2.1521999999999997,1.8478000000009098,4.304399999999999,-0.30439999999908984,HIT_TARGET,20.724261646,True,20.724261646,False,,False,False,,False,,0.0
2026-03-21,NO_WALL,ASK,2026-03-21 01:23:13.616307436,1774056193616307436,0.0,0.0,2155.5,0.0,0.0,2,2,6.000000000003638,6+,,,2155.2,2155.4,2.0000000000027285,2155.2,2155.3,0.0,2.0000000000027285,2.1553,-0.1552999999972715,4.3106,-2.3105999999972715,HIT_TARGET,0.976196259,True,0.976196259,False,,False,False,,False,,0.0
2026-03-21,NO_WALL,ASK,2026-03-21 01:25:51.861795621,1774056351861795621,0.0,0.0,2155.0,0.0,0.0,3,3,3.999999999996362,2-3,,,2154.6,2154.9,3.000000000001819,2154.6,2154.7,0.0,3.000000000001819,2.15475,0.845250000001819,4.3095,-1.309499999998181,HIT_TARGET,0.371261323,True,0.371261323,False,,False,False,,False,,0.0
2026-03-21,NO_WALL,BID,2026-03-21 01:33:23.875647987,1774056803875647987,0.0,0.0,2150.1,0.0,0.0,5,5,9.00000000000091,6+,,,2150.7,2150.2,5.0,2150.6,2150.7,0.0,5.0,2.1504499999999998,2.8495500000000002,4.3008999999999995,0.6991000000000005,HIT_TARGET,5.720931851,True,5.720931851,False,,False,False,,False,,0.9999999999990905
2026-03-21,NO_WALL,BID,2026-03-21 01:33:32.392522229,1774056812392522229,0.0,0.0,2149.8,0.0,0.0,2,2,6.999999999998181,6+,,,2150.1,2149.9,1.999999999998181,2150.0,2150.1,0.0,1.999999999998181,2.15,-0.1500000000018189,4.3,-2.300000000001819,HIT_TARGET,13.642167002,True,13.642167002,False,,False,False,,False,,0.0
2026-03-21,NO_WALL,ASK,2026-03-21 01:34:54.765665875,1774056894765665875,0.0,0.0,2152.2000000000003,0.0,0.0,3,3,4.0000000000009095,4-5,,,2151.8,2152.1000000000004,3.000000000001819,2151.8,2151.9,0.0,3.000000000001819,2.1519500000000003,0.8480500000018187,4.3039000000000005,-1.3038999999981815,HIT_TARGET,6.715152833,True,6.715152833,False,,False,False,,False,,0.0
2026-03-21,NO_WALL,ASK,2026-03-21 01:50:29.687489417,1774057829687489417,0.0,0.0,2151.1,0.0,0.0,6,6,4.0000000000009095,4-5,,,2150.4,2151.0,5.9999999999990905,2150.4,2150.5,0.0,5.9999999999990905,2.1506999999999996,3.849299999999091,4.301399999999999,1.6985999999990913,DATA_GAP,40.894870121,False,,False,,False,False,,True,31.50109677,6.999999999998181
2026-03-21,NO_WALL,BID,2026-03-21 01:59:32.178413210,1774058372178413210,0.0,0.0,2148.1000000000004,0.0,0.0,2,2,3.999999999996362,2-3,,,2148.4,2148.2000000000003,1.999999999998181,2148.3,2148.4,0.0,1.999999999998181,2.1483,-0.14830000000181887,4.2966,-2.2966000000018187,HIT_TARGET,19.672066613,True,19.672066613,False,,False,False,,False,,0.0
2026-03-21,NO_WALL,ASK,2026-03-21 02:06:56.721104778,1774058816721104778,0.0,0.0,2149.1,0.0,0.0,1,1,5.0,4-5,,,2148.9,2149.0,0.9999999999990905,2148.9,2149.0,0.0,0.9999999999990905,2.1489499999999997,-1.1489500000009092,4.297899999999999,-3.297900000000909,HIT_TARGET,0.014749936,True,0.014749936,False,,False,False,,False,,0.0
2026-03-21,NO_WALL,BID,2026-03-21 02:13:26.593678247,1774059206593678247,0.0,0.0,2148.2000000000003,0.0,0.0,1,1,5.9999999999990905,4-5,,,2148.4,2148.3,0.9999999999990905,2148.3,2148.4,0.0,0.9999999999990905,2.14835,-1.1483500000009097,4.2967,-3.29670000000091,HIT_TARGET,0.005836937,True,0.005836937,False,,False,False,,False,,0.0
2026-03-21,NO_WALL,ASK,2026-03-21 02:17:54.236055468,1774059474236055468,0.0,0.0,2150.8,0.0,0.0,3,3,5.0,4-5,,,2150.4,2150.7000000000003,3.000000000001819,2150.4,2150.5,0.0,3.000000000001819,2.15055,0.849450000001819,4.3011,-1.301099999998181,HIT_TARGET,2.827388973,True,2.827388973,False,,False,False,,False,,0.0
2026-03-21,NO_WALL,ASK,2026-03-21 02:21:44.972800792,1774059704972800792,0.0,0.0,2151.6,0.0,0.0,4,4,3.999999999996362,2-3,,,2151.1,2151.5,4.0000000000009095,2151.1,2151.2,0.0,4.0000000000009095,2.1513,1.8487000000009095,4.3026,-0.3025999999990905,HIT_TARGET,12.922658197,True,12.922658197,False,,False,False,,False,,0.0
2026-03-21,NO_WALL,ASK,2026-03-21 02:40:04.820899351,1774060804820899351,0.0,0.0,2152.5,0.0,0.0,4,4,4.0000000000009095,4-5,,,2152.0,2152.4,4.0000000000009095,2152.0,2152.1,0.0,4.0000000000009095,2.1521999999999997,1.8478000000009098,4.304399999999999,-0.30439999999908984,HIT_TARGET,1.963023936,True,1.963023936,False,,False,False,,False,,0.0
2026-03-21,NO_WALL,BID,2026-03-21 02:52:38.420165173,1774061558420165173,0.0,0.0,2154.0,0.0,0.0,6,6,4.0000000000009095,4-5,,,2154.7,2154.1,5.9999999999990905,2154.6,2154.7,0.0,5.9999999999990905,2.1543999999999994,3.845599999999091,4.308799999999999,1.6911999999990917,TIMEOUT,60.0,False,,False,,False,False,,True,0.786540485,14.00000000000091
2026-03-21,NO_WALL,ASK,2026-03-21 03:07:14.986845783,1774062434986845783,0.0,0.0,2154.6,0.0,0.0,1,1,5.0,4-5,,,2154.4,2154.5,0.9999999999990905,2154.4,2154.5,0.0,0.9999999999990905,2.1544499999999998,-1.1544500000009092,4.3088999999999995,-3.308900000000909,HIT_TARGET,0.045112686,True,0.045112686,False,,False,False,,False,,0.0
2026-03-21,NO_WALL,ASK,2026-03-21 03:07:20.435826197,1774062440435826197,0.0,0.0,2155.3,0.0,0.0,3,3,4.0000000000009095,4-5,,,2154.9,2155.2000000000003,3.000000000001819,2154.9,2155.0,0.0,3.000000000001819,2.15505,0.8449500000018189,4.3101,-1.3100999999981813,TIMEOUT,60.0,False,,False,,False,False,,False,,0.0
2026-03-21,NO_WALL,ASK,2026-03-21 03:08:30.587711936,1774062510587711936,0.0,0.0,2155.9,0.0,0.0,3,3,5.0,4-5,,,2155.5,2155.8,3.000000000001819,2155.5,2155.6,0.0,3.000000000001819,2.15565,0.8443500000018189,4.3113,-1.3112999999981811,TIMEOUT,60.0,False,,False,,False,False,,True,19.406503399,5.9999999999990905
2026-03-21,NO_WALL,ASK,2026-03-21 03:40:28.912181280,1774064428912181280,0.0,0.0,2153.2000000000003,0.0,0.0,3,3,4.0000000000009095,4-5,,,2152.8,2153.1000000000004,3.000000000001819,2152.8,2152.9,0.0,3.000000000001819,2.15295,0.8470500000018188,4.3059,-1.3058999999981813,HIT_TARGET,2.146768939,True,2.146768939,False,,False,False,,False,,0.0
2026-03-21,NO_WALL,ASK,2026-03-21 04:03:43.217274861,1774065823217274861,0.0,0.0,2156.1000000000004,0.0,0.0,3,3,5.0,4-5,,,2155.7,2156.0000000000005,3.0000000000063665,2155.7,2155.8,0.0,3.0000000000063665,2.15585,0.8441500000063664,4.3117,-1.3116999999936336,TIMEOUT,60.0,False,,False,,False,False,,False,,1.000000000003638
2026-03-21,NO_WALL,ASK,2026-03-21 04:03:45.034991668,1774065825034991668,0.0,0.0,2156.2000000000003,0.0,0.0,4,4,5.0,4-5,,,2155.7,2156.1000000000004,4.000000000005457,2155.7,2155.8,0.0,4.000000000005457,2.1559,1.844100000005457,4.3118,-0.3117999999945429,TIMEOUT,60.0,False,,False,,False,False,,False,,1.000000000003638
2026-03-21,NO_WALL,ASK,2026-03-21 04:05:42.646494576,1774065942646494576,0.0,0.0,2158.7000000000003,0.0,0.0,4,4,11.000000000003638,6+,,,2158.2,2158.6000000000004,4.000000000005457,2158.2,2158.3,0.0,4.000000000005457,2.1584,1.841600000005457,4.3168,-0.3167999999945428,TIMEOUT,60.0,False,,False,,False,False,,True,18.167954903,12.000000000002728
2026-03-21,NO_WALL,BID,2026-03-21 04:06:01.069725919,1774065961069725919,0.0,0.0,2157.6,0.0,0.0,1,1,5.0,4-5,,,2157.8,2157.7,1.000000000003638,2157.7,2157.8,0.0,1.000000000003638,2.1577499999999996,-1.1577499999963616,4.315499999999999,-3.3154999999963612,HIT_TARGET,0.029444032,True,0.029444032,False,,False,False,,False,,0.0
2026-03-21,NO_WALL,ASK,2026-03-21 05:15:29.330833306,1774070129330833306,0.0,0.0,2155.4,0.0,0.0,3,3,4.0000000000009095,4-5,,,2155.0,2155.3,3.000000000001819,2155.0,2155.1,0.0,3.000000000001819,2.15515,0.8448500000018191,4.3103,-1.3102999999981808,HIT_TARGET,49.325216557,True,49.325216557,False,,False,False,,False,,1.999999999998181
2026-03-21,NO_WALL,BID,2026-03-21 05:30:54.968197747,1774071054968197747,0.0,0.0,2155.2000000000003,0.0,0.0,2,2,6.999999999998181,6+,,,2155.5,2155.3,1.999999999998181,2155.4,2155.5,0.0,1.999999999998181,2.1553999999999998,-0.15540000000181875,4.3107999999999995,-2.3108000000018185,DATA_GAP,13.857914575,False,,False,,False,False,,False,,0.0
2026-03-21,NO_WALL,BID,2026-03-21 05:43:14.948397626,1774071794948397626,0.0,0.0,2154.6,0.0,0.0,1,1,4.0000000000009095,4-5,,,2154.8,2154.7,1.000000000003638,2154.7,2154.8,0.0,1.000000000003638,2.15475,-1.154749999996362,4.3095,-3.309499999996362,HIT_TARGET,0.056985356,True,0.056985356,False,,False,False,,False,,0.0
2026-03-21,NO_WALL,BID,2026-03-21 05:48:08.748908335,1774072088748908335,0.0,0.0,2153.7999999999997,0.0,0.0,4,4,4.0000000000009095,4-5,,,2154.3,2153.8999999999996,4.000000000005457,2154.2,2154.3,0.0,4.000000000005457,2.1540999999999997,1.8459000000054573,4.308199999999999,-0.3081999999945424,TIMEOUT,60.0,False,,False,,False,False,,False,,0.0
2026-03-21,NO_WALL,BID,2026-03-21 06:00:55.254239154,1774072855254239154,0.0,0.0,2152.9,0.0,0.0,2,2,5.9999999999990905,4-5,,,2153.2,2153.0,1.999999999998181,2153.1,2153.2,0.0,1.999999999998181,2.1531,-0.15310000000181878,4.3062,-2.3062000000018186,HIT_TARGET,29.138041658,True,29.138041658,False,,False,False,,False,,0.0
2026-03-21,NO_WALL,ASK,2026-03-21 06:01:56.935174509,1774072916935174509,0.0,0.0,2154.3,0.0,0.0,5,5,4.0000000000009095,4-5,,,2153.7,2154.2000000000003,5.0000000000045475,2153.7,2153.8,0.0,5.0000000000045475,2.1539499999999996,2.846050000004548,4.307899999999999,0.6921000000045483,TIMEOUT,60.0,False,,False,,False,False,,False,,0.0
2026-03-21,NO_WALL,ASK,2026-03-21 06:22:16.024575636,1774074136024575636,0.0,0.0,2153.9,0.0,0.0,5,5,5.9999999999990905,4-5,,,2153.3,2153.8,5.0,2153.3,2153.4,0.0,5.0,2.15355,2.84645,4.3071,0.6928999999999998,DATA_GAP,48.228455628,False,,False,,False,False,,False,,0.9999999999990905
2026-03-21,NO_WALL,ASK,2026-03-21 06:47:18.169281653,1774075638169281653,0.0,0.0,2155.8,0.0,0.0,4,4,4.0000000000009095,4-5,,,2155.3,2155.7000000000003,4.0000000000009095,2155.3,2155.4,0.0,4.0000000000009095,2.1555,1.8445000000009095,4.311,-0.31099999999909045,TIMEOUT,60.0,False,,False,,False,False,,True,54.781008877,4.0000000000009095
2026-03-21,NO_WALL,ASK,2026-03-21 07:28:16.643706267,1774078096643706267,0.0,0.0,2161.2999999999997,0.0,0.0,2,2,4.0000000000009095,4-5,,,2161.0,2161.2,1.999999999998181,2161.0,2161.1,0.0,1.999999999998181,2.1611,-0.1611000000018188,4.3222,-2.3222000000018186,TIMEOUT,60.0,False,,False,,False,False,,True,49.089712,2.9999999999972715
2026-03-21,NO_WALL,ASK,2026-03-21 07:37:35.948065339,1774078655948065339,0.0,0.0,2158.2,0.0,0.0,1,1,5.0,4-5,,,2158.0,2158.1,0.9999999999990905,2158.0,2158.1,0.0,0.9999999999990905,2.1580500000000002,-1.1580500000009097,4.3161000000000005,-3.31610000000091,HIT_TARGET,0.0693091,True,0.0693091,False,,False,False,,False,,0.0
2026-03-21,NO_WALL,ASK,2026-03-21 07:48:02.037580711,1774079282037580711,0.0,0.0,2155.4,0.0,0.0,1,1,5.0,4-5,,,2155.2,2155.3,1.000000000003638,2155.2,2155.3,0.0,1.000000000003638,2.1552499999999997,-1.1552499999963617,4.310499999999999,-3.3104999999963614,HIT_TARGET,0.056157134,True,0.056157134,False,,False,False,,False,,0.0
2026-03-21,NO_WALL,BID,2026-03-21 08:17:32.725959374,1774081052725959374,0.0,0.0,2152.9,0.0,0.0,5,5,4.0000000000009095,4-5,,,2153.5,2153.0,5.0,2153.4,2153.5,0.0,5.0,2.15325,2.84675,4.3065,0.6935000000000002,TIMEOUT,60.0,False,,False,,False,False,,False,,1.999999999998181
2026-03-21,NO_WALL,BID,2026-03-21 08:31:58.484286507,1774081918484286507,0.0,0.0,2151.1000000000004,0.0,0.0,2,2,3.999999999996362,2-3,,,2151.4,2151.2000000000003,1.999999999998181,2151.3,2151.4,0.0,1.999999999998181,2.1513,-0.15130000000181898,4.3026,-2.302600000001819,HIT_TARGET,4.474000109,True,4.474000109,False,,False,False,,False,,0.0
2026-03-21,NO_WALL,ASK,2026-03-21 09:49:29.794459837,1774086569794459837,0.0,0.0,2158.7000000000003,0.0,0.0,3,3,4.0000000000009095,4-5,,,2158.3,2158.6000000000004,3.000000000001819,2158.3,2158.4,0.0,3.000000000001819,2.15845,0.8415500000018188,4.3169,-1.3168999999981814,TIMEOUT,60.0,False,,False,,False,False,,True,40.08398559,7.0000000000027285
2026-03-21,NO_WALL,ASK,2026-03-21 11:18:27.234753233,1774091907234753233,0.0,0.0,2155.1000000000004,0.0,0.0,3,3,5.0,4-5,,,2154.7,2155.0000000000005,3.0000000000063665,2154.7,2154.8,0.0,3.0000000000063665,2.15485,0.8451500000063663,4.3097,-1.3096999999936338,TIMEOUT,60.0,False,,False,,False,False,,True,25.428584719,6.000000000003638
2026-03-21,NO_WALL,ASK,2026-03-21 11:33:27.004545741,1774092807004545741,0.0,0.0,2155.3,0.0,0.0,3,3,4.0000000000009095,4-5,,,2154.9,2155.2000000000003,3.000000000001819,2154.9,2155.0,0.0,3.000000000001819,2.15505,0.8449500000018189,4.3101,-1.3100999999981813,HIT_TARGET,58.364487114,True,58.364487114,False,,False,False,,False,,0.0
2026-03-21,NO_WALL,ASK,2026-03-21 11:47:33.993140958,1774093653993140958,0.0,0.0,2156.9,0.0,0.0,3,3,5.0,4-5,,,2156.5,2156.8,3.000000000001819,2156.5,2156.6,0.0,3.000000000001819,2.15665,0.843350000001819,4.3133,-1.313299999998181,HIT_TARGET,21.204339892,True,21.204339892,False,,False,False,,False,,0.0
2026-03-21,NO_WALL,BID,2026-03-21 11:48:06.158941908,1774093686158941908,0.0,0.0,2156.0,0.0,0.0,3,3,5.0,4-5,,,2156.4,2156.1,3.000000000001819,2156.3,2156.4,0.0,3.000000000001819,2.15625,0.843750000001819,4.3125,-1.312499999998181,TIMEOUT,60.0,False,,False,,False,False,,False,,1.999999999998181
2026-03-21,NO_WALL,ASK,2026-03-21 12:09:46.316820156,1774094986316820156,0.0,0.0,2159.5,0.0,0.0,4,4,4.0000000000009095,4-5,,,2159.0,2159.4,4.0000000000009095,2159.0,2159.1,0.0,4.0000000000009095,2.1592,1.8408000000009097,4.3184,-0.3183999999990901,TIMEOUT,60.0,False,,False,,False,False,,False,,0.0
2026-03-21,NO_WALL,ASK,2026-03-21 12:34:04.800763976,1774096444800763976,0.0,0.0,2158.2000000000003,0.0,0.0,3,3,4.0000000000009095,4-5,,,2157.8,2158.1000000000004,3.000000000001819,2157.8,2157.9,0.0,3.000000000001819,2.15795,0.842050000001819,4.3159,-1.315899999998181,DATA_GAP,12.935516008,False,,False,,False,False,,False,,0.0
2026-03-21,NO_WALL,BID,2026-03-21 13:36:08.473638388,1774100168473638388,0.0,0.0,2156.7,0.0,0.0,3,3,4.0000000000009095,4-5,,,2157.1,2156.7999999999997,3.000000000001819,2157.0,2157.1,0.0,3.000000000001819,2.1569499999999997,0.8430500000018193,4.313899999999999,-1.3138999999981804,HIT_TARGET,28.328715968,True,28.328715968,False,,False,False,,False,,0.0
2026-03-21,NO_WALL,ASK,2026-03-21 14:11:03.838333649,1774102263838333649,0.0,0.0,2159.6,0.0,0.0,4,4,5.0,4-5,,,2159.1,2159.5,4.0000000000009095,2159.1,2159.2,0.0,4.0000000000009095,2.1593,1.8407000000009095,4.3186,-0.3185999999990905,HIT_TARGET,12.223907308,True,12.223907308,False,,False,False,,True,3.958739233,3.999999999996362
2026-03-21,NO_WALL,ASK,2026-03-21 14:11:30.046413720,1774102290046413720,0.0,0.0,2160.7000000000003,0.0,0.0,3,3,5.9999999999990905,4-5,,,2160.3,2160.6000000000004,3.000000000001819,2160.3,2160.4,0.0,3.000000000001819,2.16045,0.839550000001819,4.3209,-1.320899999998181,HIT_TARGET,11.122960963,True,11.122960963,False,,False,False,,False,,0.0
2026-03-21,NO_WALL,ASK,2026-03-21 14:12:17.742981384,1774102337742981384,0.0,0.0,2164.0,0.0,0.0,4,4,4.0000000000009095,4-5,,,2163.5,2163.9,4.0000000000009095,2163.5,2163.6,0.0,4.0000000000009095,2.1636999999999995,1.83630000000091,4.327399999999999,-0.32739999999908953,HIT_TARGET,4.918689549,True,4.918689549,False,,False,False,,False,,1.999999999998181
2026-03-21,NO_WALL,BID,2026-03-21 14:12:46.534147397,1774102366534147397,0.0,0.0,2167.2000000000003,0.0,0.0,1,1,5.9999999999990905,4-5,,,2167.4,2167.3,0.9999999999990905,2167.3,2167.4,0.0,0.9999999999990905,2.1673500000000003,-1.1673500000009098,4.334700000000001,-3.33470000000091,HIT_TARGET,0.052107854,True,0.052107854,False,,False,False,,False,,0.0
2026-03-21,NO_WALL,BID,2026-03-21 14:16:27.838199263,1774102587838199263,0.0,0.0,2164.4,0.0,0.0,2,2,4.0000000000009095,4-5,,,2164.7,2164.5,1.999999999998181,2164.6,2164.7,0.0,1.999999999998181,2.1645999999999996,-0.16460000000181862,4.329199999999999,-2.3292000000018183,HIT_TARGET,2.607163326,True,2.607163326,False,,False,False,,False,,0.0
2026-03-21,NO_WALL,ASK,2026-03-21 14:21:31.983709089,1774102891983709089,0.0,0.0,2163.6,0.0,0.0,4,4,3.999999999996362,2-3,,,2163.1,2163.5,4.0000000000009095,2163.1,2163.2,0.0,4.0000000000009095,2.1633,1.8367000000009095,4.3266,-0.3265999999990905,DATA_GAP,3.6621983,False,,False,,False,False,,False,,0.0
2026-03-21,NO_WALL,ASK,2026-03-21 14:30:28.536141600,1774103428536141600,0.0,0.0,2162.9,0.0,0.0,1,1,4.0000000000009095,4-5,,,2162.7,2162.8,1.000000000003638,2162.7,2162.8,0.0,1.000000000003638,2.16275,-1.162749999996362,4.3255,-3.325499999996362,HIT_TARGET,0.09143565,True,0.09143565,False,,False,False,,False,,0.0
2026-03-21,NO_WALL,BID,2026-03-21 14:47:16.735745560,1774104436735745560,0.0,0.0,2160.5,0.0,0.0,3,3,3.999999999996362,2-3,,,2160.9,2160.6,3.000000000001819,2160.8,2160.9,0.0,3.000000000001819,2.1607499999999997,0.8392500000018193,4.3214999999999995,-1.3214999999981805,HIT_TARGET,2.258265873,True,2.258265873,False,,False,False,,False,,0.0
2026-03-21,NO_WALL,BID,2026-03-21 14:48:41.576448441,1774104521576448441,0.0,0.0,2156.9,0.0,0.0,2,2,10.99999999999909,6+,,,2157.2,2157.0,1.999999999998181,2157.1,2157.2,0.0,1.999999999998181,2.1571,-0.15710000000181878,4.3142,-2.3142000000018186,HIT_TARGET,7.143173678,True,7.143173678,False,,False,False,,False,,0.0
2026-03-21,NO_WALL,ASK,2026-03-21 14:51:40.135642164,1774104700135642164,0.0,0.0,2156.9,0.0,0.0,4,4,4.0000000000009095,4-5,,,2156.4,2156.8,4.0000000000009095,2156.4,2156.5,0.0,4.0000000000009095,2.1566000000000005,1.843400000000909,4.313200000000001,-0.31319999999909154,HIT_TARGET,13.912883567,True,13.912883567,False,,False,False,,False,,0.0
2026-03-21,NO_WALL,ASK,2026-03-21 14:51:41.737748925,1774104701737748925,0.0,0.0,2156.9,0.0,0.0,4,4,4.0000000000009095,4-5,,,2156.4,2156.8,4.0000000000009095,2156.4,2156.5,0.0,4.0000000000009095,2.1566000000000005,1.843400000000909,4.313200000000001,-0.31319999999909154,HIT_TARGET,12.310776806,True,12.310776806,False,,False,False,,False,,0.0
2026-03-21,NO_WALL,BID,2026-03-21 14:52:16.202439429,1774104736202439429,0.0,0.0,2155.8,0.0,0.0,2,2,4.0000000000009095,4-5,,,2156.1,2155.9,1.999999999998181,2156.0,2156.1,0.0,1.999999999998181,2.156,-0.15600000000181913,4.312,-2.3120000000018193,HIT_TARGET,8.826995017,True,8.826995017,False,,False,False,,False,,0.0
2026-03-21,NO_WALL,BID,2026-03-21 14:52:30.209925130,1774104750209925130,0.0,0.0,2153.0,0.0,0.0,4,4,11.999999999998181,6+,,,2153.5,2153.1,4.0000000000009095,2153.4,2153.5,0.0,4.0000000000009095,2.1533,1.8467000000009093,4.3066,-0.30659999999909093,HIT_TARGET,46.968609135,True,46.968609135,False,,False,False,,True,9.511940392,6.999999999998181
2026-03-21,NO_WALL,ASK,2026-03-21 14:54:00.592027026,1774104840592027026,0.0,0.0,2153.4,0.0,0.0,1,1,4.0000000000009095,4-5,,,2153.2,2153.3,1.000000000003638,2153.2,2153.3,0.0,1.000000000003638,2.15325,-1.153249999996362,4.3065,-3.306499999996362,HIT_TARGET,0.137535342,True,0.137535342,False,,False,False,,False,,0.0
2026-03-21,NO_WALL,BID,2026-03-21 15:03:04.569950558,1774105384569950558,0.0,0.0,2151.8,0.0,0.0,2,2,4.0000000000009095,4-5,,,2152.1,2151.9,1.999999999998181,2152.0,2152.1,0.0,1.999999999998181,2.1519999999999997,-0.15200000000181868,4.303999999999999,-2.3040000000018184,HIT_TARGET,0.916561776,True,0.916561776,False,,False,False,,False,,0.0
2026-03-21,NO_WALL,ASK,2026-03-21 15:07:19.442509088,1774105639442509088,0.0,0.0,2152.4,0.0,0.0,3,3,4.0000000000009095,4-5,,,2152.0,2152.3,3.000000000001819,2152.0,2152.1,0.0,3.000000000001819,2.1521500000000002,0.8478500000018188,4.3043000000000005,-1.3042999999981815,HIT_TARGET,11.224197581,True,11.224197581,False,,False,False,,False,,0.0
2026-03-21,NO_WALL,BID,2026-03-21 15:08:05.812369081,1774105685812369081,0.0,0.0,2152.6000000000004,0.0,0.0,2,2,3.999999999996362,2-3,,,2152.9,2152.7000000000003,1.999999999998181,2152.8,2152.9,0.0,1.999999999998181,2.1528,-0.15280000000181904,4.3056,-2.305600000001819,HIT_TARGET,2.261164617,True,2.261164617,False,,False,False,,False,,0.0
2026-03-21,NO_WALL,ASK,2026-03-21 15:14:40.136159419,1774106080136159419,0.0,0.0,2154.0,0.0,0.0,3,3,5.0,4-5,,,2153.6,2153.9,3.000000000001819,2153.6,2153.7,0.0,3.000000000001819,2.15375,0.8462500000018189,4.3075,-1.3074999999981811,HIT_TARGET,24.925322872,True,24.925322872,False,,False,False,,False,,0.0
2026-03-21,NO_WALL,ASK,2026-03-21 15:15:06.769987078,1774106106769987078,0.0,0.0,2154.6,0.0,0.0,4,4,5.0,4-5,,,2154.1,2154.5,4.0000000000009095,2154.1,2154.2,0.0,4.0000000000009095,2.1543,1.8457000000009094,4.3086,-0.3085999999990907,TIMEOUT,60.0,False,,False,,False,False,,True,8.497739442,16.99999999999818
2026-03-21,NO_WALL,BID,2026-03-21 15:15:15.763459958,1774106115763459958,0.0,0.0,2153.1,0.0,0.0,4,4,5.9999999999990905,4-5,,,2153.6,2153.2,4.0000000000009095,2153.5,2153.6,0.0,4.0000000000009095,2.1533999999999995,1.84660000000091,4.306799999999999,-0.3067999999990896,HIT_TARGET,36.252006,True,36.252006,False,,False,False,,False,,1.999999999998181
2026-03-21,NO_WALL,ASK,2026-03-21 15:18:11.508806239,1774106291508806239,0.0,0.0,2148.7000000000003,0.0,0.0,3,3,4.0000000000009095,4-5,,,2148.3,2148.6000000000004,3.000000000001819,2148.3,2148.4,0.0,3.000000000001819,2.1484500000000004,0.8515500000018186,4.296900000000001,-1.2968999999981818,TIMEOUT,60.0,False,,False,,False,False,,True,9.640741601,17.00000000000273
2026-03-21,NO_WALL,BID,2026-03-21 15:18:22.274160787,1774106302274160787,0.0,0.0,2147.5,0.0,0.0,3,3,5.9999999999990905,4-5,,,2147.9,2147.6,3.000000000001819,2147.8,2147.9,0.0,3.000000000001819,2.14775,0.8522500000018192,4.2955,-1.2954999999981807,HIT_TARGET,0.456679022,True,0.456679022,False,,False,False,,False,,0.0
2026-03-21,NO_WALL,ASK,2026-03-21 15:20:02.243200658,1774106402243200658,0.0,0.0,2148.7000000000003,0.0,0.0,3,3,4.0000000000009095,4-5,,,2148.3,2148.6000000000004,3.000000000001819,2148.3,2148.4,0.0,3.000000000001819,2.1484500000000004,0.8515500000018186,4.296900000000001,-1.2968999999981818,HIT_TARGET,1.124089524,True,1.124089524,False,,False,False,,False,,0.0
2026-03-21,NO_WALL,BID,2026-03-21 15:28:34.444119120,1774106914444119120,0.0,0.0,2152.0,0.0,0.0,4,4,5.0,4-5,,,2152.5,2152.1,4.0000000000009095,2152.4,2152.5,0.0,4.0000000000009095,2.1523,1.8477000000009096,4.3046,-0.30459999999909027,DATA_GAP,15.022133843,False,,False,,False,False,,False,,0.0
2026-03-21,NO_WALL,ASK,2026-03-21 15:33:46.142502886,1774107226142502886,0.0,0.0,2157.2999999999997,0.0,0.0,6,6,3.999999999996362,2-3,,,2156.6,2157.2,5.9999999999990905,2156.6,2156.7,0.0,5.9999999999990905,2.1568999999999994,3.843099999999091,4.313799999999999,1.6861999999990918,HIT_TARGET,2.614038044,True,2.614038044,False,,False,False,,False,,0.0
2026-03-21,NO_WALL,ASK,2026-03-21 16:05:19.935531606,1774109119935531606,0.0,0.0,2155.0,0.0,0.0,4,4,4.0000000000009095,4-5,,,2154.5,2154.9,4.0000000000009095,2154.5,2154.6,0.0,4.0000000000009095,2.1546999999999996,1.8453000000009099,4.309399999999999,-0.30939999999908974,HIT_TARGET,41.040797599,True,41.040797599,False,,False,False,,False,,0.0
2026-03-21,NO_WALL,BID,2026-03-21 16:08:47.408529352,1774109327408529352,0.0,0.0,2154.3,0.0,0.0,2,2,5.9999999999990905,4-5,,,2154.6,2154.4,1.999999999998181,2154.5,2154.6,0.0,1.999999999998181,2.1545,-0.15450000000181907,4.309,-2.309000000001819,HIT_TARGET,28.439086674,True,28.439086674,False,,False,False,,False,,0.0
2026-03-21,NO_WALL,BID,2026-03-21 16:09:16.548717632,1774109356548717632,0.0,0.0,2153.7,0.0,0.0,4,4,4.0000000000009095,4-5,,,2154.2,2153.7999999999997,4.0000000000009095,2154.1,2154.2,0.0,4.0000000000009095,2.154,1.8460000000009096,4.308,-0.30799999999909033,HIT_TARGET,13.283432998,True,13.283432998,False,,False,False,,False,,0.0
2026-03-21,NO_WALL,ASK,2026-03-21 16:12:05.293932294,1774109525293932294,0.0,0.0,2154.7,0.0,0.0,6,6,5.0,4-5,,,2154.0,2154.6,5.9999999999990905,2154.0,2154.1,0.0,5.9999999999990905,2.1543,3.8456999999990904,4.3086,1.6913999999990903,DATA_GAP,48.608841466,False,,False,,False,False,,True,0.459847207,19.00000000000091
2026-03-21,NO_WALL,ASK,2026-03-21 16:27:26.069126191,1774110446069126191,0.0,0.0,2152.4,0.0,0.0,3,3,5.0,4-5,,,2152.0,2152.3,3.000000000001819,2152.0,2152.1,0.0,3.000000000001819,2.1521500000000002,0.8478500000018188,4.3043000000000005,-1.3042999999981815,TIMEOUT,60.0,False,,False,,False,False,,True,23.236411969,2.9999999999972715
2026-03-21,NO_WALL,BID,2026-03-21 16:28:51.532631835,1774110531532631835,0.0,0.0,2147.2999999999997,0.0,0.0,4,4,25.0,6+,,,2147.8,2147.3999999999996,4.000000000005457,2147.7,2147.8,0.0,4.000000000005457,2.1475999999999997,1.8524000000054572,4.2951999999999995,-0.2951999999945425,HIT_TARGET,0.407722336,True,0.407722336,False,,False,False,,False,,0.0
2026-03-21,NO_WALL,ASK,2026-03-21 16:30:55.107308692,1774110655107308692,0.0,0.0,2149.7,0.0,0.0,2,2,4.0000000000009095,4-5,,,2149.4,2149.6,1.999999999998181,2149.4,2149.5,0.0,1.999999999998181,2.1494999999999997,-0.14950000000181873,4.2989999999999995,-2.2990000000018185,HIT_TARGET,0.777859233,True,0.777859233,False,,False,False,,False,,0.0
2026-03-21,NO_WALL,BID,2026-03-21 16:40:54.284689180,1774111254284689180,0.0,0.0,2148.4,0.0,0.0,1,1,5.0,4-5,,,2148.6,2148.5,0.9999999999990905,2148.5,2148.6,0.0,0.9999999999990905,2.14855,-1.1485500000009097,4.2971,-3.29710000000091,HIT_TARGET,0.202648028,True,0.202648028,False,,False,False,,False,,0.0
2026-03-21,NO_WALL,ASK,2026-03-21 16:45:50.418569478,1774111550418569478,0.0,0.0,2148.9,0.0,0.0,1,1,4.0000000000009095,4-5,,,2148.7,2148.8,1.000000000003638,2148.7,2148.8,0.0,1.000000000003638,2.14875,-1.1487499999963622,4.2975,-3.2974999999963623,HIT_TARGET,0.247655008,True,0.247655008,False,,False,False,,False,,0.0
2026-03-21,NO_WALL,BID,2026-03-21 16:46:49.307361088,1774111609307361088,0.0,0.0,2149.2,0.0,0.0,4,4,4.0000000000009095,4-5,,,2149.7,2149.2999999999997,4.0000000000009095,2149.6,2149.7,0.0,4.0000000000009095,2.1494999999999997,1.8505000000009098,4.2989999999999995,-0.29899999999909,TIMEOUT,60.0,False,,False,,False,False,,True,38.871465568,3.000000000001819
2026-03-21,NO_WALL,ASK,2026-03-21 16:47:52.604585217,1774111672604585217,0.0,0.0,2150.8,0.0,0.0,3,3,5.0,4-5,,,2150.4,2150.7000000000003,3.000000000001819,2150.4,2150.5,0.0,3.000000000001819,2.15055,0.849450000001819,4.3011,-1.301099999998181,HIT_TARGET,38.457800532,True,38.457800532,False,,False,False,,False,,0.0
2026-03-21,NO_WALL,BID,2026-03-21 16:55:41.817377554,1774112141817377554,0.0,0.0,2147.9,0.0,0.0,4,4,3.999999999996362,2-3,,,2148.4,2148.0,4.0000000000009095,2148.3,2148.4,0.0,4.0000000000009095,2.1481999999999997,1.8518000000009098,4.296399999999999,-0.29639999999908984,HIT_TARGET,15.670264564,True,15.670264564,False,,False,False,,False,,0.0
2026-03-21,NO_WALL,ASK,2026-03-21 16:56:53.680459017,1774112213680459017,0.0,0.0,2146.3,0.0,0.0,3,3,4.0000000000009095,4-5,,,2145.9,2146.2000000000003,3.000000000001819,2145.9,2146.0,0.0,3.000000000001819,2.1460500000000002,0.8539500000018188,4.2921000000000005,-1.2920999999981815,HIT_TARGET,29.547722558,True,29.547722558,False,,False,False,,False,,0.0
2026-03-21,NO_WALL,BID,2026-03-21 17:08:56.136525072,1774112936136525072,0.0,0.0,2145.8,0.0,0.0,1,1,5.0,4-5,,,2146.0,2145.9,0.9999999999990905,2145.9,2146.0,0.0,0.9999999999990905,2.1459499999999996,-1.145950000000909,4.291899999999999,-3.2919000000009087,HIT_TARGET,0.269520833,True,0.269520833,False,,False,False,,False,,0.0
2026-03-21,NO_WALL,BID,2026-03-21 17:10:36.347403824,1774113036347403824,0.0,0.0,2143.5,0.0,0.0,5,5,5.0,4-5,,,2144.1,2143.6,5.0,2144.0,2144.1,0.0,5.0,2.1438499999999996,2.8561500000000004,4.287699999999999,0.7123000000000008,HIT_TARGET,2.09593834,True,2.09593834,False,,False,False,,False,,0.0
2026-03-21,NO_WALL,ASK,2026-03-21 17:10:54.297053530,1774113054297053530,0.0,0.0,2144.2,0.0,0.0,1,1,4.0000000000009095,4-5,,,2144.0,2144.1,0.9999999999990905,2144.0,2144.1,0.0,0.9999999999990905,2.14405,-1.1440500000009095,4.2881,-3.2881000000009095,HIT_TARGET,0.038949748,True,0.038949748,False,,False,False,,False,,0.0
2026-03-21,NO_WALL,ASK,2026-03-21 17:16:16.366623671,1774113376366623671,0.0,0.0,2145.2999999999997,0.0,0.0,1,1,5.0,4-5,,,2145.1,2145.2,0.9999999999990905,2145.1,2145.2,0.0,0.9999999999990905,2.1451499999999992,-1.1451500000009087,4.2902999999999984,-3.290300000000908,HIT_TARGET,0.169137079,True,0.169137079,False,,False,False,,False,,0.0
2026-03-21,NO_WALL,ASK,2026-03-21 18:34:02.952488999,1774118042952488999,0.0,0.0,2153.8,0.0,0.0,4,4,4.0000000000009095,4-5,,,2153.3,2153.7000000000003,4.0000000000009095,2153.3,2153.4,0.0,4.0000000000009095,2.1535,1.8465000000009093,4.307,-0.3069999999990909,HIT_TARGET,4.282170178,True,4.282170178,False,,False,False,,False,,0.0
2026-03-21,NO_WALL,BID,2026-03-21 18:44:07.635950152,1774118647635950152,0.0,0.0,2154.4,0.0,0.0,2,2,4.0000000000009095,4-5,,,2154.7,2154.5,1.999999999998181,2154.6,2154.7,0.0,1.999999999998181,2.1546,-0.15460000000181884,4.3092,-2.3092000000018187,TIMEOUT,60.0,False,,False,,False,False,,True,51.453652635,3.000000000001819
2026-03-21,NO_WALL,BID,2026-03-21 18:50:13.301072701,1774119013301072701,0.0,0.0,2153.9,0.0,0.0,1,1,5.9999999999990905,4-5,,,2154.3,2154.0,3.000000000001819,2154.0,2154.3,0.0,3.000000000001819,2.15415,0.845850000001819,4.3083,-1.308299999998181,HIT_TARGET,0.030716764,True,0.030716764,False,,False,False,,False,,0.0
2026-03-21,NO_WALL,BID,2026-03-21 18:51:29.997608321,1774119089997608321,0.0,0.0,2151.7000000000003,0.0,0.0,7,7,4.0000000000009095,4-5,,,2152.5,2151.8,6.999999999998181,2152.4,2152.5,0.0,6.999999999998181,2.1521500000000002,4.84784999999818,4.3043000000000005,2.6956999999981806,HIT_TARGET,42.117935329,True,42.117935329,False,,False,False,,False,,0.9999999999990905
2026-03-21,NO_WALL,ASK,2026-03-21 19:01:40.902603601,1774119700902603601,0.0,0.0,2153.0,0.0,0.0,3,3,3.999999999996362,2-3,,,2152.6,2152.9,3.000000000001819,2152.6,2152.7,0.0,3.000000000001819,2.1527499999999997,0.8472500000018193,4.305499999999999,-1.3054999999981804,TIMEOUT,60.0,False,,False,,False,False,,False,,0.0
2026-03-21,NO_WALL,BID,2026-03-21 19:34:12.005083833,1774121652005083833,0.0,0.0,2149.7,0.0,0.0,4,4,4.0000000000009095,4-5,,,2150.2,2149.7999999999997,4.0000000000009095,2150.1,2150.2,0.0,4.0000000000009095,2.15,1.8500000000009096,4.3,-0.2999999999990903,DATA_GAP,43.632644113,False,,False,,False,False,,False,,0.0
2026-03-21,NO_WALL,ASK,2026-03-21 20:00:45.197386984,1774123245197386984,0.0,0.0,2152.8,0.0,0.0,3,3,4.0000000000009095,4-5,,,2152.4,2152.7000000000003,3.000000000001819,2152.4,2152.5,0.0,3.000000000001819,2.15255,0.8474500000018188,4.3051,-1.3050999999981814,HIT_TARGET,32.780060426,True,32.780060426,False,,False,False,,False,,0.0
2026-03-21,NO_WALL,ASK,2026-03-21 20:23:58.435928039,1774124638435928039,0.0,0.0,2155.2,0.0,0.0,1,1,4.0000000000009095,4-5,,,2155.0,2155.1,0.9999999999990905,2155.0,2155.1,0.0,0.9999999999990905,2.15505,-1.1550500000009096,4.3101,-3.3101000000009098,HIT_TARGET,0.115557467,True,0.115557467,False,,False,False,,False,,0.0
2026-03-21,NO_WALL,ASK,2026-03-21 20:30:15.024871665,1774125015024871665,0.0,0.0,2155.3,0.0,0.0,4,4,4.0000000000009095,4-5,,,2154.8,2155.2000000000003,4.0000000000009095,2154.8,2154.9,0.0,4.0000000000009095,2.155,1.8450000000009097,4.31,-0.3099999999990901,HIT_TARGET,38.02264225,True,38.02264225,False,,False,False,,False,,0.0
2026-03-21,NO_WALL,BID,2026-03-21 20:41:13.976028096,1774125673976028096,0.0,0.0,2155.5,0.0,0.0,2,2,5.0,4-5,,,2155.8,2155.6,2.0000000000027285,2155.7,2155.8,0.0,2.0000000000027285,2.1556999999999995,-0.15569999999727102,4.311399999999999,-2.3113999999972705,DATA_GAP,44.387134885,False,,False,,False,False,,False,,0.0
2026-03-21,NO_WALL,ASK,2026-03-21 21:08:28.937476165,1774127308937476165,0.0,0.0,2156.6,0.0,0.0,1,1,5.0,4-5,,,2156.4,2156.5,0.9999999999990905,2156.4,2156.5,0.0,0.9999999999990905,2.1564499999999995,-1.156450000000909,4.312899999999999,-3.3129000000009086,HIT_TARGET,0.022335434,True,0.022335434,False,,False,False,,False,,0.0
2026-03-21,NO_WALL,ASK,2026-03-21 22:05:51.160499972,1774130751160499972,0.0,0.0,2152.1,0.0,0.0,1,1,4.0000000000009095,4-5,,,2151.9,2152.0,0.9999999999990905,2151.9,2152.0,0.0,0.9999999999990905,2.1519499999999994,-1.1519500000009089,4.303899999999999,-3.303900000000908,HIT_TARGET,0.046840891,True,0.046840891,False,,False,False,,False,,0.0
2026-03-21,NO_WALL,ASK,2026-03-21 22:05:52.871367098,1774130752871367098,0.0,0.0,2152.1,0.0,0.0,1,1,4.0000000000009095,4-5,,,2151.9,2152.0,0.9999999999990905,2151.9,2152.0,0.0,0.9999999999990905,2.1519499999999994,-1.1519500000009089,4.303899999999999,-3.303900000000908,HIT_TARGET,0.062549659,True,0.062549659,False,,False,False,,False,,0.0
2026-03-21,NO_WALL,BID,2026-03-21 22:11:45.228228677,1774131105228228677,0.0,0.0,2151.1,0.0,0.0,3,3,4.0000000000009095,4-5,,,2151.5,2151.2,3.000000000001819,2151.4,2151.5,0.0,3.000000000001819,2.15135,0.8486500000018191,4.3027,-1.3026999999981808,DATA_GAP,3.339570069,False,,False,,False,False,,False,,0.0
2026-03-21,NO_WALL,BID,2026-03-21 23:05:46.128906967,1774134346128906967,0.0,0.0,2147.6,0.0,0.0,5,5,4.0000000000009095,4-5,,,2148.2,2147.7,5.0,2148.1,2148.2,0.0,5.0,2.14795,2.85205,4.2959,0.7041000000000004,HIT_TARGET,13.933548253,True,13.933548253,False,,False,False,,False,,0.0
2026-03-21,NO_WALL,BID,2026-03-21 23:16:08.658027829,1774134968658027829,0.0,0.0,2144.7999999999997,0.0,0.0,3,3,4.0000000000009095,4-5,,,2145.2,2144.8999999999996,3.000000000001819,2145.1,2145.2,0.0,3.000000000001819,2.1450499999999995,0.8549500000018195,4.290099999999999,-1.29009999999818,TIMEOUT,60.0,False,,False,,False,False,,True,20.625033038,5.9999999999990905
2026-03-21,NO_WALL,BID,2026-03-21 23:29:13.752654927,1774135753752654927,0.0,0.0,2144.5,0.0,0.0,3,3,5.9999999999990905,4-5,,,2144.9,2144.6,3.000000000001819,2144.8,2144.9,0.0,3.000000000001819,2.1447499999999997,0.8552500000018193,4.289499999999999,-1.2894999999981804,HIT_TARGET,9.368986951,True,9.368986951,False,,False,False,,False,,0.0
2026-03-21,NO_WALL,BID,2026-03-21 23:46:50.334869041,1774136810334869041,0.0,0.0,2142.9,0.0,0.0,1,1,4.0000000000009095,4-5,,,2143.1,2143.0,0.9999999999990905,2143.0,2143.1,0.0,0.9999999999990905,2.14305,-1.1430500000009096,4.2861,-3.2861000000009097,HIT_TARGET,0.043475097,True,0.043475097,False,,False,False,,False,,0.0
2026-03-21,NO_WALL,BID,2026-03-21 23:46:53.063232535,1774136813063232535,0.0,0.0,2141.5,0.0,0.0,1,1,14.00000000000091,6+,,,2141.7,2141.6,0.9999999999990905,2141.6,2141.7,0.0,0.9999999999990905,2.1416499999999994,-1.1416500000009089,4.283299999999999,-3.2833000000009083,HIT_TARGET,0.051517102,True,0.051517102,False,,False,False,,False,,0.0
2026-03-21,NO_WALL,BID,2026-03-21 23:47:09.953528312,1774136829953528312,0.0,0.0,2135.2,0.0,0.0,4,4,10.99999999999909,6+,,,2135.7,2135.2999999999997,4.0000000000009095,2135.6,2135.7,0.0,4.0000000000009095,2.1355,1.8645000000009095,4.271,-0.2709999999990904,HIT_TARGET,0.153517349,True,0.153517349,False,,False,False,,False,,0.0
2026-03-21,NO_WALL,ASK,2026-03-21 23:48:24.904446607,1774136904904446607,0.0,0.0,2129.8999999999996,0.0,0.0,2,2,5.0,4-5,,,2129.6,2129.7999999999997,1.999999999998181,2129.6,2129.7,0.0,1.999999999998181,2.1296999999999997,-0.1297000000018187,4.259399999999999,-2.2594000000018184,HIT_TARGET,0.050405357,True,0.050405357,False,,False,False,,False,,0.0
2026-03-21,NO_WALL,BID,2026-03-21 23:48:54.853627583,1774136934853627583,0.0,0.0,2127.6,0.0,0.0,4,4,11.999999999998181,6+,,,2128.1,2127.7,4.0000000000009095,2128.0,2128.1,0.0,4.0000000000009095,2.1278999999999995,1.87210000000091,4.255799999999999,-0.2557999999990894,HIT_TARGET,0.512261289,True,0.512261289,False,,False,False,,False,,0.0
2026-03-21,NO_WALL,BID,2026-03-21 23:49:26.597022080,1774136966597022080,0.0,0.0,2127.5,0.0,0.0,2,2,5.0,4-5,,,2127.8,2127.6,2.0000000000027285,2127.7,2127.8,0.0,2.0000000000027285,2.1277,-0.12769999999727144,4.2554,-2.2553999999972714,HIT_TARGET,0.162128978,True,0.162128978,False,,False,False,,False,,0.0
2026-03-21,NO_WALL,BID,2026-03-21 23:51:19.746097945,1774137079746097945,0.0,0.0,2116.6,0.0,0.0,4,4,20.99999999999909,6+,,,2117.1,2116.7,4.0000000000009095,2117.0,2117.1,0.0,4.0000000000009095,2.1168999999999993,1.8831000000009102,4.233799999999999,-0.23379999999908918,HIT_TARGET,10.819579054,True,10.819579054,False,,False,False,,True,0.25748365,18.00000000000182
2026-03-21,NO_WALL,ASK,2026-03-21 23:51:22.804954710,1774137082804954710,0.0,0.0,2118.8,0.0,0.0,3,3,14.00000000000091,6+,,,2118.4,2118.7000000000003,3.000000000001819,2118.4,2118.5,0.0,3.000000000001819,2.11855,0.8814500000018191,4.2371,-1.2370999999981809,HIT_TARGET,0.612622711,True,0.612622711,False,,False,False,,False,,0.0
2026-03-21,NO_WALL,BID,2026-03-21 23:51:25.867284017,1774137085867284017,0.0,0.0,2117.2999999999997,0.0,0.0,4,4,7.0000000000027285,6+,,,2117.8,2117.3999999999996,4.000000000005457,2117.7,2117.8,0.0,4.000000000005457,2.1176,1.882400000005457,4.2352,-0.23519999999454289,HIT_TARGET,0.41015533,True,0.41015533,False,,False,False,,False,,0.0
2026-03-21,NO_WALL,BID,2026-03-21 23:52:02.802742851,1774137122802742851,0.0,0.0,2104.2999999999997,0.0,0.0,4,4,36.00000000000364,6+,,,2104.8,2104.3999999999996,4.000000000005457,2104.7,2104.8,0.0,4.000000000005457,2.1045999999999996,1.8954000000054574,4.209199999999999,-0.2091999999945422,HIT_TARGET,2.550871964,True,2.550871964,False,,False,False,,True,0.051461983,16.000000000003638
2026-03-21,NO_WALL,ASK,2026-03-21 23:53:27.552277315,1774137207552277315,0.0,0.0,2102.8,0.0,0.0,3,3,6.999999999998181,6+,,,2102.4,2102.7000000000003,3.000000000001819,2102.4,2102.5,0.0,3.000000000001819,2.10255,0.8974500000018191,4.2051,-1.2050999999981808,HIT_TARGET,2.306310949,True,2.306310949,False,,False,False,,True,1.082381561,4.0000000000009095
2026-03-21,NO_WALL,ASK,2026-03-21 23:54:53.698553746,1774137293698553746,0.0,0.0,2090.6000000000004,0.0,0.0,3,3,26.000000000003638,6+,,,2090.2,2090.5000000000005,3.0000000000063665,2090.2,2090.3,0.0,3.0000000000063665,2.09035,0.9096500000063665,4.1807,-1.1806999999936334,HIT_TARGET,1.631861377,True,1.631861377,False,,False,False,,False,,0.0
2026-03-21,NO_WALL,ASK,2026-03-21 23:54:54.718274121,1774137294718274121,0.0,0.0,2090.5,0.0,0.0,1,1,20.0,6+,,,2090.3,2090.4,0.9999999999990905,2090.3,2090.4,0.0,0.9999999999990905,2.09035,-1.0903500000009094,4.1807,-3.1807000000009094,HIT_TARGET,0.048983647,True,0.048983647,False,,False,False,,False,,0.0
2026-03-21,NO_WALL,BID,2026-03-21 23:55:32.484548921,1774137332484548921,0.0,0.0,2086.9,0.0,0.0,5,5,5.9999999999990905,4-5,,,2087.5,2087.0,5.0,2087.4,2087.5,0.0,5.0,2.0872499999999996,2.9127500000000004,4.174499999999999,0.8255000000000008,HIT_TARGET,28.412678006,True,28.412678006,False,,False,False,,True,1.379206814,39.00000000000091
2026-03-21,NO_WALL,BID,2026-03-21 23:55:55.169229592,1774137355169229592,0.0,0.0,2087.2000000000003,0.0,0.0,6,6,13.999999999996362,6+,,,2087.9,2087.3,5.9999999999990905,2087.8,2087.9,0.0,5.9999999999990905,2.0876,3.9123999999990904,4.1752,1.8247999999990903,HIT_TARGET,5.678389467,True,5.678389467,False,,False,False,,True,2.720276326,15.0
2026-03-21,NO_WALL,BID,2026-03-21 23:56:08.700182997,1774137368700182997,0.0,0.0,2086.1000000000004,0.0,0.0,2,2,27.99999999999727,6+,,,2086.4,2086.2000000000003,1.999999999998181,2086.3,2086.4,0.0,1.999999999998181,2.0863,-0.08630000000181903,4.1726,-2.172600000001819,HIT_TARGET,3.980558514,True,3.980558514,False,,False,False,,True,1.32811181,7.9999999999972715
2026-03-21,NO_WALL,ASK,2026-03-21 23:56:18.188730514,1774137378188730514,0.0,0.0,2087.2,0.0,0.0,2,2,5.9999999999990905,4-5,,,2086.9,2087.1,1.999999999998181,2086.9,2087.0,0.0,1.999999999998181,2.0869999999999997,-0.08700000000181873,4.1739999999999995,-2.1740000000018185,HIT_TARGET,0.771836382,True,0.771836382,False,,False,False,,False,,0.0
2026-03-21,NO_WALL,BID,2026-03-21 23:56:25.847451568,1774137385847451568,0.0,0.0,2086.2,0.0,0.0,3,3,4.0000000000009095,4-5,,,2086.6,2086.2999999999997,3.000000000001819,2086.5,2086.6,0.0,3.000000000001819,2.0864499999999997,0.9135500000018193,4.172899999999999,-1.1728999999981804,HIT_TARGET,2.348206737,True,2.348206737,False,,False,False,,True,1.939638446,5.9999999999990905
2026-03-21,NO_WALL,BID,2026-03-21 23:56:36.152732179,1774137396152732179,0.0,0.0,2081.2,0.0,0.0,3,3,5.9999999999990905,4-5,,,2081.6,2081.2999999999997,3.000000000001819,2081.5,2081.6,0.0,3.000000000001819,2.0814499999999994,0.9185500000018196,4.162899999999999,-1.1628999999981797,HIT_TARGET,0.050820186,True,0.050820186,False,,False,False,,False,,0.0
2026-03-21,NO_WALL,BID,2026-03-21 23:57:06.821046386,1774137426821046386,0.0,0.0,2077.4,0.0,0.0,4,4,5.9999999999990905,4-5,,,2077.9,2077.5,4.0000000000009095,2077.8,2077.9,0.0,4.0000000000009095,2.0776999999999997,1.9223000000009098,4.155399999999999,-0.15539999999908982,HIT_TARGET,0.304246865,True,0.304246865,False,,False,False,,False,,1.999999999998181
2026-03-21,NO_WALL,BID,2026-03-21 23:58:15.449167247,1774137495449167247,0.0,0.0,2075.6,0.0,0.0,1,1,10.0,6+,,,2075.8,2075.7,1.000000000003638,2075.7,2075.8,0.0,1.000000000003638,2.0757499999999998,-1.0757499999963618,4.1514999999999995,-3.1514999999963615,HIT_TARGET,0.052465045,True,0.052465045,False,,False,False,,False,,0.0
2026-03-21,NO_WALL,ASK,2026-03-21 23:58:38.109296333,1774137518109296333,0.0,0.0,2077.3999999999996,0.0,0.0,7,7,20.99999999999909,6+,,,2076.6,2077.2999999999997,6.999999999998181,2076.6,2076.7,0.0,6.999999999998181,2.0769499999999996,4.923049999998181,4.153899999999999,2.8460999999981818,HIT_TARGET,0.622166314,True,0.622166314,False,,False,False,,False,,0.0
2026-03-21,NO_WALL,ASK,2026-03-21 23:59:29.653864222,1774137569653864222,0.0,0.0,2086.2999999999997,0.0,0.0,6,6,10.0,6+,,,2085.6,2086.2,5.9999999999990905,2085.6,2085.7,0.0,5.9999999999990905,2.0858999999999996,3.914099999999091,4.171799999999999,1.8281999999990912,HIT_TARGET,10.974387655,True,10.974387655,False,,False,False,,True,4.594382767,20.0
2026-03-21,NO_WALL,ASK,2026-03-21 23:59:38.843773117,1774137578843773117,0.0,0.0,2085.2999999999997,0.0,0.0,2,2,14.00000000000091,6+,,,2085.0,2085.2,1.999999999998181,2085.0,2085.1,0.0,1.999999999998181,2.0850999999999997,-0.08510000000181872,4.1701999999999995,-2.1702000000018185,HIT_TARGET,0.050997395,True,0.050997395,False,,False,False,,False,,0.0
